$MeshFormat
4.1 0 8
$EndMeshFormat
$PhysicalNames
11
0 308 "point_heel"
0 309 "point_toe"
1 300 "curve_wellbore"
1 301 "curve_toe"
1 302 "curve_heel"
2 303 "surface_wellbore_cylinder"
2 304 "surface_wellbore_toe"
2 305 "surface_wellbore_heel"
2 306 "surface_cap_rock"
2 307 "surface_farfield"
3 310 "volume_reservoir"
$EndPhysicalNames
$Entities
18 32 38 7
1 0 0 -10.9728 0 
2 0 -0.05388153672641492 -7.566118463273584 1 308 
3 0 -846.1248000000001 -10.9728 0 
4 800.1 -846.1248000000001 -10.9728 0 
5 800.1 846.1248000000001 -10.9728 0 
6 0 846.1248000000001 -10.9728 1 309 
7 -10.9728 -10.9728 -10.9728 0 
8 811.0728 -10.9728 -10.9728 0 
9 811.0728 10.9728 -10.9728 0 
10 -10.9728 10.9728 -10.9728 0 
11 0 -846.1248000000001 10.9728 0 
12 800.1 -846.1248000000001 10.9728 0 
13 800.1 846.1248000000001 10.9728 0 
14 0 846.1248000000001 10.9728 0 
15 811.0728 10.9728 10.9728 0 
16 811.0728 -10.9728 10.9728 0 
17 811.0728 10.9728 10.9728 0 
18 -10.9728 10.9728 10.9728 0 
1 0 -0.05388153672641492 -7.566118463273584 0 0.05388153672641492 -7.546396452036772 1 302 2 2 -3 
2 0 0.05388153672641492 -7.673881536726414 0 0.07360354796322703 -7.566118463273584 1 302 2 3 -4 
3 0 -0.05388153672641492 -7.693603547963226 0 0.05388153672641492 -7.673881536726414 1 302 2 4 -5 
4 0 -0.07360354796322705 -7.673881536726414 0 -0.05388153672641492 -7.566118463273584 1 302 2 5 -2 
5 0 -0.05388153672641492 -7.566118463273584 800.1 -0.05388153672641492 -7.566118463273584 1 300 2 2 -6 
6 0 0 0 0 0 0 0 2 3 -7 
7 800.1 -0.05388153672641492 -7.566118463273584 800.1 0.05388153672641492 -7.546396452036772 1 301 2 6 -7 
8 0 0 0 0 0 0 0 2 4 -8 
9 800.1 0.05388153672641492 -7.673881536726414 800.1 0.07360354796322703 -7.566118463273584 1 301 2 7 -8 
10 0 0 0 0 0 0 0 2 5 -9 
11 800.1 -0.05388153672641492 -7.693603547963226 800.1 0.05388153672641492 -7.673881536726414 1 301 2 8 -9 
12 800.1 -0.07360354796322705 -7.673881536726414 800.1 -0.05388153672641492 -7.566118463273584 1 301 2 9 -6 
13 0 0 0 0 0 0 0 2 10 -14 
14 0 0 0 0 0 0 0 2 11 -15 
15 0 0 0 0 0 0 0 2 12 -16 
16 0 0 0 0 0 0 0 2 13 -17 
17 0 0 0 0 0 0 0 2 10 -11 
18 0 0 0 0 0 0 0 2 11 -12 
19 0 0 0 0 0 0 0 2 12 -13 
20 0 0 0 0 0 0 0 2 13 -10 
21 0 0 0 0 0 0 0 2 14 -15 
22 0 0 0 0 0 0 0 2 15 -16 
23 0 0 0 0 0 0 0 2 16 -17 
24 0 0 0 0 0 0 0 2 17 -14 
25 0 0 0 0 0 0 0 2 2 -10 
26 0 0 0 0 0 0 0 2 3 -11 
27 0 0 0 0 0 0 0 2 4 -12 
28 0 0 0 0 0 0 0 2 5 -13 
29 0 0 0 0 0 0 0 2 6 -14 
30 0 0 0 0 0 0 0 2 7 -15 
31 0 0 0 0 0 0 0 2 8 -16 
32 0 0 0 0 0 0 0 2 9 -17 
1 0 -0.05388153672641492 -7.566118463273584 800.1 0.05388153672641492 -7.546396452036772 1 303 4 5 7 -6 -1 
2 0 0.05388153672641492 -7.673881536726414 800.1 0.07360354796322703 -7.566118463273584 1 303 4 6 9 -8 -2 
3 0 -0.05388153672641492 -7.693603547963226 800.1 0.05388153672641492 -7.673881536726414 1 303 4 8 11 -10 -3 
4 0 -0.07360354796322709 -7.673881536726414 800.1 -0.05388153672641492 -7.566118463273584 1 303 4 10 12 -5 -4 
11 -846.1248000000001 -846.1248000000001 -10.9728 1646.2248 846.1248000000001 -10.9728 1 306 8 1 -2 3 -4 -8 -7 -6 -5 
12 0 -846.1248000000001 -10.9728 800.1 -846.1248000000001 10.9728 1 307 4 9 11 -10 -1 
13 800.1 -846.1248000000001 -10.9728 1646.2248 846.1248000000001 10.9728 1 307 4 12 13 -10 -2 
14 0 846.1248000000001 -10.9728 800.1 846.1248000000001 10.9728 1 307 4 12 15 -14 -3 
15 -846.1248000000001 -846.1248000000001 -10.9728 0 846.1248000000001 10.9728 1 307 4 9 16 -14 -4 
16 0 0 0 0 0 0 0 4 17 19 -18 -5 
17 0 0 0 0 0 0 0 4 18 21 -20 -6 
18 0 0 0 0 0 0 0 4 20 23 -22 -7 
19 0 0 0 0 0 0 0 4 22 24 -17 -8 
20 -846.1248000000001 -846.1248000000001 10.9728 1646.2248 846.1248000000001 10.9728 1 306 8 11 -13 15 -16 -24 -23 -21 -19 
39 0 0 0 0 0 0 0 4 17 18 19 20 
40 0 0 0 0 0 0 0 4 21 22 23 24 
41 0 0 0 0 0 0 0 4 13 -24 -16 20 
42 0 0 0 0 0 0 0 4 14 22 -15 -18 
43 -10.97280000000001 -10.9728 10.9728 811.0728 10.9728 10.9728 1 306 4 17 14 -21 -13 
44 -10.97280000000001 -10.9728 -10.9728 811.0728 10.9728 -10.9728 1 306 4 19 16 -23 -15 
49 0 0 0 0 0 0 0 4 25 17 -26 -1 
50 0 0 0 0 0 0 0 4 2 27 -18 -26 
51 0 0 0 0 0 0 0 4 3 28 -19 -27 
52 0 0 0 0 0 0 0 4 28 20 -25 -4 
57 0 0 0 0 0 0 0 4 29 21 -30 -7 
58 0 0 0 0 0 0 0 4 30 22 -31 -9 
59 0 0 0 0 0 0 0 4 31 23 -32 -11 
60 0 0 0 0 0 0 0 4 12 29 -24 -32 
63 0 0 0 0 0 0 0 4 25 13 -29 -5 
64 0 0 0 0 0 0 0 4 26 14 -30 -6 
67 0 0 0 0 0 0 0 4 28 16 -32 -10 
68 0 0 0 0 0 0 0 4 27 15 -31 -8 
71 0 -0.07360354796322705 -7.693603547963226 0 0.07360354796322705 -7.546396452036772 1 305 4 -4 -3 -2 -1 
72 800.0999999999992 -0.07360354796322705 -7.693603547963226 800.1000000000001 0.07360354796322705 -7.546396452036772 1 304 4 -12 -11 -9 -7 
73 0 0 0 0 0 0 0 4 5 7 -6 -1 
74 0 0 0 0 0 0 0 4 8 11 -10 -3 
75 0 0 0 0 0 0 0 4 10 12 -5 -4 
76 0 0 0 0 0 0 0 4 6 9 -8 -2 
1 -846.1248000000001 -846.1248000000001 -10.9728 1646.2248 846.1248000000001 10.9728 1 310 10 -12 13 -14 15 16 17 18 19 -11 20 
79 -10.97280000000001 -10.9728 -7.566118463273583 811.0728 10.9728 10.9728 1 310 6 -73 49 -57 -63 64 -43 
80 -10.97280000000001 -10.9728 -10.9728 811.0728 10.9728 -7.673881536726414 1 310 6 -74 -51 -59 67 -68 -44 
81 -10.97280000000001 -10.9728 -10.9728 811.0728 -0.05388153672641494 10.9728 1 310 6 -75 52 60 63 -67 -41 
82 -10.97280000000001 0.05388153672641494 -10.9728 811.0728 10.9728 10.9728 1 310 6 -76 -50 -58 -64 68 42 
83 -10.97280000000001 -10.9728 -10.9728 0 10.9728 10.9728 1 310 6 71 -49 50 51 -52 39 
84 800.0999999999992 -10.9728 -10.9728 811.0728 10.9728 10.9728 1 310 6 -72 57 58 59 -60 -40 
$EndEntities
$Nodes
79 6120 1 6120
0 2 0 1
1
0 -0.05388153672641492 -7.566118463273584
0 3 0 2
2
3
0 -846.1248000000001 -10.9728
0 0.05388153672641492 -7.566118463273584
0 4 0 2
4
5
800.1 -846.1248000000001 -10.9728
0 0.05388153672641492 -7.673881536726414
0 5 0 2
6
7
800.1 846.1248000000001 -10.9728
0 -0.05388153672641492 -7.673881536726414
0 6 0 2
8
9
0 846.1248000000001 -10.9728
800.1 -0.05388153672641492 -7.566118463273584
0 7 0 2
10
11
-10.9728 -10.9728 -10.9728
800.1 0.05388153672641492 -7.566118463273584
0 8 0 2
12
13
811.0728 -10.9728 -10.9728
800.1 0.05388153672641492 -7.673881536726414
0 9 0 2
14
15
811.0728 10.9728 -10.9728
800.1 -0.05388153672641492 -7.673881536726414
0 10 0 2
16
17
-10.9728 10.9728 -10.9728
-10.97280000000001 -10.9728 10.9728
0 11 0 2
18
19
0 -846.1248000000001 10.9728
-10.97280000000001 10.9728 10.9728
0 12 0 1
20
800.1 -846.1248000000001 10.9728
0 13 0 1
21
800.1 846.1248000000001 10.9728
0 14 0 2
22
23
0 846.1248000000001 10.9728
811.0728 -10.9728 10.9728
0 15 0 1
24
811.0728 10.9728 10.9728
1 1 0 7
25
26
27
28
29
30
31
133.3499999999999 -846.1248000000001 -10.9728
266.6999999999999 -846.1248000000001 -10.9728
400.05 -846.1248000000001 -10.9728
533.4 -846.1248000000001 -10.9728
666.7499999999999 -846.1248000000001 -10.9728
0 -0.01972201123681221 -7.546396452036772
0 0.01972201123681191 -7.546396452036772
1 2 0 21
32
33
34
35
36
37
38
39
40
41
42
43
44
45
46
47
48
49
50
51
52
932.4630804452722 835.7075996483928 -10.9728
1061.566942562103 804.7125046389339 -10.9728
1184.232620794023 753.9027170775784 -10.9728
1297.439679038918 684.5293425621041 -10.9728
1398.40058381011 598.3005838101125 -10.9728
1484.629342562102 497.3396790389197 -10.9728
1554.002717077577 384.1326207940263 -10.9728
1604.812504638933 261.4669425621058 -10.9728
1635.807599648393 132.3630804452748 -10.9728
1646.2248 2.461770168799093e-12 -10.9728
1635.807599648394 -132.3630804452692 -10.9728
1604.812504638935 -261.4669425621004 -10.9728
1554.00271707758 -384.1326207940206 -10.9728
1484.629342562106 -497.3396790389152 -10.9728
1398.400583810114 -598.3005838101085 -10.9728
1297.439679038922 -684.5293425621007 -10.9728
1184.232620794027 -753.9027170775765 -10.9728
1061.566942562106 -804.7125046389328 -10.9728
932.463080445274 -835.7075996483926 -10.9728
0 0.07360354796322703 -7.600277988763187
0 0.07360354796322696 -7.639722011236811
1 3 0 7
53
54
55
56
57
58
59
666.7500000000001 846.1248000000001 -10.9728
533.4000000000001 846.1248000000001 -10.9728
400.0500000000001 846.1248000000001 -10.9728
266.7 846.1248000000001 -10.9728
133.3500000000001 846.1248000000001 -10.9728
0 0.01972201123681204 -7.693603547963226
0 -0.01972201123681212 -7.693603547963226
1 4 0 21
60
61
62
63
64
65
66
67
68
69
70
71
72
73
74
75
76
77
78
79
80
-132.3630804452721 -835.7075996483928 -10.9728
-261.4669425621032 -804.7125046389338 -10.9728
-384.1326207940234 -753.9027170775784 -10.9728
-497.3396790389177 -684.529342562104 -10.9728
-598.3005838101104 -598.3005838101122 -10.9728
-684.5293425621028 -497.3396790389194 -10.9728
-753.9027170775772 -384.1326207940255 -10.9728
-804.712504638933 -261.4669425621054 -10.9728
-835.7075996483925 -132.3630804452743 -10.9728
-846.1248000000001 -2.358149765999173e-12 -10.9728
-835.7075996483933 132.3630804452696 -10.9728
-804.7125046389345 261.4669425621005 -10.9728
-753.9027170775796 384.132620794021 -10.9728
-684.5293425621059 497.3396790389152 -10.9728
-598.3005838101144 598.3005838101083 -10.9728
-497.3396790389222 684.5293425621009 -10.9728
-384.1326207940269 753.9027170775765 -10.9728
-261.4669425621051 804.7125046389331 -10.9728
-132.363080445274 835.7075996483926 -10.9728
0 -0.07360354796322698 -7.639722011236811
0 -0.07360354796322705 -7.600277988763187
1 5 0 68
81
82
83
84
85
86
87
88
89
90
91
92
93
94
95
96
97
98
99
100
101
102
103
104
105
106
107
108
109
110
111
112
113
114
115
116
117
118
119
120
121
122
123
124
125
126
127
128
129
130
131
132
133
134
135
136
137
138
139
140
141
142
143
144
145
146
147
148
12.51421714285717 -10.9728 -10.9728
36.00123428571434 -10.9728 -10.9728
59.48825142857149 -10.9728 -10.9728
82.97526857142867 -10.9728 -10.9728
106.4622857142858 -10.9728 -10.9728
129.949302857143 -10.9728 -10.9728
153.4363200000002 -10.9728 -10.9728
176.9233371428574 -10.9728 -10.9728
200.4103542857146 -10.9728 -10.9728
223.8973714285717 -10.9728 -10.9728
247.3843885714289 -10.9728 -10.9728
270.871405714286 -10.9728 -10.9728
294.3584228571431 -10.9728 -10.9728
317.8454400000002 -10.9728 -10.9728
341.3324571428574 -10.9728 -10.9728
364.8194742857145 -10.9728 -10.9728
388.3064914285716 -10.9728 -10.9728
411.7935085714287 -10.9728 -10.9728
435.2805257142859 -10.9728 -10.9728
458.7675428571431 -10.9728 -10.9728
482.2545600000003 -10.9728 -10.9728
505.7415771428574 -10.9728 -10.9728
529.2285942857145 -10.9728 -10.9728
552.7156114285716 -10.9728 -10.9728
576.2026285714288 -10.9728 -10.9728
599.6896457142859 -10.9728 -10.9728
623.176662857143 -10.9728 -10.9728
646.6636800000001 -10.9728 -10.9728
670.1506971428572 -10.9728 -10.9728
693.6377142857143 -10.9728 -10.9728
717.1247314285714 -10.9728 -10.9728
740.6117485714285 -10.9728 -10.9728
764.0987657142856 -10.9728 -10.9728
787.5857828571427 -10.9728 -10.9728
22.85999999999996 -0.05388153672641492 -7.566118463273584
45.71999999999993 -0.05388153672641492 -7.566118463273584
68.5799999999999 -0.05388153672641492 -7.566118463273584
91.43999999999987 -0.05388153672641492 -7.566118463273584
114.2999999999999 -0.05388153672641492 -7.566118463273584
137.1599999999998 -0.05388153672641492 -7.566118463273584
160.0199999999998 -0.05388153672641492 -7.566118463273584
182.8799999999998 -0.05388153672641492 -7.566118463273584
205.7399999999998 -0.05388153672641492 -7.566118463273584
228.5999999999997 -0.05388153672641492 -7.566118463273584
251.4599999999997 -0.05388153672641492 -7.566118463273584
274.3199999999996 -0.05388153672641492 -7.566118463273584
297.1799999999996 -0.05388153672641492 -7.566118463273584
320.0399999999995 -0.05388153672641492 -7.566118463273584
342.8999999999994 -0.05388153672641492 -7.566118463273584
365.7599999999994 -0.05388153672641492 -7.566118463273584
388.6199999999993 -0.05388153672641492 -7.566118463273584
411.4799999999992 -0.05388153672641492 -7.566118463273584
434.3399999999992 -0.05388153672641492 -7.566118463273584
457.199999999999 -0.05388153672641492 -7.566118463273584
480.059999999999 -0.05388153672641492 -7.566118463273584
502.919999999999 -0.05388153672641492 -7.566118463273584
525.7799999999989 -0.05388153672641492 -7.566118463273584
548.6399999999991 -0.05388153672641492 -7.566118463273584
571.4999999999991 -0.05388153672641492 -7.566118463273584
594.3599999999992 -0.05388153672641492 -7.566118463273584
617.2199999999993 -0.05388153672641492 -7.566118463273584
640.0799999999995 -0.05388153672641492 -7.566118463273584
662.9399999999995 -0.05388153672641492 -7.566118463273584
685.7999999999996 -0.05388153672641492 -7.566118463273584
708.6599999999997 -0.05388153672641492 -7.566118463273584
731.5199999999998 -0.05388153672641492 -7.566118463273584
754.3799999999999 -0.05388153672641492 -7.566118463273584
777.24 -0.05388153672641492 -7.566118463273584
1 6 0 36
149
150
151
152
153
154
155
156
157
158
159
160
161
162
163
164
165
166
167
168
169
170
171
172
173
174
175
176
177
178
179
180
181
182
183
184
811.0728 -3.6576 -10.9728
811.0728 3.6576 -10.9728
22.85999999999996 0.05388153672641492 -7.566118463273584
45.71999999999993 0.05388153672641492 -7.566118463273584
68.5799999999999 0.05388153672641492 -7.566118463273584
91.43999999999987 0.05388153672641492 -7.566118463273584
114.2999999999999 0.05388153672641492 -7.566118463273584
137.1599999999998 0.05388153672641492 -7.566118463273584
160.0199999999998 0.05388153672641492 -7.566118463273584
182.8799999999998 0.05388153672641492 -7.566118463273584
205.7399999999998 0.05388153672641492 -7.566118463273584
228.5999999999997 0.05388153672641492 -7.566118463273584
251.4599999999997 0.05388153672641492 -7.566118463273584
274.3199999999996 0.05388153672641492 -7.566118463273584
297.1799999999996 0.05388153672641492 -7.566118463273584
320.0399999999995 0.05388153672641492 -7.566118463273584
342.8999999999994 0.05388153672641492 -7.566118463273584
365.7599999999994 0.05388153672641492 -7.566118463273584
388.6199999999993 0.05388153672641492 -7.566118463273584
411.4799999999992 0.05388153672641492 -7.566118463273584
434.3399999999992 0.05388153672641492 -7.566118463273584
457.199999999999 0.05388153672641492 -7.566118463273584
480.059999999999 0.05388153672641492 -7.566118463273584
502.919999999999 0.05388153672641492 -7.566118463273584
525.7799999999989 0.05388153672641492 -7.566118463273584
548.6399999999991 0.05388153672641492 -7.566118463273584
571.4999999999991 0.05388153672641492 -7.566118463273584
594.3599999999992 0.05388153672641492 -7.566118463273584
617.2199999999993 0.05388153672641492 -7.566118463273584
640.0799999999995 0.05388153672641492 -7.566118463273584
662.9399999999995 0.05388153672641492 -7.566118463273584
685.7999999999996 0.05388153672641492 -7.566118463273584
708.6599999999997 0.05388153672641492 -7.566118463273584
731.5199999999998 0.05388153672641492 -7.566118463273584
754.3799999999999 0.05388153672641492 -7.566118463273584
777.24 0.05388153672641492 -7.566118463273584
1 7 0 36
185
186
187
188
189
190
191
192
193
194
195
196
197
198
199
200
201
202
203
204
205
206
207
208
209
210
211
212
213
214
215
216
217
218
219
220
787.5857828571428 10.9728 -10.9728
764.0987657142857 10.9728 -10.9728
740.6117485714285 10.9728 -10.9728
717.1247314285714 10.9728 -10.9728
693.6377142857142 10.9728 -10.9728
670.1506971428571 10.9728 -10.9728
646.6636799999999 10.9728 -10.9728
623.1766628571427 10.9728 -10.9728
599.6896457142855 10.9728 -10.9728
576.2026285714282 10.9728 -10.9728
552.7156114285712 10.9728 -10.9728
529.2285942857141 10.9728 -10.9728
505.7415771428569 10.9728 -10.9728
482.2545599999998 10.9728 -10.9728
458.7675428571426 10.9728 -10.9728
435.2805257142855 10.9728 -10.9728
411.7935085714284 10.9728 -10.9728
388.3064914285713 10.9728 -10.9728
364.8194742857141 10.9728 -10.9728
341.3324571428569 10.9728 -10.9728
317.8454399999997 10.9728 -10.9728
294.3584228571426 10.9728 -10.9728
270.8714057142855 10.9728 -10.9728
247.3843885714284 10.9728 -10.9728
223.8973714285712 10.9728 -10.9728
200.4103542857141 10.9728 -10.9728
176.923337142857 10.9728 -10.9728
153.4363199999999 10.9728 -10.9728
129.9493028571428 10.9728 -10.9728
106.4622857142857 10.9728 -10.9728
82.97526857142861 10.9728 -10.9728
59.48825142857152 10.9728 -10.9728
36.00123428571442 10.9728 -10.9728
12.51421714285732 10.9728 -10.9728
800.1 -0.01972201123681221 -7.546396452036772
800.1 0.01972201123681191 -7.546396452036772
1 8 0 36
221
222
223
224
225
226
227
228
229
230
231
232
233
234
235
236
237
238
239
240
241
242
243
244
245
246
247
248
249
250
251
252
253
254
255
256
-10.9728 3.6576 -10.9728
-10.9728 -3.6576 -10.9728
22.85999999999996 0.05388153672641492 -7.673881536726414
45.71999999999993 0.05388153672641492 -7.673881536726414
68.5799999999999 0.05388153672641492 -7.673881536726414
91.43999999999987 0.05388153672641492 -7.673881536726414
114.2999999999999 0.05388153672641492 -7.673881536726414
137.1599999999998 0.05388153672641492 -7.673881536726414
160.0199999999998 0.05388153672641492 -7.673881536726414
182.8799999999998 0.05388153672641492 -7.673881536726414
205.7399999999998 0.05388153672641492 -7.673881536726414
228.5999999999997 0.05388153672641492 -7.673881536726414
251.4599999999997 0.05388153672641492 -7.673881536726414
274.3199999999996 0.05388153672641492 -7.673881536726414
297.1799999999996 0.05388153672641492 -7.673881536726414
320.0399999999995 0.05388153672641492 -7.673881536726414
342.8999999999994 0.05388153672641492 -7.673881536726414
365.7599999999994 0.05388153672641492 -7.673881536726414
388.6199999999993 0.05388153672641492 -7.673881536726414
411.4799999999992 0.05388153672641492 -7.673881536726414
434.3399999999992 0.05388153672641492 -7.673881536726414
457.199999999999 0.05388153672641492 -7.673881536726414
480.059999999999 0.05388153672641492 -7.673881536726414
502.919999999999 0.05388153672641492 -7.673881536726414
525.7799999999989 0.05388153672641492 -7.673881536726414
548.6399999999991 0.05388153672641492 -7.673881536726414
571.4999999999991 0.05388153672641492 -7.673881536726414
594.3599999999992 0.05388153672641492 -7.673881536726414
617.2199999999993 0.05388153672641492 -7.673881536726414
640.0799999999995 0.05388153672641492 -7.673881536726414
662.9399999999995 0.05388153672641492 -7.673881536726414
685.7999999999996 0.05388153672641492 -7.673881536726414
708.6599999999997 0.05388153672641492 -7.673881536726414
731.5199999999998 0.05388153672641492 -7.673881536726414
754.3799999999999 0.05388153672641492 -7.673881536726414
777.24 0.05388153672641492 -7.673881536726414
1 9 0 4
257
258
259
260
0 -846.1248000000001 -3.6576
0 -846.1248000000001 3.657599999999999
800.1 0.07360354796322703 -7.600277988763187
800.1 0.07360354796322696 -7.639722011236811
1 10 0 36
261
262
263
264
265
266
267
268
269
270
271
272
273
274
275
276
277
278
279
280
281
282
283
284
285
286
287
288
289
290
291
292
293
294
295
296
800.1 -846.1248000000001 -3.6576
800.1 -846.1248000000001 3.657599999999999
22.85999999999996 -0.05388153672641492 -7.673881536726414
45.71999999999993 -0.05388153672641492 -7.673881536726414
68.5799999999999 -0.05388153672641492 -7.673881536726414
91.43999999999987 -0.05388153672641492 -7.673881536726414
114.2999999999999 -0.05388153672641492 -7.673881536726414
137.1599999999998 -0.05388153672641492 -7.673881536726414
160.0199999999998 -0.05388153672641492 -7.673881536726414
182.8799999999998 -0.05388153672641492 -7.673881536726414
205.7399999999998 -0.05388153672641492 -7.673881536726414
228.5999999999997 -0.05388153672641492 -7.673881536726414
251.4599999999997 -0.05388153672641492 -7.673881536726414
274.3199999999996 -0.05388153672641492 -7.673881536726414
297.1799999999996 -0.05388153672641492 -7.673881536726414
320.0399999999995 -0.05388153672641492 -7.673881536726414
342.8999999999994 -0.05388153672641492 -7.673881536726414
365.7599999999994 -0.05388153672641492 -7.673881536726414
388.6199999999993 -0.05388153672641492 -7.673881536726414
411.4799999999992 -0.05388153672641492 -7.673881536726414
434.3399999999992 -0.05388153672641492 -7.673881536726414
457.199999999999 -0.05388153672641492 -7.673881536726414
480.059999999999 -0.05388153672641492 -7.673881536726414
502.919999999999 -0.05388153672641492 -7.673881536726414
525.7799999999989 -0.05388153672641492 -7.673881536726414
548.6399999999991 -0.05388153672641492 -7.673881536726414
571.4999999999991 -0.05388153672641492 -7.673881536726414
594.3599999999992 -0.05388153672641492 -7.673881536726414
617.2199999999993 -0.05388153672641492 -7.673881536726414
640.0799999999995 -0.05388153672641492 -7.673881536726414
662.9399999999995 -0.05388153672641492 -7.673881536726414
685.7999999999996 -0.05388153672641492 -7.673881536726414
708.6599999999997 -0.05388153672641492 -7.673881536726414
731.5199999999998 -0.05388153672641492 -7.673881536726414
754.3799999999999 -0.05388153672641492 -7.673881536726414
777.24 -0.05388153672641492 -7.673881536726414
1 11 0 7
297
298
299
300
301
302
303
133.3499999999999 -846.1248000000001 10.9728
266.6999999999999 -846.1248000000001 10.9728
400.05 -846.1248000000001 10.9728
533.4 -846.1248000000001 10.9728
666.7499999999999 -846.1248000000001 10.9728
800.1 0.01972201123681204 -7.693603547963226
800.1 -0.01972201123681212 -7.693603547963226
1 12 0 4
304
305
306
307
800.1 846.1248000000001 -3.6576
800.1 846.1248000000001 3.657599999999999
800.1 -0.07360354796322698 -7.639722011236811
800.1 -0.07360354796322705 -7.600277988763187
1 13 0 53
308
309
310
311
312
313
314
315
316
317
318
319
320
321
322
323
324
325
326
327
328
329
330
331
332
333
334
335
336
337
338
339
340
341
342
343
344
345
346
347
348
349
350
351
352
353
354
355
356
357
358
359
360
932.4630804452722 835.7075996483928 10.9728
1061.566942562103 804.7125046389339 10.9728
1184.232620794023 753.9027170775784 10.9728
1297.439679038918 684.5293425621041 10.9728
1398.40058381011 598.3005838101125 10.9728
1484.629342562102 497.3396790389197 10.9728
1554.002717077577 384.1326207940263 10.9728
1604.812504638933 261.4669425621058 10.9728
1635.807599648393 132.3630804452748 10.9728
1646.2248 2.461770168799093e-12 10.9728
1635.807599648394 -132.3630804452692 10.9728
1604.812504638935 -261.4669425621004 10.9728
1554.00271707758 -384.1326207940206 10.9728
1484.629342562106 -497.3396790389152 10.9728
1398.400583810114 -598.3005838101085 10.9728
1297.439679038922 -684.5293425621007 10.9728
1184.232620794027 -753.9027170775765 10.9728
1061.566942562106 -804.7125046389328 10.9728
932.463080445274 -835.7075996483926 10.9728
12.51421714285716 -10.9728 10.9728
36.00123428571433 -10.9728 10.9728
59.48825142857149 -10.9728 10.9728
82.97526857142866 -10.9728 10.9728
106.4622857142858 -10.9728 10.9728
129.949302857143 -10.9728 10.9728
153.4363200000002 -10.9728 10.9728
176.9233371428574 -10.9728 10.9728
200.4103542857146 -10.9728 10.9728
223.8973714285717 -10.9728 10.9728
247.3843885714289 -10.9728 10.9728
270.871405714286 -10.9728 10.9728
294.3584228571431 -10.9728 10.9728
317.8454400000002 -10.9728 10.9728
341.3324571428574 -10.9728 10.9728
364.8194742857145 -10.9728 10.9728
388.3064914285716 -10.9728 10.9728
411.7935085714287 -10.9728 10.9728
435.2805257142859 -10.9728 10.9728
458.7675428571431 -10.9728 10.9728
482.2545600000003 -10.9728 10.9728
505.7415771428574 -10.9728 10.9728
529.2285942857145 -10.9728 10.9728
552.7156114285716 -10.9728 10.9728
576.2026285714288 -10.9728 10.9728
599.6896457142859 -10.9728 10.9728
623.176662857143 -10.9728 10.9728
646.6636800000001 -10.9728 10.9728
670.1506971428572 -10.9728 10.9728
693.6377142857143 -10.9728 10.9728
717.1247314285714 -10.9728 10.9728
740.6117485714285 -10.9728 10.9728
764.0987657142856 -10.9728 10.9728
787.5857828571427 -10.9728 10.9728
1 14 0 36
361
362
363
364
365
366
367
368
369
370
371
372
373
374
375
376
377
378
379
380
381
382
383
384
385
386
387
388
389
390
391
392
393
394
395
396
0 846.1248000000001 -3.6576
0 846.1248000000001 3.657599999999999
12.51421714285716 10.9728 10.9728
36.00123428571433 10.9728 10.9728
59.48825142857149 10.9728 10.9728
82.97526857142866 10.9728 10.9728
106.4622857142858 10.9728 10.9728
129.949302857143 10.9728 10.9728
153.4363200000002 10.9728 10.9728
176.9233371428574 10.9728 10.9728
200.4103542857146 10.9728 10.9728
223.8973714285717 10.9728 10.9728
247.3843885714289 10.9728 10.9728
270.871405714286 10.9728 10.9728
294.3584228571431 10.9728 10.9728
317.8454400000002 10.9728 10.9728
341.3324571428574 10.9728 10.9728
364.8194742857145 10.9728 10.9728
388.3064914285716 10.9728 10.9728
411.7935085714287 10.9728 10.9728
435.2805257142859 10.9728 10.9728
458.7675428571431 10.9728 10.9728
482.2545600000003 10.9728 10.9728
505.7415771428574 10.9728 10.9728
529.2285942857145 10.9728 10.9728
552.7156114285716 10.9728 10.9728
576.2026285714288 10.9728 10.9728
599.6896457142859 10.9728 10.9728
623.176662857143 10.9728 10.9728
646.6636800000001 10.9728 10.9728
670.1506971428572 10.9728 10.9728
693.6377142857143 10.9728 10.9728
717.1247314285714 10.9728 10.9728
740.6117485714285 10.9728 10.9728
764.0987657142856 10.9728 10.9728
787.5857828571427 10.9728 10.9728
1 15 0 5
397
398
399
400
401
666.7500000000001 846.1248000000001 10.9728
533.4000000000001 846.1248000000001 10.9728
400.0500000000001 846.1248000000001 10.9728
266.7 846.1248000000001 10.9728
133.3500000000001 846.1248000000001 10.9728
1 16 0 19
402
403
404
405
406
407
408
409
410
411
412
413
414
415
416
417
418
419
420
-132.3630804452721 -835.7075996483928 10.9728
-261.4669425621032 -804.7125046389338 10.9728
-384.1326207940234 -753.9027170775784 10.9728
-497.3396790389177 -684.529342562104 10.9728
-598.3005838101104 -598.3005838101122 10.9728
-684.5293425621028 -497.3396790389194 10.9728
-753.9027170775772 -384.1326207940255 10.9728
-804.712504638933 -261.4669425621054 10.9728
-835.7075996483925 -132.3630804452743 10.9728
-846.1248000000001 -2.358149765999173e-12 10.9728
-835.7075996483933 132.3630804452696 10.9728
-804.7125046389345 261.4669425621005 10.9728
-753.9027170775796 384.132620794021 10.9728
-684.5293425621059 497.3396790389152 10.9728
-598.3005838101144 598.3005838101083 10.9728
-497.3396790389222 684.5293425621009 10.9728
-384.1326207940269 753.9027170775765 10.9728
-261.4669425621051 804.7125046389331 10.9728
-132.363080445274 835.7075996483926 10.9728
1 17 0 4
421
422
423
424
-10.9728 -10.9728 -3.6576
-10.9728 -10.9728 3.657599999999999
-10.97280000000001 -3.6576 10.9728
-10.97280000000001 3.6576 10.9728
1 18 0 4
425
426
427
428
811.0728 -10.9728 -3.6576
811.0728 -10.9728 3.657599999999999
-10.97280000000001 10.9728 3.6576
-10.97280000000001 10.9728 -3.6576
1 20 0 2
429
430
811.0728 10.9728 -3.6576
811.0728 10.9728 3.657599999999999
1 21 0 2
431
432
811.0728 -3.6576 10.9728
811.0728 3.6576 10.9728
1 25 0 6
433
434
435
436
437
438
-0.2547514464074431 -0.307382035388915 -7.135707237939249
-0.6623537179678588 -0.7129827907670567 -6.447049349533041
-1.314517341511521 -1.361943988472865 -5.345196746588579
-2.357979179009962 -2.400281944435163 -3.582232514585698
-4.027518113305423 -4.061622668300794 -0.7614897530148861
-6.698780371887445 -6.719767790373295 3.751698604184016
1 26 0 6
439
440
441
442
443
444
-0.2547514464074431 0.307382035388915 -7.135707237939249
-0.6623537179678588 0.7129827907670567 -6.447049349533041
-1.314517341511521 1.361943988472865 -5.345196746588579
-2.357979179009962 2.400281944435163 -3.582232514585698
-4.027518113305423 4.061622668300794 -0.7614897530148861
-6.698780371887445 6.719767790373295 3.751698604184016
1 27 0 6
445
446
447
448
449
450
-0.2547514460861527 0.3073820350692022 -7.750471308620485
-0.6623537169397296 0.7129827897439761 -7.873014930758052
-1.314517339044011 1.361943986017472 -8.069084722792464
-2.35797917374594 2.400281939196989 -8.382796401873421
-4.027518102777377 4.061622657824445 -8.884735086451268
-6.698780352883019 6.719767771462188 -9.687836970848982
1 28 0 6
451
452
453
454
455
456
-0.2547514460861527 -0.3073820350692022 -7.750471308620485
-0.6623537169397296 -0.7129827897439761 -7.873014930758052
-1.314517339044011 -1.361943986017472 -8.069084722792464
-2.35797917374594 -2.400281939196989 -8.382796401873421
-4.027518102777377 -4.061622657824445 -8.884735086451268
-6.698780352883019 -6.719767771462188 -9.687836970848982
1 29 0 6
457
458
459
460
461
462
800.3547514464075 -0.307382035388915 -7.135707237939249
800.7623537179679 -0.7129827907670567 -6.447049349533041
801.4145173415116 -1.361943988472865 -5.345196746588579
802.45797917901 -2.400281944435163 -3.582232514585698
804.1275181133054 -4.061622668300794 -0.7614897530148861
806.7987803718875 -6.719767790373295 3.751698604184016
1 30 0 6
463
464
465
466
467
468
800.3547514464075 0.307382035388915 -7.135707237939249
800.7623537179679 0.7129827907670567 -6.447049349533041
801.4145173415116 1.361943988472865 -5.345196746588579
802.45797917901 2.400281944435163 -3.582232514585698
804.1275181133054 4.061622668300794 -0.7614897530148861
806.7987803718875 6.719767790373295 3.751698604184016
1 31 0 6
469
470
471
472
473
474
800.3547514460862 0.3073820350692022 -7.750471308620485
800.7623537169397 0.7129827897439761 -7.873014930758052
801.414517339044 1.361943986017472 -8.069084722792464
802.4579791737459 2.400281939196989 -8.382796401873421
804.1275181027773 4.061622657824445 -8.884735086451268
806.798780352883 6.719767771462188 -9.687836970848982
1 32 0 6
475
476
477
478
479
480
800.3547514460862 -0.3073820350692022 -7.750471308620485
800.7623537169397 -0.7129827897439761 -7.873014930758052
801.414517339044 -1.361943986017472 -8.069084722792464
802.4579791737459 -2.400281939196989 -8.382796401873421
804.1275181027773 -4.061622657824445 -8.884735086451268
806.798780352883 -6.719767771462188 -9.687836970848982
2 1 0 68
481
482
483
484
485
486
487
488
489
490
491
492
493
494
495
496
497
498
499
500
501
502
503
504
505
506
507
508
509
510
511
512
513
514
515
516
517
518
519
520
521
522
523
524
525
526
527
528
529
530
531
532
533
534
535
536
537
538
539
540
541
542
543
544
545
546
547
548
22.85999999999996 -0.01972201123681228 -7.546396452036772
22.85999999999996 0.01972201123681191 -7.546396452036772
45.71999999999996 -0.01972201123681221 -7.546396452036772
45.71999999999993 0.01972201123681191 -7.546396452036772
68.5799999999999 -0.01972201123681221 -7.546396452036772
68.5799999999999 0.01972201123681191 -7.546396452036772
91.43999999999991 -0.01972201123681221 -7.546396452036772
91.43999999999987 0.01972201123681191 -7.546396452036772
114.2999999999999 -0.01972201123681221 -7.546396452036772
114.2999999999999 0.01972201123681191 -7.546396452036772
137.1599999999998 -0.01972201123681221 -7.546396452036772
137.1599999999998 0.01972201123681191 -7.546396452036772
160.0199999999998 -0.01972201123681228 -7.546396452036772
160.0199999999998 0.01972201123681191 -7.546396452036772
182.8799999999998 -0.01972201123681221 -7.546396452036772
182.8799999999998 0.01972201123681191 -7.546396452036772
205.7399999999997 -0.01972201123681221 -7.546396452036772
205.7399999999997 0.01972201123681197 -7.546396452036772
228.5999999999997 -0.01972201123681221 -7.546396452036772
228.5999999999998 0.01972201123681191 -7.546396452036772
251.4599999999997 -0.01972201123681228 -7.546396452036772
251.4599999999997 0.01972201123681191 -7.546396452036772
274.3199999999996 -0.01972201123681221 -7.546396452036772
274.3199999999996 0.01972201123681191 -7.546396452036772
297.1799999999996 -0.01972201123681228 -7.546396452036772
297.1799999999996 0.01972201123681191 -7.546396452036772
320.0399999999995 -0.01972201123681228 -7.546396452036772
320.0399999999995 0.01972201123681191 -7.546396452036772
342.8999999999994 -0.01972201123681221 -7.546396452036772
342.8999999999994 0.01972201123681191 -7.546396452036772
365.7599999999993 -0.01972201123681221 -7.546396452036772
365.7599999999993 0.01972201123681191 -7.546396452036772
388.6199999999994 -0.01972201123681221 -7.546396452036772
388.6199999999992 0.01972201123681191 -7.546396452036772
411.4799999999992 -0.01972201123681221 -7.546396452036772
411.4799999999993 0.01972201123681191 -7.546396452036772
434.3399999999992 -0.01972201123681221 -7.546396452036772
434.3399999999991 0.01972201123681191 -7.546396452036772
457.1999999999989 -0.01972201123681221 -7.546396452036772
457.199999999999 0.01972201123681191 -7.546396452036772
480.059999999999 -0.01972201123681221 -7.546396452036772
480.059999999999 0.01972201123681191 -7.546396452036772
502.919999999999 -0.01972201123681221 -7.546396452036772
502.919999999999 0.01972201123681191 -7.546396452036772
525.7799999999989 -0.01972201123681221 -7.546396452036772
525.7799999999989 0.01972201123681197 -7.546396452036772
548.6399999999992 -0.01972201123681221 -7.546396452036772
548.6399999999991 0.01972201123681191 -7.546396452036772
571.4999999999991 -0.01972201123681221 -7.546396452036772
571.4999999999991 0.01972201123681197 -7.546396452036772
594.3599999999992 -0.01972201123681221 -7.546396452036772
594.3599999999992 0.01972201123681191 -7.546396452036772
617.2199999999993 -0.01972201123681221 -7.546396452036772
617.2199999999993 0.01972201123681191 -7.546396452036772
640.0799999999997 -0.01972201123681221 -7.546396452036772
640.0799999999995 0.01972201123681191 -7.546396452036772
662.9399999999994 -0.01972201123681228 -7.546396452036772
662.9399999999995 0.01972201123681191 -7.546396452036772
685.7999999999998 -0.01972201123681221 -7.546396452036772
685.7999999999996 0.01972201123681197 -7.546396452036772
708.6599999999996 -0.01972201123681221 -7.546396452036772
708.6599999999997 0.01972201123681185 -7.546396452036772
731.52 -0.01972201123681214 -7.546396452036772
731.5199999999998 0.01972201123681191 -7.546396452036772
754.3799999999999 -0.01972201123681221 -7.546396452036772
754.3799999999998 0.01972201123681191 -7.546396452036772
777.24 -0.01972201123681228 -7.546396452036772
777.24 0.01972201123681185 -7.546396452036772
2 2 0 68
549
550
551
552
553
554
555
556
557
558
559
560
561
562
563
564
565
566
567
568
569
570
571
572
573
574
575
576
577
578
579
580
581
582
583
584
585
586
587
588
589
590
591
592
593
594
595
596
597
598
599
600
601
602
603
604
605
606
607
608
609
610
611
612
613
614
615
616
22.85999999999996 0.07360354796322703 -7.600277988763187
22.85999999999996 0.07360354796322696 -7.639722011236811
45.71999999999993 0.07360354796322703 -7.600277988763187
45.71999999999994 0.07360354796322696 -7.639722011236811
68.5799999999999 0.07360354796322703 -7.600277988763187
68.5799999999999 0.07360354796322696 -7.639722011236811
91.43999999999986 0.07360354796322703 -7.600277988763187
91.43999999999988 0.07360354796322696 -7.639722011236811
114.2999999999999 0.07360354796322703 -7.600277988763187
114.2999999999999 0.07360354796322696 -7.639722011236811
137.1599999999998 0.07360354796322703 -7.600277988763187
137.1599999999998 0.07360354796322696 -7.639722011236811
160.0199999999998 0.07360354796322703 -7.600277988763187
160.0199999999998 0.07360354796322696 -7.639722011236811
182.8799999999998 0.07360354796322703 -7.600277988763187
182.8799999999998 0.07360354796322696 -7.639722011236811
205.7399999999998 0.07360354796322703 -7.600277988763187
205.7399999999997 0.07360354796322696 -7.639722011236811
228.5999999999997 0.07360354796322703 -7.600277988763187
228.5999999999998 0.07360354796322696 -7.639722011236811
251.4599999999997 0.07360354796322703 -7.600277988763187
251.4599999999997 0.07360354796322696 -7.639722011236811
274.3199999999996 0.07360354796322703 -7.600277988763187
274.3199999999996 0.07360354796322696 -7.639722011236811
297.1799999999996 0.07360354796322703 -7.600277988763187
297.1799999999996 0.07360354796322696 -7.639722011236811
320.0399999999996 0.07360354796322703 -7.600277988763187
320.0399999999995 0.07360354796322696 -7.639722011236811
342.8999999999994 0.07360354796322703 -7.600277988763187
342.8999999999994 0.07360354796322696 -7.639722011236811
365.7599999999993 0.07360354796322703 -7.600277988763187
365.7599999999994 0.07360354796322696 -7.639722011236811
388.6199999999992 0.07360354796322703 -7.600277988763187
388.6199999999993 0.07360354796322696 -7.639722011236811
411.4799999999993 0.07360354796322703 -7.600277988763187
411.4799999999993 0.07360354796322696 -7.639722011236811
434.3399999999991 0.07360354796322703 -7.600277988763187
434.3399999999992 0.07360354796322696 -7.639722011236811
457.199999999999 0.07360354796322703 -7.600277988763187
457.199999999999 0.07360354796322696 -7.639722011236811
480.0599999999989 0.07360354796322703 -7.600277988763187
480.059999999999 0.07360354796322696 -7.639722011236811
502.919999999999 0.07360354796322703 -7.600277988763187
502.919999999999 0.07360354796322696 -7.639722011236811
525.7799999999989 0.07360354796322703 -7.600277988763187
525.7799999999989 0.07360354796322696 -7.639722011236811
548.6399999999991 0.07360354796322703 -7.600277988763187
548.6399999999991 0.07360354796322696 -7.639722011236811
571.4999999999991 0.07360354796322703 -7.600277988763187
571.4999999999991 0.07360354796322696 -7.639722011236811
594.3599999999992 0.07360354796322703 -7.600277988763187
594.3599999999992 0.07360354796322696 -7.639722011236811
617.2199999999996 0.07360354796322703 -7.600277988763187
617.2199999999993 0.07360354796322698 -7.639722011236811
640.0799999999995 0.07360354796322703 -7.600277988763187
640.0799999999995 0.07360354796322696 -7.639722011236811
662.9399999999994 0.07360354796322703 -7.600277988763187
662.9399999999995 0.07360354796322696 -7.639722011236811
685.7999999999998 0.07360354796322703 -7.600277988763187
685.7999999999996 0.07360354796322696 -7.639722011236811
708.6599999999996 0.07360354796322703 -7.600277988763187
708.6599999999999 0.07360354796322696 -7.639722011236811
731.5199999999998 0.07360354796322703 -7.600277988763187
731.5199999999999 0.07360354796322696 -7.639722011236811
754.3799999999998 0.07360354796322703 -7.600277988763187
754.3799999999998 0.07360354796322696 -7.639722011236811
777.2400000000002 0.07360354796322703 -7.600277988763187
777.24 0.07360354796322696 -7.639722011236811
2 3 0 68
617
618
619
620
621
622
623
624
625
626
627
628
629
630
631
632
633
634
635
636
637
638
639
640
641
642
643
644
645
646
647
648
649
650
651
652
653
654
655
656
657
658
659
660
661
662
663
664
665
666
667
668
669
670
671
672
673
674
675
676
677
678
679
680
681
682
683
684
22.85999999999996 0.01972201123681207 -7.693603547963226
22.85999999999996 -0.01972201123681212 -7.693603547963226
45.71999999999993 0.01972201123681204 -7.693603547963226
45.71999999999994 -0.01972201123681212 -7.693603547963226
68.57999999999988 0.0197220112368121 -7.693603547963226
68.5799999999999 -0.01972201123681212 -7.693603547963226
91.43999999999987 0.01972201123681207 -7.693603547963226
91.43999999999988 -0.01972201123681212 -7.693603547963226
114.2999999999998 0.01972201123681201 -7.693603547963226
114.2999999999999 -0.01972201123681212 -7.693603547963226
137.1599999999998 0.01972201123681204 -7.693603547963226
137.1599999999998 -0.01972201123681212 -7.693603547963226
160.0199999999998 0.01972201123681207 -7.693603547963226
160.0199999999998 -0.01972201123681212 -7.693603547963226
182.8799999999999 0.01972201123681201 -7.693603547963226
182.8799999999998 -0.01972201123681212 -7.693603547963226
205.7399999999998 0.0197220112368121 -7.693603547963226
205.7399999999998 -0.01972201123681212 -7.693603547963226
228.5999999999997 0.01972201123681207 -7.693603547963226
228.5999999999997 -0.01972201123681212 -7.693603547963226
251.4599999999997 0.01972201123681204 -7.693603547963226
251.4599999999997 -0.01972201123681212 -7.693603547963226
274.3199999999995 0.01972201123681207 -7.693603547963226
274.3199999999996 -0.01972201123681212 -7.693603547963226
297.1799999999996 0.01972201123681207 -7.693603547963226
297.1799999999996 -0.01972201123681212 -7.693603547963226
320.0399999999995 0.01972201123681207 -7.693603547963226
320.0399999999995 -0.01972201123681212 -7.693603547963226
342.8999999999994 0.01972201123681204 -7.693603547963226
342.8999999999994 -0.01972201123681212 -7.693603547963226
365.7599999999993 0.01972201123681201 -7.693603547963226
365.7599999999993 -0.01972201123681212 -7.693603547963226
388.6199999999994 0.01972201123681204 -7.693603547963226
388.6199999999992 -0.01972201123681212 -7.693603547963226
411.4799999999991 0.01972201123681207 -7.693603547963226
411.4799999999992 -0.01972201123681212 -7.693603547963226
434.3399999999993 0.01972201123681204 -7.693603547963226
434.3399999999992 -0.01972201123681212 -7.693603547963226
457.199999999999 0.01972201123681204 -7.693603547963226
457.199999999999 -0.01972201123681212 -7.693603547963226
480.059999999999 0.01972201123681204 -7.693603547963226
480.0599999999991 -0.01972201123681212 -7.693603547963226
502.919999999999 0.01972201123681207 -7.693603547963226
502.919999999999 -0.01972201123681212 -7.693603547963226
525.7799999999991 0.01972201123681204 -7.693603547963226
525.7799999999989 -0.01972201123681212 -7.693603547963226
548.6399999999991 0.01972201123681207 -7.693603547963226
548.6399999999991 -0.01972201123681212 -7.693603547963226
571.4999999999991 0.01972201123681204 -7.693603547963226
571.4999999999991 -0.01972201123681212 -7.693603547963226
594.3599999999992 0.01972201123681204 -7.693603547963226
594.3599999999992 -0.01972201123681212 -7.693603547963226
617.2199999999993 0.01972201123681207 -7.693603547963226
617.2199999999993 -0.01972201123681208 -7.693603547963226
640.0799999999995 0.01972201123681207 -7.693603547963226
640.0799999999995 -0.01972201123681212 -7.693603547963226
662.9399999999995 0.01972201123681201 -7.693603547963226
662.9399999999994 -0.01972201123681212 -7.693603547963226
685.7999999999996 0.01972201123681204 -7.693603547963226
685.7999999999996 -0.01972201123681212 -7.693603547963226
708.6599999999996 0.01972201123681201 -7.693603547963226
708.6599999999999 -0.01972201123681212 -7.693603547963226
731.5199999999998 0.01972201123681204 -7.693603547963226
731.5199999999998 -0.01972201123681212 -7.693603547963226
754.3799999999998 0.01972201123681207 -7.693603547963226
754.3799999999999 -0.01972201123681212 -7.693603547963226
777.24 0.01972201123681204 -7.693603547963226
777.24 -0.01972201123681215 -7.693603547963226
2 4 0 68
685
686
687
688
689
690
691
692
693
694
695
696
697
698
699
700
701
702
703
704
705
706
707
708
709
710
711
712
713
714
715
716
717
718
719
720
721
722
723
724
725
726
727
728
729
730
731
732
733
734
735
736
737
738
739
740
741
742
743
744
745
746
747
748
749
750
751
752
22.85999999999996 -0.07360354796322698 -7.639722011236811
22.85999999999996 -0.07360354796322705 -7.600277988763187
45.71999999999996 -0.07360354796322698 -7.639722011236811
45.71999999999993 -0.07360354796322703 -7.600277988763187
68.5799999999999 -0.07360354796322698 -7.639722011236811
68.5799999999999 -0.07360354796322703 -7.600277988763187
91.43999999999991 -0.07360354796322698 -7.639722011236811
91.43999999999987 -0.07360354796322703 -7.600277988763187
114.2999999999999 -0.07360354796322698 -7.639722011236811
114.2999999999999 -0.07360354796322702 -7.600277988763187
137.1599999999998 -0.07360354796322698 -7.639722011236811
137.1599999999998 -0.07360354796322709 -7.600277988763187
160.0199999999998 -0.07360354796322698 -7.639722011236811
160.0199999999998 -0.07360354796322702 -7.600277988763187
182.8799999999998 -0.07360354796322698 -7.639722011236811
182.8799999999998 -0.07360354796322705 -7.600277988763187
205.7399999999997 -0.07360354796322698 -7.639722011236811
205.7399999999998 -0.07360354796322703 -7.600277988763187
228.5999999999997 -0.07360354796322698 -7.639722011236811
228.5999999999997 -0.07360354796322703 -7.600277988763187
251.4599999999997 -0.07360354796322698 -7.639722011236811
251.4599999999997 -0.07360354796322703 -7.600277988763187
274.3199999999996 -0.07360354796322698 -7.639722011236811
274.3199999999996 -0.07360354796322703 -7.600277988763187
297.1799999999996 -0.07360354796322698 -7.639722011236811
297.1799999999996 -0.07360354796322703 -7.600277988763187
320.0399999999995 -0.07360354796322698 -7.639722011236811
320.0399999999995 -0.07360354796322703 -7.600277988763187
342.8999999999994 -0.07360354796322698 -7.639722011236811
342.8999999999994 -0.07360354796322702 -7.600277988763187
365.7599999999993 -0.07360354796322698 -7.639722011236811
365.7599999999994 -0.07360354796322702 -7.600277988763187
388.6199999999994 -0.07360354796322698 -7.639722011236811
388.6199999999993 -0.07360354796322702 -7.600277988763187
411.4799999999992 -0.07360354796322698 -7.639722011236811
411.4799999999992 -0.07360354796322703 -7.600277988763187
434.3399999999992 -0.07360354796322698 -7.639722011236811
434.339999999999 -0.07360354796322703 -7.600277988763187
457.1999999999989 -0.07360354796322698 -7.639722011236811
457.199999999999 -0.07360354796322705 -7.600277988763187
480.059999999999 -0.07360354796322698 -7.639722011236811
480.0599999999991 -0.07360354796322703 -7.600277988763187
502.919999999999 -0.07360354796322698 -7.639722011236811
502.919999999999 -0.07360354796322703 -7.600277988763187
525.7799999999989 -0.07360354796322698 -7.639722011236811
525.7799999999989 -0.07360354796322703 -7.600277988763187
548.6399999999992 -0.07360354796322699 -7.639722011236811
548.6399999999991 -0.07360354796322703 -7.600277988763187
571.4999999999991 -0.07360354796322698 -7.639722011236811
571.4999999999991 -0.07360354796322703 -7.600277988763187
594.3599999999992 -0.07360354796322698 -7.639722011236811
594.3599999999992 -0.07360354796322703 -7.600277988763187
617.2199999999993 -0.07360354796322698 -7.639722011236811
617.2199999999993 -0.07360354796322703 -7.600277988763187
640.0799999999997 -0.07360354796322698 -7.639722011236811
640.0799999999996 -0.07360354796322703 -7.600277988763187
662.9399999999994 -0.07360354796322698 -7.639722011236811
662.9399999999995 -0.07360354796322703 -7.600277988763187
685.7999999999998 -0.07360354796322698 -7.639722011236811
685.7999999999996 -0.07360354796322703 -7.600277988763187
708.6599999999996 -0.07360354796322696 -7.639722011236811
708.6599999999997 -0.07360354796322703 -7.600277988763187
731.52 -0.07360354796322699 -7.639722011236811
731.5199999999998 -0.07360354796322705 -7.600277988763187
754.3799999999999 -0.07360354796322698 -7.639722011236811
754.3799999999998 -0.07360354796322703 -7.600277988763187
777.24 -0.07360354796322696 -7.639722011236811
777.24 -0.07360354796322703 -7.600277988763187
2 11 0 598
753
754
755
756
757
758
759
760
761
762
763
764
765
766
767
768
769
770
771
772
773
774
775
776
777
778
779
780
781
782
783
784
785
786
787
788
789
790
791
792
793
794
795
796
797
798
799
800
801
802
803
804
805
806
807
808
809
810
811
812
813
814
815
816
817
818
819
820
821
822
823
824
825
826
827
828
829
830
831
832
833
834
835
836
837
838
839
840
841
842
843
844
845
846
847
848
849
850
851
852
853
854
855
856
857
858
859
860
861
862
863
864
865
866
867
868
869
870
871
872
873
874
875
876
877
878
879
880
881
882
883
884
885
886
887
888
889
890
891
892
893
894
895
896
897
898
899
900
901
902
903
904
905
906
907
908
909
910
911
912
913
914
915
916
917
918
919
920
921
922
923
924
925
926
927
928
929
930
931
932
933
934
935
936
937
938
939
940
941
942
943
944
945
946
947
948
949
950
951
952
953
954
955
956
957
958
959
960
961
962
963
964
965
966
967
968
969
970
971
972
973
974
975
976
977
978
979
980
981
982
983
984
985
986
987
988
989
990
991
992
993
994
995
996
997
998
999
1000
1001
1002
1003
1004
1005
1006
1007
1008
1009
1010
1011
1012
1013
1014
1015
1016
1017
1018
1019
1020
1021
1022
1023
1024
1025
1026
1027
1028
1029
1030
1031
1032
1033
1034
1035
1036
1037
1038
1039
1040
1041
1042
1043
1044
1045
1046
1047
1048
1049
1050
1051
1052
1053
1054
1055
1056
1057
1058
1059
1060
1061
1062
1063
1064
1065
1066
1067
1068
1069
1070
1071
1072
1073
1074
1075
1076
1077
1078
1079
1080
1081
1082
1083
1084
1085
1086
1087
1088
1089
1090
1091
1092
1093
1094
1095
1096
1097
1098
1099
1100
1101
1102
1103
1104
1105
1106
1107
1108
1109
1110
1111
1112
1113
1114
1115
1116
1117
1118
1119
1120
1121
1122
1123
1124
1125
1126
1127
1128
1129
1130
1131
1132
1133
1134
1135
1136
1137
1138
1139
1140
1141
1142
1143
1144
1145
1146
1147
1148
1149
1150
1151
1152
1153
1154
1155
1156
1157
1158
1159
1160
1161
1162
1163
1164
1165
1166
1167
1168
1169
1170
1171
1172
1173
1174
1175
1176
1177
1178
1179
1180
1181
1182
1183
1184
1185
1186
1187
1188
1189
1190
1191
1192
1193
1194
1195
1196
1197
1198
1199
1200
1201
1202
1203
1204
1205
1206
1207
1208
1209
1210
1211
1212
1213
1214
1215
1216
1217
1218
1219
1220
1221
1222
1223
1224
1225
1226
1227
1228
1229
1230
1231
1232
1233
1234
1235
1236
1237
1238
1239
1240
1241
1242
1243
1244
1245
1246
1247
1248
1249
1250
1251
1252
1253
1254
1255
1256
1257
1258
1259
1260
1261
1262
1263
1264
1265
1266
1267
1268
1269
1270
1271
1272
1273
1274
1275
1276
1277
1278
1279
1280
1281
1282
1283
1284
1285
1286
1287
1288
1289
1290
1291
1292
1293
1294
1295
1296
1297
1298
1299
1300
1301
1302
1303
1304
1305
1306
1307
1308
1309
1310
1311
1312
1313
1314
1315
1316
1317
1318
1319
1320
1321
1322
1323
1324
1325
1326
1327
1328
1329
1330
1331
1332
1333
1334
1335
1336
1337
1338
1339
1340
1341
1342
1343
1344
1345
1346
1347
1348
1349
1350
788.0598714716234 35.3743632806107 -10.9728
38.81544779989434 -34.3265871439724 -10.9728
59.89194691425115 34.57963640154754 -10.9728
740.4313098505196 -34.32465066411433 -10.9728
484.2457714164659 -40.07219431545133 -10.9728
318.6891867067529 31.77143950021966 -10.9728
247.7151494897325 -39.17996708898657 -10.9728
576.8995596447805 34.9474353406552 -10.9728
1504.85691254353 8.713983557721754 -10.9728
825.8278982411921 14.77553861947612 -10.9728
-701.6218381056727 -7.125462907234156 -10.9728
-28.47694512129925 -12.86554211502087 -10.9728
-233.7216870732506 664.9115704337891 -10.9728
1321.228847864402 -500.4932456438711 -10.9728
-537.7384772692093 546.086227127083 -10.9728
-346.223431593727 -672.4885488520385 -10.9728
1301.111547876522 516.9634289415708 -10.9728
663.20632053577 713.5720936630838 -10.9728
668.9347090906836 -714.2547760888999 -10.9728
596.1180668217057 -33.38797754339664 -10.9728
-3.36308410307845 -704.7032641832745 -10.9728
396.8209884738619 -709.4046833306086 -10.9728
138.7630820943677 705.214691505601 -10.9728
202.486255493436 27.44818180950065 -10.9728
460.3116983493935 36.22294493439546 -10.9728
346.6535723176152 -35.00153156869889 -10.9728
697.673962882071 38.00267989247035 -10.9728
132.092906134216 -32.83674267167135 -10.9728
786.1099868174772 -31.58204120138694 -10.9728
13.18467342279172 31.89347334945982 -10.9728
-653.1496135834101 -305.0718691241518 -10.9728
648.3807965767554 35.29110159143566 -10.9728
527.140221226555 36.03100869893846 -10.9728
528.5856921884346 -30.54240556848772 -10.9728
270.7033226078849 33.38876260504937 -10.9728
391.1610256759831 -29.98008511253051 -10.9728
410.9275670587763 39.19499735853056 -10.9728
646.1978352206005 -37.85719454886778 -10.9728
160.1076354866142 38.65051948442755 -10.9728
925.5115662878917 -694.3922485135218 -10.9728
907.2644193338019 708.9061298494109 -10.9728
1477.670095799021 -231.4217684226602 -10.9728
1474.270473820324 274.5928680434585 -10.9728
-660.8593521179924 232.0755584554892 -10.9728
1139.029267189023 618.6221405711703 -10.9728
86.30618113725501 -32.5811717425116 -10.9728
199.2389043792038 -35.63872446056977 -10.9728
744.585740950864 26.63588526645698 -10.9728
425.3154960102469 -40.09676834541451 -10.9728
361.7272699914076 34.47944788933953 -10.9728
297.5969823201293 -36.1052136949087 -10.9728
693.7208426830064 -34.20386514168103 -10.9728
106.5500753847504 35.67065816095179 -10.9728
401.8840860096137 713.3312302872073 -10.9728
1167.15018616333 -598.1945747026514 -10.9728
258.6161250851088 -706.861817298874 -10.9728
-496.803072725582 -496.7670113908273 -10.9728
-566.8421889845309 466.0716269210738 -10.9728
-255.8734241118485 -675.9885778764288 -10.9728
1018.556032443799 679.3301008798878 -10.9728
1044.857540691169 -658.2176212229314 -10.9728
-116.385947972812 691.7711442303186 -10.9728
-348.1079599527609 624.1243856670814 -10.9728
-716.4710467356068 -233.5043074461574 -10.9728
1422.92542942104 -344.7601129639133 -10.9728
1497.827014200105 136.9868526166718 -10.9728
1404.855307478849 366.8502420954944 -10.9728
1501.184651551326 -116.5540615759652 -10.9728
-454.4234187916898 329.8026290586345 -10.9728
1235.087065748655 -375.4897860945649 -10.9728
1376.824571133796 8.66651498349156 -10.9728
-128.5101427190707 -554.619519844721 -10.9728
-509.7281184338652 -325.8915388683029 -10.9728
1183.076383874913 421.8257875239768 -10.9728
-329.7769715956629 501.7691447727864 -10.9728
235.6467702672667 -548.414704554687 -10.9728
910.3292932165341 -565.6943589044862 -10.9728
962.8220032965477 581.5233570051294 -10.9728
1375.962033985887 233.8828670108745 -10.9728
1394.514931812242 -207.2230569355154 -10.9728
798.3603724880763 -709.6584695962089 -10.9728
789.9865837937824 714.6599595067094 -10.9728
532.6808946541948 714.2872289456768 -10.9728
533.9949671668526 -712.6309490098243 -10.9728
270.9693624773262 709.1599243693122 -10.9728
124.7597112302811 -707.5319114193954 -10.9728
8.450550893738978 702.2592503321692 -10.9728
-704.0448787234096 -138.4493447803115 -10.9728
-611.2940076188111 352.5389764447735 -10.9728
-581.9331574563671 -399.5386631014791 -10.9728
-132.1046394104771 -690.5696505665596 -10.9728
-458.7000991004943 579.8117075812698 -10.9728
1329.951772928033 -274.3548140311271 -10.9728
1373.796969160983 138.4919586670564 -10.9728
1070.249288609583 512.7730863763063 -10.9728
1018.981641965293 -528.2265539442186 -10.9728
-217.7306423220872 537.9194081680946 -10.9728
-407.0200866686645 -595.3446353238079 -10.9728
-694.8049850427216 115.9501212369069 -10.9728
657.7512303353527 585.6913385020353 -10.9728
670.3720422169129 -584.0498727505378 -10.9728
280.6015579228353 576.7666674201071 -10.9728
1256.137067520986 -152.2724905608695 -10.9728
1235.343143840923 147.849265738039 -10.9728
985.6314424468989 -415.1067899495769 -10.9728
980.2645793186398 427.9485688717554 -10.9728
-99.37745667132617 448.5436565175494 -10.9728
-7.293860828259255 -574.3793226699756 -10.9728
391.8502126832352 -569.0753453226297 -10.9728
-553.7241707378417 5.937522083079165 -10.9728
-531.6363912629909 189.0738264234356 -10.9728
-539.3393795645977 -183.03800777768 -10.9728
891.5631069989895 625.7210043663933 -10.9728
793.5756838557514 -581.5902021859594 -10.9728
108.0850870991506 -577.636350120623 -10.9728
-450.6572453478639 470.9390328069346 -10.9728
532.651966673794 585.8868575329006 -10.9728
-106.2320369049572 562.1974488977264 -10.9728
9.892190320752661 567.977955591358 -10.9728
-280.6263168477366 -518.8856658588293 -10.9728
-399.2395126120781 -373.7558886616134 -10.9728
1127.641263194963 -465.1449041563966 -10.9728
1385.046048490364 -118.6206450832984 -10.9728
1274.948871737054 295.1526814929957 -10.9728
1166.412092016515 -272.0646049833704 -10.9728
1258.00987456161 2.639045721375968 -10.9728
1101.106741731649 347.1238579227648 -10.9728
2.734139064993485 451.8777192073527 -10.9728
-441.0715897669033 -26.25822765528753 -10.9728
-108.2634298045485 -435.9552817678009 -10.9728
647.9857858047139 469.1599100097142 -10.9728
259.1688584113768 -429.1968384761583 -10.9728
1102.402948839816 -186.0967064536561 -10.9728
1133.503126256725 94.65417744190229 -10.9728
963.2042066319574 315.4535683958335 -10.9728
-382.6927998080882 241.9025780936854 -10.9728
-373.1939195529818 -215.5511777595248 -10.9728
787.787667837862 -464.6121573267735 -10.9728
-298.583315543064 -337.7703298327373 -10.9728
90.65402739567821 -468.4622357731267 -10.9728
1166.287955058709 285.8279346958546 -10.9728
534.5816958466847 -577.1957313376749 -10.9728
1077.4610174929 -355.9991886260171 -10.9728
406.0704427321927 582.4332619818724 -10.9728
147.6506759868672 545.4004369358624 -10.9728
-202.4214909190937 426.0509668847023 -10.9728
888.5796049092952 -448.5869028818485 -10.9728
-599.3157111998711 104.8722294766057 -10.9728
830.0859368107724 431.7906554345179 -10.9728
893.0050118190702 503.4519289793187 -10.9728
287.1325992936324 460.669406499166 -10.9728
-3.652683079609972 357.0095890321364 -10.9728
803.5839807916175 348.7395034676411 -10.9728
-296.7371053108066 -167.0935553428223 -10.9728
537.6957822453112 467.6566897220252 -10.9728
1144.102380612767 -98.71517722865917 -10.9728
96.81239586441473 428.9296305016452 -10.9728
-391.6174378389757 140.1151453564825 -10.9728
542.8236548612676 -433.3058996275162 -10.9728
677.1397327539205 -462.8726811665452 -10.9728
380.0486623242152 -427.568018565679 -10.9728
-91.09964596634182 352.5556880942437 -10.9728
-215.6350888514376 -375.3640982925361 -10.9728
-313.423359094108 389.9287268343965 -10.9728
-5.618003729302586 -459.769169433986 -10.9728
950.0940455677024 -321.0074665704958 -10.9728
1049.975506715613 275.5200470962808 -10.9728
1024.404634208141 -273.8646886200894 -10.9728
880.3242602075118 335.8662840088032 -10.9728
1082.410980655631 162.6419883366947 -10.9728
-441.9471107108324 -96.3163881062317 -10.9728
1154.115897732947 0.9599013585466427 -10.9728
797.4344300280762 578.3349475936496 -10.9728
892.0728839432981 396.4265117293887 -10.9728
1133.198910799857 223.8731198838234 -10.9728
160.1960472229821 -466.8225097216702 -10.9728
-317.4520273790474 181.7232202922366 -10.9728
417.6067538679443 -345.5416981728836 -10.9728
171.0836096723744 -399.148150695934 -10.9728
548.3952740220191 366.9122821078569 -10.9728
608.4379824223413 -341.9360814299785 -10.9728
1053.002145837153 -116.5967049745228 -10.9728
4.882527280961597 -360.7260625777668 -10.9728
-3.706543861119599 277.1500745772712 -10.9728
863.8790509814382 262.3202232447561 -10.9728
867.7245289837994 -348.7792954225012 -10.9728
1059.109698692342 75.12226089588745 -10.9728
-138.3691766766359 -320.7510731824145 -10.9728
127.9313366206169 328.6702719212362 -10.9728
980.9308804493377 -228.3214229182972 -10.9728
410.5039608582441 442.4615933101705 -10.9728
-183.2344040340745 332.7089206498719 -10.9728
-3.176066375686901 29.73355358408267 -10.9728
-351.3214791029203 -28.27612426437254 -10.9728
1012.567739457625 208.0672709522447 -10.9728
991.5439216476121 -176.507478621355 -10.9728
74.66763634406203 345.8892790647218 -10.9728
937.753298928192 240.9215736066675 -10.9728
781.3487546940185 -362.9540824926177 -10.9728
-239.9780304879437 222.9930975524373 -10.9728
354.2941081058464 -321.1392033980162 -10.9728
-370.7478476610107 -108.9975794764841 -10.9728
-15.29621494635597 46.99649913775997 -10.9728
358.3533617937833 346.4136676054562 -10.9728
791.5627139912231 270.9572738408294 -10.9728
774.8880025016325 -278.5845219346313 -10.9728
345.7886480014355 -267.5164388381446 -10.9728
847.4984474091996 198.7810658159826 -10.9728
-79.91778832257256 272.2057631808865 -10.9728
638.612739051596 368.2718372793494 -10.9728
1070.898967984614 3.081750054984196 -10.9728
909.8898150892653 179.5140429683345 -10.9728
-337.8120316255644 60.90517737750655 -10.9728
256.2839078072153 -359.8484013783336 -10.9728
464.1036734999776 348.4039242137761 -10.9728
-26.79337794180822 23.10042050371866 -10.9728
-287.7679755439431 -112.4618275195794 -10.9728
1042.400754409886 125.9526346416844 -10.9728
-77.77789502151154 -340.3112787461913 -10.9728
-210.2924468456042 -214.9430851695121 -10.9728
67.116877443161 274.1629332093516 -10.9728
89.65715623448551 -376.7933769329948 -10.9728
409.9054619163896 322.3497850023413 -10.9728
-280.891082630136 297.0559382020372 -10.9728
-194.9961529379988 151.0875521073346 -10.9728
691.2583340442652 -361.8562107205801 -10.9728
998.0744592129629 -112.986325955685 -10.9728
922.6459404964991 -245.4545645693272 -10.9728
801.9677555508692 -29.89234993518497 -10.9728
411.772337889621 -271.1180479808432 -10.9728
132.8962112501494 273.8500197332949 -10.9728
334.477378947005 275.0713796668609 -10.9728
98.27753239516704 -291.515859349223 -10.9728
-37.62189648991239 52.52754767588065 -10.9728
556.1334713990625 282.5825657812176 -10.9728
1005.767249489001 1.906416709643328 -10.9728
785.8434018557336 204.807382819189 -10.9728
905.6644447349953 -166.7776184096584 -10.9728
881.2933043868834 130.4881940415566 -10.9728
-68.09696492772537 204.1555330557812 -10.9728
11.41130398803665 55.04305370707127 -10.9728
-51.02212303776525 -246.4357562128525 -10.9728
-29.93768879657415 4.259394609799865 -10.9728
190.7818144480535 -306.2221419532672 -10.9728
1004.137806164413 -54.57311303806714 -10.9728
-130.6964565169686 188.8984830638319 -10.9728
989.2778654631195 68.65140285533001 -10.9728
67.34716474448101 209.9245763746717 -10.9728
278.9652996590875 364.1695481440995 -10.9728
482.7203060859023 273.9301990703997 -10.9728
702.2847339652726 -280.3589484856483 -10.9728
667.9946129362497 217.9319024317843 -10.9728
848.9338525975737 -265.6994979936104 -10.9728
935.4080362857229 -101.1341969190063 -10.9728
-253.0059157968584 -193.2267786627473 -10.9728
308.4304065475775 -342.3328434861797 -10.9728
-268.672278052069 119.4755106711968 -10.9728
-421.063872975437 42.17792927917445 -10.9728
977.0592159053112 138.2280577033162 -10.9728
-158.6430574239812 253.6631676780491 -10.9728
-49.20840033292126 -21.09615874895686 -10.9728
632.2498997462485 -269.4833386526915 -10.9728
830.7496058098395 -196.8524896878128 -10.9728
807.9183376598429 -43.89242409290689 -10.9728
490.4950113667699 207.6575910110618 -10.9728
340.1485360897478 -205.1904125152568 -10.9728
106.3430149625929 -219.0271646421801 -10.9728
136.4881429879732 197.8804594121241 -10.9728
-192.9615453311496 99.11158629909048 -10.9728
-17.24765258385685 78.14806616761305 -10.9728
965.5512702747918 -3.000494905077443 -10.9728
-207.4957523843198 -126.1533355497526 -10.9728
493.8283579358512 -343.0655937549205 -10.9728
-55.25673371038567 33.61482640880414 -10.9728
268.8227816853056 283.1612740017248 -10.9728
939.9314083625449 75.97898591181541 -10.9728
-58.76024063924632 149.1037526905401 -10.9728
2.80749859254405 198.5347610657351 -10.9728
267.8870711852277 -257.596813732512 -10.9728
24.28856562356668 -276.9430343179352 -10.9728
36.21670990331086 33.7696962607119 -10.9728
404.1908245275604 257.5261908260309 -10.9728
944.4337441176511 -42.80734763421509 -10.9728
827.5279272813506 -27.72547970796077 -10.9728
-283.9819233955748 -264.9145426767807 -10.9728
920.500411181363 102.7911391230972 -10.9728
199.3558851207635 281.2855178738383 -10.9728
708.0737242157286 264.9486150595271 -10.9728
706.1844366790018 -213.2132368496529 -10.9728
781.2449129558324 149.9187837320867 -10.9728
630.158719733446 283.8271431165994 -10.9728
-137.6014600304602 113.7272952571044 -10.9728
182.341022291018 375.0097349826682 -10.9728
1067.419977624988 -68.68902487484617 -10.9728
-428.1177770328943 194.1813400416874 -10.9728
-221.5750491953522 72.61510457602455 -10.9728
-135.0644567443461 -246.5520092602207 -10.9728
-467.1138904251125 91.19009165540078 -10.9728
283.6485454535112 -188.3435998368702 -10.9728
399.8875518214315 -208.3567820876883 -10.9728
559.6561273336022 201.3017232248366 -10.9728
205.627892669463 212.3838209128969 -10.9728
646.7089044077786 -205.6452715462678 -10.9728
364.4718897791519 201.0759304282846 -10.9728
-8.063411091500711 -199.5665082575719 -10.9728
8.057803715205921 81.55889741901341 -10.9728
-175.9165495606877 43.73004114055225 -10.9728
914.6589268939684 -8.184924727164534 -10.9728
-24.59012912126587 -32.01730649402182 -10.9728
786.6143649429912 -52.44651256993647 -10.9728
478.1003456500482 -266.0776557102239 -10.9728
-72.47775865401735 65.9822212130963 -10.9728
165.461257851111 -219.0025123340196 -10.9728
833.6874196358992 -50.35911642060353 -10.9728
109.2434927444086 149.0288819477276 -10.9728
-14.9538726106581 144.6321794378385 -10.9728
-202.8331973258738 -52.16916076894944 -10.9728
829.0731015342807 -2.532469392006108 -10.9728
434.6648383682643 199.4275883093823 -10.9728
-101.19150124023 -190.4572296446396 -10.9728
36.05287453777521 58.32319722006317 -10.9728
553.0912955438182 -315.4863878966643 -10.9728
-53.3821411862645 2.202600317163241 -10.9728
732.5660422869796 147.0866228837981 -10.9728
728.1702401996642 197.7014188452124 -10.9728
624.8748307382556 217.2455443943431 -10.9728
767.3810573214369 -210.7815313894005 -10.9728
-252.7825767165165 23.22252336028779 -10.9728
-212.6792118659655 -271.4121238902179 -10.9728
-43.86626205045837 74.42119388701535 -10.9728
209.7505331493907 459.0155135389967 -10.9728
-169.6709962165202 -185.6939976356697 -10.9728
888.5417481558991 71.84153966437856 -10.9728
724.3958541066129 360.9021821806834 -10.9728
67.47143313093926 159.1358256369606 -10.9728
945.0044759499402 22.04854505500888 -10.9728
832.3886684312835 144.9359471848735 -10.9728
905.6878074668134 -53.58402019637533 -10.9728
-158.1334161480301 80.32894115570014 -10.9728
-103.6982280796595 137.9162841902425 -10.9728
857.8869169433825 -118.4419696165862 -10.9728
45.25486604717781 -198.0542740836024 -10.9728
-45.75575389374472 -44.54861851656384 -10.9728
459.1361385759882 -202.2624754109869 -10.9728
491.6378319860922 152.8641996374253 -10.9728
709.3036280772619 -158.3857899723202 -10.9728
33.26753865721309 -144.987135802083 -10.9728
352.9478560480619 143.0521484428702 -10.9728
626.9054011932517 157.741205868622 -10.9728
337.2467040887152 -152.419021297786 -10.9728
137.4776902030873 134.0875833807304 -10.9728
843.6607071953081 26.47051221295567 -10.9728
-145.6538204992313 -51.99371290158368 -10.9728
-33.0770869196096 -111.102559243869 -10.9728
100.192722750997 113.8271642560947 -10.9728
-72.88237327946337 -30.72672830588078 -10.9728
731.6591101184147 104.5446924137541 -10.9728
821.0582774001241 100.7601573354204 -10.9728
61.225205791608 59.52530796870186 -10.9728
-90.10621138143478 22.99255769113432 -10.9728
874.8605085345769 -15.66949350664755 -10.9728
816.7509337837066 -63.51358936654778 -10.9728
264.3890765171491 216.4395776534467 -10.9728
592.1842491435767 -185.8117820139176 -10.9728
-85.03787891943136 99.28645153745296 -10.9728
15.57560689952896 -34.47719597654039 -10.9728
688.7268623019409 136.493031629089 -10.9728
-136.0844046971604 24.7831691717918 -10.9728
112.0404545020538 -164.0105453047875 -10.9728
763.6796710718174 -33.3479984682108 -10.9728
-18.76697870529978 107.9637037844571 -10.9728
553.7594386844426 -246.8921339929701 -10.9728
916.558360964816 48.2790076770331 -10.9728
-136.3839238371893 -102.0911410651535 -10.9728
211.1881089948322 -197.4502637819087 -10.9728
3.636573886060489 103.7426799353286 -10.9728
854.6805935802752 -21.93014786524236 -10.9728
-1.235679873372305 -34.19187528588717 -10.9728
-273.7737839004295 -41.96520243334927 -10.9728
-111.0359804940666 91.11357650702081 -10.9728
33.98575096948741 86.35994386162973 -10.9728
812.3274078887596 -144.0792885144144 -10.9728
832.2737209466962 -86.87264179692474 -10.9728
678.3576363859534 180.6520907441422 -10.9728
-193.6014015015429 1.171156147824334 -10.9728
890.2645075996027 -82.38470062953095 -10.9728
748.6988182783851 457.29792685084 -10.9728
155.184322523506 -164.9489481098376 -10.9728
291.054941812664 -139.3668801513822 -10.9728
166.8158868857983 145.6921440535043 -10.9728
17.84214014400294 -59.52537641215689 -10.9728
658.0582207034563 -151.6631200489205 -10.9728
440.4735505318474 -141.4498378627858 -10.9728
695.5968516247769 98.76876625479821 -10.9728
47.85541707884238 -104.3601371856034 -10.9728
134.9532070730565 107.5592419196233 -10.9728
-65.18728355483358 -49.81149279960353 -10.9728
445.3036945455389 151.4094088780493 -10.9728
790.1508873462492 -75.9427781163598 -10.9728
535.9386486801434 145.3920993942774 -10.9728
818.0536320670503 35.83277935472613 -10.9728
-12.26436116533358 -57.5531282220872 -10.9728
762.2990830877725 -56.69498028515834 -10.9728
86.15490567062739 58.04651798574977 -10.9728
773.9732657039598 97.52034933085545 -10.9728
858.7488364390417 -55.32653882994136 -10.9728
864.638042045257 44.48814440516467 -10.9728
851.0014238143633 3.992476008077236 -10.9728
-119.2129984570161 -153.5930646564239 -10.9728
512.4706023078629 -185.7423930236617 -10.9728
24.37688460700622 124.1095144539429 -10.9728
627.0188508305807 103.1403847985358 -10.9728
761.4011768944711 -156.7580734032761 -10.9728
858.4085487018907 90.87139268096954 -10.9728
-102.9857286852277 -42.6767628194272 -10.9728
-51.57108887706482 107.3397621478779 -10.9728
-80.50105917980153 -4.187524577518798 -10.9728
-112.9924205990272 57.85757949765411 -10.9728
-11.49976445852457 -152.2746804545905 -10.9728
-146.3622853718925 -9.387255161191691 -10.9728
798.1596386127496 -105.3218024462898 -10.9728
319.0121533233329 212.247450095137 -10.9728
62.94649292194958 87.47432672228861 -10.9728
64.95800168931191 120.4415876030318 -10.9728
262.6910900440506 160.5198942961377 -10.9728
610.5141014962917 -138.4701624064326 -10.9728
741.4235666020827 -58.94740977344782 -10.9728
490.6758886834714 109.9479315987495 -10.9728
173.1103778802165 105.3156942808378 -10.9728
113.839426803291 -121.1080371102065 -10.9728
335.9165301053625 -109.1976277100758 -10.9728
21.97781491552155 -85.91140753296943 -10.9728
716.0416303739987 -115.2475706089454 -10.9728
236.9761472394179 -159.8996061007671 -10.9728
43.05947024904538 -58.63378158374319 -10.9728
307.4495500947392 159.0323420120488 -10.9728
815.9953433130418 65.60564769684846 -10.9728
728.7052156643342 70.8626799997062 -10.9728
-80.09990293242049 -79.79631750197005 -10.9728
83.55480215668638 34.57454678725968 -10.9728
525.0701510365942 -134.1868899627928 -10.9728
494.021920432697 -141.2521282625221 -10.9728
835.1323774812753 41.30845563634082 -10.9728
387.1801205019312 -154.182201047268 -10.9728
-42.05267454513017 -74.26263740762244 -10.9728
758.7917766382175 -114.9945578574366 -10.9728
883.997704437518 14.18117889147385 -10.9728
93.34100059313641 83.33627994927807 -10.9728
759.8389902206143 -82.81037933614689 -10.9728
-110.20937479414 -10.2712432683369 -10.9728
-72.40509656163118 -130.4617194589229 -10.9728
651.3158091865124 119.0810780650575 -10.9728
401.9480127649665 148.0501699665057 -10.9728
27.19931257098472 -112.5558020363046 -10.9728
33.8798493825343 159.8961738042637 -10.9728
5.236463007463101 -117.6867127339913 -10.9728
213.1824289464096 155.787200311242 -10.9728
-112.174674718337 13.06855962071423 -10.9728
889.8007476386491 -33.14812802757756 -10.9728
152.8907892751742 -122.5993347295457 -10.9728
526.7622253136035 104.4470296517447 -10.9728
376.5023940500573 -111.0955329754814 -10.9728
297.6680029942796 -98.82092280971456 -10.9728
327.713004610367 113.5319338996263 -10.9728
221.6922706324817 102.5101812698998 -10.9728
666.9842147951267 -101.769214115639 -10.9728
450.6016055670304 102.7233510832182 -10.9728
431.7845793484808 -94.22833372838386 -10.9728
489.8734724107782 -103.3784197610797 -10.9728
406.8646975982906 105.6485575384155 -10.9728
604.7408690234397 115.4966058527947 -10.9728
785.4268428295211 62.08592970572105 -10.9728
662.8679516203536 87.7517372713573 -10.9728
167.6322853302688 69.32345310807658 -10.9728
126.3348921863335 70.39593391619727 -10.9728
714.4356001675437 -58.10258143690107 -10.9728
62.95391732724448 -33.85229684490334 -10.9728
105.1930683904015 53.90195282793436 -10.9728
222.2532110467261 -105.5084387746975 -10.9728
-3.740587265102761 -95.11940431174146 -10.9728
399.8760124155237 183.791213092589 -10.9728
46.92551843466714 -84.15161199322633 -10.9728
301.0867329062203 116.9906496528076 -10.9728
843.265925344542 60.15110244168314 -10.9728
-59.39679033571127 -180.1737439902914 -10.9728
264.4817367156675 116.1459713971285 -10.9728
70.24995968049393 -123.2592464025862 -10.9728
727.3193875958423 -83.30389327345456 -10.9728
618.6916473281916 -98.25349769661304 -10.9728
533.0533199729834 -99.76275866140345 -10.9728
268.5416640560627 82.91056592810126 -10.9728
591.2753879557943 84.94891502388261 -10.9728
74.52933244840546 -85.30502649858705 -10.9728
489.3832837610342 78.70030978533462 -10.9728
298.730920530258 84.13186726613475 -10.9728
152.9726904545261 -86.69958987150326 -10.9728
626.0751597024721 69.89713931177222 -10.9728
371.7400473390641 -78.09410770627829 -10.9728
207.3797532440879 59.11417559436047 -10.9728
304.8629714224636 -67.31296445787015 -10.9728
370.0797016201096 98.63071495276775 -10.9728
409.7442773711603 69.59503776940139 -10.9728
716.7573054543873 -34.03305630773163 -10.9728
131.634155933071 38.05488956422722 -10.9728
182.980470654751 37.46282684625648 -10.9728
729.1129883200738 39.38533465745773 -10.9728
68.77243139789482 -57.94043585478681 -10.9728
250.4404340263929 -120.4034128295282 -10.9728
587.0268014193523 161.4716028332307 -10.9728
695.8228417837327 -77.09660963902785 -10.9728
411.5668452511145 -104.3914437104391 -10.9728
78.68475921212831 -161.19525199124 -10.9728
751.8252228648178 72.0917505583194 -10.9728
650.1971981675089 54.35904778296328 -10.9728
258.9814661715546 -76.92784027655165 -10.9728
504.3193195815794 34.16428007665142 -10.9728
334.3672539892785 82.72973077412462 -10.9728
401.8351722957011 -75.68629249395215 -10.9728
154.5510168238626 -33.8640041272339 -10.9728
519.4126390942381 66.48733171314029 -10.9728
674.5114651200205 -61.81581302065738 -10.9728
624.3378309748391 35.9550838681592 -10.9728
438.9925221692109 67.14874365962244 -10.9728
245.4285937285862 34.10668309908959 -10.9728
338.1212092684037 -69.71613443850536 -10.9728
570.7365666523203 -121.3329561229543 -10.9728
518.7547212469834 -63.29574063189061 -10.9728
223.4465368442788 34.00898640958425 -10.9728
482.8263663078001 34.10590925046412 -10.9728
177.0539150955716 -34.01192971980645 -10.9728
762.5749747799232 31.42993889471018 -10.9728
113.0214387224546 -80.94455219459776 -10.9728
600.5584282364248 35.02907383632542 -10.9728
184.5773070073513 -84.68289072552498 -10.9728
94.16374809139546 -54.20111219553342 -10.9728
560.6883629971295 95.51529754785605 -10.9728
245.8242412852794 79.51722562801949 -10.9728
297.1502830181394 56.56354468492471 -10.9728
694.1897850236455 -50.80224251071164 -10.9728
698.4606591554681 66.84556326061441 -10.9728
671.9952644559711 35.95116324608995 -10.9728
757.7199415825371 53.37025757073324 -10.9728
429.4990988854751 -71.82545128781221 -10.9728
487.7793382337913 -70.00371017911976 -10.9728
354.1380137549746 57.08203126754554 -10.9728
582.8335050825691 -87.77740169251713 -10.9728
216.1909317337201 -72.9789128356862 -10.9728
109.742282946768 -31.73196487492577 -10.9728
670.6428316627491 -35.93449704938264 -10.9728
385.2574572126143 37.58182134720837 -10.9728
436.2598963737359 38.35168920618472 -10.9728
557.8794334888937 -78.3334493477212 -10.9728
600.6497432384249 53.5446268505149 -10.9728
179.0667617188177 -57.34691043188909 -10.9728
196.7033547076257 -126.7838180926067 -10.9728
549.554675332826 -156.8079962878537 -10.9728
501.9612300928977 51.34821870146526 -10.9728
485.6523926758076 55.6679077391375 -10.9728
573.3239945449018 131.5691339630074 -10.9728
553.9091574878757 64.25166143442198 -10.9728
322.2974731094921 53.5039756435481 -10.9728
243.7045904100151 59.00831241859092 -10.9728
295.2918647811298 32.94565876879796 -10.9728
154.231180348569 -58.31689120685534 -10.9728
113.0628960921455 -47.18627289457677 -10.9728
263.0031145027499 -34.17388354643826 -10.9728
326.2196643677245 -41.26969719873257 -10.9728
669.7829262193927 60.85086832507299 -10.9728
554.245010722409 -45.45208772466818 -10.9728
620.2413353575444 -65.13239304899881 -10.9728
379.4481236423482 65.73571620828164 -10.9728
223.1055140264377 -39.19819263868061 -10.9728
510.0097184234185 -36.07153564693007 -10.9728
457.4832903441104 -70.90769110384046 -10.9728
581.8214759350524 59.14705614413865 -10.9728
340.1618960653691 31.94105139904276 -10.9728
577.3589788578654 -28.75928375776385 -10.9728
552.2815709895302 36.57402040923893 -10.9728
197.0801190746009 -54.32638273012056 -10.9728
129.862137381246 -54.54879218560027 -10.9728
352.6984233523166 -51.9684745949398 -10.9728
186.7202512414148 -163.7158628202866 -10.9728
270.4855476816538 57.51707488906631 -10.9728
396.3178773424632 -50.57107723992089 -10.9728
282.1456130576369 -53.49699077444352 -10.9728
310.202875092539 -47.2342185387103 -10.9728
338.7646008358673 48.19947650448386 -10.9728
463.8577228832591 61.04098797420748 -10.9728
368.6359581343117 -31.94507710248311 -10.9728
621.182615414878 -36.89041317043225 -10.9728
457.3564383903661 -40.7500553799795 -10.9728
644.9573933182876 -67.53476983593499 -10.9728
453.3472379595299 -103.0381929358344 -10.9728
371.1844201643565 -53.00527672437394 -10.9728
408.5071434153095 -26.19630716976054 -10.9728
590.1936914053288 -58.60186399535842 -10.9728
286.6582661773192 -26.42974226952081 -10.9728
469.1935804136519 79.80488925295565 -10.9728
2 12 0 10
1351
1352
1353
1354
1355
1356
1357
1358
1359
1360
133.3499999999999 -846.1248000000001 -3.6576
133.3499999999999 -846.1248000000001 3.657599999999999
266.6999999999999 -846.1248000000001 -3.6576
266.6999999999999 -846.1248000000001 3.657599999999999
400.05 -846.1248000000001 -3.6576
400.05 -846.1248000000001 3.657599999999999
533.4 -846.1248000000001 -3.6576
533.4 -846.1248000000001 3.657599999999999
666.7499999999999 -846.1248000000001 -3.6576
666.7499999999999 -846.1248000000001 3.657599999999999
2 13 0 38
1361
1362
1363
1364
1365
1366
1367
1368
1369
1370
1371
1372
1373
1374
1375
1376
1377
1378
1379
1380
1381
1382
1383
1384
1385
1386
1387
1388
1389
1390
1391
1392
1393
1394
1395
1396
1397
1398
932.4630804452722 835.7075996483928 -3.6576
932.4630804452722 835.7075996483928 3.657599999999999
1061.566942562103 804.7125046389339 -3.6576
1061.566942562103 804.7125046389339 3.657599999999999
1184.232620794023 753.9027170775784 -3.6576
1184.232620794023 753.9027170775784 3.657599999999999
1297.439679038918 684.5293425621041 -3.6576
1297.439679038918 684.5293425621041 3.657599999999999
1398.40058381011 598.3005838101125 -3.6576
1398.40058381011 598.3005838101125 3.657599999999999
1484.629342562102 497.3396790389197 -3.6576
1484.629342562102 497.3396790389197 3.657599999999999
1554.002717077577 384.1326207940263 -3.6576
1554.002717077577 384.1326207940263 3.657599999999999
1604.812504638933 261.4669425621058 -3.6576
1604.812504638933 261.4669425621058 3.657599999999999
1635.807599648393 132.3630804452748 -3.6576
1635.807599648393 132.3630804452748 3.657599999999999
1646.2248 2.461770168799093e-12 -3.6576
1646.2248 2.461770168799093e-12 3.657599999999999
1635.807599648394 -132.3630804452692 -3.6576
1635.807599648394 -132.3630804452692 3.657599999999999
1604.812504638935 -261.4669425621004 -3.6576
1604.812504638935 -261.4669425621004 3.657599999999999
1554.00271707758 -384.1326207940206 -3.6576
1554.00271707758 -384.1326207940206 3.657599999999999
1484.629342562106 -497.3396790389152 -3.6576
1484.629342562106 -497.3396790389152 3.657599999999999
1398.400583810114 -598.3005838101085 -3.6576
1398.400583810114 -598.3005838101085 3.657599999999999
1297.439679038922 -684.5293425621007 -3.6576
1297.439679038922 -684.5293425621007 3.657599999999999
1184.232620794027 -753.9027170775765 -3.6576
1184.232620794027 -753.9027170775765 3.657599999999999
1061.566942562106 -804.7125046389328 -3.6576
1061.566942562106 -804.7125046389328 3.657599999999999
932.463080445274 -835.7075996483926 -3.6576
932.463080445274 -835.7075996483926 3.657599999999999
2 14 0 10
1399
1400
1401
1402
1403
1404
1405
1406
1407
1408
666.7500000000001 846.1248000000001 -3.6576
666.7500000000001 846.1248000000001 3.657599999999999
533.4000000000001 846.1248000000001 -3.6576
533.4000000000001 846.1248000000001 3.657599999999999
400.0500000000001 846.1248000000001 -3.6576
400.0500000000001 846.1248000000001 3.657599999999999
266.7 846.1248000000001 -3.6576
266.7 846.1248000000001 3.657599999999999
133.3500000000001 846.1248000000001 -3.6576
133.3500000000001 846.1248000000001 3.657599999999999
2 15 0 38
1409
1410
1411
1412
1413
1414
1415
1416
1417
1418
1419
1420
1421
1422
1423
1424
1425
1426
1427
1428
1429
1430
1431
1432
1433
1434
1435
1436
1437
1438
1439
1440
1441
1442
1443
1444
1445
1446
-132.3630804452721 -835.7075996483928 -3.6576
-132.3630804452721 -835.7075996483928 3.657599999999999
-261.4669425621032 -804.7125046389338 -3.6576
-261.4669425621032 -804.7125046389338 3.657599999999999
-384.1326207940234 -753.9027170775784 -3.6576
-384.1326207940234 -753.9027170775784 3.657599999999999
-497.3396790389177 -684.529342562104 -3.6576
-497.3396790389177 -684.529342562104 3.657599999999999
-598.3005838101104 -598.3005838101122 -3.6576
-598.3005838101104 -598.3005838101122 3.657599999999999
-684.5293425621028 -497.3396790389194 -3.6576
-684.5293425621028 -497.3396790389194 3.657599999999999
-753.9027170775772 -384.1326207940255 -3.6576
-753.9027170775772 -384.1326207940255 3.657599999999999
-804.712504638933 -261.4669425621054 -3.6576
-804.712504638933 -261.4669425621054 3.657599999999999
-835.7075996483925 -132.3630804452743 -3.6576
-835.7075996483925 -132.3630804452743 3.657599999999999
-846.1248000000001 -2.358149765999173e-12 -3.6576
-846.1248000000001 -2.358149765999173e-12 3.657599999999999
-835.7075996483933 132.3630804452696 -3.6576
-835.7075996483933 132.3630804452696 3.657599999999999
-804.7125046389345 261.4669425621005 -3.6576
-804.7125046389345 261.4669425621005 3.657599999999999
-753.9027170775796 384.132620794021 -3.6576
-753.9027170775796 384.132620794021 3.657599999999999
-684.5293425621059 497.3396790389152 -3.6576
-684.5293425621059 497.3396790389152 3.657599999999999
-598.3005838101144 598.3005838101083 -3.6576
-598.3005838101144 598.3005838101083 3.657599999999999
-497.3396790389222 684.5293425621009 -3.6576
-497.3396790389222 684.5293425621009 3.657599999999999
-384.1326207940269 753.9027170775765 -3.6576
-384.1326207940269 753.9027170775765 3.657599999999999
-261.4669425621051 804.7125046389331 -3.6576
-261.4669425621051 804.7125046389331 3.657599999999999
-132.363080445274 835.7075996483926 -3.6576
-132.363080445274 835.7075996483926 3.657599999999999
2 16 0 68
1447
1448
1449
1450
1451
1452
1453
1454
1455
1456
1457
1458
1459
1460
1461
1462
1463
1464
1465
1466
1467
1468
1469
1470
1471
1472
1473
1474
1475
1476
1477
1478
1479
1480
1481
1482
1483
1484
1485
1486
1487
1488
1489
1490
1491
1492
1493
1494
1495
1496
1497
1498
1499
1500
1501
1502
1503
1504
1505
1506
1507
1508
1509
1510
1511
1512
1513
1514
12.51421714285717 -10.9728 -3.6576
12.51421714285717 -10.9728 3.657599999999999
36.00123428571434 -10.9728 -3.6576
36.00123428571434 -10.9728 3.657599999999999
59.48825142857149 -10.9728 -3.6576
59.48825142857149 -10.9728 3.657599999999999
82.97526857142867 -10.9728 -3.6576
82.97526857142867 -10.9728 3.657599999999999
106.4622857142858 -10.9728 -3.6576
106.4622857142858 -10.9728 3.657599999999999
129.949302857143 -10.9728 -3.6576
129.949302857143 -10.9728 3.657599999999999
153.4363200000002 -10.9728 -3.6576
153.4363200000002 -10.9728 3.657599999999999
176.9233371428574 -10.9728 -3.6576
176.9233371428574 -10.9728 3.657599999999999
200.4103542857146 -10.9728 -3.6576
200.4103542857146 -10.9728 3.657599999999999
223.8973714285717 -10.9728 -3.6576
223.8973714285717 -10.9728 3.657599999999999
247.3843885714289 -10.9728 -3.6576
247.3843885714289 -10.9728 3.657599999999999
270.871405714286 -10.9728 -3.6576
270.871405714286 -10.9728 3.657599999999999
294.3584228571431 -10.9728 -3.6576
294.3584228571431 -10.9728 3.657599999999999
317.8454400000002 -10.9728 -3.6576
317.8454400000002 -10.9728 3.657599999999999
341.3324571428574 -10.9728 -3.6576
341.3324571428574 -10.9728 3.657599999999999
364.8194742857145 -10.9728 -3.6576
364.8194742857145 -10.9728 3.657599999999999
388.3064914285716 -10.9728 -3.6576
388.3064914285716 -10.9728 3.657599999999999
411.7935085714287 -10.9728 -3.6576
411.7935085714287 -10.9728 3.657599999999999
435.2805257142859 -10.9728 -3.6576
435.2805257142859 -10.9728 3.657599999999999
458.7675428571431 -10.9728 -3.6576
458.7675428571431 -10.9728 3.657599999999999
482.2545600000003 -10.9728 -3.6576
482.2545600000003 -10.9728 3.657599999999999
505.7415771428574 -10.9728 -3.6576
505.7415771428574 -10.9728 3.657599999999999
529.2285942857145 -10.9728 -3.6576
529.2285942857145 -10.9728 3.657599999999999
552.7156114285716 -10.9728 -3.6576
552.7156114285716 -10.9728 3.657599999999999
576.2026285714288 -10.9728 -3.6576
576.2026285714288 -10.9728 3.657599999999999
599.6896457142859 -10.9728 -3.6576
599.6896457142859 -10.9728 3.657599999999999
623.176662857143 -10.9728 -3.6576
623.176662857143 -10.9728 3.657599999999999
646.6636800000001 -10.9728 -3.6576
646.6636800000001 -10.9728 3.657599999999999
670.1506971428572 -10.9728 -3.6576
670.1506971428572 -10.9728 3.657599999999999
693.6377142857143 -10.9728 -3.6576
693.6377142857143 -10.9728 3.657599999999999
717.1247314285714 -10.9728 -3.6576
717.1247314285714 -10.9728 3.657599999999999
740.6117485714285 -10.9728 -3.6576
740.6117485714285 -10.9728 3.657599999999999
764.0987657142856 -10.9728 -3.6576
764.0987657142856 -10.9728 3.657599999999999
787.5857828571427 -10.9728 -3.6576
787.5857828571427 -10.9728 3.657599999999999
2 17 0 4
1515
1516
1517
1518
811.0728 -3.6576 -3.6576
811.0728 -3.6576 3.657599999999999
811.0728 3.6576 -3.6576
811.0728 3.6576 3.657599999999999
2 18 0 68
1519
1520
1521
1522
1523
1524
1525
1526
1527
1528
1529
1530
1531
1532
1533
1534
1535
1536
1537
1538
1539
1540
1541
1542
1543
1544
1545
1546
1547
1548
1549
1550
1551
1552
1553
1554
1555
1556
1557
1558
1559
1560
1561
1562
1563
1564
1565
1566
1567
1568
1569
1570
1571
1572
1573
1574
1575
1576
1577
1578
1579
1580
1581
1582
1583
1584
1585
1586
787.5857828571428 10.9728 -3.6576
787.5857828571428 10.9728 3.657599999999999
764.0987657142857 10.9728 -3.6576
764.0987657142857 10.9728 3.657599999999999
740.6117485714285 10.9728 -3.6576
740.6117485714285 10.9728 3.657599999999999
717.1247314285714 10.9728 -3.6576
717.1247314285714 10.9728 3.657599999999999
693.6377142857142 10.9728 -3.6576
693.6377142857142 10.9728 3.657599999999999
670.1506971428571 10.9728 -3.6576
670.1506971428571 10.9728 3.657599999999999
646.6636799999999 10.9728 -3.6576
646.6636799999999 10.9728 3.657599999999999
623.1766628571427 10.9728 -3.6576
623.1766628571427 10.9728 3.657599999999999
599.6896457142855 10.9728 -3.6576
599.6896457142855 10.9728 3.657599999999999
576.2026285714282 10.9728 -3.6576
576.2026285714282 10.9728 3.657599999999999
552.7156114285712 10.9728 -3.6576
552.7156114285712 10.9728 3.657599999999999
529.2285942857141 10.9728 -3.6576
529.2285942857141 10.9728 3.657599999999999
505.7415771428569 10.9728 -3.6576
505.7415771428569 10.9728 3.657599999999999
482.2545599999998 10.9728 -3.6576
482.2545599999998 10.9728 3.657599999999999
458.7675428571426 10.9728 -3.6576
458.7675428571426 10.9728 3.657599999999999
435.2805257142855 10.9728 -3.6576
435.2805257142855 10.9728 3.657599999999999
411.7935085714284 10.9728 -3.6576
411.7935085714284 10.9728 3.657599999999999
388.3064914285713 10.9728 -3.6576
388.3064914285713 10.9728 3.657599999999999
364.8194742857141 10.9728 -3.6576
364.8194742857141 10.9728 3.657599999999999
341.3324571428569 10.9728 -3.6576
341.3324571428569 10.9728 3.657599999999999
317.8454399999997 10.9728 -3.6576
317.8454399999997 10.9728 3.657599999999999
294.3584228571426 10.9728 -3.6576
294.3584228571426 10.9728 3.657599999999999
270.8714057142855 10.9728 -3.6576
270.8714057142855 10.9728 3.657599999999999
247.3843885714284 10.9728 -3.6576
247.3843885714284 10.9728 3.657599999999999
223.8973714285712 10.9728 -3.6576
223.8973714285712 10.9728 3.657599999999999
200.4103542857141 10.9728 -3.6576
200.4103542857141 10.9728 3.657599999999999
176.923337142857 10.9728 -3.6576
176.923337142857 10.9728 3.657599999999999
153.4363199999999 10.9728 -3.6576
153.4363199999999 10.9728 3.657599999999999
129.9493028571428 10.9728 -3.6576
129.9493028571428 10.9728 3.657599999999999
106.4622857142857 10.9728 -3.6576
106.4622857142857 10.9728 3.657599999999999
82.97526857142861 10.9728 -3.6576
82.97526857142861 10.9728 3.657599999999999
59.48825142857152 10.9728 -3.6576
59.48825142857152 10.9728 3.657599999999999
36.00123428571442 10.9728 -3.6576
36.00123428571442 10.9728 3.657599999999999
12.51421714285732 10.9728 -3.6576
12.51421714285732 10.9728 3.657599999999999
2 19 0 4
1587
1588
1589
1590
-10.9728 3.6576 -3.6576
-10.9728 3.6576 3.657599999999999
-10.9728 -3.6576 -3.6576
-10.9728 -3.6576 3.657599999999999
2 20 0 598
1591
1592
1593
1594
1595
1596
1597
1598
1599
1600
1601
1602
1603
1604
1605
1606
1607
1608
1609
1610
1611
1612
1613
1614
1615
1616
1617
1618
1619
1620
1621
1622
1623
1624
1625
1626
1627
1628
1629
1630
1631
1632
1633
1634
1635
1636
1637
1638
1639
1640
1641
1642
1643
1644
1645
1646
1647
1648
1649
1650
1651
1652
1653
1654
1655
1656
1657
1658
1659
1660
1661
1662
1663
1664
1665
1666
1667
1668
1669
1670
1671
1672
1673
1674
1675
1676
1677
1678
1679
1680
1681
1682
1683
1684
1685
1686
1687
1688
1689
1690
1691
1692
1693
1694
1695
1696
1697
1698
1699
1700
1701
1702
1703
1704
1705
1706
1707
1708
1709
1710
1711
1712
1713
1714
1715
1716
1717
1718
1719
1720
1721
1722
1723
1724
1725
1726
1727
1728
1729
1730
1731
1732
1733
1734
1735
1736
1737
1738
1739
1740
1741
1742
1743
1744
1745
1746
1747
1748
1749
1750
1751
1752
1753
1754
1755
1756
1757
1758
1759
1760
1761
1762
1763
1764
1765
1766
1767
1768
1769
1770
1771
1772
1773
1774
1775
1776
1777
1778
1779
1780
1781
1782
1783
1784
1785
1786
1787
1788
1789
1790
1791
1792
1793
1794
1795
1796
1797
1798
1799
1800
1801
1802
1803
1804
1805
1806
1807
1808
1809
1810
1811
1812
1813
1814
1815
1816
1817
1818
1819
1820
1821
1822
1823
1824
1825
1826
1827
1828
1829
1830
1831
1832
1833
1834
1835
1836
1837
1838
1839
1840
1841
1842
1843
1844
1845
1846
1847
1848
1849
1850
1851
1852
1853
1854
1855
1856
1857
1858
1859
1860
1861
1862
1863
1864
1865
1866
1867
1868
1869
1870
1871
1872
1873
1874
1875
1876
1877
1878
1879
1880
1881
1882
1883
1884
1885
1886
1887
1888
1889
1890
1891
1892
1893
1894
1895
1896
1897
1898
1899
1900
1901
1902
1903
1904
1905
1906
1907
1908
1909
1910
1911
1912
1913
1914
1915
1916
1917
1918
1919
1920
1921
1922
1923
1924
1925
1926
1927
1928
1929
1930
1931
1932
1933
1934
1935
1936
1937
1938
1939
1940
1941
1942
1943
1944
1945
1946
1947
1948
1949
1950
1951
1952
1953
1954
1955
1956
1957
1958
1959
1960
1961
1962
1963
1964
1965
1966
1967
1968
1969
1970
1971
1972
1973
1974
1975
1976
1977
1978
1979
1980
1981
1982
1983
1984
1985
1986
1987
1988
1989
1990
1991
1992
1993
1994
1995
1996
1997
1998
1999
2000
2001
2002
2003
2004
2005
2006
2007
2008
2009
2010
2011
2012
2013
2014
2015
2016
2017
2018
2019
2020
2021
2022
2023
2024
2025
2026
2027
2028
2029
2030
2031
2032
2033
2034
2035
2036
2037
2038
2039
2040
2041
2042
2043
2044
2045
2046
2047
2048
2049
2050
2051
2052
2053
2054
2055
2056
2057
2058
2059
2060
2061
2062
2063
2064
2065
2066
2067
2068
2069
2070
2071
2072
2073
2074
2075
2076
2077
2078
2079
2080
2081
2082
2083
2084
2085
2086
2087
2088
2089
2090
2091
2092
2093
2094
2095
2096
2097
2098
2099
2100
2101
2102
2103
2104
2105
2106
2107
2108
2109
2110
2111
2112
2113
2114
2115
2116
2117
2118
2119
2120
2121
2122
2123
2124
2125
2126
2127
2128
2129
2130
2131
2132
2133
2134
2135
2136
2137
2138
2139
2140
2141
2142
2143
2144
2145
2146
2147
2148
2149
2150
2151
2152
2153
2154
2155
2156
2157
2158
2159
2160
2161
2162
2163
2164
2165
2166
2167
2168
2169
2170
2171
2172
2173
2174
2175
2176
2177
2178
2179
2180
2181
2182
2183
2184
2185
2186
2187
2188
788.0598714716234 35.3743632806107 10.9728
38.81544779989434 -34.3265871439724 10.9728
59.89194691425115 34.57963640154754 10.9728
740.4313098505196 -34.32465066411433 10.9728
484.2457714164659 -40.07219431545133 10.9728
318.6891867067529 31.77143950021966 10.9728
247.7151494897325 -39.17996708898657 10.9728
576.8995596447805 34.9474353406552 10.9728
1504.85691254353 8.713983557721754 10.9728
825.8278982411921 14.77553861947612 10.9728
-701.6218381056727 -7.125462907234156 10.9728
-28.47694512129925 -12.86554211502087 10.9728
-233.7216870732506 664.9115704337891 10.9728
1321.228847864402 -500.4932456438711 10.9728
-537.7384772692093 546.086227127083 10.9728
-346.223431593727 -672.4885488520385 10.9728
1301.111547876522 516.9634289415708 10.9728
663.20632053577 713.5720936630838 10.9728
668.9347090906836 -714.2547760888999 10.9728
596.1180668217057 -33.38797754339664 10.9728
-3.36308410307845 -704.7032641832745 10.9728
396.8209884738619 -709.4046833306086 10.9728
138.7630820943677 705.214691505601 10.9728
202.486255493436 27.44818180950065 10.9728
460.3116983493935 36.22294493439546 10.9728
346.6535723176152 -35.00153156869889 10.9728
697.673962882071 38.00267989247035 10.9728
132.092906134216 -32.83674267167135 10.9728
786.1099868174772 -31.58204120138694 10.9728
13.18467342279172 31.89347334945982 10.9728
-653.1496135834101 -305.0718691241518 10.9728
648.3807965767554 35.29110159143566 10.9728
527.140221226555 36.03100869893846 10.9728
528.5856921884346 -30.54240556848772 10.9728
270.7033226078849 33.38876260504937 10.9728
391.1610256759831 -29.98008511253051 10.9728
410.9275670587763 39.19499735853056 10.9728
646.1978352206005 -37.85719454886778 10.9728
160.1076354866142 38.65051948442755 10.9728
925.5115662878917 -694.3922485135218 10.9728
907.2644193338019 708.9061298494109 10.9728
1477.670095799021 -231.4217684226602 10.9728
1474.270473820324 274.5928680434585 10.9728
-660.8593521179924 232.0755584554892 10.9728
1139.029267189023 618.6221405711703 10.9728
86.30618113725501 -32.5811717425116 10.9728
199.2389043792038 -35.63872446056977 10.9728
744.585740950864 26.63588526645698 10.9728
425.3154960102469 -40.09676834541451 10.9728
361.7272699914076 34.47944788933953 10.9728
297.5969823201293 -36.1052136949087 10.9728
693.7208426830064 -34.20386514168103 10.9728
106.5500753847504 35.67065816095179 10.9728
401.8840860096137 713.3312302872073 10.9728
1167.15018616333 -598.1945747026514 10.9728
258.6161250851088 -706.861817298874 10.9728
-496.803072725582 -496.7670113908273 10.9728
-566.8421889845309 466.0716269210738 10.9728
-255.8734241118485 -675.9885778764288 10.9728
1018.556032443799 679.3301008798878 10.9728
1044.857540691169 -658.2176212229314 10.9728
-116.385947972812 691.7711442303186 10.9728
-348.1079599527609 624.1243856670814 10.9728
-716.4710467356068 -233.5043074461574 10.9728
1422.92542942104 -344.7601129639133 10.9728
1497.827014200105 136.9868526166718 10.9728
1404.855307478849 366.8502420954944 10.9728
1501.184651551326 -116.5540615759652 10.9728
-454.4234187916898 329.8026290586345 10.9728
1235.087065748655 -375.4897860945649 10.9728
1376.824571133796 8.66651498349156 10.9728
-128.5101427190707 -554.619519844721 10.9728
-509.7281184338652 -325.8915388683029 10.9728
1183.076383874913 421.8257875239768 10.9728
-329.7769715956629 501.7691447727864 10.9728
235.6467702672667 -548.414704554687 10.9728
910.3292932165341 -565.6943589044862 10.9728
962.8220032965477 581.5233570051294 10.9728
1375.962033985887 233.8828670108745 10.9728
1394.514931812242 -207.2230569355154 10.9728
798.3603724880763 -709.6584695962089 10.9728
789.9865837937824 714.6599595067094 10.9728
532.6808946541948 714.2872289456768 10.9728
533.9949671668526 -712.6309490098243 10.9728
270.9693624773262 709.1599243693122 10.9728
124.7597112302811 -707.5319114193954 10.9728
8.450550893738978 702.2592503321692 10.9728
-704.0448787234096 -138.4493447803115 10.9728
-611.2940076188111 352.5389764447735 10.9728
-581.9331574563671 -399.5386631014791 10.9728
-132.1046394104771 -690.5696505665596 10.9728
-458.7000991004943 579.8117075812698 10.9728
1329.951772928033 -274.3548140311271 10.9728
1373.796969160983 138.4919586670564 10.9728
1070.249288609583 512.7730863763063 10.9728
1018.981641965293 -528.2265539442186 10.9728
-217.7306423220872 537.9194081680946 10.9728
-407.0200866686645 -595.3446353238079 10.9728
-694.8049850427216 115.9501212369069 10.9728
657.7512303353527 585.6913385020353 10.9728
670.3720422169129 -584.0498727505378 10.9728
280.6015579228353 576.7666674201071 10.9728
1256.137067520986 -152.2724905608695 10.9728
1235.343143840923 147.849265738039 10.9728
985.6314424468989 -415.1067899495769 10.9728
980.2645793186398 427.9485688717554 10.9728
-99.37745667132617 448.5436565175494 10.9728
-7.293860828259255 -574.3793226699756 10.9728
391.8502126832352 -569.0753453226297 10.9728
-553.7241707378417 5.937522083079165 10.9728
-531.6363912629909 189.0738264234356 10.9728
-539.3393795645977 -183.03800777768 10.9728
891.5631069989895 625.7210043663933 10.9728
793.5756838557514 -581.5902021859594 10.9728
108.0850870991506 -577.636350120623 10.9728
-450.6572453478639 470.9390328069346 10.9728
532.651966673794 585.8868575329006 10.9728
-106.2320369049572 562.1974488977264 10.9728
9.892190320752661 567.977955591358 10.9728
-280.6263168477366 -518.8856658588293 10.9728
-399.2395126120781 -373.7558886616134 10.9728
1127.641263194963 -465.1449041563966 10.9728
1385.046048490364 -118.6206450832984 10.9728
1274.948871737054 295.1526814929957 10.9728
1166.412092016515 -272.0646049833704 10.9728
1258.00987456161 2.639045721375968 10.9728
1101.106741731649 347.1238579227648 10.9728
2.734139064993485 451.8777192073527 10.9728
-441.0715897669033 -26.25822765528753 10.9728
-108.2634298045485 -435.9552817678009 10.9728
647.9857858047139 469.1599100097142 10.9728
259.1688584113768 -429.1968384761583 10.9728
1102.402948839816 -186.0967064536561 10.9728
1133.503126256725 94.65417744190229 10.9728
963.2042066319574 315.4535683958335 10.9728
-382.6927998080882 241.9025780936854 10.9728
-373.1939195529818 -215.5511777595248 10.9728
787.787667837862 -464.6121573267735 10.9728
-298.583315543064 -337.7703298327373 10.9728
90.65402739567821 -468.4622357731267 10.9728
1166.287955058709 285.8279346958546 10.9728
534.5816958466847 -577.1957313376749 10.9728
1077.4610174929 -355.9991886260171 10.9728
406.0704427321927 582.4332619818724 10.9728
147.6506759868672 545.4004369358624 10.9728
-202.4214909190937 426.0509668847023 10.9728
888.5796049092952 -448.5869028818485 10.9728
-599.3157111998711 104.8722294766057 10.9728
830.0859368107724 431.7906554345179 10.9728
893.0050118190702 503.4519289793187 10.9728
287.1325992936324 460.669406499166 10.9728
-3.652683079609972 357.0095890321364 10.9728
803.5839807916175 348.7395034676411 10.9728
-296.7371053108066 -167.0935553428223 10.9728
537.6957822453112 467.6566897220252 10.9728
1144.102380612767 -98.71517722865917 10.9728
96.81239586441473 428.9296305016452 10.9728
-391.6174378389757 140.1151453564825 10.9728
542.8236548612676 -433.3058996275162 10.9728
677.1397327539205 -462.8726811665452 10.9728
380.0486623242152 -427.568018565679 10.9728
-91.09964596634182 352.5556880942437 10.9728
-215.6350888514376 -375.3640982925361 10.9728
-313.423359094108 389.9287268343965 10.9728
-5.618003729302586 -459.769169433986 10.9728
950.0940455677024 -321.0074665704958 10.9728
1049.975506715613 275.5200470962808 10.9728
1024.404634208141 -273.8646886200894 10.9728
880.3242602075118 335.8662840088032 10.9728
1082.410980655631 162.6419883366947 10.9728
-441.9471107108324 -96.3163881062317 10.9728
1154.115897732947 0.9599013585466427 10.9728
797.4344300280762 578.3349475936496 10.9728
892.0728839432981 396.4265117293887 10.9728
1133.198910799857 223.8731198838234 10.9728
160.1960472229821 -466.8225097216702 10.9728
-317.4520273790474 181.7232202922366 10.9728
417.6067538679443 -345.5416981728836 10.9728
171.0836096723744 -399.148150695934 10.9728
548.3952740220191 366.9122821078569 10.9728
608.4379824223413 -341.9360814299785 10.9728
1053.002145837153 -116.5967049745228 10.9728
4.882527280961597 -360.7260625777668 10.9728
-3.706543861119599 277.1500745772712 10.9728
863.8790509814382 262.3202232447561 10.9728
867.7245289837994 -348.7792954225012 10.9728
1059.109698692342 75.12226089588745 10.9728
-138.3691766766359 -320.7510731824145 10.9728
127.9313366206169 328.6702719212362 10.9728
980.9308804493377 -228.3214229182972 10.9728
410.5039608582441 442.4615933101705 10.9728
-183.2344040340745 332.7089206498719 10.9728
-3.176066375686901 29.73355358408267 10.9728
-351.3214791029203 -28.27612426437254 10.9728
1012.567739457625 208.0672709522447 10.9728
991.5439216476121 -176.507478621355 10.9728
74.66763634406203 345.8892790647218 10.9728
937.753298928192 240.9215736066675 10.9728
781.3487546940185 -362.9540824926177 10.9728
-239.9780304879437 222.9930975524373 10.9728
354.2941081058464 -321.1392033980162 10.9728
-370.7478476610107 -108.9975794764841 10.9728
-15.29621494635597 46.99649913775997 10.9728
358.3533617937833 346.4136676054562 10.9728
791.5627139912231 270.9572738408294 10.9728
774.8880025016325 -278.5845219346313 10.9728
345.7886480014355 -267.5164388381446 10.9728
847.4984474091996 198.7810658159826 10.9728
-79.91778832257256 272.2057631808865 10.9728
638.612739051596 368.2718372793494 10.9728
1070.898967984614 3.081750054984196 10.9728
909.8898150892653 179.5140429683345 10.9728
-337.8120316255644 60.90517737750655 10.9728
256.2839078072153 -359.8484013783336 10.9728
464.1036734999776 348.4039242137761 10.9728
-26.79337794180822 23.10042050371866 10.9728
-287.7679755439431 -112.4618275195794 10.9728
1042.400754409886 125.9526346416844 10.9728
-77.77789502151154 -340.3112787461913 10.9728
-210.2924468456042 -214.9430851695121 10.9728
67.116877443161 274.1629332093516 10.9728
89.65715623448551 -376.7933769329948 10.9728
409.9054619163896 322.3497850023413 10.9728
-280.891082630136 297.0559382020372 10.9728
-194.9961529379988 151.0875521073346 10.9728
691.2583340442652 -361.8562107205801 10.9728
998.0744592129629 -112.986325955685 10.9728
922.6459404964991 -245.4545645693272 10.9728
801.9677555508692 -29.89234993518497 10.9728
411.772337889621 -271.1180479808432 10.9728
132.8962112501494 273.8500197332949 10.9728
334.477378947005 275.0713796668609 10.9728
98.27753239516704 -291.515859349223 10.9728
-37.62189648991239 52.52754767588065 10.9728
556.1334713990625 282.5825657812176 10.9728
1005.767249489001 1.906416709643328 10.9728
785.8434018557336 204.807382819189 10.9728
905.6644447349953 -166.7776184096584 10.9728
881.2933043868834 130.4881940415566 10.9728
-68.09696492772537 204.1555330557812 10.9728
11.41130398803665 55.04305370707127 10.9728
-51.02212303776525 -246.4357562128525 10.9728
-29.93768879657415 4.259394609799865 10.9728
190.7818144480535 -306.2221419532672 10.9728
1004.137806164413 -54.57311303806714 10.9728
-130.6964565169686 188.8984830638319 10.9728
989.2778654631195 68.65140285533001 10.9728
67.34716474448101 209.9245763746717 10.9728
278.9652996590875 364.1695481440995 10.9728
482.7203060859023 273.9301990703997 10.9728
702.2847339652726 -280.3589484856483 10.9728
667.9946129362497 217.9319024317843 10.9728
848.9338525975737 -265.6994979936104 10.9728
935.4080362857229 -101.1341969190063 10.9728
-253.0059157968584 -193.2267786627473 10.9728
308.4304065475775 -342.3328434861797 10.9728
-268.672278052069 119.4755106711968 10.9728
-421.063872975437 42.17792927917445 10.9728
977.0592159053112 138.2280577033162 10.9728
-158.6430574239812 253.6631676780491 10.9728
-49.20840033292126 -21.09615874895686 10.9728
632.2498997462485 -269.4833386526915 10.9728
830.7496058098395 -196.8524896878128 10.9728
807.9183376598429 -43.89242409290689 10.9728
490.4950113667699 207.6575910110618 10.9728
340.1485360897478 -205.1904125152568 10.9728
106.3430149625929 -219.0271646421801 10.9728
136.4881429879732 197.8804594121241 10.9728
-192.9615453311496 99.11158629909048 10.9728
-17.24765258385685 78.14806616761305 10.9728
965.5512702747918 -3.000494905077443 10.9728
-207.4957523843198 -126.1533355497526 10.9728
493.8283579358512 -343.0655937549205 10.9728
-55.25673371038567 33.61482640880414 10.9728
268.8227816853056 283.1612740017248 10.9728
939.9314083625449 75.97898591181541 10.9728
-58.76024063924632 149.1037526905401 10.9728
2.80749859254405 198.5347610657351 10.9728
267.8870711852277 -257.596813732512 10.9728
24.28856562356668 -276.9430343179352 10.9728
36.21670990331086 33.7696962607119 10.9728
404.1908245275604 257.5261908260309 10.9728
944.4337441176511 -42.80734763421509 10.9728
827.5279272813506 -27.72547970796077 10.9728
-283.9819233955748 -264.9145426767807 10.9728
920.500411181363 102.7911391230972 10.9728
199.3558851207635 281.2855178738383 10.9728
708.0737242157286 264.9486150595271 10.9728
706.1844366790018 -213.2132368496529 10.9728
781.2449129558324 149.9187837320867 10.9728
630.158719733446 283.8271431165994 10.9728
-137.6014600304602 113.7272952571044 10.9728
182.341022291018 375.0097349826682 10.9728
1067.419977624988 -68.68902487484617 10.9728
-428.1177770328943 194.1813400416874 10.9728
-221.5750491953522 72.61510457602455 10.9728
-135.0644567443461 -246.5520092602207 10.9728
-467.1138904251125 91.19009165540078 10.9728
283.6485454535112 -188.3435998368702 10.9728
399.8875518214315 -208.3567820876883 10.9728
559.6561273336022 201.3017232248366 10.9728
205.627892669463 212.3838209128969 10.9728
646.7089044077786 -205.6452715462678 10.9728
364.4718897791519 201.0759304282846 10.9728
-8.063411091500711 -199.5665082575719 10.9728
8.057803715205921 81.55889741901341 10.9728
-175.9165495606877 43.73004114055225 10.9728
914.6589268939684 -8.184924727164534 10.9728
-24.59012912126587 -32.01730649402182 10.9728
786.6143649429912 -52.44651256993647 10.9728
478.1003456500482 -266.0776557102239 10.9728
-72.47775865401735 65.9822212130963 10.9728
165.461257851111 -219.0025123340196 10.9728
833.6874196358992 -50.35911642060353 10.9728
109.2434927444086 149.0288819477276 10.9728
-14.9538726106581 144.6321794378385 10.9728
-202.8331973258738 -52.16916076894944 10.9728
829.0731015342807 -2.532469392006108 10.9728
434.6648383682643 199.4275883093823 10.9728
-101.19150124023 -190.4572296446396 10.9728
36.05287453777521 58.32319722006317 10.9728
553.0912955438182 -315.4863878966643 10.9728
-53.3821411862645 2.202600317163241 10.9728
732.5660422869796 147.0866228837981 10.9728
728.1702401996642 197.7014188452124 10.9728
624.8748307382556 217.2455443943431 10.9728
767.3810573214369 -210.7815313894005 10.9728
-252.7825767165165 23.22252336028779 10.9728
-212.6792118659655 -271.4121238902179 10.9728
-43.86626205045837 74.42119388701535 10.9728
209.7505331493907 459.0155135389967 10.9728
-169.6709962165202 -185.6939976356697 10.9728
888.5417481558991 71.84153966437856 10.9728
724.3958541066129 360.9021821806834 10.9728
67.47143313093926 159.1358256369606 10.9728
945.0044759499402 22.04854505500888 10.9728
832.3886684312835 144.9359471848735 10.9728
905.6878074668134 -53.58402019637533 10.9728
-158.1334161480301 80.32894115570014 10.9728
-103.6982280796595 137.9162841902425 10.9728
857.8869169433825 -118.4419696165862 10.9728
45.25486604717781 -198.0542740836024 10.9728
-45.75575389374472 -44.54861851656384 10.9728
459.1361385759882 -202.2624754109869 10.9728
491.6378319860922 152.8641996374253 10.9728
709.3036280772619 -158.3857899723202 10.9728
33.26753865721309 -144.987135802083 10.9728
352.9478560480619 143.0521484428702 10.9728
626.9054011932517 157.741205868622 10.9728
337.2467040887152 -152.419021297786 10.9728
137.4776902030873 134.0875833807304 10.9728
843.6607071953081 26.47051221295567 10.9728
-145.6538204992313 -51.99371290158368 10.9728
-33.0770869196096 -111.102559243869 10.9728
100.192722750997 113.8271642560947 10.9728
-72.88237327946337 -30.72672830588078 10.9728
731.6591101184147 104.5446924137541 10.9728
821.0582774001241 100.7601573354204 10.9728
61.225205791608 59.52530796870186 10.9728
-90.10621138143478 22.99255769113432 10.9728
874.8605085345769 -15.66949350664755 10.9728
816.7509337837066 -63.51358936654778 10.9728
264.3890765171491 216.4395776534467 10.9728
592.1842491435767 -185.8117820139176 10.9728
-85.03787891943136 99.28645153745296 10.9728
15.57560689952896 -34.47719597654039 10.9728
688.7268623019409 136.493031629089 10.9728
-136.0844046971604 24.7831691717918 10.9728
112.0404545020538 -164.0105453047875 10.9728
763.6796710718174 -33.3479984682108 10.9728
-18.76697870529978 107.9637037844571 10.9728
553.7594386844426 -246.8921339929701 10.9728
916.558360964816 48.2790076770331 10.9728
-136.3839238371893 -102.0911410651535 10.9728
211.1881089948322 -197.4502637819087 10.9728
3.636573886060489 103.7426799353286 10.9728
854.6805935802752 -21.93014786524236 10.9728
-1.235679873372305 -34.19187528588717 10.9728
-273.7737839004295 -41.96520243334927 10.9728
-111.0359804940666 91.11357650702081 10.9728
33.98575096948741 86.35994386162973 10.9728
812.3274078887596 -144.0792885144144 10.9728
832.2737209466962 -86.87264179692474 10.9728
678.3576363859534 180.6520907441422 10.9728
-193.6014015015429 1.171156147824334 10.9728
890.2645075996027 -82.38470062953095 10.9728
748.6988182783851 457.29792685084 10.9728
155.184322523506 -164.9489481098376 10.9728
291.054941812664 -139.3668801513822 10.9728
166.8158868857983 145.6921440535043 10.9728
17.84214014400294 -59.52537641215689 10.9728
658.0582207034563 -151.6631200489205 10.9728
440.4735505318474 -141.4498378627858 10.9728
695.5968516247769 98.76876625479821 10.9728
47.85541707884238 -104.3601371856034 10.9728
134.9532070730565 107.5592419196233 10.9728
-65.18728355483358 -49.81149279960353 10.9728
445.3036945455389 151.4094088780493 10.9728
790.1508873462492 -75.9427781163598 10.9728
535.9386486801434 145.3920993942774 10.9728
818.0536320670503 35.83277935472613 10.9728
-12.26436116533358 -57.5531282220872 10.9728
762.2990830877725 -56.69498028515834 10.9728
86.15490567062739 58.04651798574977 10.9728
773.9732657039598 97.52034933085545 10.9728
858.7488364390417 -55.32653882994136 10.9728
864.638042045257 44.48814440516467 10.9728
851.0014238143633 3.992476008077236 10.9728
-119.2129984570161 -153.5930646564239 10.9728
512.4706023078629 -185.7423930236617 10.9728
24.37688460700622 124.1095144539429 10.9728
627.0188508305807 103.1403847985358 10.9728
761.4011768944711 -156.7580734032761 10.9728
858.4085487018907 90.87139268096954 10.9728
-102.9857286852277 -42.6767628194272 10.9728
-51.57108887706482 107.3397621478779 10.9728
-80.50105917980153 -4.187524577518798 10.9728
-112.9924205990272 57.85757949765411 10.9728
-11.49976445852457 -152.2746804545905 10.9728
-146.3622853718925 -9.387255161191691 10.9728
798.1596386127496 -105.3218024462898 10.9728
319.0121533233329 212.247450095137 10.9728
62.94649292194958 87.47432672228861 10.9728
64.95800168931191 120.4415876030318 10.9728
262.6910900440506 160.5198942961377 10.9728
610.5141014962917 -138.4701624064326 10.9728
741.4235666020827 -58.94740977344782 10.9728
490.6758886834714 109.9479315987495 10.9728
173.1103778802165 105.3156942808378 10.9728
113.839426803291 -121.1080371102065 10.9728
335.9165301053625 -109.1976277100758 10.9728
21.97781491552155 -85.91140753296943 10.9728
716.0416303739987 -115.2475706089454 10.9728
236.9761472394179 -159.8996061007671 10.9728
43.05947024904538 -58.63378158374319 10.9728
307.4495500947392 159.0323420120488 10.9728
815.9953433130418 65.60564769684846 10.9728
728.7052156643342 70.8626799997062 10.9728
-80.09990293242049 -79.79631750197005 10.9728
83.55480215668638 34.57454678725968 10.9728
525.0701510365942 -134.1868899627928 10.9728
494.021920432697 -141.2521282625221 10.9728
835.1323774812753 41.30845563634082 10.9728
387.1801205019312 -154.182201047268 10.9728
-42.05267454513017 -74.26263740762244 10.9728
758.7917766382175 -114.9945578574366 10.9728
883.997704437518 14.18117889147385 10.9728
93.34100059313641 83.33627994927807 10.9728
759.8389902206143 -82.81037933614689 10.9728
-110.20937479414 -10.2712432683369 10.9728
-72.40509656163118 -130.4617194589229 10.9728
651.3158091865124 119.0810780650575 10.9728
401.9480127649665 148.0501699665057 10.9728
27.19931257098472 -112.5558020363046 10.9728
33.8798493825343 159.8961738042637 10.9728
5.236463007463101 -117.6867127339913 10.9728
213.1824289464096 155.787200311242 10.9728
-112.174674718337 13.06855962071423 10.9728
889.8007476386491 -33.14812802757756 10.9728
152.8907892751742 -122.5993347295457 10.9728
526.7622253136035 104.4470296517447 10.9728
376.5023940500573 -111.0955329754814 10.9728
297.6680029942796 -98.82092280971456 10.9728
327.713004610367 113.5319338996263 10.9728
221.6922706324817 102.5101812698998 10.9728
666.9842147951267 -101.769214115639 10.9728
450.6016055670304 102.7233510832182 10.9728
431.7845793484808 -94.22833372838386 10.9728
489.8734724107782 -103.3784197610797 10.9728
406.8646975982906 105.6485575384155 10.9728
604.7408690234397 115.4966058527947 10.9728
785.4268428295211 62.08592970572105 10.9728
662.8679516203536 87.7517372713573 10.9728
167.6322853302688 69.32345310807658 10.9728
126.3348921863335 70.39593391619727 10.9728
714.4356001675437 -58.10258143690107 10.9728
62.95391732724448 -33.85229684490334 10.9728
105.1930683904015 53.90195282793436 10.9728
222.2532110467261 -105.5084387746975 10.9728
-3.740587265102761 -95.11940431174146 10.9728
399.8760124155237 183.791213092589 10.9728
46.92551843466714 -84.15161199322633 10.9728
301.0867329062203 116.9906496528076 10.9728
843.265925344542 60.15110244168314 10.9728
-59.39679033571127 -180.1737439902914 10.9728
264.4817367156675 116.1459713971285 10.9728
70.24995968049393 -123.2592464025862 10.9728
727.3193875958423 -83.30389327345456 10.9728
618.6916473281916 -98.25349769661304 10.9728
533.0533199729834 -99.76275866140345 10.9728
268.5416640560627 82.91056592810126 10.9728
591.2753879557943 84.94891502388261 10.9728
74.52933244840546 -85.30502649858705 10.9728
489.3832837610342 78.70030978533462 10.9728
298.730920530258 84.13186726613475 10.9728
152.9726904545261 -86.69958987150326 10.9728
626.0751597024721 69.89713931177222 10.9728
371.7400473390641 -78.09410770627829 10.9728
207.3797532440879 59.11417559436047 10.9728
304.8629714224636 -67.31296445787015 10.9728
370.0797016201096 98.63071495276775 10.9728
409.7442773711603 69.59503776940139 10.9728
716.7573054543873 -34.03305630773163 10.9728
131.634155933071 38.05488956422722 10.9728
182.980470654751 37.46282684625648 10.9728
729.1129883200738 39.38533465745773 10.9728
68.77243139789482 -57.94043585478681 10.9728
250.4404340263929 -120.4034128295282 10.9728
587.0268014193523 161.4716028332307 10.9728
695.8228417837327 -77.09660963902785 10.9728
411.5668452511145 -104.3914437104391 10.9728
78.68475921212831 -161.19525199124 10.9728
751.8252228648178 72.0917505583194 10.9728
650.1971981675089 54.35904778296328 10.9728
258.9814661715546 -76.92784027655165 10.9728
504.3193195815794 34.16428007665142 10.9728
334.3672539892785 82.72973077412462 10.9728
401.8351722957011 -75.68629249395215 10.9728
154.5510168238626 -33.8640041272339 10.9728
519.4126390942381 66.48733171314029 10.9728
674.5114651200205 -61.81581302065738 10.9728
624.3378309748391 35.9550838681592 10.9728
438.9925221692109 67.14874365962244 10.9728
245.4285937285862 34.10668309908959 10.9728
338.1212092684037 -69.71613443850536 10.9728
570.7365666523203 -121.3329561229543 10.9728
518.7547212469834 -63.29574063189061 10.9728
223.4465368442788 34.00898640958425 10.9728
482.8263663078001 34.10590925046412 10.9728
177.0539150955716 -34.01192971980645 10.9728
762.5749747799232 31.42993889471018 10.9728
113.0214387224546 -80.94455219459776 10.9728
600.5584282364248 35.02907383632542 10.9728
184.5773070073513 -84.68289072552498 10.9728
94.16374809139546 -54.20111219553342 10.9728
560.6883629971295 95.51529754785605 10.9728
245.8242412852794 79.51722562801949 10.9728
297.1502830181394 56.56354468492471 10.9728
694.1897850236455 -50.80224251071164 10.9728
698.4606591554681 66.84556326061441 10.9728
671.9952644559711 35.95116324608995 10.9728
757.7199415825371 53.37025757073324 10.9728
429.4990988854751 -71.82545128781221 10.9728
487.7793382337913 -70.00371017911976 10.9728
354.1380137549746 57.08203126754554 10.9728
582.8335050825691 -87.77740169251713 10.9728
216.1909317337201 -72.9789128356862 10.9728
109.742282946768 -31.73196487492577 10.9728
670.6428316627491 -35.93449704938264 10.9728
385.2574572126143 37.58182134720837 10.9728
436.2598963737359 38.35168920618472 10.9728
557.8794334888937 -78.3334493477212 10.9728
600.6497432384249 53.5446268505149 10.9728
179.0667617188177 -57.34691043188909 10.9728
196.7033547076257 -126.7838180926067 10.9728
549.554675332826 -156.8079962878537 10.9728
501.9612300928977 51.34821870146526 10.9728
485.6523926758076 55.6679077391375 10.9728
573.3239945449018 131.5691339630074 10.9728
553.9091574878757 64.25166143442198 10.9728
322.2974731094921 53.5039756435481 10.9728
243.7045904100151 59.00831241859092 10.9728
295.2918647811298 32.94565876879796 10.9728
154.231180348569 -58.31689120685534 10.9728
113.0628960921455 -47.18627289457677 10.9728
263.0031145027499 -34.17388354643826 10.9728
326.2196643677245 -41.26969719873257 10.9728
669.7829262193927 60.85086832507299 10.9728
554.245010722409 -45.45208772466818 10.9728
620.2413353575444 -65.13239304899881 10.9728
379.4481236423482 65.73571620828164 10.9728
223.1055140264377 -39.19819263868061 10.9728
510.0097184234185 -36.07153564693007 10.9728
457.4832903441104 -70.90769110384046 10.9728
581.8214759350524 59.14705614413865 10.9728
340.1618960653691 31.94105139904276 10.9728
577.3589788578654 -28.75928375776385 10.9728
552.2815709895302 36.57402040923893 10.9728
197.0801190746009 -54.32638273012056 10.9728
129.862137381246 -54.54879218560027 10.9728
352.6984233523166 -51.9684745949398 10.9728
186.7202512414148 -163.7158628202866 10.9728
270.4855476816538 57.51707488906631 10.9728
396.3178773424632 -50.57107723992089 10.9728
282.1456130576369 -53.49699077444352 10.9728
310.202875092539 -47.2342185387103 10.9728
338.7646008358673 48.19947650448386 10.9728
463.8577228832591 61.04098797420748 10.9728
368.6359581343117 -31.94507710248311 10.9728
621.182615414878 -36.89041317043225 10.9728
457.3564383903661 -40.7500553799795 10.9728
644.9573933182876 -67.53476983593499 10.9728
453.3472379595299 -103.0381929358344 10.9728
371.1844201643565 -53.00527672437394 10.9728
408.5071434153095 -26.19630716976054 10.9728
590.1936914053288 -58.60186399535842 10.9728
286.6582661773192 -26.42974226952081 10.9728
469.1935804136519 79.80488925295565 10.9728
2 43 0 68
2189
2190
2191
2192
2193
2194
2195
2196
2197
2198
2199
2200
2201
2202
2203
2204
2205
2206
2207
2208
2209
2210
2211
2212
2213
2214
2215
2216
2217
2218
2219
2220
2221
2222
2223
2224
2225
2226
2227
2228
2229
2230
2231
2232
2233
2234
2235
2236
2237
2238
2239
2240
2241
2242
2243
2244
2245
2246
2247
2248
2249
2250
2251
2252
2253
2254
2255
2256
12.51421714285715 -3.657600000000001 10.9728
36.00123428571436 -3.657600000000001 10.9728
59.48825142857146 -3.657600000000001 10.9728
82.97526857142867 -3.6576 10.9728
106.4622857142858 -3.657600000000001 10.9728
129.949302857143 -3.657600000000001 10.9728
153.4363200000003 -3.6576 10.9728
176.9233371428573 -3.6576 10.9728
200.4103542857145 -3.657600000000001 10.9728
223.8973714285717 -3.657600000000001 10.9728
247.3843885714289 -3.657600000000001 10.9728
270.871405714286 -3.6576 10.9728
294.3584228571431 -3.657600000000001 10.9728
317.8454400000002 -3.6576 10.9728
341.3324571428574 -3.6576 10.9728
364.8194742857145 -3.657600000000002 10.9728
388.3064914285716 -3.657600000000001 10.9728
411.7935085714287 -3.6576 10.9728
435.280525714286 -3.6576 10.9728
458.767542857143 -3.657600000000002 10.9728
482.2545600000003 -3.6576 10.9728
505.7415771428574 -3.657600000000001 10.9728
529.2285942857145 -3.6576 10.9728
552.7156114285716 -3.6576 10.9728
576.2026285714288 -3.657600000000001 10.9728
599.6896457142859 -3.6576 10.9728
623.176662857143 -3.657600000000002 10.9728
646.6636800000001 -3.6576 10.9728
670.1506971428572 -3.657599999999999 10.9728
693.6377142857143 -3.6576 10.9728
717.1247314285714 -3.6576 10.9728
740.6117485714285 -3.6576 10.9728
764.0987657142856 -3.657600000000001 10.9728
787.5857828571427 -3.657600000000001 10.9728
12.51421714285715 3.657600000000001 10.9728
36.00123428571436 3.657600000000001 10.9728
59.48825142857152 3.6576 10.9728
82.97526857142867 3.6576 10.9728
106.4622857142858 3.6576 10.9728
129.949302857143 3.657600000000002 10.9728
153.4363200000002 3.6576 10.9728
176.9233371428573 3.657600000000001 10.9728
200.4103542857146 3.657600000000001 10.9728
223.8973714285717 3.6576 10.9728
247.3843885714289 3.657600000000001 10.9728
270.871405714286 3.657600000000001 10.9728
294.3584228571431 3.6576 10.9728
317.8454400000002 3.6576 10.9728
341.3324571428574 3.6576 10.9728
364.8194742857145 3.657600000000001 10.9728
388.3064914285716 3.6576 10.9728
411.7935085714287 3.6576 10.9728
435.280525714286 3.657600000000001 10.9728
458.7675428571431 3.657600000000001 10.9728
482.2545600000003 3.657600000000001 10.9728
505.7415771428574 3.657600000000001 10.9728
529.2285942857145 3.657600000000001 10.9728
552.7156114285716 3.6576 10.9728
576.2026285714289 3.657600000000002 10.9728
599.6896457142859 3.6576 10.9728
623.176662857143 3.657600000000001 10.9728
646.6636800000001 3.6576 10.9728
670.1506971428572 3.6576 10.9728
693.6377142857143 3.6576 10.9728
717.1247314285714 3.6576 10.9728
740.6117485714285 3.657600000000001 10.9728
764.0987657142856 3.657600000000001 10.9728
787.5857828571427 3.657600000000001 10.9728
2 44 0 68
2257
2258
2259
2260
2261
2262
2263
2264
2265
2266
2267
2268
2269
2270
2271
2272
2273
2274
2275
2276
2277
2278
2279
2280
2281
2282
2283
2284
2285
2286
2287
2288
2289
2290
2291
2292
2293
2294
2295
2296
2297
2298
2299
2300
2301
2302
2303
2304
2305
2306
2307
2308
2309
2310
2311
2312
2313
2314
2315
2316
2317
2318
2319
2320
2321
2322
2323
2324
12.51421714285715 3.657600000000001 -10.9728
36.00123428571436 3.657600000000001 -10.9728
59.48825142857146 3.657600000000001 -10.9728
82.97526857142867 3.6576 -10.9728
106.4622857142858 3.657600000000001 -10.9728
129.949302857143 3.657600000000001 -10.9728
153.4363200000003 3.6576 -10.9728
176.9233371428573 3.6576 -10.9728
200.4103542857145 3.657600000000001 -10.9728
223.8973714285717 3.657600000000001 -10.9728
247.3843885714289 3.657600000000001 -10.9728
270.871405714286 3.6576 -10.9728
294.3584228571431 3.657600000000001 -10.9728
317.8454400000002 3.6576 -10.9728
341.3324571428574 3.6576 -10.9728
364.8194742857145 3.657600000000002 -10.9728
388.3064914285716 3.657600000000001 -10.9728
411.7935085714287 3.6576 -10.9728
435.280525714286 3.6576 -10.9728
458.767542857143 3.657600000000002 -10.9728
482.2545600000003 3.6576 -10.9728
505.7415771428574 3.657600000000001 -10.9728
529.2285942857145 3.6576 -10.9728
552.7156114285716 3.6576 -10.9728
576.2026285714288 3.657600000000001 -10.9728
599.6896457142859 3.6576 -10.9728
623.176662857143 3.657600000000002 -10.9728
646.6636800000001 3.6576 -10.9728
670.1506971428572 3.657599999999999 -10.9728
693.6377142857143 3.6576 -10.9728
717.1247314285714 3.6576 -10.9728
740.6117485714285 3.6576 -10.9728
764.0987657142856 3.657600000000001 -10.9728
787.5857828571427 3.657600000000001 -10.9728
12.51421714285715 -3.657600000000001 -10.9728
36.00123428571436 -3.657600000000001 -10.9728
59.48825142857152 -3.6576 -10.9728
82.97526857142867 -3.6576 -10.9728
106.4622857142858 -3.6576 -10.9728
129.949302857143 -3.657600000000002 -10.9728
153.4363200000002 -3.6576 -10.9728
176.9233371428573 -3.657600000000001 -10.9728
200.4103542857146 -3.657600000000001 -10.9728
223.8973714285717 -3.6576 -10.9728
247.3843885714289 -3.657600000000001 -10.9728
270.871405714286 -3.657600000000001 -10.9728
294.3584228571431 -3.6576 -10.9728
317.8454400000002 -3.6576 -10.9728
341.3324571428574 -3.6576 -10.9728
364.8194742857145 -3.657600000000001 -10.9728
388.3064914285716 -3.6576 -10.9728
411.7935085714287 -3.6576 -10.9728
435.280525714286 -3.657600000000001 -10.9728
458.7675428571431 -3.657600000000001 -10.9728
482.2545600000003 -3.657600000000001 -10.9728
505.7415771428574 -3.657600000000001 -10.9728
529.2285942857145 -3.657600000000001 -10.9728
552.7156114285716 -3.6576 -10.9728
576.2026285714289 -3.657600000000002 -10.9728
599.6896457142859 -3.6576 -10.9728
623.176662857143 -3.657600000000001 -10.9728
646.6636800000001 -3.6576 -10.9728
670.1506971428572 -3.6576 -10.9728
693.6377142857143 -3.6576 -10.9728
717.1247314285714 -3.6576 -10.9728
740.6117485714285 -3.657600000000001 -10.9728
764.0987657142856 -3.657600000000001 -10.9728
787.5857828571427 -3.657600000000001 -10.9728
2 49 0 12
2325
2326
2327
2328
2329
2330
2331
2332
2333
2334
2335
2336
-0.2702806119186394 -0.1041648698689193 -7.124746589051949
-0.2702806119186361 0.1041648698689207 -7.124746589051961
-0.6656461999870278 -0.2393090252480899 -6.430093564048821
-0.6656461999870119 0.239309025248091 -6.430093564048843
-1.315835281308003 -0.455528563437832 -5.328205080608965
-1.315835281307971 0.4555285634378341 -5.328205080609006
-2.356764154926718 -0.801472388850023 -3.565670893230384
-2.356764154926643 0.8014723888500245 -3.565670893230467
-4.024406284436334 -1.354985400177629 -0.7468768441293115
-4.024406284436156 1.354985400177636 -0.7468768441294205
-6.694964702001068 -2.240606384017231 3.761815535785107
-6.694964702000606 2.240606384017235 3.761815535785047
2 50 0 12
2337
2338
2339
2340
2341
2342
2343
2344
2345
2346
2347
2348
-0.2695817989525545 0.3144272430400302 -7.33863761412591
-0.660389694701866 0.7346405689605064 -6.920625175597744
-1.306963354999932 1.388236711526893 -6.251475777742819
-2.344866052735906 2.430096257306892 -5.180930949580109
-4.011178504714976 4.091451239450003 -3.468034045181857
-6.685615366803847 6.741248282595974 -0.7274043592802126
-0.2702400941314122 0.3137635265828193 -7.546908047098098
-0.6590967850521054 0.7359248909309397 -7.399238639272219
-1.303734250243291 1.391476114227718 -7.162510084273958
-2.343086856450693 2.431877442751359 -6.783859800984755
-4.00890313566029 4.093732946724475 -6.177997195049405
-6.683255182732907 6.743616823481471 -5.208619055398509
2 51 0 12
2349
2350
2351
2352
2353
2354
2355
2356
2357
2358
2359
2360
-0.2696491644654773 0.1041174709633813 -7.738930148984807
-0.666297474838337 0.239289004246384 -7.886209451243015
-1.317369753839909 0.4555200759936048 -8.085579500150766
-2.358889004817684 0.8014598729001403 -8.402769373485434
-4.026838446027416 1.354974998430194 -8.905528812278861
-6.697100865251709 2.240599975969132 -9.704827795280249
-0.269649164465473 -0.1041174709633807 -7.738930148984805
-0.6662974748383417 -0.2392890042463839 -7.886209451243021
-1.31736975383992 -0.4555200759936034 -8.085579500150729
-2.358889004817646 -0.8014598729001432 -8.40276937348545
-4.026838446027434 -1.354974998430217 -8.905528812278902
-6.697100865251475 -2.240599975969144 -9.704827795280771
2 52 0 12
2361
2362
2363
2364
2365
2366
2367
2368
2369
2370
2371
2372
-0.2702400941314124 -0.3137635265828219 -7.546908047098093
-0.2695817989525526 -0.3144272430400226 -7.338637614125906
-0.6590967850521072 -0.735924890930948 -7.399238639272217
-0.6603896947018612 -0.7346405689604889 -6.920625175597737
-1.303734250243292 -1.391476114227735 -7.162510084273952
-1.306963354999906 -1.388236711526865 -6.251475777742812
-2.34308685645064 -2.431877442751374 -6.783859800984725
-2.344866052735821 -2.430096257306862 -5.180930949580102
-4.008903135660222 -4.093732946724482 -6.177997195049399
-4.011178504714867 -4.091451239449866 -3.468034045181858
-6.683255182732886 -6.743616823481615 -5.208619055398491
-6.685615366803598 -6.741248282595861 -0.7274043592802117
2 57 0 12
2373
2374
2375
2376
2377
2378
2379
2380
2381
2382
2383
2384
800.3702806119185 -0.1041648698689252 -7.124746589051755
800.3702806119188 0.1041648698689183 -7.124746589051802
800.7656461999868 -0.2393090252480939 -6.430093564048693
800.7656461999866 0.2393090252480902 -6.430093564048715
801.4158352813085 -0.4555285634378328 -5.328205080609109
801.4158352813079 0.4555285634378314 -5.328205080609093
802.4567641549263 -0.8014723888500256 -3.565670893230227
802.456764154927 0.8014723888500236 -3.565670893230261
804.124406284436 -1.35498540017763 -0.74687684412959
804.1244062844357 1.354985400177636 -0.7468768441296361
806.7949647020021 -2.240606384017231 3.761815535784261
806.7949647020015 2.24060638401723 3.761815535784288
2 58 0 12
2385
2386
2387
2388
2389
2390
2391
2392
2393
2394
2395
2396
800.3695817989526 0.3144272430401145 -7.338637614125906
800.3702400941316 0.3137635265828834 -7.546908047098096
800.7603896947015 0.734640568960621 -6.920625175597724
800.7590967850525 0.735924890931031 -7.399238639272214
801.4069633550005 1.388236711526968 -6.251475777742808
801.4037342502435 1.391476114227896 -7.162510084273952
802.444866052736 2.430096257306972 -5.180930949580077
802.443086856451 2.431877442751381 -6.783859800984718
804.1111785047162 4.091451239450085 -3.468034045181817
804.1089031356601 4.093732946724551 -6.177997195049376
806.7856153668048 6.741248282595333 -0.7274043592801469
806.7832551827344 6.743616823480711 -5.208619055398449
2 59 0 12
2397
2398
2399
2400
2401
2402
2403
2404
2405
2406
2407
2408
800.3696491644648 0.1041174709633769 -7.738930148984738
800.3696491644652 -0.1041174709633842 -7.738930148984752
800.7662974748384 0.2392890042463806 -7.886209451242836
800.7662974748383 -0.2392890042463848 -7.88620945124284
801.4173697538398 0.4555200759936007 -8.085579500150542
801.4173697538396 -0.4555200759936062 -8.085579500150594
802.4588890048171 0.8014598729001383 -8.402769373485109
802.4588890048176 -0.8014598729001438 -8.402769373485244
804.1268384460262 1.354974998430203 -8.905528812278982
804.1268384460266 -1.354974998430209 -8.905528812278769
806.7971008652499 2.240599975969137 -9.70482779528098
806.7971008652514 -2.240599975969149 -9.704827795280313
2 60 0 12
2409
2410
2411
2412
2413
2414
2415
2416
2417
2418
2419
2420
800.3702400941311 -0.3137635265828796 -7.546908047098097
800.759096785052 -0.7359248909310101 -7.399238639272244
801.4037342502431 -1.391476114228075 -7.162510084274004
802.44308685645 -2.431877442751089 -6.783859800984756
804.1089031356604 -4.093732946724426 -6.177997195049453
806.7832551827329 -6.743616823481095 -5.208619055398547
800.3695817989521 -0.3144272430401552 -7.338637614125901
800.7603896947016 -0.7346405689606967 -6.920625175597743
801.4069633549997 -1.388236711527159 -6.251475777742833
802.4448660527357 -2.430096257306945 -5.180930949580117
804.1111785047151 -4.091451239450095 -3.468034045181886
806.7856153668044 -6.741248282595882 -0.7274043592802446
2 63 0 204
2421
2422
2423
2424
2425
2426
2427
2428
2429
2430
2431
2432
2433
2434
2435
2436
2437
2438
2439
2440
2441
2442
2443
2444
2445
2446
2447
2448
2449
2450
2451
2452
2453
2454
2455
2456
2457
2458
2459
2460
2461
2462
2463
2464
2465
2466
2467
2468
2469
2470
2471
2472
2473
2474
2475
2476
2477
2478
2479
2480
2481
2482
2483
2484
2485
2486
2487
2488
2489
2490
2491
2492
2493
2494
2495
2496
2497
2498
2499
2500
2501
2502
2503
2504
2505
2506
2507
2508
2509
2510
2511
2512
2513
2514
2515
2516
2517
2518
2519
2520
2521
2522
2523
2524
2525
2526
2527
2528
2529
2530
2531
2532
2533
2534
2535
2536
2537
2538
2539
2540
2541
2542
2543
2544
2545
2546
2547
2548
2549
2550
2551
2552
2553
2554
2555
2556
2557
2558
2559
2560
2561
2562
2563
2564
2565
2566
2567
2568
2569
2570
2571
2572
2573
2574
2575
2576
2577
2578
2579
2580
2581
2582
2583
2584
2585
2586
2587
2588
2589
2590
2591
2592
2593
2594
2595
2596
2597
2598
2599
2600
2601
2602
2603
2604
2605
2606
2607
2608
2609
2610
2611
2612
2613
2614
2615
2616
2617
2618
2619
2620
2621
2622
2623
2624
22.61980577910151 -0.3073820353889145 -7.135707237939248
45.49436300461042 -0.3073820353889163 -7.135707237939246
68.36892023011944 -0.3073820353889145 -7.135707237939248
91.24347745562852 -0.3073820353889154 -7.135707237939248
114.1180346811374 -0.3073820353889145 -7.135707237939248
136.9925919066464 -0.3073820353889163 -7.135707237939246
159.8671491321554 -0.3073820353889172 -7.135707237939244
182.7417063576644 -0.3073820353889145 -7.135707237939248
205.6162635831733 -0.3073820353889163 -7.135707237939246
228.4908208086822 -0.3073820353889163 -7.135707237939246
251.3653780341912 -0.3073820353889145 -7.135707237939248
274.2399352597001 -0.3073820353889163 -7.135707237939246
297.1144924852091 -0.3073820353889163 -7.135707237939246
319.9890497107181 -0.3073820353889154 -7.135707237939248
342.8636069362269 -0.3073820353889172 -7.135707237939244
365.7381641617359 -0.3073820353889145 -7.135707237939248
388.6127213872448 -0.3073820353889172 -7.135707237939244
411.4872786127538 -0.3073820353889154 -7.135707237939248
434.3618358382627 -0.3073820353889154 -7.135707237939248
457.2363930637715 -0.3073820353889172 -7.135707237939244
480.1109502892805 -0.3073820353889154 -7.135707237939248
502.9855075147895 -0.3073820353889154 -7.135707237939248
525.8600647402985 -0.3073820353889145 -7.135707237939248
548.7346219658076 -0.3073820353889145 -7.135707237939248
571.6091791913166 -0.3073820353889172 -7.135707237939244
594.4837364168258 -0.3073820353889145 -7.135707237939248
617.3582936423348 -0.3073820353889154 -7.135707237939248
640.232850867844 -0.3073820353889154 -7.135707237939248
663.1074080933529 -0.3073820353889154 -7.135707237939248
685.981965318862 -0.3073820353889154 -7.135707237939248
708.8565225443713 -0.3073820353889145 -7.135707237939248
731.7310797698802 -0.3073820353889145 -7.135707237939248
754.6056369953894 -0.3073820353889163 -7.135707237939246
777.4801942208985 -0.3073820353889145 -7.135707237939248
22.23549506591598 -0.7129827907670583 -6.447049349533038
45.13334384979981 -0.7129827907670574 -6.44704934953304
68.03119263368359 -0.7129827907670583 -6.447049349533038
90.92904141756753 -0.7129827907670592 -6.447049349533036
113.8268902014513 -0.7129827907670574 -6.44704934953304
136.7247389853353 -0.7129827907670574 -6.44704934953304
159.6225877692191 -0.7129827907670574 -6.44704934953304
182.5204365531031 -0.7129827907670583 -6.447049349533038
205.4182853369869 -0.7129827907670583 -6.447049349533038
228.3161341208707 -0.7129827907670583 -6.447049349533038
251.2139829047545 -0.7129827907670583 -6.447049349533038
274.1118316886383 -0.7129827907670583 -6.447049349533038
297.0096804725221 -0.7129827907670583 -6.447049349533038
319.907529256406 -0.7129827907670565 -6.447049349533041
342.8053780402898 -0.7129827907670583 -6.447049349533038
365.7032268241736 -0.7129827907670583 -6.447049349533038
388.6010756080574 -0.7129827907670565 -6.447049349533041
411.4989243919412 -0.7129827907670565 -6.447049349533041
434.396773175825 -0.7129827907670583 -6.447049349533038
457.2946219597088 -0.7129827907670583 -6.447049349533038
480.1924707435927 -0.7129827907670583 -6.447049349533038
503.0903195274765 -0.7129827907670583 -6.447049349533038
525.9881683113604 -0.7129827907670592 -6.447049349533036
548.8860170952444 -0.7129827907670583 -6.447049349533038
571.7838658791283 -0.7129827907670583 -6.447049349533038
594.6817146630121 -0.7129827907670565 -6.447049349533041
617.5795634468961 -0.7129827907670565 -6.447049349533041
640.4774122307801 -0.7129827907670583 -6.447049349533038
663.3752610146641 -0.7129827907670583 -6.447049349533038
686.2731097985481 -0.7129827907670583 -6.447049349533038
709.170958582432 -0.7129827907670583 -6.447049349533038
732.0688073663159 -0.7129827907670583 -6.447049349533038
754.9666561501999 -0.7129827907670583 -6.447049349533038
777.8645049340839 -0.7129827907670583 -6.447049349533038
21.62059793514635 -1.361943988472865 -5.345196746588578
44.55571321180406 -1.361943988472866 -5.345196746588576
67.49082848846177 -1.361943988472864 -5.345196746588581
90.42594376511965 -1.361943988472866 -5.345196746588576
113.3610590417774 -1.361943988472865 -5.34519674658858
136.2961743184351 -1.361943988472865 -5.34519674658858
159.2312895950929 -1.361943988472867 -5.345196746588575
182.1664048717508 -1.361943988472865 -5.34519674658858
205.1015201484085 -1.361943988472865 -5.34519674658858
228.0366354250663 -1.361943988472866 -5.345196746588576
250.971750701724 -1.361943988472865 -5.345196746588578
273.9068659783818 -1.361943988472867 -5.345196746588575
296.8419812550395 -1.361943988472865 -5.34519674658858
319.7770965316973 -1.361943988472866 -5.345196746588576
342.7122118083549 -1.361943988472865 -5.34519674658858
365.6473270850128 -1.361943988472866 -5.345196746588576
388.5824423616705 -1.361943988472865 -5.345196746588578
411.5175576383282 -1.361943988472865 -5.34519674658858
434.452672914986 -1.361943988472867 -5.345196746588575
457.3877881916437 -1.361943988472865 -5.345196746588578
480.3229034683014 -1.361943988472866 -5.345196746588576
503.2580187449592 -1.361943988472865 -5.345196746588578
526.193134021617 -1.361943988472865 -5.345196746588578
549.1282492982748 -1.361943988472865 -5.34519674658858
572.0633645749327 -1.361943988472865 -5.345196746588578
594.9984798515907 -1.361943988472865 -5.34519674658858
617.9335951282485 -1.361943988472865 -5.34519674658858
640.8687104049066 -1.361943988472865 -5.345196746588578
663.8038256815643 -1.361943988472867 -5.345196746588575
686.7389409582222 -1.361943988472865 -5.34519674658858
709.67405623488 -1.361943988472865 -5.34519674658858
732.609171511538 -1.361943988472866 -5.345196746588576
755.5442867881957 -1.361943988472865 -5.34519674658858
778.4794020648537 -1.361943988472865 -5.345196746588578
20.6367624883618 -2.400281944435162 -3.582232514585699
43.63150415573398 -2.400281944435164 -3.582232514585695
66.62624582310593 -2.400281944435162 -3.582232514585699
89.62098749047794 -2.400281944435164 -3.582232514585695
112.6157291578499 -2.400281944435164 -3.582232514585695
135.6104708252219 -2.400281944435164 -3.582232514585695
158.6052124925938 -2.400281944435164 -3.582232514585696
181.5999541599659 -2.400281944435164 -3.582232514585696
204.5946958273379 -2.400281944435164 -3.582232514585696
227.5894374947099 -2.400281944435162 -3.582232514585699
250.5841791620819 -2.400281944435163 -3.582232514585697
273.5789208294538 -2.400281944435164 -3.582232514585695
296.5736624968257 -2.400281944435162 -3.582232514585699
319.5684041641977 -2.400281944435163 -3.582232514585697
342.5631458315696 -2.400281944435163 -3.582232514585697
365.5578874989416 -2.400281944435164 -3.582232514585696
388.5526291663135 -2.400281944435163 -3.582232514585697
411.5473708336854 -2.400281944435164 -3.582232514585695
434.5421125010574 -2.400281944435163 -3.582232514585698
457.5368541684293 -2.400281944435164 -3.582232514585696
480.5315958358012 -2.400281944435164 -3.582232514585695
503.5263375031733 -2.400281944435164 -3.582232514585695
526.5210791705452 -2.400281944435163 -3.582232514585698
549.5158208379173 -2.400281944435164 -3.582232514585696
572.5105625052893 -2.400281944435164 -3.582232514585696
595.5053041726615 -2.400281944435164 -3.582232514585695
618.5000458400335 -2.400281944435164 -3.582232514585695
641.4947875074056 -2.400281944435164 -3.582232514585696
664.4895291747775 -2.400281944435164 -3.582232514585695
687.4842708421497 -2.400281944435164 -3.582232514585696
710.4790125095217 -2.400281944435164 -3.582232514585695
733.4737541768939 -2.400281944435164 -3.582232514585695
756.4684958442658 -2.400281944435164 -3.582232514585695
779.463237511638 -2.400281944435164 -3.582232514585695
19.0626257788835 -4.061622668300795 -0.761489753014885
42.15276967107229 -4.061622668300796 -0.7614897530148836
65.24291356326114 -4.061622668300796 -0.7614897530148836
88.3330574554501 -4.061622668300795 -0.7614897530148841
111.4232013476389 -4.061622668300795 -0.7614897530148841
134.5133452398278 -4.061622668300796 -0.7614897530148832
157.6034891320168 -4.061622668300796 -0.7614897530148841
180.6936330242056 -4.061622668300796 -0.7614897530148841
203.7837769163944 -4.061622668300796 -0.7614897530148841
226.8739208085834 -4.061622668300795 -0.7614897530148845
249.9640647007722 -4.061622668300795 -0.7614897530148841
273.0542085929609 -4.061622668300796 -0.7614897530148832
296.1443524851499 -4.061622668300795 -0.7614897530148845
319.2344963773387 -4.061622668300796 -0.7614897530148832
342.3246402695275 -4.061622668300796 -0.7614897530148841
365.4147841617163 -4.061622668300795 -0.7614897530148841
388.5049280539051 -4.061622668300795 -0.7614897530148845
411.595071946094 -4.061622668300796 -0.7614897530148841
434.6852158382829 -4.061622668300795 -0.7614897530148841
457.7753597304716 -4.061622668300796 -0.7614897530148832
480.8655036226605 -4.061622668300796 -0.7614897530148832
503.9556475148495 -4.061622668300795 -0.7614897530148841
527.0457914070382 -4.061622668300796 -0.7614897530148841
550.1359352992272 -4.061622668300796 -0.7614897530148836
573.226079191416 -4.061622668300796 -0.7614897530148832
596.3162230836051 -4.061622668300796 -0.7614897530148841
619.4063669757941 -4.061622668300796 -0.7614897530148832
642.496510867983 -4.061622668300796 -0.7614897530148832
665.5866547601718 -4.061622668300796 -0.7614897530148832
688.6767986523608 -4.061622668300796 -0.7614897530148841
711.7669425445497 -4.061622668300796 -0.7614897530148841
734.8570864367384 -4.061622668300796 -0.7614897530148832
757.9472303289276 -4.061622668300796 -0.7614897530148841
781.0373742211166 -4.061622668300796 -0.7614897530148832
16.54400707793474 -6.719767790373296 3.751698604184019
39.78679452775685 -6.719767790373295 3.751698604184018
63.02958197757891 -6.719767790373296 3.751698604184019
86.27236942740103 -6.719767790373296 3.751698604184019
109.5151568772233 -6.719767790373296 3.751698604184019
132.7579443270454 -6.719767790373295 3.751698604184018
156.0007317768676 -6.719767790373295 3.751698604184019
179.2435192266897 -6.719767790373296 3.751698604184019
202.4863066765119 -6.719767790373295 3.751698604184019
225.729094126334 -6.719767790373296 3.751698604184019
248.9718815761561 -6.719767790373295 3.751698604184019
272.2146690259782 -6.719767790373295 3.751698604184018
295.4574564758004 -6.719767790373295 3.751698604184019
318.7002439256224 -6.719767790373295 3.751698604184019
341.9430313754445 -6.719767790373296 3.751698604184019
365.1858188252667 -6.719767790373295 3.751698604184019
388.4286062750887 -6.719767790373295 3.751698604184019
411.6713937249109 -6.719767790373296 3.751698604184019
434.914181174733 -6.719767790373296 3.751698604184019
458.1569686245551 -6.719767790373295 3.751698604184019
481.3997560743773 -6.719767790373296 3.751698604184019
504.6425435241994 -6.719767790373295 3.751698604184019
527.8853309740215 -6.719767790373296 3.751698604184019
551.1281184238437 -6.719767790373296 3.751698604184019
574.3709058736658 -6.719767790373296 3.751698604184019
597.613693323488 -6.719767790373295 3.751698604184018
620.8564807733102 -6.719767790373296 3.751698604184019
644.0992682231323 -6.719767790373295 3.751698604184018
667.3420556729545 -6.719767790373296 3.751698604184019
690.5848431227766 -6.719767790373296 3.751698604184019
713.8276305725988 -6.719767790373295 3.751698604184019
737.0704180224209 -6.719767790373296 3.751698604184019
760.313205472243 -6.719767790373295 3.751698604184019
783.5559929220651 -6.719767790373295 3.751698604184019
2 64 0 204
2625
2626
2627
2628
2629
2630
2631
2632
2633
2634
2635
2636
2637
2638
2639
2640
2641
2642
2643
2644
2645
2646
2647
2648
2649
2650
2651
2652
2653
2654
2655
2656
2657
2658
2659
2660
2661
2662
2663
2664
2665
2666
2667
2668
2669
2670
2671
2672
2673
2674
2675
2676
2677
2678
2679
2680
2681
2682
2683
2684
2685
2686
2687
2688
2689
2690
2691
2692
2693
2694
2695
2696
2697
2698
2699
2700
2701
2702
2703
2704
2705
2706
2707
2708
2709
2710
2711
2712
2713
2714
2715
2716
2717
2718
2719
2720
2721
2722
2723
2724
2725
2726
2727
2728
2729
2730
2731
2732
2733
2734
2735
2736
2737
2738
2739
2740
2741
2742
2743
2744
2745
2746
2747
2748
2749
2750
2751
2752
2753
2754
2755
2756
2757
2758
2759
2760
2761
2762
2763
2764
2765
2766
2767
2768
2769
2770
2771
2772
2773
2774
2775
2776
2777
2778
2779
2780
2781
2782
2783
2784
2785
2786
2787
2788
2789
2790
2791
2792
2793
2794
2795
2796
2797
2798
2799
2800
2801
2802
2803
2804
2805
2806
2807
2808
2809
2810
2811
2812
2813
2814
2815
2816
2817
2818
2819
2820
2821
2822
2823
2824
2825
2826
2827
2828
22.61980577910151 0.3073820353889145 -7.135707237939248
45.49436300461042 0.3073820353889163 -7.135707237939246
68.36892023011944 0.3073820353889145 -7.135707237939248
91.24347745562852 0.3073820353889154 -7.135707237939248
114.1180346811374 0.3073820353889145 -7.135707237939248
136.9925919066464 0.3073820353889163 -7.135707237939246
159.8671491321554 0.3073820353889172 -7.135707237939244
182.7417063576644 0.3073820353889145 -7.135707237939248
205.6162635831733 0.3073820353889163 -7.135707237939246
228.4908208086822 0.3073820353889163 -7.135707237939246
251.3653780341912 0.3073820353889145 -7.135707237939248
274.2399352597001 0.3073820353889163 -7.135707237939246
297.1144924852091 0.3073820353889163 -7.135707237939246
319.9890497107181 0.3073820353889154 -7.135707237939248
342.8636069362269 0.3073820353889172 -7.135707237939244
365.7381641617359 0.3073820353889145 -7.135707237939248
388.6127213872448 0.3073820353889172 -7.135707237939244
411.4872786127538 0.3073820353889154 -7.135707237939248
434.3618358382627 0.3073820353889154 -7.135707237939248
457.2363930637715 0.3073820353889172 -7.135707237939244
480.1109502892805 0.3073820353889154 -7.135707237939248
502.9855075147895 0.3073820353889154 -7.135707237939248
525.8600647402985 0.3073820353889145 -7.135707237939248
548.7346219658076 0.3073820353889145 -7.135707237939248
571.6091791913166 0.3073820353889172 -7.135707237939244
594.4837364168258 0.3073820353889145 -7.135707237939248
617.3582936423348 0.3073820353889154 -7.135707237939248
640.232850867844 0.3073820353889154 -7.135707237939248
663.1074080933529 0.3073820353889154 -7.135707237939248
685.981965318862 0.3073820353889154 -7.135707237939248
708.8565225443713 0.3073820353889145 -7.135707237939248
731.7310797698802 0.3073820353889145 -7.135707237939248
754.6056369953894 0.3073820353889163 -7.135707237939246
777.4801942208985 0.3073820353889145 -7.135707237939248
22.23549506591598 0.7129827907670583 -6.447049349533038
45.13334384979981 0.7129827907670574 -6.44704934953304
68.03119263368359 0.7129827907670583 -6.447049349533038
90.92904141756753 0.7129827907670592 -6.447049349533036
113.8268902014513 0.7129827907670574 -6.44704934953304
136.7247389853353 0.7129827907670574 -6.44704934953304
159.6225877692191 0.7129827907670574 -6.44704934953304
182.5204365531031 0.7129827907670583 -6.447049349533038
205.4182853369869 0.7129827907670583 -6.447049349533038
228.3161341208707 0.7129827907670583 -6.447049349533038
251.2139829047545 0.7129827907670583 -6.447049349533038
274.1118316886383 0.7129827907670583 -6.447049349533038
297.0096804725221 0.7129827907670583 -6.447049349533038
319.907529256406 0.7129827907670565 -6.447049349533041
342.8053780402898 0.7129827907670583 -6.447049349533038
365.7032268241736 0.7129827907670583 -6.447049349533038
388.6010756080574 0.7129827907670565 -6.447049349533041
411.4989243919412 0.7129827907670565 -6.447049349533041
434.396773175825 0.7129827907670583 -6.447049349533038
457.2946219597088 0.7129827907670583 -6.447049349533038
480.1924707435927 0.7129827907670583 -6.447049349533038
503.0903195274765 0.7129827907670583 -6.447049349533038
525.9881683113604 0.7129827907670592 -6.447049349533036
548.8860170952444 0.7129827907670583 -6.447049349533038
571.7838658791283 0.7129827907670583 -6.447049349533038
594.6817146630121 0.7129827907670565 -6.447049349533041
617.5795634468961 0.7129827907670565 -6.447049349533041
640.4774122307801 0.7129827907670583 -6.447049349533038
663.3752610146641 0.7129827907670583 -6.447049349533038
686.2731097985481 0.7129827907670583 -6.447049349533038
709.170958582432 0.7129827907670583 -6.447049349533038
732.0688073663159 0.7129827907670583 -6.447049349533038
754.9666561501999 0.7129827907670583 -6.447049349533038
777.8645049340839 0.7129827907670583 -6.447049349533038
21.62059793514635 1.361943988472865 -5.345196746588578
44.55571321180406 1.361943988472866 -5.345196746588576
67.49082848846177 1.361943988472864 -5.345196746588581
90.42594376511965 1.361943988472866 -5.345196746588576
113.3610590417774 1.361943988472865 -5.34519674658858
136.2961743184351 1.361943988472865 -5.34519674658858
159.2312895950929 1.361943988472867 -5.345196746588575
182.1664048717508 1.361943988472865 -5.34519674658858
205.1015201484085 1.361943988472865 -5.34519674658858
228.0366354250663 1.361943988472866 -5.345196746588576
250.971750701724 1.361943988472865 -5.345196746588578
273.9068659783818 1.361943988472867 -5.345196746588575
296.8419812550395 1.361943988472865 -5.34519674658858
319.7770965316973 1.361943988472866 -5.345196746588576
342.7122118083549 1.361943988472865 -5.34519674658858
365.6473270850128 1.361943988472866 -5.345196746588576
388.5824423616705 1.361943988472865 -5.345196746588578
411.5175576383282 1.361943988472865 -5.34519674658858
434.452672914986 1.361943988472867 -5.345196746588575
457.3877881916437 1.361943988472865 -5.345196746588578
480.3229034683014 1.361943988472866 -5.345196746588576
503.2580187449592 1.361943988472865 -5.345196746588578
526.193134021617 1.361943988472865 -5.345196746588578
549.1282492982748 1.361943988472865 -5.34519674658858
572.0633645749327 1.361943988472865 -5.345196746588578
594.9984798515907 1.361943988472865 -5.34519674658858
617.9335951282485 1.361943988472865 -5.34519674658858
640.8687104049066 1.361943988472865 -5.345196746588578
663.8038256815643 1.361943988472867 -5.345196746588575
686.7389409582222 1.361943988472865 -5.34519674658858
709.67405623488 1.361943988472865 -5.34519674658858
732.609171511538 1.361943988472866 -5.345196746588576
755.5442867881957 1.361943988472865 -5.34519674658858
778.4794020648537 1.361943988472865 -5.345196746588578
20.6367624883618 2.400281944435162 -3.582232514585699
43.63150415573398 2.400281944435164 -3.582232514585695
66.62624582310593 2.400281944435162 -3.582232514585699
89.62098749047794 2.400281944435164 -3.582232514585695
112.6157291578499 2.400281944435164 -3.582232514585695
135.6104708252219 2.400281944435164 -3.582232514585695
158.6052124925938 2.400281944435164 -3.582232514585696
181.5999541599659 2.400281944435164 -3.582232514585696
204.5946958273379 2.400281944435164 -3.582232514585696
227.5894374947099 2.400281944435162 -3.582232514585699
250.5841791620819 2.400281944435163 -3.582232514585697
273.5789208294538 2.400281944435164 -3.582232514585695
296.5736624968257 2.400281944435162 -3.582232514585699
319.5684041641977 2.400281944435163 -3.582232514585697
342.5631458315696 2.400281944435163 -3.582232514585697
365.5578874989416 2.400281944435164 -3.582232514585696
388.5526291663135 2.400281944435163 -3.582232514585697
411.5473708336854 2.400281944435164 -3.582232514585695
434.5421125010574 2.400281944435163 -3.582232514585698
457.5368541684293 2.400281944435164 -3.582232514585696
480.5315958358012 2.400281944435164 -3.582232514585695
503.5263375031733 2.400281944435164 -3.582232514585695
526.5210791705452 2.400281944435163 -3.582232514585698
549.5158208379173 2.400281944435164 -3.582232514585696
572.5105625052893 2.400281944435164 -3.582232514585696
595.5053041726615 2.400281944435164 -3.582232514585695
618.5000458400335 2.400281944435164 -3.582232514585695
641.4947875074056 2.400281944435164 -3.582232514585696
664.4895291747775 2.400281944435164 -3.582232514585695
687.4842708421497 2.400281944435164 -3.582232514585696
710.4790125095217 2.400281944435164 -3.582232514585695
733.4737541768939 2.400281944435164 -3.582232514585695
756.4684958442658 2.400281944435164 -3.582232514585695
779.463237511638 2.400281944435164 -3.582232514585695
19.0626257788835 4.061622668300795 -0.761489753014885
42.15276967107229 4.061622668300796 -0.7614897530148836
65.24291356326114 4.061622668300796 -0.7614897530148836
88.3330574554501 4.061622668300795 -0.7614897530148841
111.4232013476389 4.061622668300795 -0.7614897530148841
134.5133452398278 4.061622668300796 -0.7614897530148832
157.6034891320168 4.061622668300796 -0.7614897530148841
180.6936330242056 4.061622668300796 -0.7614897530148841
203.7837769163944 4.061622668300796 -0.7614897530148841
226.8739208085834 4.061622668300795 -0.7614897530148845
249.9640647007722 4.061622668300795 -0.7614897530148841
273.0542085929609 4.061622668300796 -0.7614897530148832
296.1443524851499 4.061622668300795 -0.7614897530148845
319.2344963773387 4.061622668300796 -0.7614897530148832
342.3246402695275 4.061622668300796 -0.7614897530148841
365.4147841617163 4.061622668300795 -0.7614897530148841
388.5049280539051 4.061622668300795 -0.7614897530148845
411.595071946094 4.061622668300796 -0.7614897530148841
434.6852158382829 4.061622668300795 -0.7614897530148841
457.7753597304716 4.061622668300796 -0.7614897530148832
480.8655036226605 4.061622668300796 -0.7614897530148832
503.9556475148495 4.061622668300795 -0.7614897530148841
527.0457914070382 4.061622668300796 -0.7614897530148841
550.1359352992272 4.061622668300796 -0.7614897530148836
573.226079191416 4.061622668300796 -0.7614897530148832
596.3162230836051 4.061622668300796 -0.7614897530148841
619.4063669757941 4.061622668300796 -0.7614897530148832
642.496510867983 4.061622668300796 -0.7614897530148832
665.5866547601718 4.061622668300796 -0.7614897530148832
688.6767986523608 4.061622668300796 -0.7614897530148841
711.7669425445497 4.061622668300796 -0.7614897530148841
734.8570864367384 4.061622668300796 -0.7614897530148832
757.9472303289276 4.061622668300796 -0.7614897530148841
781.0373742211166 4.061622668300796 -0.7614897530148832
16.54400707793474 6.719767790373296 3.751698604184019
39.78679452775685 6.719767790373295 3.751698604184018
63.02958197757891 6.719767790373296 3.751698604184019
86.27236942740103 6.719767790373296 3.751698604184019
109.5151568772233 6.719767790373296 3.751698604184019
132.7579443270454 6.719767790373295 3.751698604184018
156.0007317768676 6.719767790373295 3.751698604184019
179.2435192266897 6.719767790373296 3.751698604184019
202.4863066765119 6.719767790373295 3.751698604184019
225.729094126334 6.719767790373296 3.751698604184019
248.9718815761561 6.719767790373295 3.751698604184019
272.2146690259782 6.719767790373295 3.751698604184018
295.4574564758004 6.719767790373295 3.751698604184019
318.7002439256224 6.719767790373295 3.751698604184019
341.9430313754445 6.719767790373296 3.751698604184019
365.1858188252667 6.719767790373295 3.751698604184019
388.4286062750887 6.719767790373295 3.751698604184019
411.6713937249109 6.719767790373296 3.751698604184019
434.914181174733 6.719767790373296 3.751698604184019
458.1569686245551 6.719767790373295 3.751698604184019
481.3997560743773 6.719767790373296 3.751698604184019
504.6425435241994 6.719767790373295 3.751698604184019
527.8853309740215 6.719767790373296 3.751698604184019
551.1281184238437 6.719767790373296 3.751698604184019
574.3709058736658 6.719767790373296 3.751698604184019
597.613693323488 6.719767790373295 3.751698604184018
620.8564807733102 6.719767790373296 3.751698604184019
644.0992682231323 6.719767790373295 3.751698604184018
667.3420556729545 6.719767790373296 3.751698604184019
690.5848431227766 6.719767790373296 3.751698604184019
713.8276305725988 6.719767790373295 3.751698604184019
737.0704180224209 6.719767790373296 3.751698604184019
760.313205472243 6.719767790373295 3.751698604184019
783.5559929220651 6.719767790373295 3.751698604184019
2 67 0 204
2829
2830
2831
2832
2833
2834
2835
2836
2837
2838
2839
2840
2841
2842
2843
2844
2845
2846
2847
2848
2849
2850
2851
2852
2853
2854
2855
2856
2857
2858
2859
2860
2861
2862
2863
2864
2865
2866
2867
2868
2869
2870
2871
2872
2873
2874
2875
2876
2877
2878
2879
2880
2881
2882
2883
2884
2885
2886
2887
2888
2889
2890
2891
2892
2893
2894
2895
2896
2897
2898
2899
2900
2901
2902
2903
2904
2905
2906
2907
2908
2909
2910
2911
2912
2913
2914
2915
2916
2917
2918
2919
2920
2921
2922
2923
2924
2925
2926
2927
2928
2929
2930
2931
2932
2933
2934
2935
2936
2937
2938
2939
2940
2941
2942
2943
2944
2945
2946
2947
2948
2949
2950
2951
2952
2953
2954
2955
2956
2957
2958
2959
2960
2961
2962
2963
2964
2965
2966
2967
2968
2969
2970
2971
2972
2973
2974
2975
2976
2977
2978
2979
2980
2981
2982
2983
2984
2985
2986
2987
2988
2989
2990
2991
2992
2993
2994
2995
2996
2997
2998
2999
3000
3001
3002
3003
3004
3005
3006
3007
3008
3009
3010
3011
3012
3013
3014
3015
3016
3017
3018
3019
3020
3021
3022
3023
3024
3025
3026
3027
3028
3029
3030
3031
3032
22.61980577940449 -0.3073820350692014 -7.750471308620485
45.49436300489504 -0.3073820350691996 -7.750471308620484
68.36892023038581 -0.3073820350692023 -7.750471308620485
91.24347745587636 -0.3073820350692005 -7.750471308620485
114.118034681367 -0.3073820350692014 -7.750471308620485
136.9925919068575 -0.3073820350692014 -7.750471308620485
159.867149132348 -0.3073820350692005 -7.750471308620485
182.7417063578387 -0.3073820350692014 -7.750471308620485
205.6162635833294 -0.3073820350692014 -7.750471308620485
228.4908208088199 -0.3073820350692014 -7.750471308620485
251.3653780343106 -0.3073820350691996 -7.750471308620484
274.2399352598011 -0.3073820350692005 -7.750471308620485
297.1144924852917 -0.3073820350692014 -7.750471308620485
319.9890497107823 -0.3073820350692023 -7.750471308620485
342.8636069362728 -0.3073820350692005 -7.750471308620485
365.7381641617634 -0.3073820350692014 -7.750471308620485
388.6127213872539 -0.3073820350692023 -7.750471308620485
411.4872786127446 -0.3073820350692005 -7.750471308620485
434.3618358382352 -0.3073820350692023 -7.750471308620485
457.2363930637256 -0.3073820350692014 -7.750471308620485
480.1109502892162 -0.3073820350692014 -7.750471308620485
502.9855075147069 -0.3073820350692023 -7.750471308620485
525.8600647401975 -0.3073820350692023 -7.750471308620485
548.7346219656883 -0.3073820350692023 -7.750471308620485
571.6091791911789 -0.3073820350692014 -7.750471308620485
594.4837364166697 -0.3073820350692014 -7.750471308620485
617.3582936421603 -0.3073820350692014 -7.750471308620485
640.2328508676512 -0.3073820350692023 -7.750471308620485
663.1074080931419 -0.3073820350692014 -7.750471308620485
685.9819653186327 -0.3073820350692014 -7.750471308620485
708.8565225441234 -0.3073820350692023 -7.750471308620485
731.7310797696141 -0.3073820350692023 -7.750471308620485
754.6056369951048 -0.3073820350692014 -7.750471308620485
777.4801942205954 -0.3073820350692014 -7.750471308620485
22.23549506688539 -0.7129827897439744 -7.873014930758052
45.13334385071045 -0.7129827897439744 -7.873014930758052
68.03119263453561 -0.7129827897439744 -7.873014930758052
90.92904141836073 -0.7129827897439753 -7.873014930758052
113.8268902021856 -0.7129827897439736 -7.873014930758051
136.7247389860108 -0.7129827897439753 -7.873014930758052
159.6225877698361 -0.7129827897439736 -7.873014930758051
182.520436553661 -0.7129827897439736 -7.873014930758051
205.4182853374862 -0.7129827897439753 -7.873014930758052
228.3161341213113 -0.7129827897439744 -7.873014930758052
251.2139829051364 -0.7129827897439753 -7.873014930758052
274.1118316889614 -0.7129827897439744 -7.873014930758052
297.0096804727866 -0.7129827897439744 -7.873014930758052
319.9075292566116 -0.7129827897439753 -7.873014930758052
342.8053780404367 -0.7129827897439736 -7.873014930758051
365.7032268242617 -0.7129827897439744 -7.873014930758052
388.6010756080867 -0.7129827897439753 -7.873014930758052
411.4989243919118 -0.7129827897439744 -7.873014930758052
434.3967731757369 -0.7129827897439753 -7.873014930758052
457.2946219595619 -0.7129827897439753 -7.873014930758052
480.192470743387 -0.7129827897439744 -7.873014930758052
503.090319527212 -0.7129827897439753 -7.873014930758052
525.9881683110373 -0.7129827897439744 -7.873014930758052
548.8860170948625 -0.7129827897439753 -7.873014930758052
571.7838658786877 -0.7129827897439744 -7.873014930758052
594.6817146625128 -0.7129827897439744 -7.873014930758052
617.5795634463382 -0.7129827897439736 -7.873014930758051
640.4774122301633 -0.7129827897439744 -7.873014930758052
663.3752610139886 -0.7129827897439753 -7.873014930758052
686.2731097978137 -0.7129827897439744 -7.873014930758052
709.1709585816388 -0.7129827897439744 -7.873014930758052
732.0688073654642 -0.7129827897439744 -7.873014930758052
754.9666561492894 -0.7129827897439744 -7.873014930758052
777.8645049331146 -0.7129827897439744 -7.873014930758052
21.62059793747278 -1.36194398601747 -8.069084722792464
44.55571321398958 -1.361943986017469 -8.069084722792464
67.49082849050637 -1.361943986017471 -8.069084722792464
90.42594376702311 -1.36194398601747 -8.069084722792464
113.36105904354 -1.36194398601747 -8.069084722792464
136.2961743200566 -1.36194398601747 -8.069084722792464
159.2312895965734 -1.361943986017469 -8.069084722792464
182.1664048730902 -1.361943986017471 -8.069084722792464
205.101520149607 -1.361943986017471 -8.069084722792464
228.0366354261237 -1.36194398601747 -8.069084722792464
250.9717507026406 -1.36194398601747 -8.069084722792464
273.9068659791573 -1.361943986017471 -8.069084722792464
296.8419812556741 -1.361943986017471 -8.069084722792464
319.7770965321909 -1.36194398601747 -8.069084722792464
342.7122118087075 -1.36194398601747 -8.069084722792464
365.6473270852242 -1.361943986017471 -8.069084722792464
388.582442361741 -1.36194398601747 -8.069084722792464
411.5175576382577 -1.36194398601747 -8.069084722792464
434.4526729147745 -1.361943986017469 -8.069084722792464
457.3877881912912 -1.361943986017471 -8.069084722792464
480.3229034678079 -1.36194398601747 -8.069084722792464
503.2580187443248 -1.361943986017471 -8.069084722792464
526.1931340208415 -1.36194398601747 -8.069084722792464
549.1282492973584 -1.361943986017471 -8.069084722792464
572.0633645738752 -1.36194398601747 -8.069084722792464
594.9984798503922 -1.361943986017471 -8.069084722792464
617.933595126909 -1.361943986017471 -8.069084722792464
640.868710403426 -1.361943986017471 -8.069084722792464
663.8038256799427 -1.36194398601747 -8.069084722792464
686.7389409564596 -1.361943986017471 -8.069084722792464
709.6740562329765 -1.36194398601747 -8.069084722792464
732.6091715094933 -1.361943986017471 -8.069084722792464
755.5442867860102 -1.361943986017471 -8.069084722792464
778.4794020625272 -1.361943986017471 -8.069084722792464
20.63676249332525 -2.400281939196988 -8.382796401873421
43.63150416039645 -2.400281939196988 -8.382796401873421
66.62624582746776 -2.400281939196988 -8.382796401873421
89.62098749453878 -2.400281939196989 -8.382796401873421
112.6157291616099 -2.400281939196987 -8.382796401873421
135.6104708286813 -2.400281939196989 -8.382796401873421
158.6052124957523 -2.400281939196988 -8.382796401873421
181.5999541628234 -2.400281939196988 -8.382796401873421
204.5946958298946 -2.400281939196989 -8.382796401873421
227.5894374969659 -2.400281939196989 -8.382796401873421
250.584179164037 -2.400281939196988 -8.382796401873421
273.5789208311081 -2.400281939196988 -8.382796401873421
296.5736624981793 -2.400281939196988 -8.382796401873421
319.5684041652504 -2.400281939196988 -8.382796401873421
342.5631458323215 -2.400281939196989 -8.382796401873421
365.5578874993927 -2.400281939196988 -8.382796401873421
388.5526291664638 -2.400281939196988 -8.382796401873421
411.547370833535 -2.400281939196989 -8.382796401873421
434.5421125006062 -2.400281939196989 -8.382796401873421
457.5368541676773 -2.400281939196989 -8.382796401873421
480.5315958347485 -2.400281939196988 -8.382796401873421
503.5263375018197 -2.400281939196988 -8.382796401873421
526.5210791688908 -2.400281939196989 -8.382796401873421
549.5158208359621 -2.400281939196989 -8.382796401873421
572.5105625030333 -2.400281939196989 -8.382796401873421
595.5053041701046 -2.400281939196989 -8.382796401873421
618.5000458371759 -2.400281939196988 -8.382796401873421
641.4947875042471 -2.400281939196988 -8.382796401873421
664.4895291713184 -2.400281939196989 -8.382796401873421
687.4842708383896 -2.400281939196988 -8.382796401873421
710.4790125054608 -2.400281939196989 -8.382796401873421
733.4737541725322 -2.400281939196989 -8.382796401873421
756.4684958396035 -2.400281939196989 -8.382796401873421
779.4632375066747 -2.400281939196989 -8.382796401873421
19.06262578881007 -4.061622657824445 -8.884735086451268
42.15276968039717 -4.061622657824445 -8.884735086451268
65.24291357198445 -4.061622657824445 -8.884735086451268
88.33305746357166 -4.061622657824445 -8.884735086451268
111.423201355159 -4.061622657824445 -8.884735086451268
134.5133452467463 -4.061622657824445 -8.884735086451268
157.6034891383335 -4.061622657824445 -8.884735086451268
180.6936330299209 -4.061622657824445 -8.884735086451268
203.7837769215081 -4.061622657824445 -8.884735086451268
226.8739208130953 -4.061622657824445 -8.884735086451268
249.9640647046826 -4.061622657824445 -8.884735086451268
273.0542085962698 -4.061622657824445 -8.884735086451268
296.144352487857 -4.061622657824445 -8.884735086451268
319.2344963794443 -4.061622657824445 -8.884735086451268
342.3246402710315 -4.061622657824445 -8.884735086451268
365.4147841626187 -4.061622657824445 -8.884735086451268
388.5049280542059 -4.061622657824445 -8.884735086451268
411.5950719457932 -4.061622657824445 -8.884735086451268
434.6852158373804 -4.061622657824445 -8.884735086451268
457.7753597289677 -4.061622657824445 -8.884735086451268
480.8655036205549 -4.061622657824445 -8.884735086451268
503.9556475121422 -4.061622657824445 -8.884735086451268
527.0457914037295 -4.061622657824445 -8.884735086451268
550.1359352953168 -4.061622657824445 -8.884735086451268
573.2260791869041 -4.061622657824445 -8.884735086451268
596.3162230784915 -4.061622657824445 -8.884735086451268
619.4063669700788 -4.061622657824445 -8.884735086451268
642.4965108616661 -4.061622657824445 -8.884735086451268
665.5866547532535 -4.061622657824445 -8.884735086451268
688.6767986448407 -4.061622657824445 -8.884735086451268
711.766942536428 -4.061622657824445 -8.884735086451268
734.8570864280152 -4.061622657824445 -8.884735086451268
757.9472303196026 -4.061622657824445 -8.884735086451268
781.03737421119 -4.061622657824445 -8.884735086451268
16.54400709585309 -6.719767771462188 -9.687836970848982
39.78679454458927 -6.719767771462187 -9.687836970848982
63.02958199332556 -6.719767771462187 -9.687836970848982
86.27236944206163 -6.719767771462188 -9.687836970848982
109.5151568907978 -6.719767771462188 -9.687836970848982
132.757944339534 -6.719767771462188 -9.687836970848982
156.0007317882702 -6.719767771462188 -9.687836970848982
179.2435192370064 -6.719767771462188 -9.687836970848982
202.4863066857425 -6.719767771462187 -9.687836970848982
225.7290941344787 -6.719767771462188 -9.687836970848982
248.971881583215 -6.719767771462188 -9.687836970848982
272.2146690319511 -6.719767771462188 -9.687836970848982
295.4574564806873 -6.719767771462188 -9.687836970848982
318.7002439294233 -6.719767771462188 -9.687836970848982
341.9430313781595 -6.719767771462188 -9.687836970848982
365.1858188268956 -6.719767771462188 -9.687836970848982
388.4286062756318 -6.719767771462188 -9.687836970848982
411.6713937243679 -6.719767771462188 -9.687836970848982
434.9141811731041 -6.719767771462188 -9.687836970848982
458.1569686218402 -6.719767771462188 -9.687836970848982
481.3997560705764 -6.719767771462188 -9.687836970848982
504.6425435193125 -6.719767771462188 -9.687836970848982
527.8853309680486 -6.719767771462188 -9.687836970848982
551.1281184167849 -6.719767771462188 -9.687836970848982
574.3709058655211 -6.719767771462188 -9.687836970848982
597.6136933142573 -6.719767771462187 -9.687836970848982
620.8564807629934 -6.719767771462188 -9.687836970848982
644.0992682117297 -6.719767771462188 -9.687836970848982
667.3420556604658 -6.719767771462188 -9.687836970848982
690.5848431092021 -6.719767771462188 -9.687836970848982
713.8276305579383 -6.719767771462188 -9.687836970848982
737.0704180066743 -6.719767771462188 -9.687836970848982
760.3132054554105 -6.719767771462188 -9.687836970848982
783.5559929041466 -6.719767771462188 -9.687836970848982
2 68 0 204
3033
3034
3035
3036
3037
3038
3039
3040
3041
3042
3043
3044
3045
3046
3047
3048
3049
3050
3051
3052
3053
3054
3055
3056
3057
3058
3059
3060
3061
3062
3063
3064
3065
3066
3067
3068
3069
3070
3071
3072
3073
3074
3075
3076
3077
3078
3079
3080
3081
3082
3083
3084
3085
3086
3087
3088
3089
3090
3091
3092
3093
3094
3095
3096
3097
3098
3099
3100
3101
3102
3103
3104
3105
3106
3107
3108
3109
3110
3111
3112
3113
3114
3115
3116
3117
3118
3119
3120
3121
3122
3123
3124
3125
3126
3127
3128
3129
3130
3131
3132
3133
3134
3135
3136
3137
3138
3139
3140
3141
3142
3143
3144
3145
3146
3147
3148
3149
3150
3151
3152
3153
3154
3155
3156
3157
3158
3159
3160
3161
3162
3163
3164
3165
3166
3167
3168
3169
3170
3171
3172
3173
3174
3175
3176
3177
3178
3179
3180
3181
3182
3183
3184
3185
3186
3187
3188
3189
3190
3191
3192
3193
3194
3195
3196
3197
3198
3199
3200
3201
3202
3203
3204
3205
3206
3207
3208
3209
3210
3211
3212
3213
3214
3215
3216
3217
3218
3219
3220
3221
3222
3223
3224
3225
3226
3227
3228
3229
3230
3231
3232
3233
3234
3235
3236
22.61980577940449 0.3073820350692014 -7.750471308620485
45.49436300489504 0.3073820350691996 -7.750471308620484
68.36892023038581 0.3073820350692023 -7.750471308620485
91.24347745587636 0.3073820350692005 -7.750471308620485
114.118034681367 0.3073820350692014 -7.750471308620485
136.9925919068575 0.3073820350692014 -7.750471308620485
159.867149132348 0.3073820350692005 -7.750471308620485
182.7417063578387 0.3073820350692014 -7.750471308620485
205.6162635833294 0.3073820350692014 -7.750471308620485
228.4908208088199 0.3073820350692014 -7.750471308620485
251.3653780343106 0.3073820350691996 -7.750471308620484
274.2399352598011 0.3073820350692005 -7.750471308620485
297.1144924852917 0.3073820350692014 -7.750471308620485
319.9890497107823 0.3073820350692023 -7.750471308620485
342.8636069362728 0.3073820350692005 -7.750471308620485
365.7381641617634 0.3073820350692014 -7.750471308620485
388.6127213872539 0.3073820350692023 -7.750471308620485
411.4872786127446 0.3073820350692005 -7.750471308620485
434.3618358382352 0.3073820350692023 -7.750471308620485
457.2363930637256 0.3073820350692014 -7.750471308620485
480.1109502892162 0.3073820350692014 -7.750471308620485
502.9855075147069 0.3073820350692023 -7.750471308620485
525.8600647401975 0.3073820350692023 -7.750471308620485
548.7346219656883 0.3073820350692023 -7.750471308620485
571.6091791911789 0.3073820350692014 -7.750471308620485
594.4837364166697 0.3073820350692014 -7.750471308620485
617.3582936421603 0.3073820350692014 -7.750471308620485
640.2328508676512 0.3073820350692023 -7.750471308620485
663.1074080931419 0.3073820350692014 -7.750471308620485
685.9819653186327 0.3073820350692014 -7.750471308620485
708.8565225441234 0.3073820350692023 -7.750471308620485
731.7310797696141 0.3073820350692023 -7.750471308620485
754.6056369951048 0.3073820350692014 -7.750471308620485
777.4801942205954 0.3073820350692014 -7.750471308620485
22.23549506688539 0.7129827897439744 -7.873014930758052
45.13334385071045 0.7129827897439744 -7.873014930758052
68.03119263453561 0.7129827897439744 -7.873014930758052
90.92904141836073 0.7129827897439753 -7.873014930758052
113.8268902021856 0.7129827897439736 -7.873014930758051
136.7247389860108 0.7129827897439753 -7.873014930758052
159.6225877698361 0.7129827897439736 -7.873014930758051
182.520436553661 0.7129827897439736 -7.873014930758051
205.4182853374862 0.7129827897439753 -7.873014930758052
228.3161341213113 0.7129827897439744 -7.873014930758052
251.2139829051364 0.7129827897439753 -7.873014930758052
274.1118316889614 0.7129827897439744 -7.873014930758052
297.0096804727866 0.7129827897439744 -7.873014930758052
319.9075292566116 0.7129827897439753 -7.873014930758052
342.8053780404367 0.7129827897439736 -7.873014930758051
365.7032268242617 0.7129827897439744 -7.873014930758052
388.6010756080867 0.7129827897439753 -7.873014930758052
411.4989243919118 0.7129827897439744 -7.873014930758052
434.3967731757369 0.7129827897439753 -7.873014930758052
457.2946219595619 0.7129827897439753 -7.873014930758052
480.192470743387 0.7129827897439744 -7.873014930758052
503.090319527212 0.7129827897439753 -7.873014930758052
525.9881683110373 0.7129827897439744 -7.873014930758052
548.8860170948625 0.7129827897439753 -7.873014930758052
571.7838658786877 0.7129827897439744 -7.873014930758052
594.6817146625128 0.7129827897439744 -7.873014930758052
617.5795634463382 0.7129827897439736 -7.873014930758051
640.4774122301633 0.7129827897439744 -7.873014930758052
663.3752610139886 0.7129827897439753 -7.873014930758052
686.2731097978137 0.7129827897439744 -7.873014930758052
709.1709585816388 0.7129827897439744 -7.873014930758052
732.0688073654642 0.7129827897439744 -7.873014930758052
754.9666561492894 0.7129827897439744 -7.873014930758052
777.8645049331146 0.7129827897439744 -7.873014930758052
21.62059793747278 1.36194398601747 -8.069084722792464
44.55571321398958 1.361943986017469 -8.069084722792464
67.49082849050637 1.361943986017471 -8.069084722792464
90.42594376702311 1.36194398601747 -8.069084722792464
113.36105904354 1.36194398601747 -8.069084722792464
136.2961743200566 1.36194398601747 -8.069084722792464
159.2312895965734 1.361943986017469 -8.069084722792464
182.1664048730902 1.361943986017471 -8.069084722792464
205.101520149607 1.361943986017471 -8.069084722792464
228.0366354261237 1.36194398601747 -8.069084722792464
250.9717507026406 1.36194398601747 -8.069084722792464
273.9068659791573 1.361943986017471 -8.069084722792464
296.8419812556741 1.361943986017471 -8.069084722792464
319.7770965321909 1.36194398601747 -8.069084722792464
342.7122118087075 1.36194398601747 -8.069084722792464
365.6473270852242 1.361943986017471 -8.069084722792464
388.582442361741 1.36194398601747 -8.069084722792464
411.5175576382577 1.36194398601747 -8.069084722792464
434.4526729147745 1.361943986017469 -8.069084722792464
457.3877881912912 1.361943986017471 -8.069084722792464
480.3229034678079 1.36194398601747 -8.069084722792464
503.2580187443248 1.361943986017471 -8.069084722792464
526.1931340208415 1.36194398601747 -8.069084722792464
549.1282492973584 1.361943986017471 -8.069084722792464
572.0633645738752 1.36194398601747 -8.069084722792464
594.9984798503922 1.361943986017471 -8.069084722792464
617.933595126909 1.361943986017471 -8.069084722792464
640.868710403426 1.361943986017471 -8.069084722792464
663.8038256799427 1.36194398601747 -8.069084722792464
686.7389409564596 1.361943986017471 -8.069084722792464
709.6740562329765 1.36194398601747 -8.069084722792464
732.6091715094933 1.361943986017471 -8.069084722792464
755.5442867860102 1.361943986017471 -8.069084722792464
778.4794020625272 1.361943986017471 -8.069084722792464
20.63676249332525 2.400281939196988 -8.382796401873421
43.63150416039645 2.400281939196988 -8.382796401873421
66.62624582746776 2.400281939196988 -8.382796401873421
89.62098749453878 2.400281939196989 -8.382796401873421
112.6157291616099 2.400281939196987 -8.382796401873421
135.6104708286813 2.400281939196989 -8.382796401873421
158.6052124957523 2.400281939196988 -8.382796401873421
181.5999541628234 2.400281939196988 -8.382796401873421
204.5946958298946 2.400281939196989 -8.382796401873421
227.5894374969659 2.400281939196989 -8.382796401873421
250.584179164037 2.400281939196988 -8.382796401873421
273.5789208311081 2.400281939196988 -8.382796401873421
296.5736624981793 2.400281939196988 -8.382796401873421
319.5684041652504 2.400281939196988 -8.382796401873421
342.5631458323215 2.400281939196989 -8.382796401873421
365.5578874993927 2.400281939196988 -8.382796401873421
388.5526291664638 2.400281939196988 -8.382796401873421
411.547370833535 2.400281939196989 -8.382796401873421
434.5421125006062 2.400281939196989 -8.382796401873421
457.5368541676773 2.400281939196989 -8.382796401873421
480.5315958347485 2.400281939196988 -8.382796401873421
503.5263375018197 2.400281939196988 -8.382796401873421
526.5210791688908 2.400281939196989 -8.382796401873421
549.5158208359621 2.400281939196989 -8.382796401873421
572.5105625030333 2.400281939196989 -8.382796401873421
595.5053041701046 2.400281939196989 -8.382796401873421
618.5000458371759 2.400281939196988 -8.382796401873421
641.4947875042471 2.400281939196988 -8.382796401873421
664.4895291713184 2.400281939196989 -8.382796401873421
687.4842708383896 2.400281939196988 -8.382796401873421
710.4790125054608 2.400281939196989 -8.382796401873421
733.4737541725322 2.400281939196989 -8.382796401873421
756.4684958396035 2.400281939196989 -8.382796401873421
779.4632375066747 2.400281939196989 -8.382796401873421
19.06262578881007 4.061622657824445 -8.884735086451268
42.15276968039717 4.061622657824445 -8.884735086451268
65.24291357198445 4.061622657824445 -8.884735086451268
88.33305746357166 4.061622657824445 -8.884735086451268
111.423201355159 4.061622657824445 -8.884735086451268
134.5133452467463 4.061622657824445 -8.884735086451268
157.6034891383335 4.061622657824445 -8.884735086451268
180.6936330299209 4.061622657824445 -8.884735086451268
203.7837769215081 4.061622657824445 -8.884735086451268
226.8739208130953 4.061622657824445 -8.884735086451268
249.9640647046826 4.061622657824445 -8.884735086451268
273.0542085962698 4.061622657824445 -8.884735086451268
296.144352487857 4.061622657824445 -8.884735086451268
319.2344963794443 4.061622657824445 -8.884735086451268
342.3246402710315 4.061622657824445 -8.884735086451268
365.4147841626187 4.061622657824445 -8.884735086451268
388.5049280542059 4.061622657824445 -8.884735086451268
411.5950719457932 4.061622657824445 -8.884735086451268
434.6852158373804 4.061622657824445 -8.884735086451268
457.7753597289677 4.061622657824445 -8.884735086451268
480.8655036205549 4.061622657824445 -8.884735086451268
503.9556475121422 4.061622657824445 -8.884735086451268
527.0457914037295 4.061622657824445 -8.884735086451268
550.1359352953168 4.061622657824445 -8.884735086451268
573.2260791869041 4.061622657824445 -8.884735086451268
596.3162230784915 4.061622657824445 -8.884735086451268
619.4063669700788 4.061622657824445 -8.884735086451268
642.4965108616661 4.061622657824445 -8.884735086451268
665.5866547532535 4.061622657824445 -8.884735086451268
688.6767986448407 4.061622657824445 -8.884735086451268
711.766942536428 4.061622657824445 -8.884735086451268
734.8570864280152 4.061622657824445 -8.884735086451268
757.9472303196026 4.061622657824445 -8.884735086451268
781.03737421119 4.061622657824445 -8.884735086451268
16.54400709585309 6.719767771462188 -9.687836970848982
39.78679454458927 6.719767771462187 -9.687836970848982
63.02958199332556 6.719767771462187 -9.687836970848982
86.27236944206163 6.719767771462188 -9.687836970848982
109.5151568907978 6.719767771462188 -9.687836970848982
132.757944339534 6.719767771462188 -9.687836970848982
156.0007317882702 6.719767771462188 -9.687836970848982
179.2435192370064 6.719767771462188 -9.687836970848982
202.4863066857425 6.719767771462187 -9.687836970848982
225.7290941344787 6.719767771462188 -9.687836970848982
248.971881583215 6.719767771462188 -9.687836970848982
272.2146690319511 6.719767771462188 -9.687836970848982
295.4574564806873 6.719767771462188 -9.687836970848982
318.7002439294233 6.719767771462188 -9.687836970848982
341.9430313781595 6.719767771462188 -9.687836970848982
365.1858188268956 6.719767771462188 -9.687836970848982
388.4286062756318 6.719767771462188 -9.687836970848982
411.6713937243679 6.719767771462188 -9.687836970848982
434.9141811731041 6.719767771462188 -9.687836970848982
458.1569686218402 6.719767771462188 -9.687836970848982
481.3997560705764 6.719767771462188 -9.687836970848982
504.6425435193125 6.719767771462188 -9.687836970848982
527.8853309680486 6.719767771462188 -9.687836970848982
551.1281184167849 6.719767771462188 -9.687836970848982
574.3709058655211 6.719767771462188 -9.687836970848982
597.6136933142573 6.719767771462187 -9.687836970848982
620.8564807629934 6.719767771462188 -9.687836970848982
644.0992682117297 6.719767771462188 -9.687836970848982
667.3420556604658 6.719767771462188 -9.687836970848982
690.5848431092021 6.719767771462188 -9.687836970848982
713.8276305579383 6.719767771462188 -9.687836970848982
737.0704180066743 6.719767771462188 -9.687836970848982
760.3132054554105 6.719767771462188 -9.687836970848982
783.5559929041466 6.719767771462188 -9.687836970848982
2 71 0 4
3237
3238
3239
3240
0 -0.02625788842635603 -7.64625787462731
0 0.02625788842635578 -7.646257874627309
0 -0.02625788258033909 -7.593742123038012
0 0.02625788258033868 -7.593742123038005
2 72 0 4
3241
3242
3243
3244
800.0999999999998 -0.02625788842635603 -7.64625787462731
800.1000000000001 0.02625788842635578 -7.646257874627309
800.0999999999999 -0.02625788258033909 -7.593742123038012
800.0999999999992 0.02625788258033868 -7.593742123038005
3 1 0 1196
3245
3246
3247
3248
3249
3250
3251
3252
3253
3254
3255
3256
3257
3258
3259
3260
3261
3262
3263
3264
3265
3266
3267
3268
3269
3270
3271
3272
3273
3274
3275
3276
3277
3278
3279
3280
3281
3282
3283
3284
3285
3286
3287
3288
3289
3290
3291
3292
3293
3294
3295
3296
3297
3298
3299
3300
3301
3302
3303
3304
3305
3306
3307
3308
3309
3310
3311
3312
3313
3314
3315
3316
3317
3318
3319
3320
3321
3322
3323
3324
3325
3326
3327
3328
3329
3330
3331
3332
3333
3334
3335
3336
3337
3338
3339
3340
3341
3342
3343
3344
3345
3346
3347
3348
3349
3350
3351
3352
3353
3354
3355
3356
3357
3358
3359
3360
3361
3362
3363
3364
3365
3366
3367
3368
3369
3370
3371
3372
3373
3374
3375
3376
3377
3378
3379
3380
3381
3382
3383
3384
3385
3386
3387
3388
3389
3390
3391
3392
3393
3394
3395
3396
3397
3398
3399
3400
3401
3402
3403
3404
3405
3406
3407
3408
3409
3410
3411
3412
3413
3414
3415
3416
3417
3418
3419
3420
3421
3422
3423
3424
3425
3426
3427
3428
3429
3430
3431
3432
3433
3434
3435
3436
3437
3438
3439
3440
3441
3442
3443
3444
3445
3446
3447
3448
3449
3450
3451
3452
3453
3454
3455
3456
3457
3458
3459
3460
3461
3462
3463
3464
3465
3466
3467
3468
3469
3470
3471
3472
3473
3474
3475
3476
3477
3478
3479
3480
3481
3482
3483
3484
3485
3486
3487
3488
3489
3490
3491
3492
3493
3494
3495
3496
3497
3498
3499
3500
3501
3502
3503
3504
3505
3506
3507
3508
3509
3510
3511
3512
3513
3514
3515
3516
3517
3518
3519
3520
3521
3522
3523
3524
3525
3526
3527
3528
3529
3530
3531
3532
3533
3534
3535
3536
3537
3538
3539
3540
3541
3542
3543
3544
3545
3546
3547
3548
3549
3550
3551
3552
3553
3554
3555
3556
3557
3558
3559
3560
3561
3562
3563
3564
3565
3566
3567
3568
3569
3570
3571
3572
3573
3574
3575
3576
3577
3578
3579
3580
3581
3582
3583
3584
3585
3586
3587
3588
3589
3590
3591
3592
3593
3594
3595
3596
3597
3598
3599
3600
3601
3602
3603
3604
3605
3606
3607
3608
3609
3610
3611
3612
3613
3614
3615
3616
3617
3618
3619
3620
3621
3622
3623
3624
3625
3626
3627
3628
3629
3630
3631
3632
3633
3634
3635
3636
3637
3638
3639
3640
3641
3642
3643
3644
3645
3646
3647
3648
3649
3650
3651
3652
3653
3654
3655
3656
3657
3658
3659
3660
3661
3662
3663
3664
3665
3666
3667
3668
3669
3670
3671
3672
3673
3674
3675
3676
3677
3678
3679
3680
3681
3682
3683
3684
3685
3686
3687
3688
3689
3690
3691
3692
3693
3694
3695
3696
3697
3698
3699
3700
3701
3702
3703
3704
3705
3706
3707
3708
3709
3710
3711
3712
3713
3714
3715
3716
3717
3718
3719
3720
3721
3722
3723
3724
3725
3726
3727
3728
3729
3730
3731
3732
3733
3734
3735
3736
3737
3738
3739
3740
3741
3742
3743
3744
3745
3746
3747
3748
3749
3750
3751
3752
3753
3754
3755
3756
3757
3758
3759
3760
3761
3762
3763
3764
3765
3766
3767
3768
3769
3770
3771
3772
3773
3774
3775
3776
3777
3778
3779
3780
3781
3782
3783
3784
3785
3786
3787
3788
3789
3790
3791
3792
3793
3794
3795
3796
3797
3798
3799
3800
3801
3802
3803
3804
3805
3806
3807
3808
3809
3810
3811
3812
3813
3814
3815
3816
3817
3818
3819
3820
3821
3822
3823
3824
3825
3826
3827
3828
3829
3830
3831
3832
3833
3834
3835
3836
3837
3838
3839
3840
3841
3842
3843
3844
3845
3846
3847
3848
3849
3850
3851
3852
3853
3854
3855
3856
3857
3858
3859
3860
3861
3862
3863
3864
3865
3866
3867
3868
3869
3870
3871
3872
3873
3874
3875
3876
3877
3878
3879
3880
3881
3882
3883
3884
3885
3886
3887
3888
3889
3890
3891
3892
3893
3894
3895
3896
3897
3898
3899
3900
3901
3902
3903
3904
3905
3906
3907
3908
3909
3910
3911
3912
3913
3914
3915
3916
3917
3918
3919
3920
3921
3922
3923
3924
3925
3926
3927
3928
3929
3930
3931
3932
3933
3934
3935
3936
3937
3938
3939
3940
3941
3942
3943
3944
3945
3946
3947
3948
3949
3950
3951
3952
3953
3954
3955
3956
3957
3958
3959
3960
3961
3962
3963
3964
3965
3966
3967
3968
3969
3970
3971
3972
3973
3974
3975
3976
3977
3978
3979
3980
3981
3982
3983
3984
3985
3986
3987
3988
3989
3990
3991
3992
3993
3994
3995
3996
3997
3998
3999
4000
4001
4002
4003
4004
4005
4006
4007
4008
4009
4010
4011
4012
4013
4014
4015
4016
4017
4018
4019
4020
4021
4022
4023
4024
4025
4026
4027
4028
4029
4030
4031
4032
4033
4034
4035
4036
4037
4038
4039
4040
4041
4042
4043
4044
4045
4046
4047
4048
4049
4050
4051
4052
4053
4054
4055
4056
4057
4058
4059
4060
4061
4062
4063
4064
4065
4066
4067
4068
4069
4070
4071
4072
4073
4074
4075
4076
4077
4078
4079
4080
4081
4082
4083
4084
4085
4086
4087
4088
4089
4090
4091
4092
4093
4094
4095
4096
4097
4098
4099
4100
4101
4102
4103
4104
4105
4106
4107
4108
4109
4110
4111
4112
4113
4114
4115
4116
4117
4118
4119
4120
4121
4122
4123
4124
4125
4126
4127
4128
4129
4130
4131
4132
4133
4134
4135
4136
4137
4138
4139
4140
4141
4142
4143
4144
4145
4146
4147
4148
4149
4150
4151
4152
4153
4154
4155
4156
4157
4158
4159
4160
4161
4162
4163
4164
4165
4166
4167
4168
4169
4170
4171
4172
4173
4174
4175
4176
4177
4178
4179
4180
4181
4182
4183
4184
4185
4186
4187
4188
4189
4190
4191
4192
4193
4194
4195
4196
4197
4198
4199
4200
4201
4202
4203
4204
4205
4206
4207
4208
4209
4210
4211
4212
4213
4214
4215
4216
4217
4218
4219
4220
4221
4222
4223
4224
4225
4226
4227
4228
4229
4230
4231
4232
4233
4234
4235
4236
4237
4238
4239
4240
4241
4242
4243
4244
4245
4246
4247
4248
4249
4250
4251
4252
4253
4254
4255
4256
4257
4258
4259
4260
4261
4262
4263
4264
4265
4266
4267
4268
4269
4270
4271
4272
4273
4274
4275
4276
4277
4278
4279
4280
4281
4282
4283
4284
4285
4286
4287
4288
4289
4290
4291
4292
4293
4294
4295
4296
4297
4298
4299
4300
4301
4302
4303
4304
4305
4306
4307
4308
4309
4310
4311
4312
4313
4314
4315
4316
4317
4318
4319
4320
4321
4322
4323
4324
4325
4326
4327
4328
4329
4330
4331
4332
4333
4334
4335
4336
4337
4338
4339
4340
4341
4342
4343
4344
4345
4346
4347
4348
4349
4350
4351
4352
4353
4354
4355
4356
4357
4358
4359
4360
4361
4362
4363
4364
4365
4366
4367
4368
4369
4370
4371
4372
4373
4374
4375
4376
4377
4378
4379
4380
4381
4382
4383
4384
4385
4386
4387
4388
4389
4390
4391
4392
4393
4394
4395
4396
4397
4398
4399
4400
4401
4402
4403
4404
4405
4406
4407
4408
4409
4410
4411
4412
4413
4414
4415
4416
4417
4418
4419
4420
4421
4422
4423
4424
4425
4426
4427
4428
4429
4430
4431
4432
4433
4434
4435
4436
4437
4438
4439
4440
788.0598714716234 35.3743632806107 -3.6576
788.0598714716234 35.3743632806107 3.657599999999999
38.81544779989434 -34.3265871439724 -3.6576
38.81544779989434 -34.3265871439724 3.657599999999999
59.89194691425115 34.57963640154754 -3.6576
59.89194691425115 34.57963640154754 3.657599999999999
740.4313098505196 -34.32465066411433 -3.6576
740.4313098505196 -34.32465066411433 3.657599999999999
484.2457714164659 -40.07219431545133 -3.6576
484.2457714164659 -40.07219431545133 3.657599999999999
318.6891867067529 31.77143950021966 -3.6576
318.6891867067529 31.77143950021966 3.657599999999999
247.7151494897325 -39.17996708898657 -3.6576
247.7151494897325 -39.17996708898657 3.657599999999999
576.8995596447805 34.9474353406552 -3.6576
576.8995596447805 34.9474353406552 3.657599999999999
1504.85691254353 8.713983557721754 -3.6576
1504.85691254353 8.713983557721754 3.657599999999999
825.8278982411921 14.77553861947612 -3.6576
825.8278982411921 14.77553861947612 3.657599999999999
-701.6218381056727 -7.125462907234156 -3.6576
-701.6218381056727 -7.125462907234156 3.657599999999999
-28.47694512129925 -12.86554211502087 -3.6576
-28.47694512129925 -12.86554211502087 3.657599999999999
-233.7216870732506 664.9115704337891 -3.6576
-233.7216870732506 664.9115704337891 3.657599999999999
1321.228847864402 -500.4932456438711 -3.6576
1321.228847864402 -500.4932456438711 3.657599999999999
-537.7384772692093 546.086227127083 -3.6576
-537.7384772692093 546.086227127083 3.657599999999999
-346.223431593727 -672.4885488520385 -3.6576
-346.223431593727 -672.4885488520385 3.657599999999999
1301.111547876522 516.9634289415708 -3.6576
1301.111547876522 516.9634289415708 3.657599999999999
663.20632053577 713.5720936630838 -3.6576
663.20632053577 713.5720936630838 3.657599999999999
668.9347090906836 -714.2547760888999 -3.6576
668.9347090906836 -714.2547760888999 3.657599999999999
596.1180668217057 -33.38797754339664 -3.6576
596.1180668217057 -33.38797754339664 3.657599999999999
-3.36308410307845 -704.7032641832745 -3.6576
-3.36308410307845 -704.7032641832745 3.657599999999999
396.8209884738619 -709.4046833306086 -3.6576
396.8209884738619 -709.4046833306086 3.657599999999999
138.7630820943677 705.214691505601 -3.6576
138.7630820943677 705.214691505601 3.657599999999999
202.486255493436 27.44818180950065 -3.6576
202.486255493436 27.44818180950065 3.657599999999999
460.3116983493935 36.22294493439546 -3.6576
460.3116983493935 36.22294493439546 3.657599999999999
346.6535723176152 -35.00153156869889 -3.6576
346.6535723176152 -35.00153156869889 3.657599999999999
697.673962882071 38.00267989247035 -3.6576
697.673962882071 38.00267989247035 3.657599999999999
132.092906134216 -32.83674267167135 -3.6576
132.092906134216 -32.83674267167135 3.657599999999999
786.1099868174772 -31.58204120138694 -3.6576
786.1099868174772 -31.58204120138694 3.657599999999999
13.18467342279172 31.89347334945982 -3.6576
13.18467342279172 31.89347334945982 3.657599999999999
-653.1496135834101 -305.0718691241518 -3.6576
-653.1496135834101 -305.0718691241518 3.657599999999999
648.3807965767554 35.29110159143566 -3.6576
648.3807965767554 35.29110159143566 3.657599999999999
527.140221226555 36.03100869893846 -3.6576
527.140221226555 36.03100869893846 3.657599999999999
528.5856921884346 -30.54240556848772 -3.6576
528.5856921884346 -30.54240556848772 3.657599999999999
270.7033226078849 33.38876260504937 -3.6576
270.7033226078849 33.38876260504937 3.657599999999999
391.1610256759831 -29.98008511253051 -3.6576
391.1610256759831 -29.98008511253051 3.657599999999999
410.9275670587763 39.19499735853056 -3.6576
410.9275670587763 39.19499735853056 3.657599999999999
646.1978352206005 -37.85719454886778 -3.6576
646.1978352206005 -37.85719454886778 3.657599999999999
160.1076354866142 38.65051948442755 -3.6576
160.1076354866142 38.65051948442755 3.657599999999999
925.5115662878917 -694.3922485135218 -3.6576
925.5115662878917 -694.3922485135218 3.657599999999999
907.2644193338019 708.9061298494109 -3.6576
907.2644193338019 708.9061298494109 3.657599999999999
1477.670095799021 -231.4217684226602 -3.6576
1477.670095799021 -231.4217684226602 3.657599999999999
1474.270473820324 274.5928680434585 -3.6576
1474.270473820324 274.5928680434585 3.657599999999999
-660.8593521179924 232.0755584554892 -3.6576
-660.8593521179924 232.0755584554892 3.657599999999999
1139.029267189023 618.6221405711703 -3.6576
1139.029267189023 618.6221405711703 3.657599999999999
86.30618113725501 -32.5811717425116 -3.6576
86.30618113725501 -32.5811717425116 3.657599999999999
199.2389043792038 -35.63872446056977 -3.6576
199.2389043792038 -35.63872446056977 3.657599999999999
744.585740950864 26.63588526645698 -3.6576
744.585740950864 26.63588526645698 3.657599999999999
425.3154960102469 -40.09676834541451 -3.6576
425.3154960102469 -40.09676834541451 3.657599999999999
361.7272699914076 34.47944788933953 -3.6576
361.7272699914076 34.47944788933953 3.657599999999999
297.5969823201293 -36.1052136949087 -3.6576
297.5969823201293 -36.1052136949087 3.657599999999999
693.7208426830064 -34.20386514168103 -3.6576
693.7208426830064 -34.20386514168103 3.657599999999999
106.5500753847504 35.67065816095179 -3.6576
106.5500753847504 35.67065816095179 3.657599999999999
401.8840860096137 713.3312302872073 -3.6576
401.8840860096137 713.3312302872073 3.657599999999999
1167.15018616333 -598.1945747026514 -3.6576
1167.15018616333 -598.1945747026514 3.657599999999999
258.6161250851088 -706.861817298874 -3.6576
258.6161250851088 -706.861817298874 3.657599999999999
-496.803072725582 -496.7670113908273 -3.6576
-496.803072725582 -496.7670113908273 3.657599999999999
-566.8421889845309 466.0716269210738 -3.6576
-566.8421889845309 466.0716269210738 3.657599999999999
-255.8734241118485 -675.9885778764288 -3.6576
-255.8734241118485 -675.9885778764288 3.657599999999999
1018.556032443799 679.3301008798878 -3.6576
1018.556032443799 679.3301008798878 3.657599999999999
1044.857540691169 -658.2176212229314 -3.6576
1044.857540691169 -658.2176212229314 3.657599999999999
-116.385947972812 691.7711442303186 -3.6576
-116.385947972812 691.7711442303186 3.657599999999999
-348.1079599527609 624.1243856670814 -3.6576
-348.1079599527609 624.1243856670814 3.657599999999999
-716.4710467356068 -233.5043074461574 -3.6576
-716.4710467356068 -233.5043074461574 3.657599999999999
1422.92542942104 -344.7601129639133 -3.6576
1422.92542942104 -344.7601129639133 3.657599999999999
1497.827014200105 136.9868526166718 -3.6576
1497.827014200105 136.9868526166718 3.657599999999999
1404.855307478849 366.8502420954944 -3.6576
1404.855307478849 366.8502420954944 3.657599999999999
1501.184651551326 -116.5540615759652 -3.6576
1501.184651551326 -116.5540615759652 3.657599999999999
-454.4234187916898 329.8026290586345 -3.6576
-454.4234187916898 329.8026290586345 3.657599999999999
1235.087065748655 -375.4897860945649 -3.6576
1235.087065748655 -375.4897860945649 3.657599999999999
1376.824571133796 8.66651498349156 -3.6576
1376.824571133796 8.66651498349156 3.657599999999999
-128.5101427190707 -554.619519844721 -3.6576
-128.5101427190707 -554.619519844721 3.657599999999999
-509.7281184338652 -325.8915388683029 -3.6576
-509.7281184338652 -325.8915388683029 3.657599999999999
1183.076383874913 421.8257875239768 -3.6576
1183.076383874913 421.8257875239768 3.657599999999999
-329.7769715956629 501.7691447727864 -3.6576
-329.7769715956629 501.7691447727864 3.657599999999999
235.6467702672667 -548.414704554687 -3.6576
235.6467702672667 -548.414704554687 3.657599999999999
910.3292932165341 -565.6943589044862 -3.6576
910.3292932165341 -565.6943589044862 3.657599999999999
962.8220032965477 581.5233570051294 -3.6576
962.8220032965477 581.5233570051294 3.657599999999999
1375.962033985887 233.8828670108745 -3.6576
1375.962033985887 233.8828670108745 3.657599999999999
1394.514931812242 -207.2230569355154 -3.6576
1394.514931812242 -207.2230569355154 3.657599999999999
798.3603724880763 -709.6584695962089 -3.6576
798.3603724880763 -709.6584695962089 3.657599999999999
789.9865837937824 714.6599595067094 -3.6576
789.9865837937824 714.6599595067094 3.657599999999999
532.6808946541948 714.2872289456768 -3.6576
532.6808946541948 714.2872289456768 3.657599999999999
533.9949671668526 -712.6309490098243 -3.6576
533.9949671668526 -712.6309490098243 3.657599999999999
270.9693624773262 709.1599243693122 -3.6576
270.9693624773262 709.1599243693122 3.657599999999999
124.7597112302811 -707.5319114193954 -3.6576
124.7597112302811 -707.5319114193954 3.657599999999999
8.450550893738978 702.2592503321692 -3.6576
8.450550893738978 702.2592503321692 3.657599999999999
-704.0448787234096 -138.4493447803115 -3.6576
-704.0448787234096 -138.4493447803115 3.657599999999999
-611.2940076188111 352.5389764447735 -3.6576
-611.2940076188111 352.5389764447735 3.657599999999999
-581.9331574563671 -399.5386631014791 -3.6576
-581.9331574563671 -399.5386631014791 3.657599999999999
-132.1046394104771 -690.5696505665596 -3.6576
-132.1046394104771 -690.5696505665596 3.657599999999999
-458.7000991004943 579.8117075812698 -3.6576
-458.7000991004943 579.8117075812698 3.657599999999999
1329.951772928033 -274.3548140311271 -3.6576
1329.951772928033 -274.3548140311271 3.657599999999999
1373.796969160983 138.4919586670564 -3.6576
1373.796969160983 138.4919586670564 3.657599999999999
1070.249288609583 512.7730863763063 -3.6576
1070.249288609583 512.7730863763063 3.657599999999999
1018.981641965293 -528.2265539442186 -3.6576
1018.981641965293 -528.2265539442186 3.657599999999999
-217.7306423220872 537.9194081680946 -3.6576
-217.7306423220872 537.9194081680946 3.657599999999999
-407.0200866686645 -595.3446353238079 -3.6576
-407.0200866686645 -595.3446353238079 3.657599999999999
-694.8049850427216 115.9501212369069 -3.6576
-694.8049850427216 115.9501212369069 3.657599999999999
657.7512303353527 585.6913385020353 -3.6576
657.7512303353527 585.6913385020353 3.657599999999999
670.3720422169129 -584.0498727505378 -3.6576
670.3720422169129 -584.0498727505378 3.657599999999999
280.6015579228353 576.7666674201071 -3.6576
280.6015579228353 576.7666674201071 3.657599999999999
1256.137067520986 -152.2724905608695 -3.6576
1256.137067520986 -152.2724905608695 3.657599999999999
1235.343143840923 147.849265738039 -3.6576
1235.343143840923 147.849265738039 3.657599999999999
985.6314424468989 -415.1067899495769 -3.6576
985.6314424468989 -415.1067899495769 3.657599999999999
980.2645793186398 427.9485688717554 -3.6576
980.2645793186398 427.9485688717554 3.657599999999999
-99.37745667132617 448.5436565175494 -3.6576
-99.37745667132617 448.5436565175494 3.657599999999999
-7.293860828259255 -574.3793226699756 -3.6576
-7.293860828259255 -574.3793226699756 3.657599999999999
391.8502126832352 -569.0753453226297 -3.6576
391.8502126832352 -569.0753453226297 3.657599999999999
-553.7241707378417 5.937522083079165 -3.6576
-553.7241707378417 5.937522083079165 3.657599999999999
-531.6363912629909 189.0738264234356 -3.6576
-531.6363912629909 189.0738264234356 3.657599999999999
-539.3393795645977 -183.03800777768 -3.6576
-539.3393795645977 -183.03800777768 3.657599999999999
891.5631069989895 625.7210043663933 -3.6576
891.5631069989895 625.7210043663933 3.657599999999999
793.5756838557514 -581.5902021859594 -3.6576
793.5756838557514 -581.5902021859594 3.657599999999999
108.0850870991506 -577.636350120623 -3.6576
108.0850870991506 -577.636350120623 3.657599999999999
-450.6572453478639 470.9390328069346 -3.6576
-450.6572453478639 470.9390328069346 3.657599999999999
532.651966673794 585.8868575329006 -3.6576
532.651966673794 585.8868575329006 3.657599999999999
-106.2320369049572 562.1974488977264 -3.6576
-106.2320369049572 562.1974488977264 3.657599999999999
9.892190320752661 567.977955591358 -3.6576
9.892190320752661 567.977955591358 3.657599999999999
-280.6263168477366 -518.8856658588293 -3.6576
-280.6263168477366 -518.8856658588293 3.657599999999999
-399.2395126120781 -373.7558886616134 -3.6576
-399.2395126120781 -373.7558886616134 3.657599999999999
1127.641263194963 -465.1449041563966 -3.6576
1127.641263194963 -465.1449041563966 3.657599999999999
1385.046048490364 -118.6206450832984 -3.6576
1385.046048490364 -118.6206450832984 3.657599999999999
1274.948871737054 295.1526814929957 -3.6576
1274.948871737054 295.1526814929957 3.657599999999999
1166.412092016515 -272.0646049833704 -3.6576
1166.412092016515 -272.0646049833704 3.657599999999999
1258.00987456161 2.639045721375968 -3.6576
1258.00987456161 2.639045721375968 3.657599999999999
1101.106741731649 347.1238579227648 -3.6576
1101.106741731649 347.1238579227648 3.657599999999999
2.734139064993485 451.8777192073527 -3.6576
2.734139064993485 451.8777192073527 3.657599999999999
-441.0715897669033 -26.25822765528753 -3.6576
-441.0715897669033 -26.25822765528753 3.657599999999999
-108.2634298045485 -435.9552817678009 -3.6576
-108.2634298045485 -435.9552817678009 3.657599999999999
647.9857858047139 469.1599100097142 -3.6576
647.9857858047139 469.1599100097142 3.657599999999999
259.1688584113768 -429.1968384761583 -3.6576
259.1688584113768 -429.1968384761583 3.657599999999999
1102.402948839816 -186.0967064536561 -3.6576
1102.402948839816 -186.0967064536561 3.657599999999999
1133.503126256725 94.65417744190229 -3.6576
1133.503126256725 94.65417744190229 3.657599999999999
963.2042066319574 315.4535683958335 -3.6576
963.2042066319574 315.4535683958335 3.657599999999999
-382.6927998080882 241.9025780936854 -3.6576
-382.6927998080882 241.9025780936854 3.657599999999999
-373.1939195529818 -215.5511777595248 -3.6576
-373.1939195529818 -215.5511777595248 3.657599999999999
787.787667837862 -464.6121573267735 -3.6576
787.787667837862 -464.6121573267735 3.657599999999999
-298.583315543064 -337.7703298327373 -3.6576
-298.583315543064 -337.7703298327373 3.657599999999999
90.65402739567821 -468.4622357731267 -3.6576
90.65402739567821 -468.4622357731267 3.657599999999999
1166.287955058709 285.8279346958546 -3.6576
1166.287955058709 285.8279346958546 3.657599999999999
534.5816958466847 -577.1957313376749 -3.6576
534.5816958466847 -577.1957313376749 3.657599999999999
1077.4610174929 -355.9991886260171 -3.6576
1077.4610174929 -355.9991886260171 3.657599999999999
406.0704427321927 582.4332619818724 -3.6576
406.0704427321927 582.4332619818724 3.657599999999999
147.6506759868672 545.4004369358624 -3.6576
147.6506759868672 545.4004369358624 3.657599999999999
-202.4214909190937 426.0509668847023 -3.6576
-202.4214909190937 426.0509668847023 3.657599999999999
888.5796049092952 -448.5869028818485 -3.6576
888.5796049092952 -448.5869028818485 3.657599999999999
-599.3157111998711 104.8722294766057 -3.6576
-599.3157111998711 104.8722294766057 3.657599999999999
830.0859368107724 431.7906554345179 -3.6576
830.0859368107724 431.7906554345179 3.657599999999999
893.0050118190702 503.4519289793187 -3.6576
893.0050118190702 503.4519289793187 3.657599999999999
287.1325992936324 460.669406499166 -3.6576
287.1325992936324 460.669406499166 3.657599999999999
-3.652683079609972 357.0095890321364 -3.6576
-3.652683079609972 357.0095890321364 3.657599999999999
803.5839807916175 348.7395034676411 -3.6576
803.5839807916175 348.7395034676411 3.657599999999999
-296.7371053108066 -167.0935553428223 -3.6576
-296.7371053108066 -167.0935553428223 3.657599999999999
537.6957822453112 467.6566897220252 -3.6576
537.6957822453112 467.6566897220252 3.657599999999999
1144.102380612767 -98.71517722865917 -3.6576
1144.102380612767 -98.71517722865917 3.657599999999999
96.81239586441473 428.9296305016452 -3.6576
96.81239586441473 428.9296305016452 3.657599999999999
-391.6174378389757 140.1151453564825 -3.6576
-391.6174378389757 140.1151453564825 3.657599999999999
542.8236548612676 -433.3058996275162 -3.6576
542.8236548612676 -433.3058996275162 3.657599999999999
677.1397327539205 -462.8726811665452 -3.6576
677.1397327539205 -462.8726811665452 3.657599999999999
380.0486623242152 -427.568018565679 -3.6576
380.0486623242152 -427.568018565679 3.657599999999999
-91.09964596634182 352.5556880942437 -3.6576
-91.09964596634182 352.5556880942437 3.657599999999999
-215.6350888514376 -375.3640982925361 -3.6576
-215.6350888514376 -375.3640982925361 3.657599999999999
-313.423359094108 389.9287268343965 -3.6576
-313.423359094108 389.9287268343965 3.657599999999999
-5.618003729302586 -459.769169433986 -3.6576
-5.618003729302586 -459.769169433986 3.657599999999999
950.0940455677024 -321.0074665704958 -3.6576
950.0940455677024 -321.0074665704958 3.657599999999999
1049.975506715613 275.5200470962808 -3.6576
1049.975506715613 275.5200470962808 3.657599999999999
1024.404634208141 -273.8646886200894 -3.6576
1024.404634208141 -273.8646886200894 3.657599999999999
880.3242602075118 335.8662840088032 -3.6576
880.3242602075118 335.8662840088032 3.657599999999999
1082.410980655631 162.6419883366947 -3.6576
1082.410980655631 162.6419883366947 3.657599999999999
-441.9471107108324 -96.3163881062317 -3.6576
-441.9471107108324 -96.3163881062317 3.657599999999999
1154.115897732947 0.9599013585466427 -3.6576
1154.115897732947 0.9599013585466427 3.657599999999999
797.4344300280762 578.3349475936496 -3.6576
797.4344300280762 578.3349475936496 3.657599999999999
892.0728839432981 396.4265117293887 -3.6576
892.0728839432981 396.4265117293887 3.657599999999999
1133.198910799857 223.8731198838234 -3.6576
1133.198910799857 223.8731198838234 3.657599999999999
160.1960472229821 -466.8225097216702 -3.6576
160.1960472229821 -466.8225097216702 3.657599999999999
-317.4520273790474 181.7232202922366 -3.6576
-317.4520273790474 181.7232202922366 3.657599999999999
417.6067538679443 -345.5416981728836 -3.6576
417.6067538679443 -345.5416981728836 3.657599999999999
171.0836096723744 -399.148150695934 -3.6576
171.0836096723744 -399.148150695934 3.657599999999999
548.3952740220191 366.9122821078569 -3.6576
548.3952740220191 366.9122821078569 3.657599999999999
608.4379824223413 -341.9360814299785 -3.6576
608.4379824223413 -341.9360814299785 3.657599999999999
1053.002145837153 -116.5967049745228 -3.6576
1053.002145837153 -116.5967049745228 3.657599999999999
4.882527280961597 -360.7260625777668 -3.6576
4.882527280961597 -360.7260625777668 3.657599999999999
-3.706543861119599 277.1500745772712 -3.6576
-3.706543861119599 277.1500745772712 3.657599999999999
863.8790509814382 262.3202232447561 -3.6576
863.8790509814382 262.3202232447561 3.657599999999999
867.7245289837994 -348.7792954225012 -3.6576
867.7245289837994 -348.7792954225012 3.657599999999999
1059.109698692342 75.12226089588745 -3.6576
1059.109698692342 75.12226089588745 3.657599999999999
-138.3691766766359 -320.7510731824145 -3.6576
-138.3691766766359 -320.7510731824145 3.657599999999999
127.9313366206169 328.6702719212362 -3.6576
127.9313366206169 328.6702719212362 3.657599999999999
980.9308804493377 -228.3214229182972 -3.6576
980.9308804493377 -228.3214229182972 3.657599999999999
410.5039608582441 442.4615933101705 -3.6576
410.5039608582441 442.4615933101705 3.657599999999999
-183.2344040340745 332.7089206498719 -3.6576
-183.2344040340745 332.7089206498719 3.657599999999999
-3.176066375686901 29.73355358408267 -3.6576
-3.176066375686901 29.73355358408267 3.657599999999999
-351.3214791029203 -28.27612426437254 -3.6576
-351.3214791029203 -28.27612426437254 3.657599999999999
1012.567739457625 208.0672709522447 -3.6576
1012.567739457625 208.0672709522447 3.657599999999999
991.5439216476121 -176.507478621355 -3.6576
991.5439216476121 -176.507478621355 3.657599999999999
74.66763634406203 345.8892790647218 -3.6576
74.66763634406203 345.8892790647218 3.657599999999999
937.753298928192 240.9215736066675 -3.6576
937.753298928192 240.9215736066675 3.657599999999999
781.3487546940185 -362.9540824926177 -3.6576
781.3487546940185 -362.9540824926177 3.657599999999999
-239.9780304879437 222.9930975524373 -3.6576
-239.9780304879437 222.9930975524373 3.657599999999999
354.2941081058464 -321.1392033980162 -3.6576
354.2941081058464 -321.1392033980162 3.657599999999999
-370.7478476610107 -108.9975794764841 -3.6576
-370.7478476610107 -108.9975794764841 3.657599999999999
-15.29621494635597 46.99649913775997 -3.6576
-15.29621494635597 46.99649913775997 3.657599999999999
358.3533617937833 346.4136676054562 -3.6576
358.3533617937833 346.4136676054562 3.657599999999999
791.5627139912231 270.9572738408294 -3.6576
791.5627139912231 270.9572738408294 3.657599999999999
774.8880025016325 -278.5845219346313 -3.6576
774.8880025016325 -278.5845219346313 3.657599999999999
345.7886480014355 -267.5164388381446 -3.6576
345.7886480014355 -267.5164388381446 3.657599999999999
847.4984474091996 198.7810658159826 -3.6576
847.4984474091996 198.7810658159826 3.657599999999999
-79.91778832257256 272.2057631808865 -3.6576
-79.91778832257256 272.2057631808865 3.657599999999999
638.612739051596 368.2718372793494 -3.6576
638.612739051596 368.2718372793494 3.657599999999999
1070.898967984614 3.081750054984196 -3.6576
1070.898967984614 3.081750054984196 3.657599999999999
909.8898150892653 179.5140429683345 -3.6576
909.8898150892653 179.5140429683345 3.657599999999999
-337.8120316255644 60.90517737750655 -3.6576
-337.8120316255644 60.90517737750655 3.657599999999999
256.2839078072153 -359.8484013783336 -3.6576
256.2839078072153 -359.8484013783336 3.657599999999999
464.1036734999776 348.4039242137761 -3.6576
464.1036734999776 348.4039242137761 3.657599999999999
-26.79337794180822 23.10042050371866 -3.6576
-26.79337794180822 23.10042050371866 3.657599999999999
-287.7679755439431 -112.4618275195794 -3.6576
-287.7679755439431 -112.4618275195794 3.657599999999999
1042.400754409886 125.9526346416844 -3.6576
1042.400754409886 125.9526346416844 3.657599999999999
-77.77789502151154 -340.3112787461913 -3.6576
-77.77789502151154 -340.3112787461913 3.657599999999999
-210.2924468456042 -214.9430851695121 -3.6576
-210.2924468456042 -214.9430851695121 3.657599999999999
67.116877443161 274.1629332093516 -3.6576
67.116877443161 274.1629332093516 3.657599999999999
89.65715623448551 -376.7933769329948 -3.6576
89.65715623448551 -376.7933769329948 3.657599999999999
409.9054619163896 322.3497850023413 -3.6576
409.9054619163896 322.3497850023413 3.657599999999999
-280.891082630136 297.0559382020372 -3.6576
-280.891082630136 297.0559382020372 3.657599999999999
-194.9961529379988 151.0875521073346 -3.6576
-194.9961529379988 151.0875521073346 3.657599999999999
691.2583340442652 -361.8562107205801 -3.6576
691.2583340442652 -361.8562107205801 3.657599999999999
998.0744592129629 -112.986325955685 -3.6576
998.0744592129629 -112.986325955685 3.657599999999999
922.6459404964991 -245.4545645693272 -3.6576
922.6459404964991 -245.4545645693272 3.657599999999999
801.9677555508692 -29.89234993518497 -3.6576
801.9677555508692 -29.89234993518497 3.657599999999999
411.772337889621 -271.1180479808432 -3.6576
411.772337889621 -271.1180479808432 3.657599999999999
132.8962112501494 273.8500197332949 -3.6576
132.8962112501494 273.8500197332949 3.657599999999999
334.477378947005 275.0713796668609 -3.6576
334.477378947005 275.0713796668609 3.657599999999999
98.27753239516704 -291.515859349223 -3.6576
98.27753239516704 -291.515859349223 3.657599999999999
-37.62189648991239 52.52754767588065 -3.6576
-37.62189648991239 52.52754767588065 3.657599999999999
556.1334713990625 282.5825657812176 -3.6576
556.1334713990625 282.5825657812176 3.657599999999999
1005.767249489001 1.906416709643328 -3.6576
1005.767249489001 1.906416709643328 3.657599999999999
785.8434018557336 204.807382819189 -3.6576
785.8434018557336 204.807382819189 3.657599999999999
905.6644447349953 -166.7776184096584 -3.6576
905.6644447349953 -166.7776184096584 3.657599999999999
881.2933043868834 130.4881940415566 -3.6576
881.2933043868834 130.4881940415566 3.657599999999999
-68.09696492772537 204.1555330557812 -3.6576
-68.09696492772537 204.1555330557812 3.657599999999999
11.41130398803665 55.04305370707127 -3.6576
11.41130398803665 55.04305370707127 3.657599999999999
-51.02212303776525 -246.4357562128525 -3.6576
-51.02212303776525 -246.4357562128525 3.657599999999999
-29.93768879657415 4.259394609799865 -3.6576
-29.93768879657415 4.259394609799865 3.657599999999999
190.7818144480535 -306.2221419532672 -3.6576
190.7818144480535 -306.2221419532672 3.657599999999999
1004.137806164413 -54.57311303806714 -3.6576
1004.137806164413 -54.57311303806714 3.657599999999999
-130.6964565169686 188.8984830638319 -3.6576
-130.6964565169686 188.8984830638319 3.657599999999999
989.2778654631195 68.65140285533001 -3.6576
989.2778654631195 68.65140285533001 3.657599999999999
67.34716474448101 209.9245763746717 -3.6576
67.34716474448101 209.9245763746717 3.657599999999999
278.9652996590875 364.1695481440995 -3.6576
278.9652996590875 364.1695481440995 3.657599999999999
482.7203060859023 273.9301990703997 -3.6576
482.7203060859023 273.9301990703997 3.657599999999999
702.2847339652726 -280.3589484856483 -3.6576
702.2847339652726 -280.3589484856483 3.657599999999999
667.9946129362497 217.9319024317843 -3.6576
667.9946129362497 217.9319024317843 3.657599999999999
848.9338525975737 -265.6994979936104 -3.6576
848.9338525975737 -265.6994979936104 3.657599999999999
935.4080362857229 -101.1341969190063 -3.6576
935.4080362857229 -101.1341969190063 3.657599999999999
-253.0059157968584 -193.2267786627473 -3.6576
-253.0059157968584 -193.2267786627473 3.657599999999999
308.4304065475775 -342.3328434861797 -3.6576
308.4304065475775 -342.3328434861797 3.657599999999999
-268.672278052069 119.4755106711968 -3.6576
-268.672278052069 119.4755106711968 3.657599999999999
-421.063872975437 42.17792927917445 -3.6576
-421.063872975437 42.17792927917445 3.657599999999999
977.0592159053112 138.2280577033162 -3.6576
977.0592159053112 138.2280577033162 3.657599999999999
-158.6430574239812 253.6631676780491 -3.6576
-158.6430574239812 253.6631676780491 3.657599999999999
-49.20840033292126 -21.09615874895686 -3.6576
-49.20840033292126 -21.09615874895686 3.657599999999999
632.2498997462485 -269.4833386526915 -3.6576
632.2498997462485 -269.4833386526915 3.657599999999999
830.7496058098395 -196.8524896878128 -3.6576
830.7496058098395 -196.8524896878128 3.657599999999999
807.9183376598429 -43.89242409290689 -3.6576
807.9183376598429 -43.89242409290689 3.657599999999999
490.4950113667699 207.6575910110618 -3.6576
490.4950113667699 207.6575910110618 3.657599999999999
340.1485360897478 -205.1904125152568 -3.6576
340.1485360897478 -205.1904125152568 3.657599999999999
106.3430149625929 -219.0271646421801 -3.6576
106.3430149625929 -219.0271646421801 3.657599999999999
136.4881429879732 197.8804594121241 -3.6576
136.4881429879732 197.8804594121241 3.657599999999999
-192.9615453311496 99.11158629909048 -3.6576
-192.9615453311496 99.11158629909048 3.657599999999999
-17.24765258385685 78.14806616761305 -3.6576
-17.24765258385685 78.14806616761305 3.657599999999999
965.5512702747918 -3.000494905077443 -3.6576
965.5512702747918 -3.000494905077443 3.657599999999999
-207.4957523843198 -126.1533355497526 -3.6576
-207.4957523843198 -126.1533355497526 3.657599999999999
493.8283579358512 -343.0655937549205 -3.6576
493.8283579358512 -343.0655937549205 3.657599999999999
-55.25673371038567 33.61482640880414 -3.6576
-55.25673371038567 33.61482640880414 3.657599999999999
268.8227816853056 283.1612740017248 -3.6576
268.8227816853056 283.1612740017248 3.657599999999999
939.9314083625449 75.97898591181541 -3.6576
939.9314083625449 75.97898591181541 3.657599999999999
-58.76024063924632 149.1037526905401 -3.6576
-58.76024063924632 149.1037526905401 3.657599999999999
2.80749859254405 198.5347610657351 -3.6576
2.80749859254405 198.5347610657351 3.657599999999999
267.8870711852277 -257.596813732512 -3.6576
267.8870711852277 -257.596813732512 3.657599999999999
24.28856562356668 -276.9430343179352 -3.6576
24.28856562356668 -276.9430343179352 3.657599999999999
36.21670990331086 33.7696962607119 -3.6576
36.21670990331086 33.7696962607119 3.657599999999999
404.1908245275604 257.5261908260309 -3.6576
404.1908245275604 257.5261908260309 3.657599999999999
944.4337441176511 -42.80734763421509 -3.6576
944.4337441176511 -42.80734763421509 3.657599999999999
827.5279272813506 -27.72547970796077 -3.6576
827.5279272813506 -27.72547970796077 3.657599999999999
-283.9819233955748 -264.9145426767807 -3.6576
-283.9819233955748 -264.9145426767807 3.657599999999999
920.500411181363 102.7911391230972 -3.6576
920.500411181363 102.7911391230972 3.657599999999999
199.3558851207635 281.2855178738383 -3.6576
199.3558851207635 281.2855178738383 3.657599999999999
708.0737242157286 264.9486150595271 -3.6576
708.0737242157286 264.9486150595271 3.657599999999999
706.1844366790018 -213.2132368496529 -3.6576
706.1844366790018 -213.2132368496529 3.657599999999999
781.2449129558324 149.9187837320867 -3.6576
781.2449129558324 149.9187837320867 3.657599999999999
630.158719733446 283.8271431165994 -3.6576
630.158719733446 283.8271431165994 3.657599999999999
-137.6014600304602 113.7272952571044 -3.6576
-137.6014600304602 113.7272952571044 3.657599999999999
182.341022291018 375.0097349826682 -3.6576
182.341022291018 375.0097349826682 3.657599999999999
1067.419977624988 -68.68902487484617 -3.6576
1067.419977624988 -68.68902487484617 3.657599999999999
-428.1177770328943 194.1813400416874 -3.6576
-428.1177770328943 194.1813400416874 3.657599999999999
-221.5750491953522 72.61510457602455 -3.6576
-221.5750491953522 72.61510457602455 3.657599999999999
-135.0644567443461 -246.5520092602207 -3.6576
-135.0644567443461 -246.5520092602207 3.657599999999999
-467.1138904251125 91.19009165540078 -3.6576
-467.1138904251125 91.19009165540078 3.657599999999999
283.6485454535112 -188.3435998368702 -3.6576
283.6485454535112 -188.3435998368702 3.657599999999999
399.8875518214315 -208.3567820876883 -3.6576
399.8875518214315 -208.3567820876883 3.657599999999999
559.6561273336022 201.3017232248366 -3.6576
559.6561273336022 201.3017232248366 3.657599999999999
205.627892669463 212.3838209128969 -3.6576
205.627892669463 212.3838209128969 3.657599999999999
646.7089044077786 -205.6452715462678 -3.6576
646.7089044077786 -205.6452715462678 3.657599999999999
364.4718897791519 201.0759304282846 -3.6576
364.4718897791519 201.0759304282846 3.657599999999999
-8.063411091500711 -199.5665082575719 -3.6576
-8.063411091500711 -199.5665082575719 3.657599999999999
8.057803715205921 81.55889741901341 -3.6576
8.057803715205921 81.55889741901341 3.657599999999999
-175.9165495606877 43.73004114055225 -3.6576
-175.9165495606877 43.73004114055225 3.657599999999999
914.6589268939684 -8.184924727164534 -3.6576
914.6589268939684 -8.184924727164534 3.657599999999999
-24.59012912126587 -32.01730649402182 -3.6576
-24.59012912126587 -32.01730649402182 3.657599999999999
786.6143649429912 -52.44651256993647 -3.6576
786.6143649429912 -52.44651256993647 3.657599999999999
478.1003456500482 -266.0776557102239 -3.6576
478.1003456500482 -266.0776557102239 3.657599999999999
-72.47775865401735 65.9822212130963 -3.6576
-72.47775865401735 65.9822212130963 3.657599999999999
165.461257851111 -219.0025123340196 -3.6576
165.461257851111 -219.0025123340196 3.657599999999999
833.6874196358992 -50.35911642060353 -3.6576
833.6874196358992 -50.35911642060353 3.657599999999999
109.2434927444086 149.0288819477276 -3.6576
109.2434927444086 149.0288819477276 3.657599999999999
-14.9538726106581 144.6321794378385 -3.6576
-14.9538726106581 144.6321794378385 3.657599999999999
-202.8331973258738 -52.16916076894944 -3.6576
-202.8331973258738 -52.16916076894944 3.657599999999999
829.0731015342807 -2.532469392006108 -3.6576
829.0731015342807 -2.532469392006108 3.657599999999999
434.6648383682643 199.4275883093823 -3.6576
434.6648383682643 199.4275883093823 3.657599999999999
-101.19150124023 -190.4572296446396 -3.6576
-101.19150124023 -190.4572296446396 3.657599999999999
36.05287453777521 58.32319722006317 -3.6576
36.05287453777521 58.32319722006317 3.657599999999999
553.0912955438182 -315.4863878966643 -3.6576
553.0912955438182 -315.4863878966643 3.657599999999999
-53.3821411862645 2.202600317163241 -3.6576
-53.3821411862645 2.202600317163241 3.657599999999999
732.5660422869796 147.0866228837981 -3.6576
732.5660422869796 147.0866228837981 3.657599999999999
728.1702401996642 197.7014188452124 -3.6576
728.1702401996642 197.7014188452124 3.657599999999999
624.8748307382556 217.2455443943431 -3.6576
624.8748307382556 217.2455443943431 3.657599999999999
767.3810573214369 -210.7815313894005 -3.6576
767.3810573214369 -210.7815313894005 3.657599999999999
-252.7825767165165 23.22252336028779 -3.6576
-252.7825767165165 23.22252336028779 3.657599999999999
-212.6792118659655 -271.4121238902179 -3.6576
-212.6792118659655 -271.4121238902179 3.657599999999999
-43.86626205045837 74.42119388701535 -3.6576
-43.86626205045837 74.42119388701535 3.657599999999999
209.7505331493907 459.0155135389967 -3.6576
209.7505331493907 459.0155135389967 3.657599999999999
-169.6709962165202 -185.6939976356697 -3.6576
-169.6709962165202 -185.6939976356697 3.657599999999999
888.5417481558991 71.84153966437856 -3.6576
888.5417481558991 71.84153966437856 3.657599999999999
724.3958541066129 360.9021821806834 -3.6576
724.3958541066129 360.9021821806834 3.657599999999999
67.47143313093926 159.1358256369606 -3.6576
67.47143313093926 159.1358256369606 3.657599999999999
945.0044759499402 22.04854505500888 -3.6576
945.0044759499402 22.04854505500888 3.657599999999999
832.3886684312835 144.9359471848735 -3.6576
832.3886684312835 144.9359471848735 3.657599999999999
905.6878074668134 -53.58402019637533 -3.6576
905.6878074668134 -53.58402019637533 3.657599999999999
-158.1334161480301 80.32894115570014 -3.6576
-158.1334161480301 80.32894115570014 3.657599999999999
-103.6982280796595 137.9162841902425 -3.6576
-103.6982280796595 137.9162841902425 3.657599999999999
857.8869169433825 -118.4419696165862 -3.6576
857.8869169433825 -118.4419696165862 3.657599999999999
45.25486604717781 -198.0542740836024 -3.6576
45.25486604717781 -198.0542740836024 3.657599999999999
-45.75575389374472 -44.54861851656384 -3.6576
-45.75575389374472 -44.54861851656384 3.657599999999999
459.1361385759882 -202.2624754109869 -3.6576
459.1361385759882 -202.2624754109869 3.657599999999999
491.6378319860922 152.8641996374253 -3.6576
491.6378319860922 152.8641996374253 3.657599999999999
709.3036280772619 -158.3857899723202 -3.6576
709.3036280772619 -158.3857899723202 3.657599999999999
33.26753865721309 -144.987135802083 -3.6576
33.26753865721309 -144.987135802083 3.657599999999999
352.9478560480619 143.0521484428702 -3.6576
352.9478560480619 143.0521484428702 3.657599999999999
626.9054011932517 157.741205868622 -3.6576
626.9054011932517 157.741205868622 3.657599999999999
337.2467040887152 -152.419021297786 -3.6576
337.2467040887152 -152.419021297786 3.657599999999999
137.4776902030873 134.0875833807304 -3.6576
137.4776902030873 134.0875833807304 3.657599999999999
843.6607071953081 26.47051221295567 -3.6576
843.6607071953081 26.47051221295567 3.657599999999999
-145.6538204992313 -51.99371290158368 -3.6576
-145.6538204992313 -51.99371290158368 3.657599999999999
-33.0770869196096 -111.102559243869 -3.6576
-33.0770869196096 -111.102559243869 3.657599999999999
100.192722750997 113.8271642560947 -3.6576
100.192722750997 113.8271642560947 3.657599999999999
-72.88237327946337 -30.72672830588078 -3.6576
-72.88237327946337 -30.72672830588078 3.657599999999999
731.6591101184147 104.5446924137541 -3.6576
731.6591101184147 104.5446924137541 3.657599999999999
821.0582774001241 100.7601573354204 -3.6576
821.0582774001241 100.7601573354204 3.657599999999999
61.225205791608 59.52530796870186 -3.6576
61.225205791608 59.52530796870186 3.657599999999999
-90.10621138143478 22.99255769113432 -3.6576
-90.10621138143478 22.99255769113432 3.657599999999999
874.8605085345769 -15.66949350664755 -3.6576
874.8605085345769 -15.66949350664755 3.657599999999999
816.7509337837066 -63.51358936654778 -3.6576
816.7509337837066 -63.51358936654778 3.657599999999999
264.3890765171491 216.4395776534467 -3.6576
264.3890765171491 216.4395776534467 3.657599999999999
592.1842491435767 -185.8117820139176 -3.6576
592.1842491435767 -185.8117820139176 3.657599999999999
-85.03787891943136 99.28645153745296 -3.6576
-85.03787891943136 99.28645153745296 3.657599999999999
15.57560689952896 -34.47719597654039 -3.6576
15.57560689952896 -34.47719597654039 3.657599999999999
688.7268623019409 136.493031629089 -3.6576
688.7268623019409 136.493031629089 3.657599999999999
-136.0844046971604 24.7831691717918 -3.6576
-136.0844046971604 24.7831691717918 3.657599999999999
112.0404545020538 -164.0105453047875 -3.6576
112.0404545020538 -164.0105453047875 3.657599999999999
763.6796710718174 -33.3479984682108 -3.6576
763.6796710718174 -33.3479984682108 3.657599999999999
-18.76697870529978 107.9637037844571 -3.6576
-18.76697870529978 107.9637037844571 3.657599999999999
553.7594386844426 -246.8921339929701 -3.6576
553.7594386844426 -246.8921339929701 3.657599999999999
916.558360964816 48.2790076770331 -3.6576
916.558360964816 48.2790076770331 3.657599999999999
-136.3839238371893 -102.0911410651535 -3.6576
-136.3839238371893 -102.0911410651535 3.657599999999999
211.1881089948322 -197.4502637819087 -3.6576
211.1881089948322 -197.4502637819087 3.657599999999999
3.636573886060489 103.7426799353286 -3.6576
3.636573886060489 103.7426799353286 3.657599999999999
854.6805935802752 -21.93014786524236 -3.6576
854.6805935802752 -21.93014786524236 3.657599999999999
-1.235679873372305 -34.19187528588717 -3.6576
-1.235679873372305 -34.19187528588717 3.657599999999999
-273.7737839004295 -41.96520243334927 -3.6576
-273.7737839004295 -41.96520243334927 3.657599999999999
-111.0359804940666 91.11357650702081 -3.6576
-111.0359804940666 91.11357650702081 3.657599999999999
33.98575096948741 86.35994386162973 -3.6576
33.98575096948741 86.35994386162973 3.657599999999999
812.3274078887596 -144.0792885144144 -3.6576
812.3274078887596 -144.0792885144144 3.657599999999999
832.2737209466962 -86.87264179692474 -3.6576
832.2737209466962 -86.87264179692474 3.657599999999999
678.3576363859534 180.6520907441422 -3.6576
678.3576363859534 180.6520907441422 3.657599999999999
-193.6014015015429 1.171156147824334 -3.6576
-193.6014015015429 1.171156147824334 3.657599999999999
890.2645075996027 -82.38470062953095 -3.6576
890.2645075996027 -82.38470062953095 3.657599999999999
748.6988182783851 457.29792685084 -3.6576
748.6988182783851 457.29792685084 3.657599999999999
155.184322523506 -164.9489481098376 -3.6576
155.184322523506 -164.9489481098376 3.657599999999999
291.054941812664 -139.3668801513822 -3.6576
291.054941812664 -139.3668801513822 3.657599999999999
166.8158868857983 145.6921440535043 -3.6576
166.8158868857983 145.6921440535043 3.657599999999999
17.84214014400294 -59.52537641215689 -3.6576
17.84214014400294 -59.52537641215689 3.657599999999999
658.0582207034563 -151.6631200489205 -3.6576
658.0582207034563 -151.6631200489205 3.657599999999999
440.4735505318474 -141.4498378627858 -3.6576
440.4735505318474 -141.4498378627858 3.657599999999999
695.5968516247769 98.76876625479821 -3.6576
695.5968516247769 98.76876625479821 3.657599999999999
47.85541707884238 -104.3601371856034 -3.6576
47.85541707884238 -104.3601371856034 3.657599999999999
134.9532070730565 107.5592419196233 -3.6576
134.9532070730565 107.5592419196233 3.657599999999999
-65.18728355483358 -49.81149279960353 -3.6576
-65.18728355483358 -49.81149279960353 3.657599999999999
445.3036945455389 151.4094088780493 -3.6576
445.3036945455389 151.4094088780493 3.657599999999999
790.1508873462492 -75.9427781163598 -3.6576
790.1508873462492 -75.9427781163598 3.657599999999999
535.9386486801434 145.3920993942774 -3.6576
535.9386486801434 145.3920993942774 3.657599999999999
818.0536320670503 35.83277935472613 -3.6576
818.0536320670503 35.83277935472613 3.657599999999999
-12.26436116533358 -57.5531282220872 -3.6576
-12.26436116533358 -57.5531282220872 3.657599999999999
762.2990830877725 -56.69498028515834 -3.6576
762.2990830877725 -56.69498028515834 3.657599999999999
86.15490567062739 58.04651798574977 -3.6576
86.15490567062739 58.04651798574977 3.657599999999999
773.9732657039598 97.52034933085545 -3.6576
773.9732657039598 97.52034933085545 3.657599999999999
858.7488364390417 -55.32653882994136 -3.6576
858.7488364390417 -55.32653882994136 3.657599999999999
864.638042045257 44.48814440516467 -3.6576
864.638042045257 44.48814440516467 3.657599999999999
851.0014238143633 3.992476008077236 -3.6576
851.0014238143633 3.992476008077236 3.657599999999999
-119.2129984570161 -153.5930646564239 -3.6576
-119.2129984570161 -153.5930646564239 3.657599999999999
512.4706023078629 -185.7423930236617 -3.6576
512.4706023078629 -185.7423930236617 3.657599999999999
24.37688460700622 124.1095144539429 -3.6576
24.37688460700622 124.1095144539429 3.657599999999999
627.0188508305807 103.1403847985358 -3.6576
627.0188508305807 103.1403847985358 3.657599999999999
761.4011768944711 -156.7580734032761 -3.6576
761.4011768944711 -156.7580734032761 3.657599999999999
858.4085487018907 90.87139268096954 -3.6576
858.4085487018907 90.87139268096954 3.657599999999999
-102.9857286852277 -42.6767628194272 -3.6576
-102.9857286852277 -42.6767628194272 3.657599999999999
-51.57108887706482 107.3397621478779 -3.6576
-51.57108887706482 107.3397621478779 3.657599999999999
-80.50105917980153 -4.187524577518798 -3.6576
-80.50105917980153 -4.187524577518798 3.657599999999999
-112.9924205990272 57.85757949765411 -3.6576
-112.9924205990272 57.85757949765411 3.657599999999999
-11.49976445852457 -152.2746804545905 -3.6576
-11.49976445852457 -152.2746804545905 3.657599999999999
-146.3622853718925 -9.387255161191691 -3.6576
-146.3622853718925 -9.387255161191691 3.657599999999999
798.1596386127496 -105.3218024462898 -3.6576
798.1596386127496 -105.3218024462898 3.657599999999999
319.0121533233329 212.247450095137 -3.6576
319.0121533233329 212.247450095137 3.657599999999999
62.94649292194958 87.47432672228861 -3.6576
62.94649292194958 87.47432672228861 3.657599999999999
64.95800168931191 120.4415876030318 -3.6576
64.95800168931191 120.4415876030318 3.657599999999999
262.6910900440506 160.5198942961377 -3.6576
262.6910900440506 160.5198942961377 3.657599999999999
610.5141014962917 -138.4701624064326 -3.6576
610.5141014962917 -138.4701624064326 3.657599999999999
741.4235666020827 -58.94740977344782 -3.6576
741.4235666020827 -58.94740977344782 3.657599999999999
490.6758886834714 109.9479315987495 -3.6576
490.6758886834714 109.9479315987495 3.657599999999999
173.1103778802165 105.3156942808378 -3.6576
173.1103778802165 105.3156942808378 3.657599999999999
113.839426803291 -121.1080371102065 -3.6576
113.839426803291 -121.1080371102065 3.657599999999999
335.9165301053625 -109.1976277100758 -3.6576
335.9165301053625 -109.1976277100758 3.657599999999999
21.97781491552155 -85.91140753296943 -3.6576
21.97781491552155 -85.91140753296943 3.657599999999999
716.0416303739987 -115.2475706089454 -3.6576
716.0416303739987 -115.2475706089454 3.657599999999999
236.9761472394179 -159.8996061007671 -3.6576
236.9761472394179 -159.8996061007671 3.657599999999999
43.05947024904538 -58.63378158374319 -3.6576
43.05947024904538 -58.63378158374319 3.657599999999999
307.4495500947392 159.0323420120488 -3.6576
307.4495500947392 159.0323420120488 3.657599999999999
815.9953433130418 65.60564769684846 -3.6576
815.9953433130418 65.60564769684846 3.657599999999999
728.7052156643342 70.8626799997062 -3.6576
728.7052156643342 70.8626799997062 3.657599999999999
-80.09990293242049 -79.79631750197005 -3.6576
-80.09990293242049 -79.79631750197005 3.657599999999999
83.55480215668638 34.57454678725968 -3.6576
83.55480215668638 34.57454678725968 3.657599999999999
525.0701510365942 -134.1868899627928 -3.6576
525.0701510365942 -134.1868899627928 3.657599999999999
494.021920432697 -141.2521282625221 -3.6576
494.021920432697 -141.2521282625221 3.657599999999999
835.1323774812753 41.30845563634082 -3.6576
835.1323774812753 41.30845563634082 3.657599999999999
387.1801205019312 -154.182201047268 -3.6576
387.1801205019312 -154.182201047268 3.657599999999999
-42.05267454513017 -74.26263740762244 -3.6576
-42.05267454513017 -74.26263740762244 3.657599999999999
758.7917766382175 -114.9945578574366 -3.6576
758.7917766382175 -114.9945578574366 3.657599999999999
883.997704437518 14.18117889147385 -3.6576
883.997704437518 14.18117889147385 3.657599999999999
93.34100059313641 83.33627994927807 -3.6576
93.34100059313641 83.33627994927807 3.657599999999999
759.8389902206143 -82.81037933614689 -3.6576
759.8389902206143 -82.81037933614689 3.657599999999999
-110.20937479414 -10.2712432683369 -3.6576
-110.20937479414 -10.2712432683369 3.657599999999999
-72.40509656163118 -130.4617194589229 -3.6576
-72.40509656163118 -130.4617194589229 3.657599999999999
651.3158091865124 119.0810780650575 -3.6576
651.3158091865124 119.0810780650575 3.657599999999999
401.9480127649665 148.0501699665057 -3.6576
401.9480127649665 148.0501699665057 3.657599999999999
27.19931257098472 -112.5558020363046 -3.6576
27.19931257098472 -112.5558020363046 3.657599999999999
33.8798493825343 159.8961738042637 -3.6576
33.8798493825343 159.8961738042637 3.657599999999999
5.236463007463101 -117.6867127339913 -3.6576
5.236463007463101 -117.6867127339913 3.657599999999999
213.1824289464096 155.787200311242 -3.6576
213.1824289464096 155.787200311242 3.657599999999999
-112.174674718337 13.06855962071423 -3.6576
-112.174674718337 13.06855962071423 3.657599999999999
889.8007476386491 -33.14812802757756 -3.6576
889.8007476386491 -33.14812802757756 3.657599999999999
152.8907892751742 -122.5993347295457 -3.6576
152.8907892751742 -122.5993347295457 3.657599999999999
526.7622253136035 104.4470296517447 -3.6576
526.7622253136035 104.4470296517447 3.657599999999999
376.5023940500573 -111.0955329754814 -3.6576
376.5023940500573 -111.0955329754814 3.657599999999999
297.6680029942796 -98.82092280971456 -3.6576
297.6680029942796 -98.82092280971456 3.657599999999999
327.713004610367 113.5319338996263 -3.6576
327.713004610367 113.5319338996263 3.657599999999999
221.6922706324817 102.5101812698998 -3.6576
221.6922706324817 102.5101812698998 3.657599999999999
666.9842147951267 -101.769214115639 -3.6576
666.9842147951267 -101.769214115639 3.657599999999999
450.6016055670304 102.7233510832182 -3.6576
450.6016055670304 102.7233510832182 3.657599999999999
431.7845793484808 -94.22833372838386 -3.6576
431.7845793484808 -94.22833372838386 3.657599999999999
489.8734724107782 -103.3784197610797 -3.6576
489.8734724107782 -103.3784197610797 3.657599999999999
406.8646975982906 105.6485575384155 -3.6576
406.8646975982906 105.6485575384155 3.657599999999999
604.7408690234397 115.4966058527947 -3.6576
604.7408690234397 115.4966058527947 3.657599999999999
785.4268428295211 62.08592970572105 -3.6576
785.4268428295211 62.08592970572105 3.657599999999999
662.8679516203536 87.7517372713573 -3.6576
662.8679516203536 87.7517372713573 3.657599999999999
167.6322853302688 69.32345310807658 -3.6576
167.6322853302688 69.32345310807658 3.657599999999999
126.3348921863335 70.39593391619727 -3.6576
126.3348921863335 70.39593391619727 3.657599999999999
714.4356001675437 -58.10258143690107 -3.6576
714.4356001675437 -58.10258143690107 3.657599999999999
62.95391732724448 -33.85229684490334 -3.6576
62.95391732724448 -33.85229684490334 3.657599999999999
105.1930683904015 53.90195282793436 -3.6576
105.1930683904015 53.90195282793436 3.657599999999999
222.2532110467261 -105.5084387746975 -3.6576
222.2532110467261 -105.5084387746975 3.657599999999999
-3.740587265102761 -95.11940431174146 -3.6576
-3.740587265102761 -95.11940431174146 3.657599999999999
399.8760124155237 183.791213092589 -3.6576
399.8760124155237 183.791213092589 3.657599999999999
46.92551843466714 -84.15161199322633 -3.6576
46.92551843466714 -84.15161199322633 3.657599999999999
301.0867329062203 116.9906496528076 -3.6576
301.0867329062203 116.9906496528076 3.657599999999999
843.265925344542 60.15110244168314 -3.6576
843.265925344542 60.15110244168314 3.657599999999999
-59.39679033571127 -180.1737439902914 -3.6576
-59.39679033571127 -180.1737439902914 3.657599999999999
264.4817367156675 116.1459713971285 -3.6576
264.4817367156675 116.1459713971285 3.657599999999999
70.24995968049393 -123.2592464025862 -3.6576
70.24995968049393 -123.2592464025862 3.657599999999999
727.3193875958423 -83.30389327345456 -3.6576
727.3193875958423 -83.30389327345456 3.657599999999999
618.6916473281916 -98.25349769661304 -3.6576
618.6916473281916 -98.25349769661304 3.657599999999999
533.0533199729834 -99.76275866140345 -3.6576
533.0533199729834 -99.76275866140345 3.657599999999999
268.5416640560627 82.91056592810126 -3.6576
268.5416640560627 82.91056592810126 3.657599999999999
591.2753879557943 84.94891502388261 -3.6576
591.2753879557943 84.94891502388261 3.657599999999999
74.52933244840546 -85.30502649858705 -3.6576
74.52933244840546 -85.30502649858705 3.657599999999999
489.3832837610342 78.70030978533462 -3.6576
489.3832837610342 78.70030978533462 3.657599999999999
298.730920530258 84.13186726613475 -3.6576
298.730920530258 84.13186726613475 3.657599999999999
152.9726904545261 -86.69958987150326 -3.6576
152.9726904545261 -86.69958987150326 3.657599999999999
626.0751597024721 69.89713931177222 -3.6576
626.0751597024721 69.89713931177222 3.657599999999999
371.7400473390641 -78.09410770627829 -3.6576
371.7400473390641 -78.09410770627829 3.657599999999999
207.3797532440879 59.11417559436047 -3.6576
207.3797532440879 59.11417559436047 3.657599999999999
304.8629714224636 -67.31296445787015 -3.6576
304.8629714224636 -67.31296445787015 3.657599999999999
370.0797016201096 98.63071495276775 -3.6576
370.0797016201096 98.63071495276775 3.657599999999999
409.7442773711603 69.59503776940139 -3.6576
409.7442773711603 69.59503776940139 3.657599999999999
716.7573054543873 -34.03305630773163 -3.6576
716.7573054543873 -34.03305630773163 3.657599999999999
131.634155933071 38.05488956422722 -3.6576
131.634155933071 38.05488956422722 3.657599999999999
182.980470654751 37.46282684625648 -3.6576
182.980470654751 37.46282684625648 3.657599999999999
729.1129883200738 39.38533465745773 -3.6576
729.1129883200738 39.38533465745773 3.657599999999999
68.77243139789482 -57.94043585478681 -3.6576
68.77243139789482 -57.94043585478681 3.657599999999999
250.4404340263929 -120.4034128295282 -3.6576
250.4404340263929 -120.4034128295282 3.657599999999999
587.0268014193523 161.4716028332307 -3.6576
587.0268014193523 161.4716028332307 3.657599999999999
695.8228417837327 -77.09660963902785 -3.6576
695.8228417837327 -77.09660963902785 3.657599999999999
411.5668452511145 -104.3914437104391 -3.6576
411.5668452511145 -104.3914437104391 3.657599999999999
78.68475921212831 -161.19525199124 -3.6576
78.68475921212831 -161.19525199124 3.657599999999999
751.8252228648178 72.0917505583194 -3.6576
751.8252228648178 72.0917505583194 3.657599999999999
650.1971981675089 54.35904778296328 -3.6576
650.1971981675089 54.35904778296328 3.657599999999999
258.9814661715546 -76.92784027655165 -3.6576
258.9814661715546 -76.92784027655165 3.657599999999999
504.3193195815794 34.16428007665142 -3.6576
504.3193195815794 34.16428007665142 3.657599999999999
334.3672539892785 82.72973077412462 -3.6576
334.3672539892785 82.72973077412462 3.657599999999999
401.8351722957011 -75.68629249395215 -3.6576
401.8351722957011 -75.68629249395215 3.657599999999999
154.5510168238626 -33.8640041272339 -3.6576
154.5510168238626 -33.8640041272339 3.657599999999999
519.4126390942381 66.48733171314029 -3.6576
519.4126390942381 66.48733171314029 3.657599999999999
674.5114651200205 -61.81581302065738 -3.6576
674.5114651200205 -61.81581302065738 3.657599999999999
624.3378309748391 35.9550838681592 -3.6576
624.3378309748391 35.9550838681592 3.657599999999999
438.9925221692109 67.14874365962244 -3.6576
438.9925221692109 67.14874365962244 3.657599999999999
245.4285937285862 34.10668309908959 -3.6576
245.4285937285862 34.10668309908959 3.657599999999999
338.1212092684037 -69.71613443850536 -3.6576
338.1212092684037 -69.71613443850536 3.657599999999999
570.7365666523203 -121.3329561229543 -3.6576
570.7365666523203 -121.3329561229543 3.657599999999999
518.7547212469834 -63.29574063189061 -3.6576
518.7547212469834 -63.29574063189061 3.657599999999999
223.4465368442788 34.00898640958425 -3.6576
223.4465368442788 34.00898640958425 3.657599999999999
482.8263663078001 34.10590925046412 -3.6576
482.8263663078001 34.10590925046412 3.657599999999999
177.0539150955716 -34.01192971980645 -3.6576
177.0539150955716 -34.01192971980645 3.657599999999999
762.5749747799232 31.42993889471018 -3.6576
762.5749747799232 31.42993889471018 3.657599999999999
113.0214387224546 -80.94455219459776 -3.6576
113.0214387224546 -80.94455219459776 3.657599999999999
600.5584282364248 35.02907383632542 -3.6576
600.5584282364248 35.02907383632542 3.657599999999999
184.5773070073513 -84.68289072552498 -3.6576
184.5773070073513 -84.68289072552498 3.657599999999999
94.16374809139546 -54.20111219553342 -3.6576
94.16374809139546 -54.20111219553342 3.657599999999999
560.6883629971295 95.51529754785605 -3.6576
560.6883629971295 95.51529754785605 3.657599999999999
245.8242412852794 79.51722562801949 -3.6576
245.8242412852794 79.51722562801949 3.657599999999999
297.1502830181394 56.56354468492471 -3.6576
297.1502830181394 56.56354468492471 3.657599999999999
694.1897850236455 -50.80224251071164 -3.6576
694.1897850236455 -50.80224251071164 3.657599999999999
698.4606591554681 66.84556326061441 -3.6576
698.4606591554681 66.84556326061441 3.657599999999999
671.9952644559711 35.95116324608995 -3.6576
671.9952644559711 35.95116324608995 3.657599999999999
757.7199415825371 53.37025757073324 -3.6576
757.7199415825371 53.37025757073324 3.657599999999999
429.4990988854751 -71.82545128781221 -3.6576
429.4990988854751 -71.82545128781221 3.657599999999999
487.7793382337913 -70.00371017911976 -3.6576
487.7793382337913 -70.00371017911976 3.657599999999999
354.1380137549746 57.08203126754554 -3.6576
354.1380137549746 57.08203126754554 3.657599999999999
582.8335050825691 -87.77740169251713 -3.6576
582.8335050825691 -87.77740169251713 3.657599999999999
216.1909317337201 -72.9789128356862 -3.6576
216.1909317337201 -72.9789128356862 3.657599999999999
109.742282946768 -31.73196487492577 -3.6576
109.742282946768 -31.73196487492577 3.657599999999999
670.6428316627491 -35.93449704938264 -3.6576
670.6428316627491 -35.93449704938264 3.657599999999999
385.2574572126143 37.58182134720837 -3.6576
385.2574572126143 37.58182134720837 3.657599999999999
436.2598963737359 38.35168920618472 -3.6576
436.2598963737359 38.35168920618472 3.657599999999999
557.8794334888937 -78.3334493477212 -3.6576
557.8794334888937 -78.3334493477212 3.657599999999999
600.6497432384249 53.5446268505149 -3.6576
600.6497432384249 53.5446268505149 3.657599999999999
179.0667617188177 -57.34691043188909 -3.6576
179.0667617188177 -57.34691043188909 3.657599999999999
196.7033547076257 -126.7838180926067 -3.6576
196.7033547076257 -126.7838180926067 3.657599999999999
549.554675332826 -156.8079962878537 -3.6576
549.554675332826 -156.8079962878537 3.657599999999999
501.9612300928977 51.34821870146526 -3.6576
501.9612300928977 51.34821870146526 3.657599999999999
485.6523926758076 55.6679077391375 -3.6576
485.6523926758076 55.6679077391375 3.657599999999999
573.3239945449018 131.5691339630074 -3.6576
573.3239945449018 131.5691339630074 3.657599999999999
553.9091574878757 64.25166143442198 -3.6576
553.9091574878757 64.25166143442198 3.657599999999999
322.2974731094921 53.5039756435481 -3.6576
322.2974731094921 53.5039756435481 3.657599999999999
243.7045904100151 59.00831241859092 -3.6576
243.7045904100151 59.00831241859092 3.657599999999999
295.2918647811298 32.94565876879796 -3.6576
295.2918647811298 32.94565876879796 3.657599999999999
154.231180348569 -58.31689120685534 -3.6576
154.231180348569 -58.31689120685534 3.657599999999999
113.0628960921455 -47.18627289457677 -3.6576
113.0628960921455 -47.18627289457677 3.657599999999999
263.0031145027499 -34.17388354643826 -3.6576
263.0031145027499 -34.17388354643826 3.657599999999999
326.2196643677245 -41.26969719873257 -3.6576
326.2196643677245 -41.26969719873257 3.657599999999999
669.7829262193927 60.85086832507299 -3.6576
669.7829262193927 60.85086832507299 3.657599999999999
554.245010722409 -45.45208772466818 -3.6576
554.245010722409 -45.45208772466818 3.657599999999999
620.2413353575444 -65.13239304899881 -3.6576
620.2413353575444 -65.13239304899881 3.657599999999999
379.4481236423482 65.73571620828164 -3.6576
379.4481236423482 65.73571620828164 3.657599999999999
223.1055140264377 -39.19819263868061 -3.6576
223.1055140264377 -39.19819263868061 3.657599999999999
510.0097184234185 -36.07153564693007 -3.6576
510.0097184234185 -36.07153564693007 3.657599999999999
457.4832903441104 -70.90769110384046 -3.6576
457.4832903441104 -70.90769110384046 3.657599999999999
581.8214759350524 59.14705614413865 -3.6576
581.8214759350524 59.14705614413865 3.657599999999999
340.1618960653691 31.94105139904276 -3.6576
340.1618960653691 31.94105139904276 3.657599999999999
577.3589788578654 -28.75928375776385 -3.6576
577.3589788578654 -28.75928375776385 3.657599999999999
552.2815709895302 36.57402040923893 -3.6576
552.2815709895302 36.57402040923893 3.657599999999999
197.0801190746009 -54.32638273012056 -3.6576
197.0801190746009 -54.32638273012056 3.657599999999999
129.862137381246 -54.54879218560027 -3.6576
129.862137381246 -54.54879218560027 3.657599999999999
352.6984233523166 -51.9684745949398 -3.6576
352.6984233523166 -51.9684745949398 3.657599999999999
186.7202512414148 -163.7158628202866 -3.6576
186.7202512414148 -163.7158628202866 3.657599999999999
270.4855476816538 57.51707488906631 -3.6576
270.4855476816538 57.51707488906631 3.657599999999999
396.3178773424632 -50.57107723992089 -3.6576
396.3178773424632 -50.57107723992089 3.657599999999999
282.1456130576369 -53.49699077444352 -3.6576
282.1456130576369 -53.49699077444352 3.657599999999999
310.202875092539 -47.2342185387103 -3.6576
310.202875092539 -47.2342185387103 3.657599999999999
338.7646008358673 48.19947650448386 -3.6576
338.7646008358673 48.19947650448386 3.657599999999999
463.8577228832591 61.04098797420748 -3.6576
463.8577228832591 61.04098797420748 3.657599999999999
368.6359581343117 -31.94507710248311 -3.6576
368.6359581343117 -31.94507710248311 3.657599999999999
621.182615414878 -36.89041317043225 -3.6576
621.182615414878 -36.89041317043225 3.657599999999999
457.3564383903661 -40.7500553799795 -3.6576
457.3564383903661 -40.7500553799795 3.657599999999999
644.9573933182876 -67.53476983593499 -3.6576
644.9573933182876 -67.53476983593499 3.657599999999999
453.3472379595299 -103.0381929358344 -3.6576
453.3472379595299 -103.0381929358344 3.657599999999999
371.1844201643565 -53.00527672437394 -3.6576
371.1844201643565 -53.00527672437394 3.657599999999999
408.5071434153095 -26.19630716976054 -3.6576
408.5071434153095 -26.19630716976054 3.657599999999999
590.1936914053288 -58.60186399535842 -3.6576
590.1936914053288 -58.60186399535842 3.657599999999999
286.6582661773192 -26.42974226952081 -3.6576
286.6582661773192 -26.42974226952081 3.657599999999999
469.1935804136519 79.80488925295565 -3.6576
469.1935804136519 79.80488925295565 3.657599999999999
3 79 0 408
4441
4442
4443
4444
4445
4446
4447
4448
4449
4450
4451
4452
4453
4454
4455
4456
4457
4458
4459
4460
4461
4462
4463
4464
4465
4466
4467
4468
4469
4470
4471
4472
4473
4474
4475
4476
4477
4478
4479
4480
4481
4482
4483
4484
4485
4486
4487
4488
4489
4490
4491
4492
4493
4494
4495
4496
4497
4498
4499
4500
4501
4502
4503
4504
4505
4506
4507
4508
4509
4510
4511
4512
4513
4514
4515
4516
4517
4518
4519
4520
4521
4522
4523
4524
4525
4526
4527
4528
4529
4530
4531
4532
4533
4534
4535
4536
4537
4538
4539
4540
4541
4542
4543
4544
4545
4546
4547
4548
4549
4550
4551
4552
4553
4554
4555
4556
4557
4558
4559
4560
4561
4562
4563
4564
4565
4566
4567
4568
4569
4570
4571
4572
4573
4574
4575
4576
4577
4578
4579
4580
4581
4582
4583
4584
4585
4586
4587
4588
4589
4590
4591
4592
4593
4594
4595
4596
4597
4598
4599
4600
4601
4602
4603
4604
4605
4606
4607
4608
4609
4610
4611
4612
4613
4614
4615
4616
4617
4618
4619
4620
4621
4622
4623
4624
4625
4626
4627
4628
4629
4630
4631
4632
4633
4634
4635
4636
4637
4638
4639
4640
4641
4642
4643
4644
4645
4646
4647
4648
4649
4650
4651
4652
4653
4654
4655
4656
4657
4658
4659
4660
4661
4662
4663
4664
4665
4666
4667
4668
4669
4670
4671
4672
4673
4674
4675
4676
4677
4678
4679
4680
4681
4682
4683
4684
4685
4686
4687
4688
4689
4690
4691
4692
4693
4694
4695
4696
4697
4698
4699
4700
4701
4702
4703
4704
4705
4706
4707
4708
4709
4710
4711
4712
4713
4714
4715
4716
4717
4718
4719
4720
4721
4722
4723
4724
4725
4726
4727
4728
4729
4730
4731
4732
4733
4734
4735
4736
4737
4738
4739
4740
4741
4742
4743
4744
4745
4746
4747
4748
4749
4750
4751
4752
4753
4754
4755
4756
4757
4758
4759
4760
4761
4762
4763
4764
4765
4766
4767
4768
4769
4770
4771
4772
4773
4774
4775
4776
4777
4778
4779
4780
4781
4782
4783
4784
4785
4786
4787
4788
4789
4790
4791
4792
4793
4794
4795
4796
4797
4798
4799
4800
4801
4802
4803
4804
4805
4806
4807
4808
4809
4810
4811
4812
4813
4814
4815
4816
4817
4818
4819
4820
4821
4822
4823
4824
4825
4826
4827
4828
4829
4830
4831
4832
4833
4834
4835
4836
4837
4838
4839
4840
4841
4842
4843
4844
4845
4846
4847
4848
22.60516399447664 -0.1041648698689194 -7.12474658905194
22.23239072572646 -0.2393090252480905 -6.430093564048818
21.61935530619539 -0.455528563437832 -5.328205080608969
20.63790808249742 -0.8014723888500234 -3.565670893230379
19.06555978896005 -1.354985400177629 -0.7468768441293188
16.54760470954191 -2.240606384017234 3.761815535785085
22.60516399447667 0.1041648698689205 -7.124746589051952
22.23239072572648 0.2393090252480914 -6.430093564048837
21.61935530619541 0.455528563437834 -5.328205080609007
20.63790808249751 0.8014723888500245 -3.565670893230462
19.06555978896022 1.354985400177636 -0.7468768441294245
16.54760470954233 2.240606384017237 3.761815535785027
45.48060860087192 -0.1041648698689201 -7.124746589051935
45.13042765143997 -0.2393090252480903 -6.430093564048809
44.55454589369867 -0.4555285634378322 -5.328205080608972
43.63258031992198 -0.8014723888500246 -3.565670893230371
42.15552586235634 -1.35498540017763 -0.7468768441293259
39.79017412108488 -2.240606384017232 3.761815535785062
45.48060860087193 0.104164869868921 -7.124746589051949
45.13042765143994 0.2393090252480911 -6.43009356404883
44.55454589369863 0.4555285634378343 -5.328205080609011
43.63258031992206 0.8014723888500249 -3.56567089323045
42.15552586235648 1.354985400177638 -0.7468768441294311
39.79017412108526 2.240606384017236 3.761815535785008
68.35605320726729 -0.1041648698689197 -7.124746589051927
68.0284645771534 -0.2393090252480906 -6.430093564048808
67.48973648120186 -0.4555285634378315 -5.328205080608981
66.62725255734627 -0.8014723888500234 -3.56567089323037
65.24549193575263 -1.35498540017763 -0.7468768441293334
63.03274353262771 -2.240606384017233 3.761815535785041
68.35605320726734 0.1041648698689203 -7.124746589051945
68.0284645771534 0.2393090252480914 -6.430093564048824
67.48973648120185 0.4555285634378332 -5.328205080609014
66.62725255734642 0.801472388850024 -3.565670893230451
65.24549193575278 1.354985400177637 -0.746876844129436
63.03274353262811 2.240606384017235 3.761815535784987
91.23149781366273 -0.1041648698689201 -7.124746589051922
90.926501502867 -0.239309025248091 -6.430093564048805
90.4249270687053 -0.4555285634378323 -5.328205080608983
89.62192479477071 -0.801472388850024 -3.565670893230362
88.33545800914906 -1.354985400177629 -0.7468768441293405
86.27531294417061 -2.240606384017232 3.761815535785014
91.23149781366276 0.1041648698689205 -7.124746589051938
90.92650150286691 0.2393090252480916 -6.430093564048827
90.42492706870526 0.455528563437834 -5.328205080609018
89.62192479477079 0.801472388850025 -3.565670893230441
88.33545800914924 1.354985400177637 -0.7468768441294436
86.27531294417096 2.240606384017235 3.761815535784964
114.1069424200579 -0.10416486986892 -7.124746589051917
113.8245384285804 -0.2393090252480906 -6.430093564048804
113.3601176562086 -0.4555285634378322 -5.328205080608988
112.616597032195 -0.8014723888500239 -3.565670893230358
111.4254240825453 -1.354985400177629 -0.7468768441293494
109.5178823557136 -2.240606384017233 3.76181553578499
114.1069424200581 0.1041648698689202 -7.124746589051934
113.8245384285804 0.2393090252480909 -6.430093564048826
113.3601176562084 0.4555285634378335 -5.328205080609021
112.6165970321952 0.801472388850025 -3.565670893230434
111.4254240825455 1.354985400177636 -0.7468768441294489
109.517882355714 2.240606384017235 3.761815535784941
136.9823870264532 -0.1041648698689208 -7.124746589051911
136.722575354294 -0.239309025248091 -6.430093564048798
136.2953082437117 -0.455528563437832 -5.32820508060899
135.6112692696194 -0.8014723888500244 -3.565670893230353
134.5153901559417 -1.354985400177631 -0.7468768441293556
132.7604517672566 -2.240606384017232 3.761815535784965
136.9823870264533 0.1041648698689207 -7.124746589051933
136.7225753542941 0.2393090252480911 -6.43009356404882
136.2953082437116 0.4555285634378333 -5.328205080609026
135.6112692696196 0.801472388850025 -3.56567089323043
134.5153901559418 1.354985400177637 -0.7468768441294551
132.7604517672569 2.240606384017235 3.761815535784919
159.8578316328486 -0.1041648698689212 -7.124746589051902
159.6206122800074 -0.239309025248091 -6.430093564048795
159.2304988312152 -0.4555285634378329 -5.32820508060899
158.6059415070437 -0.801472388850024 -3.56567089323035
157.6053562293382 -1.35498540017763 -0.7468768441293649
156.0030211787997 -2.240606384017233 3.761815535784941
159.8578316328487 0.1041648698689209 -7.124746589051923
159.6206122800075 0.2393090252480908 -6.430093564048819
159.2304988312151 0.4555285634378341 -5.328205080609018
158.6059415070438 0.8014723888500241 -3.565670893230424
157.6053562293382 1.354985400177636 -0.7468768441294622
156.0030211787999 2.240606384017234 3.761815535784898
182.733276239244 -0.1041648698689205 -7.124746589051902
182.5186492057212 -0.2393090252480912 -6.43009356404879
182.1656894187185 -0.4555285634378318 -5.328205080609001
181.6006137444681 -0.8014723888500244 -3.565670893230346
180.6953223027344 -1.35498540017763 -0.7468768441293725
179.2455905903425 -2.240606384017233 3.761815535784918
182.7332762392441 0.10416486986892 -7.124746589051924
182.5186492057211 0.2393090252480913 -6.430093564048811
182.1656894187184 0.4555285634378333 -5.328205080609027
181.6006137444683 0.8014723888500251 -3.565670893230418
180.6953223027344 1.354985400177637 -0.7468768441294671
179.2455905903427 2.240606384017235 3.761815535784875
205.6087208456393 -0.1041648698689213 -7.124746589051895
205.4166861314345 -0.2393090252480914 -6.430093564048787
205.1008800062217 -0.455528563437832 -5.328205080609004
204.5952859818924 -0.8014723888500244 -3.565670893230342
203.7852883761307 -1.354985400177631 -0.7468768441293806
202.4881600018855 -2.240606384017233 3.761815535784892
205.6087208456392 0.1041648698689206 -7.124746589051917
205.4166861314345 0.2393090252480914 -6.430093564048802
205.1008800062216 0.4555285634378335 -5.328205080609032
204.5952859818926 0.8014723888500249 -3.565670893230413
203.7852883761307 1.354985400177638 -0.7468768441294718
202.4881600018857 2.240606384017235 3.761815535784855
228.4841654520345 -0.1041648698689215 -7.12474658905189
228.3147230571481 -0.2393090252480916 -6.430093564048782
228.036070593725 -0.4555285634378327 -5.328205080609003
227.5899582193169 -0.8014723888500239 -3.565670893230339
226.8752544495271 -1.354985400177629 -0.7468768441293894
225.7307294134285 -2.240606384017233 3.76181553578487
228.4841654520347 0.1041648698689204 -7.124746589051917
228.3147230571481 0.2393090252480913 -6.430093564048804
228.036070593725 0.4555285634378335 -5.32820508060903
227.5899582193172 0.801472388850024 -3.565670893230408
226.8752544495273 1.354985400177637 -0.74687684412948
225.7307294134287 2.240606384017234 3.761815535784833
251.3596100584298 -0.1041648698689211 -7.124746589051883
251.2127599828616 -0.2393090252480918 -6.43009356404878
250.9712611812282 -0.4555285634378322 -5.328205080609011
250.5846304567412 -0.8014723888500243 -3.565670893230334
249.9652205229236 -1.354985400177629 -0.7468768441293974
248.9732988249713 -2.240606384017233 3.761815535784845
251.35961005843 0.1041648698689198 -7.124746589051908
251.2127599828615 0.2393090252480911 -6.430093564048796
250.9712611812282 0.4555285634378333 -5.328205080609032
250.5846304567415 0.8014723888500246 -3.5656708932304
249.9652205229236 1.354985400177637 -0.746876844129486
248.9732988249716 2.240606384017235 3.761815535784812
274.235054664825 -0.1041648698689219 -7.124746589051878
274.1107969085751 -0.2393090252480917 -6.430093564048775
273.9064517687318 -0.4555285634378329 -5.328205080609011
273.5793026941654 -0.8014723888500244 -3.565670893230326
273.0551865963198 -1.35498540017763 -0.7468768441294044
272.2158682365144 -2.240606384017233 3.76181553578482
274.2350546648252 0.1041648698689203 -7.124746589051905
274.110796908575 0.2393090252480912 -6.430093564048795
273.9064517687316 0.4555285634378339 -5.328205080609033
273.5793026941659 0.801472388850025 -3.565670893230394
273.0551865963197 1.354985400177636 -0.7468768441294915
272.2158682365143 2.240606384017235 3.761815535784788
297.1104992712204 -0.104164869868922 -7.124746589051872
297.0088338342886 -0.2393090252480919 -6.430093564048771
296.841642356235 -0.455528563437832 -5.328205080609019
296.5739749315898 -0.801472388850024 -3.565670893230326
296.1451526697161 -1.354985400177629 -0.7468768441294127
295.4584376480572 -2.240606384017233 3.761815535784797
297.1104992712205 0.1041648698689202 -7.124746589051897
297.0088338342885 0.2393090252480911 -6.430093564048792
296.8416423562349 0.4555285634378328 -5.328205080609039
296.5739749315902 0.8014723888500239 -3.56567089323039
296.1451526697162 1.354985400177636 -0.7468768441294993
295.4584376480573 2.240606384017235 3.761815535784767
319.9859438776159 -0.1041648698689219 -7.124746589051867
319.9068707600021 -0.2393090252480914 -6.430093564048771
319.7768329437382 -0.4555285634378325 -5.328205080609025
319.5686471690141 -0.8014723888500245 -3.56567089323032
319.2351187431122 -1.35498540017763 -0.7468768441294202
318.7010070596002 -2.240606384017232 3.761815535784772
319.9859438776159 0.1041648698689199 -7.124746589051892
319.9068707600021 0.2393090252480906 -6.430093564048789
319.776832943738 0.4555285634378334 -5.328205080609039
319.5686471690145 0.8014723888500246 -3.565670893230384
319.2351187431123 1.354985400177636 -0.7468768441295037
318.7010070596001 2.240606384017233 3.761815535784746
342.861388484011 -0.1041648698689226 -7.124746589051862
342.8049076857155 -0.2393090252480922 -6.430093564048763
342.7120235312412 -0.4555285634378319 -5.32820508060903
342.5633194064386 -0.8014723888500246 -3.565670893230314
342.3250848165088 -1.35498540017763 -0.7468768441294292
341.943576471143 -2.240606384017232 3.761815535784749
342.8613884840111 0.1041648698689204 -7.124746589051889
342.8049076857155 0.2393090252480911 -6.430093564048782
342.7120235312411 0.4555285634378325 -5.328205080609047
342.5633194064387 0.8014723888500245 -3.565670893230376
342.3250848165085 1.354985400177636 -0.7468768441295108
341.9435764711433 2.240606384017233 3.761815535784726
365.7368330904063 -0.1041648698689219 -7.124746589051856
365.7029446114288 -0.2393090252480923 -6.430093564048763
365.6472141187446 -0.4555285634378328 -5.328205080609035
365.5579916438627 -0.8014723888500247 -3.565670893230309
365.4150508899049 -1.35498540017763 -0.7468768441294364
365.186145882686 -2.240606384017232 3.761815535784724
365.7368330904063 0.1041648698689195 -7.124746589051885
365.7029446114286 0.239309025248091 -6.430093564048784
365.6472141187442 0.4555285634378332 -5.328205080609046
365.5579916438629 0.8014723888500244 -3.565670893230371
365.415050889905 1.354985400177638 -0.7468768441295159
365.1861458826859 2.240606384017233 3.761815535784702
388.6122776968018 -0.1041648698689229 -7.124746589051842
388.6009815371426 -0.2393090252480918 -6.430093564048761
388.5824047062482 -0.4555285634378325 -5.328205080609032
388.5526638812869 -0.8014723888500248 -3.565670893230305
388.5050169633016 -1.354985400177629 -0.7468768441294452
388.4287152942288 -2.240606384017233 3.7618155357847
388.6122776968018 0.1041648698689202 -7.124746589051877
388.6009815371422 0.2393090252480904 -6.430093564048783
388.5824047062479 0.4555285634378327 -5.328205080609046
388.5526638812872 0.8014723888500244 -3.565670893230364
388.5050169633012 1.354985400177636 -0.7468768441295237
388.4287152942285 2.240606384017233 3.761815535784679
411.4877223031968 -0.1041648698689225 -7.124746589051845
411.4990184628557 -0.239309025248092 -6.430093564048754
411.5175952937513 -0.4555285634378318 -5.328205080609038
411.5473361187114 -0.801472388850025 -3.5656708932303
411.5949830366974 -1.354985400177629 -0.7468768441294533
411.6712847057718 -2.240606384017233 3.761815535784677
411.4877223031975 0.1041648698689196 -7.124746589051874
411.4990184628558 0.2393090252480903 -6.430093564048778
411.5175952937512 0.4555285634378323 -5.328205080609053
411.5473361187119 0.8014723888500245 -3.565670893230359
411.5949830366975 1.354985400177636 -0.7468768441295293
411.6712847057717 2.240606384017232 3.76181553578466
434.3631669095921 -0.1041648698689227 -7.12474658905184
434.3970553885695 -0.2393090252480926 -6.43009356404875
434.4527858812544 -0.4555285634378331 -5.32820508060904
434.5420083561357 -0.8014723888500245 -3.565670893230299
434.684949110094 -1.354985400177629 -0.7468768441294612
434.9138541173146 -2.240606384017232 3.76181553578465
434.3631669095923 0.1041648698689195 -7.124746589051871
434.3970553885694 0.239309025248091 -6.430093564048768
434.452785881254 0.4555285634378333 -5.328205080609053
434.542008356136 0.8014723888500239 -3.565670893230355
434.6849491100939 1.354985400177638 -0.7468768441295348
434.9138541173147 2.240606384017233 3.761815535784638
457.2386115159873 -0.1041648698689234 -7.12474658905183
457.2950923142828 -0.2393090252480927 -6.430093564048747
457.3879764687579 -0.4555285634378327 -5.328205080609048
457.5366805935599 -0.8014723888500253 -3.565670893230295
457.7749151834902 -1.354985400177631 -0.7468768441294684
458.1564235288573 -2.240606384017232 3.761815535784629
457.2386115159875 0.10416486986892 -7.124746589051865
457.2950923142827 0.239309025248091 -6.430093564048769
457.3879764687574 0.4555285634378326 -5.328205080609054
457.5366805935602 0.8014723888500245 -3.565670893230347
457.7749151834901 1.354985400177636 -0.7468768441295404
458.1564235288574 2.240606384017234 3.761815535784617
480.1140561223826 -0.104164869868923 -7.124746589051826
480.1931292399963 -0.2393090252480928 -6.430093564048743
480.323167056261 -0.4555285634378324 -5.328205080609052
480.5313528309846 -0.8014723888500248 -3.565670893230285
480.8648812568865 -1.35498540017763 -0.7468768441294763
481.3989929404008 -2.240606384017232 3.761815535784604
480.1140561223831 0.1041648698689194 -7.124746589051862
480.1931292399964 0.239309025248091 -6.430093564048761
480.3231670562608 0.4555285634378328 -5.328205080609056
480.5313528309848 0.8014723888500244 -3.565670893230341
480.8648812568865 1.354985400177636 -0.7468768441295461
481.3989929404008 2.240606384017232 3.761815535784595
502.9895007287778 -0.1041648698689232 -7.124746589051824
503.0911661657099 -0.2393090252480931 -6.430093564048739
503.2583576437644 -0.4555285634378324 -5.328205080609052
503.5260250684088 -0.8014723888500253 -3.565670893230283
503.9548473302827 -1.354985400177631 -0.7468768441294842
504.6415623519434 -2.240606384017233 3.761815535784578
502.9895007287784 0.1041648698689194 -7.124746589051856
503.0911661657096 0.239309025248091 -6.430093564048761
503.258357643764 0.4555285634378325 -5.32820508060906
503.5260250684094 0.8014723888500244 -3.565670893230333
503.9548473302828 1.354985400177636 -0.7468768441295534
504.6415623519432 2.240606384017233 3.761815535784573
525.8649453351733 -0.104164869868923 -7.124746589051815
525.9892030914233 -0.2393090252480934 -6.430093564048732
526.1935482312673 -0.4555285634378323 -5.32820508060906
526.5206973058331 -0.8014723888500253 -3.565670893230279
527.0448134036791 -1.35498540017763 -0.7468768441294933
527.8841317634864 -2.240606384017232 3.761815535784557
525.8649453351737 0.1041648698689191 -7.124746589051852
525.9892030914233 0.2393090252480913 -6.430093564048754
526.1935482312668 0.4555285634378327 -5.328205080609063
526.5206973058336 0.801472388850024 -3.56567089323033
527.0448134036792 1.354985400177637 -0.7468768441295607
527.8841317634862 2.240606384017234 3.761815535784551
548.7403899415689 -0.1041648698689232 -7.124746589051812
548.8872400171372 -0.2393090252480931 -6.430093564048733
549.1287388187708 -0.4555285634378324 -5.328205080609068
549.5153695432576 -0.8014723888500255 -3.565670893230272
550.1347794770757 -1.35498540017763 -0.7468768441294986
551.1267011750298 -2.240606384017234 3.76181553578453
548.740389941569 0.1041648698689189 -7.124746589051848
548.8872400171367 0.2393090252480908 -6.430093564048754
549.1287388187702 0.4555285634378319 -5.328205080609068
549.5153695432581 0.8014723888500241 -3.565670893230322
550.1347794770757 1.354985400177636 -0.7468768441295652
551.1267011750292 2.240606384017232 3.76181553578453
571.6158345479641 -0.1041648698689242 -7.124746589051803
571.7852769428507 -0.2393090252480932 -6.430093564048725
572.0639294062745 -0.4555285634378325 -5.328205080609068
572.5100417806817 -0.8014723888500253 -3.565670893230269
573.2247455504715 -1.354985400177631 -0.7468768441295063
574.3692705865724 -2.240606384017232 3.761815535784506
571.6158345479646 0.1041648698689198 -7.124746589051843
571.7852769428504 0.239309025248091 -6.430093564048748
572.0639294062742 0.4555285634378324 -5.328205080609067
572.5100417806823 0.8014723888500246 -3.565670893230318
573.224745550472 1.354985400177638 -0.7468768441295704
574.3692705865724 2.240606384017234 3.761815535784509
594.4912791543599 -0.1041648698689235 -7.124746589051803
594.683313868564 -0.2393090252480929 -6.430093564048726
594.9991199937781 -0.4555285634378321 -5.328205080609074
595.5047140181061 -0.8014723888500251 -3.565670893230265
596.3147116238686 -1.35498540017763 -0.7468768441295155
597.6118399981151 -2.240606384017232 3.761815535784482
594.4912791543603 0.1041648698689188 -7.124746589051839
594.6833138685641 0.2393090252480902 -6.430093564048748
594.9991199937773 0.4555285634378318 -5.328205080609074
595.5047140181069 0.8014723888500246 -3.565670893230313
596.3147116238683 1.354985400177636 -0.7468768441295776
597.6118399981151 2.240606384017232 3.761815535784486
617.3667237607552 -0.104164869868924 -7.124746589051793
617.5813507942777 -0.239309025248093 -6.430093564048725
617.9343105812811 -0.4555285634378324 -5.328205080609079
618.4993862555311 -0.8014723888500263 -3.56567089323026
619.404677697265 -1.354985400177631 -0.7468768441295235
620.8544094096584 -2.240606384017232 3.761815535784458
617.3667237607553 0.104164869868919 -7.124746589051835
617.5813507942777 0.2393090252480903 -6.430093564048748
617.9343105812808 0.4555285634378317 -5.328205080609075
618.4993862555312 0.8014723888500248 -3.565670893230305
619.4046776972648 1.354985400177637 -0.7468768441295829
620.8544094096582 2.240606384017233 3.761815535784464
640.242168367151 -0.1041648698689242 -7.124746589051789
640.4793877199916 -0.2393090252480936 -6.430093564048718
640.8695011687851 -0.4555285634378327 -5.328205080609081
641.4940584929554 -0.8014723888500253 -3.565670893230256
642.4946437706614 -1.35498540017763 -0.7468768441295315
644.0969788212009 -2.240606384017231 3.761815535784431
640.2421683671507 0.1041648698689189 -7.124746589051833
640.4793877199911 0.2393090252480908 -6.43009356404874
640.8695011687843 0.4555285634378317 -5.328205080609073
641.4940584929559 0.8014723888500239 -3.565670893230301
642.4946437706609 1.354985400177637 -0.7468768441295891
644.0969788212007 2.240606384017231 3.761815535784441
663.1176129735454 -0.1041648698689243 -7.124746589051784
663.3774246457051 -0.2393090252480936 -6.430093564048713
663.8046917562879 -0.4555285634378332 -5.328205080609079
664.4887307303794 -0.8014723888500261 -3.56567089323025
665.5846098440576 -1.354985400177631 -0.7468768441295395
667.3395482327441 -2.240606384017231 3.76181553578441
663.117612973546 0.1041648698689188 -7.124746589051826
663.3774246457051 0.2393090252480909 -6.430093564048734
663.8046917562875 0.4555285634378324 -5.328205080609074
664.4887307303801 0.8014723888500245 -3.565670893230294
665.5846098440574 1.354985400177636 -0.7468768441295962
667.3395482327437 2.24060638401723 3.761815535784421
685.9930575799415 -0.1041648698689245 -7.124746589051777
686.2754615714194 -0.2393090252480939 -6.430093564048709
686.7398823437916 -0.455528563437832 -5.328205080609089
687.4834029678043 -0.8014723888500254 -3.565670893230249
688.6745759174545 -1.354985400177631 -0.7468768441295475
690.582117644287 -2.240606384017232 3.761815535784386
685.9930575799415 0.1041648698689188 -7.124746589051821
686.2754615714186 0.2393090252480908 -6.430093564048733
686.7398823437909 0.4555285634378314 -5.328205080609082
687.4834029678048 0.801472388850024 -3.565670893230287
688.6745759174539 1.354985400177636 -0.7468768441296033
690.5821176442865 2.24060638401723 3.761815535784399
708.8685021863372 -0.1041648698689243 -7.124746589051774
709.1734984971318 -0.2393090252480938 -6.430093564048705
709.6750729312951 -0.4555285634378324 -5.328205080609095
710.4780752052283 -0.801472388850026 -3.565670893230242
711.7645419908503 -1.354985400177631 -0.7468768441295568
713.8246870558305 -2.240606384017234 3.761815535784361
708.8685021863371 0.1041648698689183 -7.124746589051816
709.1734984971323 0.2393090252480906 -6.430093564048724
709.6750729312947 0.4555285634378313 -5.328205080609085
710.4780752052287 0.8014723888500245 -3.56567089323028
711.7645419908498 1.354985400177636 -0.7468768441296091
713.8246870558299 2.240606384017231 3.761815535784377
731.7439467927323 -0.1041648698689245 -7.124746589051766
732.0715354228463 -0.239309025248094 -6.430093564048703
732.6102635187984 -0.4555285634378329 -5.328205080609097
733.4727474426533 -0.8014723888500261 -3.565670893230238
734.8545080642468 -1.35498540017763 -0.746876844129563
737.0672564673729 -2.240606384017232 3.76181553578434
731.7439467927323 0.1041648698689184 -7.124746589051809
732.0715354228456 0.2393090252480908 -6.430093564048727
732.6102635187975 0.4555285634378321 -5.328205080609082
733.4727474426534 0.8014723888500245 -3.565670893230277
734.8545080642465 1.354985400177637 -0.746876844129615
737.0672564673731 2.240606384017231 3.761815535784357
754.6193913991279 -0.1041648698689254 -7.124746589051761
754.9695723485594 -0.2393090252480942 -6.430093564048697
755.5454541063012 -0.4555285634378326 -5.328205080609103
756.4674196800775 -0.801472388850026 -3.565670893230234
757.9444741376434 -1.354985400177631 -0.7468768441295731
760.3098258789157 -2.240606384017232 3.761815535784314
754.6193913991279 0.1041648698689189 -7.124746589051808
754.969572348559 0.2393090252480907 -6.430093564048719
755.5454541063009 0.4555285634378313 -5.328205080609089
756.4674196800779 0.8014723888500249 -3.565670893230271
757.9444741376429 1.354985400177638 -0.7468768441296237
760.3098258789153 2.240606384017232 3.761815535784335
777.4948360055228 -0.104164869868925 -7.124746589051759
777.8676092742735 -0.2393090252480944 -6.430093564048694
778.4806446938055 -0.455528563437833 -5.328205080609103
779.4620919175014 -0.8014723888500267 -3.565670893230228
781.0344402110396 -1.35498540017763 -0.7468768441295798
783.5523952904588 -2.240606384017233 3.76181553578429
777.4948360055233 0.1041648698689182 -7.124746589051804
777.8676092742726 0.2393090252480905 -6.430093564048716
778.4806446938045 0.4555285634378312 -5.328205080609088
779.4620919175022 0.8014723888500246 -3.565670893230263
781.0344402110392 1.354985400177636 -0.746876844129626
783.5523952904584 2.240606384017231 3.761815535784314
3 80 0 408
4849
4850
4851
4852
4853
4854
4855
4856
4857
4858
4859
4860
4861
4862
4863
4864
4865
4866
4867
4868
4869
4870
4871
4872
4873
4874
4875
4876
4877
4878
4879
4880
4881
4882
4883
4884
4885
4886
4887
4888
4889
4890
4891
4892
4893
4894
4895
4896
4897
4898
4899
4900
4901
4902
4903
4904
4905
4906
4907
4908
4909
4910
4911
4912
4913
4914
4915
4916
4917
4918
4919
4920
4921
4922
4923
4924
4925
4926
4927
4928
4929
4930
4931
4932
4933
4934
4935
4936
4937
4938
4939
4940
4941
4942
4943
4944
4945
4946
4947
4948
4949
4950
4951
4952
4953
4954
4955
4956
4957
4958
4959
4960
4961
4962
4963
4964
4965
4966
4967
4968
4969
4970
4971
4972
4973
4974
4975
4976
4977
4978
4979
4980
4981
4982
4983
4984
4985
4986
4987
4988
4989
4990
4991
4992
4993
4994
4995
4996
4997
4998
4999
5000
5001
5002
5003
5004
5005
5006
5007
5008
5009
5010
5011
5012
5013
5014
5015
5016
5017
5018
5019
5020
5021
5022
5023
5024
5025
5026
5027
5028
5029
5030
5031
5032
5033
5034
5035
5036
5037
5038
5039
5040
5041
5042
5043
5044
5045
5046
5047
5048
5049
5050
5051
5052
5053
5054
5055
5056
5057
5058
5059
5060
5061
5062
5063
5064
5065
5066
5067
5068
5069
5070
5071
5072
5073
5074
5075
5076
5077
5078
5079
5080
5081
5082
5083
5084
5085
5086
5087
5088
5089
5090
5091
5092
5093
5094
5095
5096
5097
5098
5099
5100
5101
5102
5103
5104
5105
5106
5107
5108
5109
5110
5111
5112
5113
5114
5115
5116
5117
5118
5119
5120
5121
5122
5123
5124
5125
5126
5127
5128
5129
5130
5131
5132
5133
5134
5135
5136
5137
5138
5139
5140
5141
5142
5143
5144
5145
5146
5147
5148
5149
5150
5151
5152
5153
5154
5155
5156
5157
5158
5159
5160
5161
5162
5163
5164
5165
5166
5167
5168
5169
5170
5171
5172
5173
5174
5175
5176
5177
5178
5179
5180
5181
5182
5183
5184
5185
5186
5187
5188
5189
5190
5191
5192
5193
5194
5195
5196
5197
5198
5199
5200
5201
5202
5203
5204
5205
5206
5207
5208
5209
5210
5211
5212
5213
5214
5215
5216
5217
5218
5219
5220
5221
5222
5223
5224
5225
5226
5227
5228
5229
5230
5231
5232
5233
5234
5235
5236
5237
5238
5239
5240
5241
5242
5243
5244
5245
5246
5247
5248
5249
5250
5251
5252
5253
5254
5255
5256
22.60575935921824 0.1041174709633809 -7.738930148984806
22.23177666658098 0.2392890042463834 -7.886209451243008
21.61790851780808 0.4555200759936044 -8.085579500150759
20.63590465260044 0.8014598729001404 -8.402769373485429
19.06326660803142 1.354974998430194 -8.905528812278867
16.54559061276256 2.240599975969134 -9.70482779528027
22.60575935921826 -0.1041174709633805 -7.738930148984801
22.23177666658097 -0.2392890042463836 -7.886209451243015
21.61790851780806 -0.4555200759936031 -8.085579500150725
20.63590465260049 -0.8014598729001429 -8.402769373485445
19.0632666080314 -1.354974998430216 -8.905528812278899
16.54559061276282 -2.240599975969146 -9.704827795280758
45.48116788290189 0.1041174709633802 -7.738930148984804
45.12985080800026 0.2392890042463834 -7.886209451243
44.55318678945606 0.4555200759936037 -8.085579500150752
43.63069831001859 0.8014598729001403 -8.402769373485416
42.15337166208995 1.354974998430194 -8.905528812278863
39.78828209077692 2.240599975969132 -9.704827795280291
45.48116788290191 -0.10411747096338 -7.738930148984801
45.12985080800025 -0.2392890042463836 -7.886209451243008
44.55318678945608 -0.4555200759936027 -8.08557950015072
43.63069831001864 -0.8014598729001433 -8.402769373485439
42.15337166208994 -1.354974998430217 -8.905528812278897
39.78828209077723 -2.240599975969145 -9.704827795280748
68.35657640658573 0.1041174709633811 -7.7389301489848
68.0279249494196 0.2392890042463832 -7.886209451242999
67.48846506110404 0.4555200759936047 -8.085579500150743
66.6254919674368 0.8014598729001401 -8.402769373485407
65.24347671614855 1.354974998430195 -8.905528812278874
63.03097356879137 2.240599975969134 -9.704827795280316
68.35657640658572 -0.1041174709633809 -7.738930148984799
68.0279249494196 -0.2392890042463834 -7.886209451243004
67.48846506110405 -0.4555200759936036 -8.085579500150716
66.62549196743691 -0.8014598729001428 -8.402769373485436
65.24347671614859 -1.354974998430216 -8.905528812278892
63.03097356879173 -2.240599975969143 -9.704827795280732
91.23198493026935 0.1041174709633802 -7.738930148984801
90.92599909083893 0.2392890042463834 -7.886209451242996
90.42374333275201 0.4555200759936043 -8.085579500150743
89.6202856248548 0.8014598729001406 -8.4027693734854
88.3335817702072 1.354974998430194 -8.905528812278876
86.27366504680559 2.240599975969132 -9.704827795280334
91.23198493026939 -0.1041174709633805 -7.738930148984796
90.92599909083891 -0.2392890042463838 -7.886209451242999
90.42374333275197 -0.4555200759936029 -8.085579500150716
89.62028562485489 -0.8014598729001428 -8.40276937348543
88.33358177020725 -1.354974998430216 -8.905528812278884
86.27366504680602 -2.240599975969145 -9.704827795280718
114.1073934539531 0.1041174709633804 -7.738930148984798
113.8240732322581 0.2392890042463827 -7.886209451242988
113.3590216044 0.4555200759936038 -8.085579500150736
112.6150792822728 0.8014598729001398 -8.402769373485388
111.4236868242659 1.354974998430195 -8.905528812278881
109.51635652482 2.240599975969133 -9.704827795280353
114.1073934539532 -0.1041174709633809 -7.738930148984797
113.8240732322581 -0.2392890042463833 -7.886209451242993
113.3590216044 -0.4555200759936031 -8.085579500150713
112.6150792822729 -0.8014598729001429 -8.40276937348542
111.423686824266 -1.354974998430216 -8.905528812278883
109.5163565248204 -2.240599975969145 -9.7048277952807
136.9828019776368 0.1041174709633802 -7.738930148984796
136.7221473736774 0.2392890042463832 -7.886209451242985
136.2942998760478 0.4555200759936038 -8.085579500150727
135.6098729396913 0.8014598729001404 -8.402769373485377
134.5137918783247 1.354974998430195 -8.905528812278886
132.7590480028343 2.240599975969134 -9.704827795280377
136.9828019776367 -0.1041174709633811 -7.738930148984793
136.7221473736774 -0.239289004246384 -7.886209451242987
136.2942998760477 -0.4555200759936035 -8.085579500150706
135.6098729396914 -0.8014598729001439 -8.402769373485416
134.5137918783246 -1.354974998430216 -8.905528812278883
132.7590480028348 -2.240599975969146 -9.704827795280693
159.8582105013203 0.1041174709633799 -7.738930148984791
159.620221515097 0.2392890042463825 -7.886209451242977
159.2295781476958 0.4555200759936033 -8.08557950015072
158.6046665971093 0.8014598729001403 -8.402769373485372
157.6038969323833 1.354974998430194 -8.90552881227889
156.0017394808486 2.240599975969134 -9.704827795280396
159.8582105013203 -0.1041174709633808 -7.73893014898479
159.620221515097 -0.2392890042463832 -7.886209451242985
159.2295781476958 -0.4555200759936031 -8.085579500150704
158.6046665971093 -0.8014598729001428 -8.402769373485409
157.6038969323833 -1.354974998430215 -8.905528812278876
156.0017394808492 -2.240599975969145 -9.704827795280671
182.733619025004 0.1041174709633799 -7.738930148984794
182.5182956565161 0.2392890042463826 -7.886209451242972
182.164856419344 0.4555200759936042 -8.085579500150713
181.5994602545272 0.8014598729001393 -8.402769373485361
180.6940019864421 1.354974998430196 -8.905528812278892
179.2444309588631 2.240599975969133 -9.704827795280419
182.7336190250042 -0.1041174709633812 -7.738930148984793
182.518295656516 -0.2392890042463833 -7.88620945124298
182.1648564193438 -0.4555200759936041 -8.0855795001507
181.5994602545272 -0.8014598729001428 -8.4027693734854
180.6940019864422 -1.354974998430216 -8.905528812278874
179.2444309588634 -2.240599975969147 -9.704827795280668
205.6090275486878 0.1041174709633799 -7.73893014898479
205.4163697979355 0.239289004246383 -7.886209451242967
205.1001346909919 0.4555200759936042 -8.085579500150704
204.5942539119454 0.8014598729001404 -8.402769373485356
203.7841070405007 1.354974998430196 -8.90552881227889
202.4871224368773 2.240599975969133 -9.704827795280439
205.609027548688 -0.1041174709633813 -7.738930148984791
205.4163697979355 -0.2392890042463839 -7.886209451242976
205.1001346909919 -0.455520075993604 -8.085579500150692
204.5942539119454 -0.8014598729001433 -8.402769373485398
203.7841070405007 -1.354974998430214 -8.905528812278869
202.4871224368779 -2.240599975969146 -9.70482779528065
228.4844360723714 0.1041174709633798 -7.73893014898479
228.3144439393548 0.2392890042463826 -7.886209451242961
228.0354129626399 0.4555200759936031 -8.085579500150702
227.5890475693636 0.8014598729001406 -8.402769373485341
226.8742120945592 1.354974998430197 -8.905528812278897
225.7298139148916 2.240599975969132 -9.704827795280462
228.4844360723715 -0.1041174709633814 -7.738930148984791
228.3144439393548 -0.2392890042463837 -7.886209451242968
228.0354129626397 -0.4555200759936034 -8.08557950015069
227.5890475693638 -0.8014598729001432 -8.402769373485391
226.8742120945595 -1.354974998430214 -8.905528812278861
225.7298139148922 -2.240599975969145 -9.704827795280639
251.3598445960552 0.1041174709633791 -7.738930148984784
251.2125180807741 0.2392890042463829 -7.886209451242959
250.9706912342877 0.4555200759936035 -8.085579500150692
250.5838412267816 0.8014598729001399 -8.402769373485327
249.9643171486181 1.354974998430196 -8.905528812278895
248.9725053929061 2.240599975969133 -9.70482779528048
251.3598445960552 -0.1041174709633809 -7.738930148984783
251.2125180807741 -0.2392890042463841 -7.886209451242961
250.9706912342878 -0.4555200759936039 -8.085579500150686
250.5838412267818 -0.8014598729001438 -8.402769373485388
249.964317148618 -1.354974998430214 -8.90552881227886
248.9725053929068 -2.240599975969147 -9.704827795280622
274.2352531197387 0.1041174709633793 -7.738930148984787
274.1105922221932 0.2392890042463822 -7.886209451242951
273.9059695059356 0.4555200759936032 -8.085579500150686
273.5786348841996 0.8014598729001393 -8.402769373485324
273.0544222026764 1.354974998430197 -8.905528812278904
272.2151968709204 2.240599975969133 -9.704827795280504
274.235253119739 -0.1041174709633813 -7.738930148984787
274.1105922221932 -0.2392890042463837 -7.886209451242959
273.9059695059357 -0.4555200759936045 -8.085579500150683
273.5786348841997 -0.8014598729001431 -8.402769373485381
273.0544222026766 -1.354974998430214 -8.905528812278861
272.2151968709211 -2.240599975969146 -9.704827795280611
297.1106616434225 0.1041174709633795 -7.738930148984783
297.0086663636129 0.2392890042463821 -7.886209451242949
296.8412477775836 0.4555200759936033 -8.085579500150681
296.5734285416178 0.8014598729001398 -8.402769373485313
296.1445272567352 1.354974998430197 -8.905528812278909
295.4578883489347 2.240599975969134 -9.704827795280526
297.1106616434228 -0.1041174709633817 -7.738930148984785
297.0086663636126 -0.2392890042463838 -7.886209451242951
296.8412477775836 -0.4555200759936045 -8.085579500150679
296.5734285416181 -0.801459872900143 -8.40276937348537
296.1445272567354 -1.354974998430214 -8.905528812278853
295.4578883489353 -2.240599975969144 -9.704827795280604
319.9860701671061 0.1041174709633796 -7.738930148984778
319.906740505032 0.2392890042463825 -7.886209451242941
319.7765260492315 0.4555200759936027 -8.085579500150679
319.5682221990359 0.8014598729001388 -8.402769373485302
319.2346323107939 1.354974998430197 -8.905528812278913
318.7005798269488 2.240599975969134 -9.704827795280544
319.9860701671062 -0.1041174709633821 -7.738930148984782
319.9067405050319 -0.2392890042463841 -7.886209451242949
319.7765260492315 -0.455520075993604 -8.085579500150677
319.568222199036 -0.8014598729001428 -8.402769373485366
319.2346323107939 -1.354974998430214 -8.905528812278847
318.7005798269495 -2.240599975969145 -9.704827795280588
342.8614786907899 0.1041174709633788 -7.738930148984778
342.8048146464513 0.2392890042463818 -7.886209451242936
342.7118043208794 0.4555200759936024 -8.085579500150672
342.5630158564538 0.8014598729001394 -8.402769373485295
342.3247373648525 1.354974998430198 -8.905528812278908
341.9432713049631 2.240599975969134 -9.704827795280559
342.8614786907899 -0.1041174709633816 -7.738930148984781
342.8048146464511 -0.2392890042463835 -7.886209451242941
342.7118043208794 -0.455520075993604 -8.085579500150672
342.563015856454 -0.8014598729001432 -8.402769373485363
342.3247373648527 -1.354974998430214 -8.905528812278847
341.943271304964 -2.240599975969144 -9.704827795280574
365.7368872144732 0.104117470963379 -7.738930148984775
365.7028887878704 0.239289004246382 -7.886209451242929
365.6470825925277 0.4555200759936031 -8.085579500150665
365.5578095138719 0.8014598729001394 -8.402769373485285
365.414842418911 1.354974998430198 -8.905528812278918
365.1859627829776 2.240599975969135 -9.704827795280584
365.7368872144732 -0.104117470963382 -7.738930148984779
365.7028887878703 -0.2392890042463839 -7.886209451242936
365.6470825925275 -0.455520075993605 -8.08557950015067
365.5578095138722 -0.8014598729001431 -8.402769373485356
365.4148424189112 -1.354974998430213 -8.90552881227884
365.1859627829783 -2.240599975969148 -9.704827795280561
388.6122957381572 0.1041174709633793 -7.738930148984775
388.6009629292898 0.2392890042463822 -7.886209451242926
388.5823608641754 0.4555200759936027 -8.085579500150656
388.5526031712901 0.8014598729001398 -8.402769373485278
388.5049474729697 1.354974998430198 -8.905528812278918
388.428654260992 2.240599975969135 -9.704827795280602
388.6122957381572 -0.1041174709633824 -7.738930148984777
388.6009629292896 -0.2392890042463842 -7.88620945124293
388.5823608641752 -0.4555200759936044 -8.085579500150663
388.5526031712904 -0.8014598729001433 -8.402769373485349
388.5049474729697 -1.354974998430213 -8.90552881227884
388.4286542609926 -2.240599975969145 -9.704827795280545
411.4877042618407 0.1041174709633785 -7.738930148984771
411.4990370707085 0.2392890042463818 -7.886209451242919
411.5176391358232 0.4555200759936019 -8.085579500150649
411.5473968287081 0.8014598729001401 -8.402769373485267
411.5950525270283 1.354974998430198 -8.905528812278925
411.671345739006 2.240599975969135 -9.704827795280623
411.4877042618409 -0.1041174709633819 -7.738930148984775
411.4990370707088 -0.2392890042463839 -7.886209451242927
411.5176391358233 -0.4555200759936042 -8.08557950015066
411.5473968287085 -0.8014598729001431 -8.402769373485345
411.5950525270283 -1.354974998430212 -8.905528812278831
411.671345739007 -2.240599975969146 -9.704827795280531
434.3631127855247 0.1041174709633789 -7.738930148984771
434.3971112121285 0.2392890042463818 -7.886209451242916
434.4529174074711 0.4555200759936018 -8.085579500150642
434.5421904861263 0.8014598729001391 -8.402769373485258
434.6851575810869 1.354974998430198 -8.905528812278924
434.9140372170206 2.240599975969135 -9.704827795280647
434.3631127855247 -0.1041174709633826 -7.738930148984773
434.3971112121282 -0.2392890042463843 -7.886209451242923
434.452917407471 -0.455520075993604 -8.085579500150656
434.5421904861263 -0.8014598729001436 -8.402769373485338
434.6851575810869 -1.354974998430213 -8.905528812278829
434.9140372170215 -2.240599975969148 -9.704827795280517
457.238521309208 0.1041174709633785 -7.73893014898477
457.2951853535474 0.239289004246382 -7.886209451242914
457.3881956791192 0.4555200759936027 -8.085579500150638
457.5369841435443 0.801459872900139 -8.402769373485251
457.7752626351457 1.354974998430199 -8.905528812278932
458.1567286950346 2.240599975969134 -9.704827795280664
457.2385213092081 -0.1041174709633824 -7.738930148984775
457.2951853535476 -0.2392890042463843 -7.886209451242919
457.3881956791192 -0.4555200759936048 -8.085579500150649
457.5369841435445 -0.8014598729001436 -8.402769373485334
457.7752626351461 -1.354974998430212 -8.905528812278824
458.1567286950357 -2.240599975969148 -9.70482779528051
480.1139298328917 0.1041174709633783 -7.738930148984767
480.1932594949667 0.2392890042463813 -7.886209451242904
480.3234739507675 0.4555200759936014 -8.085579500150631
480.5317778009629 0.8014598729001394 -8.402769373485238
480.865367689204 1.354974998430199 -8.905528812278929
481.3994201730491 2.240599975969134 -9.704827795280689
480.113929832892 -0.1041174709633825 -7.73893014898477
480.1932594949668 -0.2392890042463839 -7.886209451242906
480.3234739507671 -0.4555200759936044 -8.085579500150647
480.5317778009629 -0.8014598729001436 -8.402769373485327
480.8653676892046 -1.354974998430212 -8.905528812278824
481.3994201730501 -2.240599975969148 -9.704827795280496
502.9893383565756 0.1041174709633787 -7.738930148984765
503.091333636386 0.2392890042463818 -7.886209451242903
503.2587522224152 0.4555200759936024 -8.085579500150624
503.5265714583809 0.8014598729001392 -8.402769373485231
503.9554727432632 1.3549749984302 -8.90552881227894
504.6421116510636 2.240599975969134 -9.704827795280707
502.9893383565755 -0.1041174709633829 -7.738930148984771
503.091333636386 -0.2392890042463843 -7.886209451242906
503.2587522224148 -0.455520075993605 -8.085579500150642
503.5265714583808 -0.8014598729001432 -8.40276937348532
503.9554727432632 -1.354974998430212 -8.905528812278819
504.6421116510645 -2.240599975969149 -9.704827795280481
525.8647468802592 0.1041174709633784 -7.738930148984761
525.9894077778054 0.2392890042463813 -7.886209451242896
526.1940304940633 0.4555200759936014 -8.085579500150613
526.5213651157989 0.8014598729001393 -8.402769373485221
527.0455777973215 1.3549749984302 -8.905528812278941
527.8848031290777 2.240599975969136 -9.70482779528073
525.8647468802591 -0.104117470963383 -7.738930148984768
525.9894077778056 -0.2392890042463841 -7.886209451242902
526.1940304940628 -0.4555200759936048 -8.085579500150638
526.5213651157989 -0.8014598729001436 -8.402769373485317
527.0455777973217 -1.354974998430212 -8.905528812278812
527.8848031290784 -2.240599975969149 -9.704827795280467
548.7401554039429 0.1041174709633784 -7.738930148984762
548.8874819192249 0.2392890042463814 -7.88620945124289
549.1293087657109 0.4555200759936022 -8.085579500150608
549.5161587732174 0.801459872900139 -8.402769373485214
550.1356828513804 1.354974998430199 -8.905528812278947
551.1274946070922 2.240599975969135 -9.704827795280753
548.7401554039429 -0.104117470963383 -7.738930148984767
548.887481919225 -0.2392890042463844 -7.886209451242896
549.1293087657107 -0.4555200759936053 -8.085579500150637
549.5161587732173 -0.8014598729001428 -8.40276937348531
550.1356828513807 -1.354974998430211 -8.905528812278813
551.1274946070934 -2.240599975969146 -9.704827795280453
571.6155639276268 0.1041174709633779 -7.738930148984757
571.7855560606441 0.2392890042463812 -7.886209451242884
572.0645870373595 0.4555200759936014 -8.085579500150608
572.5109524306348 0.8014598729001394 -8.402769373485203
573.2257879054392 1.354974998430201 -8.905528812278947
574.3701860851062 2.240599975969136 -9.704827795280774
571.6155639276268 -0.1041174709633829 -7.738930148984768
571.785556060644 -0.2392890042463841 -7.886209451242892
572.0645870373593 -0.4555200759936048 -8.085579500150635
572.5109524306353 -0.8014598729001434 -8.402769373485302
573.2257879054393 -1.354974998430212 -8.905528812278805
574.3701860851077 -2.240599975969148 -9.704827795280439
594.4909724513108 0.1041174709633777 -7.738930148984758
594.6836302020635 0.239289004246381 -7.88620945124288
594.9998653090071 0.4555200759936017 -8.085579500150597
595.5057460880537 0.8014598729001388 -8.402769373485194
596.3158929594979 1.354974998430201 -8.905528812278952
597.6128775631209 2.240599975969135 -9.704827795280794
594.4909724513107 -0.104117470963383 -7.738930148984766
594.6836302020635 -0.2392890042463841 -7.886209451242883
594.999865309007 -0.4555200759936053 -8.085579500150629
595.5057460880538 -0.8014598729001433 -8.402769373485299
596.3158929594978 -1.35497499843021 -8.905528812278805
597.6128775631216 -2.240599975969147 -9.704827795280424
617.3663809749945 0.1041174709633776 -7.738930148984752
617.581704343483 0.2392890042463807 -7.886209451242875
617.9351435806553 0.4555200759936021 -8.085579500150592
618.5005397454713 0.801459872900139 -8.402769373485183
619.4059980135564 1.354974998430201 -8.905528812278952
620.8555690411351 2.240599975969135 -9.704827795280815
617.3663809749946 -0.1041174709633831 -7.738930148984762
617.581704343483 -0.2392890042463838 -7.886209451242882
617.9351435806552 -0.4555200759936058 -8.085579500150624
618.5005397454715 -0.8014598729001434 -8.402769373485294
619.4059980135567 -1.354974998430211 -8.905528812278796
620.8555690411361 -2.240599975969149 -9.704827795280417
640.2417894986779 0.1041174709633778 -7.738930148984753
640.4797784849023 0.2392890042463809 -7.886209451242869
640.8704218523035 0.4555200759936017 -8.085579500150585
641.4953334028896 0.8014598729001388 -8.402769373485174
642.4961030676153 1.3549749984302 -8.905528812278961
644.0982605191497 2.240599975969135 -9.704827795280835
640.2417894986785 -0.1041174709633835 -7.73893014898476
640.4797784849023 -0.2392890042463841 -7.886209451242872
640.8704218523033 -0.4555200759936052 -8.085579500150622
641.4953334028902 -0.8014598729001434 -8.402769373485286
642.4961030676154 -1.35497499843021 -8.905528812278796
644.098260519151 -2.240599975969146 -9.704827795280401
663.1171980223619 0.1041174709633773 -7.73893014898475
663.3778526263225 0.2392890042463808 -7.886209451242867
663.8057001239516 0.4555200759936006 -8.085579500150581
664.4901270603081 0.8014598729001382 -8.402769373485164
665.5862081216738 1.3549749984302 -8.905528812278961
667.3409519971639 2.240599975969134 -9.704827795280858
663.1171980223622 -0.1041174709633833 -7.738930148984759
663.3778526263219 -0.2392890042463844 -7.88620945124287
663.8057001239514 -0.4555200759936052 -8.085579500150621
664.4901270603082 -0.8014598729001434 -8.402769373485281
665.5862081216742 -1.35497499843021 -8.90552881227879
667.3409519971649 -2.240599975969146 -9.704827795280389
685.9926065460456 0.1041174709633772 -7.73893014898475
686.2759267677413 0.2392890042463806 -7.886209451242859
686.7409783955995 0.4555200759936012 -8.085579500150573
687.4849207177266 0.8014598729001388 -8.402769373485159
688.6763131757323 1.354974998430201 -8.905528812278966
690.5836434751784 2.240599975969134 -9.704827795280879
685.9926065460461 -0.1041174709633833 -7.738930148984756
686.2759267677416 -0.2392890042463841 -7.886209451242865
686.7409783955991 -0.4555200759936059 -8.085579500150613
687.4849207177265 -0.8014598729001432 -8.402769373485276
688.6763131757328 -1.354974998430209 -8.905528812278789
690.5836434751799 -2.240599975969146 -9.704827795280375
708.8680150697294 0.1041174709633774 -7.738930148984744
709.1740009091606 0.2392890042463805 -7.886209451242854
709.6762566672471 0.4555200759936012 -8.085579500150565
710.4797143751443 0.8014598729001385 -8.402769373485148
711.7664182297917 1.354974998430201 -8.905528812278966
713.8263349531924 2.240599975969137 -9.704827795280901
708.8680150697301 -0.1041174709633838 -7.738930148984756
709.174000909161 -0.2392890042463842 -7.886209451242857
709.676256667247 -0.4555200759936053 -8.085579500150612
710.4797143751446 -0.8014598729001431 -8.402769373485265
711.7664182297915 -1.35497499843021 -8.90552881227878
713.8263349531941 -2.240599975969149 -9.704827795280362
731.7434235934137 0.1041174709633773 -7.738930148984746
732.0720750505797 0.2392890042463804 -7.886209451242848
732.6115349388958 0.4555200759936011 -8.085579500150558
733.4745080325624 0.8014598729001382 -8.402769373485139
734.8565232838499 1.354974998430202 -8.905528812278975
737.0690264312066 2.240599975969137 -9.704827795280913
731.7434235934136 -0.1041174709633839 -7.738930148984752
732.0720750505799 -0.2392890042463843 -7.886209451242855
732.6115349388955 -0.4555200759936062 -8.085579500150606
733.4745080325628 -0.8014598729001432 -8.402769373485263
734.8565232838504 -1.35497499843021 -8.905528812278783
737.069026431208 -2.240599975969148 -9.704827795280343
754.6188321170974 0.1041174709633769 -7.738930148984745
754.9701491919996 0.2392890042463804 -7.886209451242844
755.5468132105436 0.4555200759936013 -8.085579500150553
756.4693016899806 0.8014598729001384 -8.402769373485128
757.9466283379084 1.354974998430202 -8.905528812278975
760.311717909221 2.240599975969137 -9.704827795280943
754.6188321170974 -0.1041174709633837 -7.738930148984755
754.9701491919998 -0.2392890042463843 -7.886209451242848
755.5468132105436 -0.4555200759936062 -8.085579500150603
756.4693016899812 -0.8014598729001438 -8.402769373485258
757.946628337909 -1.354974998430211 -8.905528812278774
760.3117179092229 -2.240599975969149 -9.704827795280332
777.4942406407808 0.1041174709633767 -7.73893014898474
777.8682233334193 0.2392890042463803 -7.886209451242837
778.4820914821921 0.4555200759936011 -8.085579500150549
779.4640953473992 0.8014598729001392 -8.402769373485121
781.0367333919676 1.354974998430203 -8.905528812278982
783.5544093872353 2.240599975969138 -9.704827795280957
777.4942406407815 -0.1041174709633838 -7.738930148984753
777.8682233334189 -0.2392890042463843 -7.886209451242845
778.482091482192 -0.4555200759936059 -8.085579500150596
779.4640953473991 -0.8014598729001438 -8.402769373485251
781.036733391968 -1.35497499843021 -8.905528812278776
783.5544093872372 -2.24059997596915 -9.704827795280327
3 81 0 408
5257
5258
5259
5260
5261
5262
5263
5264
5265
5266
5267
5268
5269
5270
5271
5272
5273
5274
5275
5276
5277
5278
5279
5280
5281
5282
5283
5284
5285
5286
5287
5288
5289
5290
5291
5292
5293
5294
5295
5296
5297
5298
5299
5300
5301
5302
5303
5304
5305
5306
5307
5308
5309
5310
5311
5312
5313
5314
5315
5316
5317
5318
5319
5320
5321
5322
5323
5324
5325
5326
5327
5328
5329
5330
5331
5332
5333
5334
5335
5336
5337
5338
5339
5340
5341
5342
5343
5344
5345
5346
5347
5348
5349
5350
5351
5352
5353
5354
5355
5356
5357
5358
5359
5360
5361
5362
5363
5364
5365
5366
5367
5368
5369
5370
5371
5372
5373
5374
5375
5376
5377
5378
5379
5380
5381
5382
5383
5384
5385
5386
5387
5388
5389
5390
5391
5392
5393
5394
5395
5396
5397
5398
5399
5400
5401
5402
5403
5404
5405
5406
5407
5408
5409
5410
5411
5412
5413
5414
5415
5416
5417
5418
5419
5420
5421
5422
5423
5424
5425
5426
5427
5428
5429
5430
5431
5432
5433
5434
5435
5436
5437
5438
5439
5440
5441
5442
5443
5444
5445
5446
5447
5448
5449
5450
5451
5452
5453
5454
5455
5456
5457
5458
5459
5460
5461
5462
5463
5464
5465
5466
5467
5468
5469
5470
5471
5472
5473
5474
5475
5476
5477
5478
5479
5480
5481
5482
5483
5484
5485
5486
5487
5488
5489
5490
5491
5492
5493
5494
5495
5496
5497
5498
5499
5500
5501
5502
5503
5504
5505
5506
5507
5508
5509
5510
5511
5512
5513
5514
5515
5516
5517
5518
5519
5520
5521
5522
5523
5524
5525
5526
5527
5528
5529
5530
5531
5532
5533
5534
5535
5536
5537
5538
5539
5540
5541
5542
5543
5544
5545
5546
5547
5548
5549
5550
5551
5552
5553
5554
5555
5556
5557
5558
5559
5560
5561
5562
5563
5564
5565
5566
5567
5568
5569
5570
5571
5572
5573
5574
5575
5576
5577
5578
5579
5580
5581
5582
5583
5584
5585
5586
5587
5588
5589
5590
5591
5592
5593
5594
5595
5596
5597
5598
5599
5600
5601
5602
5603
5604
5605
5606
5607
5608
5609
5610
5611
5612
5613
5614
5615
5616
5617
5618
5619
5620
5621
5622
5623
5624
5625
5626
5627
5628
5629
5630
5631
5632
5633
5634
5635
5636
5637
5638
5639
5640
5641
5642
5643
5644
5645
5646
5647
5648
5649
5650
5651
5652
5653
5654
5655
5656
5657
5658
5659
5660
5661
5662
5663
5664
22.60520219696177 -0.3137635265828229 -7.546908047098094
22.23856588837942 -0.7359248909309489 -7.399238639272217
21.63076484977061 -1.391476114227744 -7.162510084273952
20.65080382106071 -2.431877442751365 -6.783859800984725
19.08017704352046 -4.093732946724479 -6.177997195049399
16.55864511342322 -6.743616823481599 -5.20861905539849
22.60582287527327 -0.3144272430400256 -7.338637614125904
22.23734685928108 -0.7346405689604956 -6.920625175597738
21.62772026528583 -1.388236711526872 -6.251475777742814
20.64912629313462 -2.430096257306862 -5.180930949580103
19.07803169555461 -4.091451239449874 -3.468034045181856
16.55641979701373 -6.74124828259586 -0.7274043592802117
45.48064448805495 -0.3137635265828239 -7.546908047098092
45.13622856181092 -0.7359248909309509 -7.399238639272217
44.56526394978452 -1.391476114227753 -7.16251008427395
43.64469449857226 -2.431877442751357 -6.783859800984728
42.16925722270094 -4.093732946724479 -6.1779971950494
39.80054540957941 -6.743616823481579 -5.208619055398495
45.48122754949903 -0.31442724304003 -7.338637614125901
45.13508341326396 -0.7346405689605009 -6.920625175597735
44.56240388557146 -1.388236711526882 -6.251475777742814
43.64311863900532 -2.430096257306867 -5.180930949580102
42.16724189582389 -4.091451239449881 -3.468034045181857
39.79845496083107 -6.74124828259586 -0.7274043592802135
68.35608677914814 -0.3137635265828268 -7.546908047098095
68.03389123524244 -0.7359248909309526 -7.399238639272215
67.49976304979835 -1.391476114227763 -7.16251008427396
66.63858517608377 -2.431877442751349 -6.783859800984731
65.25833740188153 -4.093732946724476 -6.177997195049407
63.04244570573571 -6.743616823481566 -5.208619055398493
68.35663222372489 -0.3144272430400337 -7.338637614125901
68.03281996724688 -0.7346405689605076 -6.920625175597739
67.49708750585711 -1.388236711526889 -6.251475777742816
66.637110984876 -2.430096257306868 -5.180930949580106
65.25645209609333 -4.091451239449885 -3.468034045181859
63.04049012464851 -6.741248282595862 -0.7274043592802126
91.23152907024148 -0.3137635265828276 -7.546908047098094
90.93155390867403 -0.7359248909309554 -7.399238639272221
90.4342621498123 -1.391476114227773 -7.16251008427396
89.63247585359517 -2.431877442751342 -6.78385980098473
88.34741758106213 -4.093732946724476 -6.177997195049406
86.28434600189176 -6.743616823481551 -5.208619055398493
91.23203689795089 -0.3144272430400373 -7.338637614125901
90.93055652122985 -0.7346405689605142 -6.920625175597737
90.43177112614283 -1.388236711526899 -6.251475777742815
89.63110333074656 -2.430096257306872 -5.180930949580103
88.34566229636282 -4.091451239449892 -3.468034045181862
86.28252528846585 -6.741248282595865 -0.7274043592802153
114.1069713613346 -0.3137635265828294 -7.546908047098094
113.8292165821054 -0.7359248909309553 -7.399238639272219
113.3687612498262 -1.391476114227782 -7.162510084273959
112.6263665311064 -2.431877442751333 -6.783859800984727
111.4364977602427 -4.093732946724472 -6.177997195049407
109.526246298048 -6.743616823481536 -5.208619055398496
114.1074415721766 -0.3144272430400409 -7.3386376141259
113.8282930752127 -0.7346405689605182 -6.920625175597738
113.3664547464285 -1.388236711526906 -6.251475777742818
112.6250956766171 -2.430096257306873 -5.1809309495801
111.4348724966322 -4.091451239449899 -3.468034045181859
109.5245604522833 -6.741248282595862 -0.727404359280214
136.9824136524277 -0.3137635265828317 -7.546908047098092
136.726879255537 -0.7359248909309585 -7.39923863927222
136.3032603498399 -1.391476114227792 -7.16251008427396
135.6202572086181 -2.431877442751326 -6.783859800984728
134.5255779394233 -4.093732946724471 -6.177997195049405
132.7681465942042 -6.743616823481524 -5.208619055398504
136.9828462464024 -0.314427243040046 -7.338637614125902
136.7260296291957 -0.7346405689605249 -6.920625175597737
136.301138366714 -1.388236711526915 -6.251475777742817
135.6190880224879 -2.430096257306878 -5.1809309495801
134.5240826969016 -4.091451239449906 -3.468034045181859
132.7665956161006 -6.741248282595866 -0.7274043592802157
159.8578559435208 -0.3137635265828328 -7.546908047098093
159.6245419289686 -0.7359248909309594 -7.399238639272225
159.2377594498538 -1.391476114227801 -7.16251008427396
158.6141478861293 -2.431877442751317 -6.783859800984731
157.6146581186038 -4.093732946724471 -6.177997195049414
156.0100468903603 -6.743616823481511 -5.208619055398499
159.8582509206281 -0.31442724304005 -7.338637614125902
159.6237661831788 -0.7346405689605302 -6.920625175597737
159.2358219869998 -1.388236711526924 -6.251475777742813
158.6130803683583 -2.43009625730688 -5.180930949580103
157.6132928971712 -4.091451239449913 -3.468034045181862
156.0086307799181 -6.741248282595864 -0.7274043592802162
182.7332982346142 -0.3137635265828344 -7.546908047098095
182.5222046024 -0.7359248909309611 -7.399238639272224
182.1722585498679 -1.391476114227812 -7.162510084273964
181.6080385636408 -2.431877442751309 -6.783859800984732
180.7037382977846 -4.093732946724469 -6.177997195049414
179.2519471865165 -6.743616823481493 -5.208619055398503
182.733655594854 -0.3144272430400521 -7.338637614125899
182.5215027371615 -0.7346405689605368 -6.920625175597738
182.1705056072857 -1.388236711526931 -6.25147577774282
181.6070727142288 -2.430096257306881 -5.180930949580105
180.7025030974405 -4.091451239449921 -3.468034045181861
179.2506659437355 -6.741248282595864 -0.7274043592802197
205.6087405257071 -0.3137635265828367 -7.546908047098094
205.4198672758316 -0.7359248909309637 -7.399238639272226
205.1067576498816 -1.391476114227822 -7.162510084273965
204.6019292411521 -2.431877442751299 -6.783859800984734
203.7928184769651 -4.09373294672447 -6.177997195049414
202.4938474826726 -6.743616823481478 -5.208619055398502
205.6090602690798 -0.3144272430400572 -7.338637614125902
205.4192392911445 -0.7346405689605431 -6.920625175597736
205.1051892275712 -1.38823671152694 -6.25147577774282
204.6010650600995 -2.430096257306884 -5.180930949580102
203.79171329771 -4.091451239449927 -3.468034045181865
202.4927011075529 -6.741248282595864 -0.7274043592802175
228.4841828168003 -0.3137635265828381 -7.546908047098094
228.3175299492632 -0.735924890930965 -7.399238639272225
228.0412567498955 -1.39147611422783 -7.162510084273967
227.5958199186638 -2.431877442751292 -6.783859800984734
226.8818986561457 -4.093732946724466 -6.177997195049414
225.7357477788288 -6.743616823481462 -5.208619055398507
228.4844649433055 -0.3144272430400611 -7.338637614125901
228.3169758451277 -0.7346405689605487 -6.920625175597735
228.0398728478568 -1.388236711526949 -6.25147577774282
227.5950574059702 -2.430096257306886 -5.180930949580113
226.8809234979794 -4.091451239449932 -3.468034045181863
225.7347362713701 -6.741248282595867 -0.7274043592802202
251.3596251078936 -0.3137635265828381 -7.546908047098093
251.2151926226947 -0.7359248909309678 -7.399238639272222
250.9757558499093 -1.391476114227841 -7.162510084273965
250.589710596175 -2.431877442751283 -6.783859800984736
249.9709788353262 -4.093732946724465 -6.177997195049416
248.9776480749851 -6.743616823481449 -5.208619055398507
251.3598696175315 -0.3144272430400631 -7.338637614125902
251.2147123991105 -0.734640568960555 -6.920625175597736
250.9745564681427 -1.388236711526957 -6.251475777742818
250.5890497518407 -2.430096257306887 -5.180930949580107
249.9701336982488 -4.091451239449938 -3.468034045181864
248.9767714351876 -6.741248282595867 -0.7274043592802206
274.2350673989868 -0.313763526582841 -7.546908047098094
274.112855296126 -0.7359248909309686 -7.399238639272227
273.9102549499232 -1.391476114227852 -7.162510084273967
273.5836012736864 -2.431877442751277 -6.783859800984737
273.0600590145066 -4.093732946724465 -6.17799719504942
272.2195483711411 -6.743616823481434 -5.208619055398511
274.2352742917572 -0.3144272430400682 -7.338637614125902
274.1124489530931 -0.7346405689605608 -6.920625175597741
273.9092400884283 -1.388236711526966 -6.251475777742821
273.5830420977111 -2.430096257306892 -5.180930949580103
273.0593438985181 -4.091451239449945 -3.468034045181867
272.218806599005 -6.741248282595867 -0.7274043592802206
297.1105096900801 -0.3137635265828432 -7.546908047098094
297.0105179695578 -0.7359248909309704 -7.399238639272228
296.8447540499371 -1.391476114227861 -7.162510084273974
296.5774919511978 -2.431877442751267 -6.783859800984736
296.1491391936872 -4.093732946724462 -6.177997195049421
295.4614486672974 -6.74361682348142 -5.208619055398509
297.1106789659832 -0.3144272430400724 -7.338637614125902
297.0101855070762 -0.7346405689605668 -6.920625175597741
296.8439237087138 -1.388236711526974 -6.251475777742822
296.577034443582 -2.430096257306891 -5.180930949580111
296.1485540987875 -4.091451239449952 -3.468034045181867
295.4608417628223 -6.741248282595868 -0.7274043592802224
319.9859519811731 -0.3137635265828453 -7.546908047098095
319.908180642989 -0.7359248909309722 -7.399238639272228
319.7792531499508 -1.39147611422787 -7.162510084273975
319.5713826287092 -2.431877442751259 -6.783859800984736
319.2382193728679 -4.093732946724462 -6.177997195049421
318.7033489634533 -6.743616823481406 -5.20861905539851
319.9860836402087 -0.314427243040076 -7.338637614125902
319.9079220610591 -0.7346405689605721 -6.92062517559774
319.7786073289994 -1.388236711526983 -6.25147577774282
319.5710267894526 -2.430096257306896 -5.180930949580108
319.237764299057 -4.09145123944996 -3.468034045181868
318.7028769266396 -6.741248282595867 -0.7274043592802228
342.8613942722661 -0.3137635265828461 -7.54690804709809
342.8058433164207 -0.7359248909309735 -7.399238639272228
342.7137522499644 -1.391476114227879 -7.162510084273973
342.5652733062206 -2.431877442751252 -6.783859800984743
342.3272995520484 -4.093732946724458 -6.177997195049421
341.9452492596096 -6.743616823481387 -5.208619055398513
342.8614883144346 -0.3144272430400801 -7.338637614125902
342.8056586150421 -0.7346405689605782 -6.920625175597742
342.713290949285 -1.38823671152699 -6.251475777742823
342.565019135323 -2.430096257306897 -5.180930949580111
342.3269744993262 -4.091451239449963 -3.468034045181869
341.9449120904569 -6.741248282595867 -0.7274043592802246
365.7368365633593 -0.3137635265828476 -7.546908047098095
365.7035059898519 -0.7359248909309757 -7.399238639272228
365.6482513499787 -1.391476114227892 -7.162510084273974
365.5591639837321 -2.431877442751243 -6.78385980098474
365.4163797312288 -4.093732946724455 -6.177997195049421
365.1871495557658 -6.743616823481373 -5.208619055398517
365.7368929886602 -0.3144272430400823 -7.338637614125902
365.7033951690249 -0.7346405689605848 -6.920625175597741
365.6479745695709 -1.388236711527 -6.251475777742822
365.5590114811935 -2.4300962573069 -5.180930949580111
365.4161846995958 -4.09145123944997 -3.468034045181867
365.1869472542742 -6.741248282595871 -0.727404359280226
388.6122788544527 -0.3137635265828506 -7.546908047098093
388.6011686632835 -0.7359248909309776 -7.399238639272232
388.5827504499925 -1.3914761142279 -7.162510084273973
388.5530546612434 -2.431877442751236 -6.783859800984738
388.5054599104093 -4.093732946724455 -6.177997195049427
388.429049851922 -6.743616823481357 -5.208619055398515
388.6122976628862 -0.3144272430400884 -7.338637614125901
388.6011317230076 -0.7346405689605897 -6.920625175597741
388.5826581898567 -1.388236711527008 -6.251475777742821
388.5530038270641 -2.430096257306902 -5.180930949580111
388.5053948998651 -4.091451239449976 -3.468034045181871
388.4289824180915 -6.741248282595871 -0.727404359280226
411.4877211455457 -0.3137635265828506 -7.546908047098094
411.4988313367147 -0.7359248909309783 -7.399238639272233
411.5172495500061 -1.391476114227909 -7.16251008427398
411.5469453387548 -2.431877442751229 -6.783859800984741
411.5945400895901 -4.093732946724455 -6.177997195049429
411.670950148078 -6.743616823481345 -5.208619055398518
411.4877023371118 -0.3144272430400904 -7.338637614125902
411.4988682769904 -0.7346405689605955 -6.92062517559774
411.5173418101421 -1.388236711527015 -6.251475777742824
411.5469961729345 -2.430096257306906 -5.180930949580111
411.5946051001343 -4.091451239449984 -3.46803404518187
411.6710175819089 -6.741248282595871 -0.7274043592802273
434.363163436639 -0.3137635265828535 -7.546908047098093
434.3964940101466 -0.7359248909309815 -7.399238639272231
434.45174865002 -1.391476114227918 -7.162510084273977
434.5408360162662 -2.43187744275122 -6.783859800984743
434.6836202687704 -4.093732946724451 -6.177997195049427
434.9128504442343 -6.743616823481331 -5.208619055398522
434.3631070113374 -0.3144272430400948 -7.338637614125901
434.3966048309734 -0.7346405689606024 -6.920625175597742
434.4520254304275 -1.388236711527024 -6.251475777742822
434.5409885188051 -2.430096257306908 -5.180930949580111
434.6838153004036 -4.091451239449992 -3.46803404518187
434.9130527457265 -6.741248282595869 -0.7274043592802286
457.2386057277316 -0.3137635265828552 -7.546908047098097
457.2941566835778 -0.7359248909309833 -7.399238639272233
457.3862477500338 -1.391476114227929 -7.16251008427398
457.5347266937772 -2.431877442751212 -6.783859800984745
457.772700447951 -4.093732946724451 -6.177997195049428
458.1547507403899 -6.743616823481318 -5.208619055398521
457.2385116855637 -0.3144272430400995 -7.338637614125897
457.2943413849565 -0.7346405689606088 -6.92062517559774
457.3867090507137 -1.388236711527034 -6.251475777742826
457.5349808646758 -2.430096257306911 -5.180930949580111
457.773025500673 -4.091451239449999 -3.468034045181871
458.1550879095434 -6.741248282595871 -0.72740435928023
480.1140480188253 -0.3137635265828562 -7.546908047098097
480.1918193570094 -0.7359248909309846 -7.39923863927223
480.3207468500476 -1.391476114227938 -7.162510084273981
480.5286173712894 -2.431877442751202 -6.783859800984746
480.8617806271317 -4.093732946724447 -6.177997195049436
481.3966510365465 -6.7436168234813 -5.208619055398522
480.1139163597894 -0.3144272430401022 -7.338637614125902
480.1920779389396 -0.7346405689606146 -6.92062517559774
480.3213926709993 -1.388236711527042 -6.251475777742824
480.5289732105466 -2.430096257306912 -5.18093094958011
480.8622357009428 -4.091451239450006 -3.468034045181873
481.3971230733612 -6.741248282595871 -0.7274043592802315
502.9894903099182 -0.3137635265828584 -7.546908047098094
503.0894820304409 -0.7359248909309869 -7.399238639272236
503.2552459500615 -1.391476114227949 -7.162510084273984
503.5225080488007 -2.431877442751195 -6.783859800984744
503.9508608063121 -4.093732946724447 -6.177997195049435
504.6385513327024 -6.743616823481286 -5.208619055398522
502.9893210340149 -0.3144272430401062 -7.3386376141259
503.0898144929223 -0.7346405689606204 -6.92062517559774
503.2560762912849 -1.38823671152705 -6.251475777742827
503.522965556417 -2.430096257306915 -5.18093094958011
503.9514459012119 -4.091451239450009 -3.468034045181876
504.6391582371782 -6.741248282595873 -0.7274043592802311
525.8649326010117 -0.3137635265828598 -7.546908047098096
525.9871447038723 -0.7359248909309882 -7.399238639272236
526.1897450500753 -1.391476114227958 -7.162510084273985
526.5163987263122 -2.431877442751188 -6.783859800984745
527.0399409854929 -4.093732946724447 -6.177997195049436
527.8804516288583 -6.743616823481269 -5.208619055398525
525.8647257082411 -0.3144272430401093 -7.338637614125903
525.9875510469051 -0.7346405689606268 -6.920625175597738
526.1907599115704 -1.388236711527059 -6.251475777742828
526.5169579022878 -2.430096257306916 -5.180930949580112
527.0406561014812 -4.091451239450016 -3.468034045181875
527.8811934009952 -6.741248282595874 -0.7274043592802295
548.7403748921047 -0.3137635265828612 -7.546908047098095
548.8848073773047 -0.7359248909309904 -7.399238639272235
549.1242441500892 -1.391476114227968 -7.16251008427399
549.5102894038235 -2.431877442751178 -6.783859800984748
550.1290211646738 -4.093732946724444 -6.177997195049435
551.1223519250146 -6.743616823481256 -5.208619055398527
548.7401303824669 -0.3144272430401133 -7.338637614125901
548.8852876008882 -0.7346405689606323 -6.920625175597742
549.1254435318559 -1.388236711527066 -6.251475777742828
549.5109502481581 -2.43009625730692 -5.18093094958011
550.1298663017509 -4.091451239450024 -3.468034045181875
551.1232285648132 -6.741248282595873 -0.7274043592802326
571.615817183198 -0.3137635265828633 -7.546908047098093
571.7824700507356 -0.7359248909309917 -7.399238639272238
572.0587432501038 -1.391476114227977 -7.162510084273988
572.5041800813345 -2.431877442751171 -6.783859800984748
573.2181013438538 -4.093732946724442 -6.177997195049434
574.3642522211712 -6.743616823481242 -5.208619055398533
571.6155350566929 -0.3144272430401184 -7.338637614125898
571.7830241548712 -0.7346405689606379 -6.92062517559774
572.0601271521419 -1.388236711527076 -6.251475777742826
572.5049425940286 -2.430096257306921 -5.180930949580108
573.2190765020202 -4.091451239450031 -3.468034045181877
574.3652637286307 -6.741248282595874 -0.7274043592802331
594.4912594742914 -0.3137635265828639 -7.546908047098092
594.6801327241672 -0.7359248909309927 -7.399238639272239
594.9932423501176 -1.391476114227988 -7.162510084273987
595.4980707588467 -2.431877442751163 -6.783859800984749
596.307181523035 -4.09373294672444 -6.177997195049441
597.6061525173269 -6.743616823481222 -5.208619055398532
594.4909397309187 -0.3144272430401204 -7.338637614125901
594.6807607088542 -0.734640568960643 -6.920625175597744
594.9948107724276 -1.388236711527083 -6.251475777742831
595.4989349398995 -2.430096257306924 -5.180930949580113
596.3082867022899 -4.091451239450038 -3.468034045181876
597.6072988924479 -6.741248282595874 -0.7274043592802348
617.3667017653845 -0.3137635265828662 -7.546908047098097
617.5777953975992 -0.7359248909309939 -7.39923863927224
617.9277414501312 -1.391476114227997 -7.162510084273993
618.4919614363581 -2.431877442751154 -6.783859800984752
619.3962617022155 -4.093732946724439 -6.17799719504944
620.8480528134835 -6.743616823481211 -5.208619055398532
617.3663444051449 -0.3144272430401248 -7.338637614125899
617.5784972628372 -0.7346405689606483 -6.920625175597742
617.9294943927135 -1.388236711527091 -6.251475777742829
618.4929272857702 -2.430096257306927 -5.180930949580112
619.3974969025592 -4.09145123945004 -3.468034045181879
620.8493340562652 -6.741248282595874 -0.7274043592802353
640.242144056478 -0.3137635265828684 -7.546908047098096
640.475458071031 -0.7359248909309971 -7.399238639272239
640.8622405501459 -1.391476114228007 -7.162510084273993
641.4858521138693 -2.431877442751146 -6.783859800984749
642.4853418813958 -4.093732946724436 -6.17799719504944
644.0899531096399 -6.743616823481196 -5.208619055398536
640.2417490793706 -0.3144272430401291 -7.338637614125899
640.4762338168206 -0.7346405689606557 -6.920625175597744
640.8641780129994 -1.388236711527101 -6.251475777742829
641.4869196316407 -2.430096257306929 -5.180930949580112
642.4867071028287 -4.091451239450048 -3.468034045181878
644.091369220083 -6.741248282595878 -0.7274043592802382
663.1175863475711 -0.3137635265828695 -7.546908047098098
663.3731207444623 -0.7359248909309992 -7.399238639272241
663.7967396501595 -1.391476114228016 -7.162510084273991
664.4797427913807 -2.431877442751138 -6.783859800984748
665.5744220605765 -4.093732946724435 -6.177997195049443
667.3318534057955 -6.74361682348118 -5.208619055398536
663.1171537535964 -0.3144272430401323 -7.338637614125897
663.3739703708035 -0.7346405689606622 -6.92062517559774
663.798861633285 -1.38823671152711 -6.251475777742824
664.4809119775115 -2.430096257306932 -5.180930949580116
665.5759173030985 -4.091451239450057 -3.468034045181878
667.3334043839002 -6.741248282595877 -0.7274043592802385
685.9930286386649 -0.3137635265828711 -7.546908047098097
686.2707834178943 -0.7359248909310006 -7.399238639272238
686.7312387501734 -1.391476114228026 -7.162510084273995
687.4736334688927 -2.43187744275113 -6.783859800984752
688.6635022397572 -4.093732946724432 -6.177997195049445
690.573753701952 -6.743616823481169 -5.208619055398536
685.9925584278226 -0.3144272430401361 -7.338637614125898
686.2717069247867 -0.734640568960668 -6.920625175597741
686.733545253571 -1.388236711527117 -6.251475777742831
687.4749043233824 -2.430096257306934 -5.180930949580117
688.6651275033678 -4.091451239450062 -3.46803404518188
690.5754395477175 -6.741248282595878 -0.7274043592802383
708.8684709297579 -0.3137635265828728 -7.546908047098095
709.1684460913253 -0.7359248909310024 -7.399238639272238
709.6657378501867 -1.391476114228035 -7.162510084273993
710.4675241464039 -2.431877442751122 -6.783859800984756
711.7525824189381 -4.093732946724433 -6.17799719504945
713.8156539981079 -6.743616823481154 -5.208619055398537
708.8679631020487 -0.3144272430401397 -7.338637614125899
709.1694434787694 -0.7346405689606735 -6.920625175597739
709.6682288738559 -1.388236711527125 -6.25147577774283
710.4688966692529 -2.430096257306936 -5.180930949580112
711.7543377036369 -4.09145123945007 -3.468034045181882
713.8174747115347 -6.741248282595879 -0.7274043592802403
731.7439132208513 -0.3137635265828747 -7.546908047098097
732.0661087647572 -0.735924890931004 -7.399238639272241
732.6002369502013 -1.391476114228047 -7.162510084273999
733.4614148239156 -2.431877442751114 -6.783859800984755
734.8416625981189 -4.093732946724433 -6.177997195049449
737.0575542942639 -6.74361682348114 -5.208619055398539
731.7433677762745 -0.3144272430401435 -7.338637614125899
732.0671800327524 -0.7346405689606791 -6.920625175597742
732.6029124941423 -1.388236711527135 -6.251475777742831
733.4628890151236 -2.430096257306939 -5.180930949580113
734.8435479039064 -4.091451239450078 -3.468034045181883
737.0595098753521 -6.741248282595878 -0.7274043592802402
754.6193555119447 -0.3137635265828761 -7.546908047098097
754.9637714381888 -0.7359248909310059 -7.399238639272241
755.5347360502152 -1.391476114228055 -7.162510084274001
756.455305501427 -2.431877442751106 -6.783859800984755
757.9307427772992 -4.093732946724429 -6.177997195049449
760.2994545904206 -6.743616823481122 -5.208619055398541
754.6187724505004 -0.3144272430401481 -7.338637614125898
754.9649165867355 -0.7346405689606853 -6.920625175597739
755.5375961144284 -1.388236711527142 -6.251475777742835
756.4568813609941 -2.43009625730694 -5.180930949580119
757.9327581041762 -4.09145123945008 -3.468034045181882
760.3015450391696 -6.741248282595882 -0.7274043592802402
777.4947978030373 -0.3137635265828773 -7.546908047098098
777.8614341116206 -0.7359248909310078 -7.399238639272244
778.4692351502296 -1.391476114228066 -7.162510084274
779.4491961789383 -2.431877442751098 -6.783859800984755
781.0198229564799 -4.093732946724431 -6.177997195049448
783.5413548865765 -6.743616823481108 -5.208619055398544
777.4941771247268 -0.3144272430401508 -7.338637614125897
777.8626531407185 -0.7346405689606913 -6.920625175597743
778.4722797347142 -1.388236711527151 -6.251475777742832
779.450873706865 -2.430096257306943 -5.180930949580119
781.0219683044459 -4.091451239450089 -3.468034045181884
783.543580202987 -6.741248282595881 -0.7274043592802431
3 82 0 408
5665
5666
5667
5668
5669
5670
5671
5672
5673
5674
5675
5676
5677
5678
5679
5680
5681
5682
5683
5684
5685
5686
5687
5688
5689
5690
5691
5692
5693
5694
5695
5696
5697
5698
5699
5700
5701
5702
5703
5704
5705
5706
5707
5708
5709
5710
5711
5712
5713
5714
5715
5716
5717
5718
5719
5720
5721
5722
5723
5724
5725
5726
5727
5728
5729
5730
5731
5732
5733
5734
5735
5736
5737
5738
5739
5740
5741
5742
5743
5744
5745
5746
5747
5748
5749
5750
5751
5752
5753
5754
5755
5756
5757
5758
5759
5760
5761
5762
5763
5764
5765
5766
5767
5768
5769
5770
5771
5772
5773
5774
5775
5776
5777
5778
5779
5780
5781
5782
5783
5784
5785
5786
5787
5788
5789
5790
5791
5792
5793
5794
5795
5796
5797
5798
5799
5800
5801
5802
5803
5804
5805
5806
5807
5808
5809
5810
5811
5812
5813
5814
5815
5816
5817
5818
5819
5820
5821
5822
5823
5824
5825
5826
5827
5828
5829
5830
5831
5832
5833
5834
5835
5836
5837
5838
5839
5840
5841
5842
5843
5844
5845
5846
5847
5848
5849
5850
5851
5852
5853
5854
5855
5856
5857
5858
5859
5860
5861
5862
5863
5864
5865
5866
5867
5868
5869
5870
5871
5872
5873
5874
5875
5876
5877
5878
5879
5880
5881
5882
5883
5884
5885
5886
5887
5888
5889
5890
5891
5892
5893
5894
5895
5896
5897
5898
5899
5900
5901
5902
5903
5904
5905
5906
5907
5908
5909
5910
5911
5912
5913
5914
5915
5916
5917
5918
5919
5920
5921
5922
5923
5924
5925
5926
5927
5928
5929
5930
5931
5932
5933
5934
5935
5936
5937
5938
5939
5940
5941
5942
5943
5944
5945
5946
5947
5948
5949
5950
5951
5952
5953
5954
5955
5956
5957
5958
5959
5960
5961
5962
5963
5964
5965
5966
5967
5968
5969
5970
5971
5972
5973
5974
5975
5976
5977
5978
5979
5980
5981
5982
5983
5984
5985
5986
5987
5988
5989
5990
5991
5992
5993
5994
5995
5996
5997
5998
5999
6000
6001
6002
6003
6004
6005
6006
6007
6008
6009
6010
6011
6012
6013
6014
6015
6016
6017
6018
6019
6020
6021
6022
6023
6024
6025
6026
6027
6028
6029
6030
6031
6032
6033
6034
6035
6036
6037
6038
6039
6040
6041
6042
6043
6044
6045
6046
6047
6048
6049
6050
6051
6052
6053
6054
6055
6056
6057
6058
6059
6060
6061
6062
6063
6064
6065
6066
6067
6068
6069
6070
6071
6072
22.60582287527326 0.3144272430400321 -7.338637614125905
22.23734685928105 0.73464056896051 -6.920625175597739
21.62772026528583 1.388236711526894 -6.251475777742819
20.64912629313455 2.430096257306894 -5.18093094958011
19.07803169555454 4.091451239450006 -3.468034045181853
16.55641979701351 6.741248282595955 -0.7274043592802102
22.60520219696179 0.3137635265828205 -7.546908047098098
22.23856588837943 0.7359248909309419 -7.399238639272212
21.63076484977063 1.391476114227722 -7.16251008427396
20.65080382106069 2.431877442751357 -6.783859800984754
19.08017704352038 4.093732946724477 -6.177997195049404
16.55864511342322 6.743616823481449 -5.208619055398506
45.48122754949902 0.314427243040035 -7.338637614125908
45.13508341326392 0.7346405689605129 -6.92062517559774
44.56240388557148 1.388236711526897 -6.251475777742815
43.64311863900526 2.430096257306897 -5.180930949580105
42.16724189582388 4.09145123945001 -3.468034045181851
39.79845496083084 6.741248282595935 -0.7274043592802071
45.48064448805496 0.3137635265828216 -7.546908047098098
45.13622856181095 0.7359248909309442 -7.399238639272212
44.56526394978451 1.391476114227727 -7.162510084273956
43.64469449857224 2.431877442751359 -6.783859800984749
42.16925722270085 4.09373294672448 -6.177997195049404
39.80054540957946 6.743616823481425 -5.208619055398506
68.35663222372497 0.3144272430400371 -7.338637614125906
68.03281996724687 0.7346405689605164 -6.920625175597739
67.49708750585717 1.388236711526899 -6.25147577774282
66.6371109848759 2.430096257306899 -5.18093094958011
65.25645209609331 4.091451239450009 -3.46803404518185
63.04049012464829 6.741248282595919 -0.7274043592802037
68.35608677914831 0.3137635265828247 -7.546908047098099
68.03389123524248 0.7359248909309468 -7.399238639272213
67.49976304979839 1.391476114227733 -7.16251008427396
66.63858517608379 2.431877442751359 -6.78385980098475
65.25833740188141 4.09373294672448 -6.177997195049404
63.04244570573579 6.743616823481407 -5.208619055398504
91.23203689795088 0.3144272430400395 -7.338637614125907
90.93055652122985 0.7346405689605207 -6.920625175597738
90.43177112614289 1.388236711526901 -6.251475777742816
89.63110333074657 2.430096257306901 -5.180930949580103
88.34566229636283 4.091451239450013 -3.46803404518185
86.28252528846572 6.741248282595901 -0.7274043592802031
91.23152907024145 0.3137635265828256 -7.546908047098099
90.93155390867408 0.735924890930951 -7.399238639272214
90.4342621498123 1.391476114227738 -7.162510084273956
89.63247585359517 2.431877442751361 -6.783859800984748
88.34741758106199 4.093732946724484 -6.1779971950494
86.28434600189193 6.743616823481382 -5.208619055398501
114.1074415721767 0.3144272430400416 -7.338637614125906
113.8282930752126 0.7346405689605227 -6.920625175597739
113.3664547464286 1.388236711526903 -6.251475777742819
112.6250956766171 2.430096257306903 -5.180930949580102
111.4348724966323 4.091451239450016 -3.468034045181848
109.5245604522832 6.741248282595881 -0.7274043592802015
114.1069713613347 0.3137635265828278 -7.546908047098099
113.8292165821054 0.7359248909309513 -7.399238639272213
113.3687612498262 1.391476114227742 -7.16251008427396
112.6263665311066 2.43187744275136 -6.78385980098475
111.4364977602426 4.093732946724483 -6.1779971950494
109.5262462980481 6.743616823481359 -5.208619055398501
136.9828462464025 0.3144272430400451 -7.338637614125908
136.7260296291956 0.7346405689605262 -6.92062517559774
136.3011383667142 1.388236711526905 -6.251475777742816
135.6190880224878 2.430096257306906 -5.180930949580102
134.5240826969018 4.091451239450016 -3.468034045181847
132.7665956161005 6.741248282595866 -0.7274043592802002
136.9824136524278 0.3137635265828302 -7.546908047098097
136.7268792555371 0.7359248909309553 -7.399238639272214
136.30326034984 1.391476114227747 -7.162510084273955
135.6202572086182 2.431877442751363 -6.783859800984748
134.5255779394232 4.093732946724487 -6.1779971950494
132.7681465942044 6.74361682348134 -5.208619055398499
159.8582509206283 0.314427243040048 -7.338637614125905
159.6237661831786 0.734640568960529 -6.920625175597739
159.235821987 1.388236711526909 -6.251475777742812
158.6130803683582 2.430096257306908 -5.180930949580103
157.6132928971712 4.09145123945002 -3.468034045181845
156.008630779918 6.741248282595847 -0.7274043592801989
159.857855943521 0.3137635265828316 -7.5469080470981
159.6245419289687 0.7359248909309567 -7.399238639272214
159.2377594498539 1.391476114227753 -7.162510084273956
158.6141478861295 2.431877442751362 -6.78385980098475
157.6146581186037 4.09373294672449 -6.177997195049398
156.0100468903605 6.743616823481319 -5.208619055398497
182.7336555948541 0.3144272430400487 -7.338637614125904
182.5215027371616 0.7346405689605328 -6.920625175597741
182.1705056072857 1.388236711526909 -6.251475777742819
181.6070727142288 2.430096257306911 -5.180930949580103
180.7025030974407 4.091451239450024 -3.468034045181844
179.2506659437353 6.741248282595828 -0.7274043592801955
182.7332982346143 0.3137635265828332 -7.546908047098098
182.5222046024002 0.7359248909309598 -7.399238639272214
182.1722585498678 1.391476114227758 -7.162510084273959
181.608038563641 2.431877442751363 -6.783859800984741
180.7037382977843 4.093732946724491 -6.177997195049401
179.2519471865168 6.743616823481297 -5.208619055398493
205.6090602690799 0.3144272430400524 -7.338637614125905
205.4192392911445 0.7346405689605369 -6.920625175597738
205.1051892275714 1.388236711526912 -6.251475777742812
204.6010650600994 2.430096257306913 -5.180930949580102
203.7917132977101 4.091451239450024 -3.468034045181843
202.4927011075528 6.741248282595807 -0.7274043592801944
205.6087405257074 0.3137635265828357 -7.546908047098096
205.4198672758316 0.7359248909309634 -7.399238639272217
205.1067576498818 1.391476114227764 -7.162510084273957
204.6019292411524 2.431877442751365 -6.78385980098474
203.7928184769648 4.093732946724495 -6.177997195049397
202.493847482673 6.743616823481276 -5.208619055398495
228.4844649433057 0.3144272430400549 -7.338637614125906
228.3169758451274 0.7346405689605395 -6.920625175597738
228.0398728478571 1.388236711526915 -6.251475777742812
227.5950574059701 2.430096257306914 -5.180930949580102
226.8809234979796 4.091451239450027 -3.468034045181843
225.7347362713702 6.741248282595789 -0.727404359280192
228.4841828168007 0.3137635265828375 -7.5469080470981
228.3175299492632 0.735924890930965 -7.399238639272214
228.0412567498957 1.391476114227768 -7.162510084273957
227.595819918664 2.431877442751365 -6.783859800984741
226.8818986561456 4.093732946724495 -6.177997195049397
225.7357477788292 6.743616823481256 -5.208619055398492
251.3598696175315 0.3144272430400555 -7.338637614125908
251.2147123991104 0.7346405689605434 -6.920625175597737
250.9745564681427 1.388236711526916 -6.251475777742812
250.5890497518408 2.430096257306916 -5.180930949580099
249.9701336982491 4.091451239450031 -3.468034045181841
248.9767714351875 6.74124828259577 -0.72740435928019
251.3596251078939 0.3137635265828375 -7.546908047098096
251.2151926226949 0.7359248909309686 -7.399238639272212
250.9757558499094 1.391476114227774 -7.162510084273955
250.5897105961755 2.431877442751365 -6.783859800984741
249.9709788353262 4.093732946724498 -6.177997195049397
248.9776480749854 6.743616823481228 -5.208619055398489
274.2352742917574 0.3144272430400595 -7.338637614125903
274.1124489530933 0.7346405689605463 -6.920625175597733
273.9092400884284 1.38823671152692 -6.251475777742813
273.5830420977114 2.43009625730692 -5.180930949580095
273.0593438985183 4.091451239450031 -3.468034045181839
272.2188065990049 6.741248282595754 -0.7274043592801888
274.235067398987 0.3137635265828405 -7.546908047098098
274.1128552961262 0.7359248909309704 -7.399238639272213
273.9102549499235 1.391476114227779 -7.162510084273956
273.5836012736868 2.431877442751365 -6.783859800984742
273.0600590145065 4.093732946724501 -6.177997195049395
272.2195483711416 6.743616823481207 -5.208619055398486
297.1106789659833 0.314427243040062 -7.338637614125906
297.0101855070761 0.7346405689605493 -6.920625175597734
296.8439237087142 1.388236711526921 -6.251475777742812
296.577034443582 2.430096257306922 -5.180930949580101
296.1485540987878 4.091451239450034 -3.468034045181838
295.4608417628222 6.741248282595735 -0.7274043592801862
297.1105096900802 0.3137635265828429 -7.546908047098095
297.0105179695577 0.735924890930973 -7.399238639272214
296.8447540499371 1.391476114227784 -7.162510084273956
296.5774919511982 2.431877442751365 -6.783859800984743
296.1491391936871 4.093732946724501 -6.177997195049396
295.4614486672979 6.743616823481185 -5.208619055398486
319.9860836402091 0.3144272430400642 -7.338637614125905
319.9079220610593 0.7346405689605519 -6.92062517559774
319.778607329 1.388236711526923 -6.251475777742812
319.5710267894525 2.430096257306924 -5.180930949580095
319.2377642990575 4.091451239450038 -3.468034045181837
318.7028769266395 6.741248282595715 -0.7274043592801849
319.9859519811733 0.313763526582845 -7.5469080470981
319.9081806429894 0.7359248909309757 -7.399238639272213
319.7792531499511 1.391476114227788 -7.162510084273955
319.5713826287098 2.431877442751366 -6.78385980098474
319.2382193728676 4.093732946724504 -6.177997195049393
318.703348963454 6.743616823481164 -5.208619055398481
342.8614883144348 0.3144272430400673 -7.338637614125902
342.8056586150421 0.7346405689605557 -6.920625175597734
342.7132909492853 1.388236711526925 -6.251475777742812
342.5650191353231 2.430096257306927 -5.180930949580095
342.3269744993266 4.091451239450038 -3.468034045181838
341.9449120904569 6.741248282595697 -0.7274043592801818
342.8613942722665 0.3137635265828463 -7.546908047098096
342.8058433164206 0.7359248909309775 -7.399238639272214
342.7137522499648 1.391476114227793 -7.162510084273956
342.5652733062212 2.431877442751367 -6.78385980098474
342.3272995520483 4.093732946724509 -6.177997195049393
341.9452492596101 6.743616823481142 -5.208619055398483
365.7368929886606 0.3144272430400682 -7.338637614125907
365.7033951690246 0.7346405689605591 -6.920625175597733
365.647974569571 1.388236711526928 -6.251475777742814
365.5590114811935 2.430096257306929 -5.180930949580095
365.4161846995962 4.091451239450041 -3.468034045181838
365.1869472542743 6.741248282595681 -0.7274043592801813
365.7368365633598 0.3137635265828479 -7.546908047098099
365.7035059898521 0.7359248909309809 -7.399238639272216
365.6482513499785 1.3914761142278 -7.16251008427396
365.5591639837323 2.431877442751369 -6.783859800984735
365.4163797312288 4.093732946724509 -6.177997195049395
365.1871495557662 6.743616823481124 -5.20861905539848
388.6122976628863 0.3144272430400726 -7.3386376141259
388.6011317230078 0.7346405689605617 -6.920625175597731
388.5826581898566 1.388236711526929 -6.251475777742811
388.5530038270639 2.430096257306931 -5.180930949580095
388.5053948998655 4.091451239450045 -3.468034045181833
388.4289824180917 6.741248282595661 -0.7274043592801793
388.612278854453 0.3137635265828511 -7.546908047098094
388.6011686632839 0.7359248909309836 -7.399238639272215
388.5827504499928 1.391476114227804 -7.162510084273956
388.553054661244 2.431877442751369 -6.783859800984735
388.5054599104092 4.093732946724512 -6.177997195049392
388.4290498519223 6.743616823481101 -5.208619055398481
411.4877023371122 0.3144272430400734 -7.338637614125907
411.4988682769904 0.7346405689605643 -6.920625175597732
411.5173418101424 1.388236711526931 -6.251475777742812
411.5469961729349 2.430096257306935 -5.180930949580093
411.5946051001349 4.091451239450045 -3.468034045181835
411.6710175819089 6.741248282595645 -0.7274043592801775
411.4877211455463 0.3137635265828512 -7.546908047098097
411.4988313367154 0.7359248909309855 -7.399238639272213
411.5172495500064 1.391476114227808 -7.162510084273956
411.5469453387556 2.43187744275137 -6.783859800984736
411.5945400895898 4.093732946724512 -6.177997195049391
411.6709501480786 6.743616823481082 -5.208619055398476
434.3631070113378 0.3144272430400762 -7.338637614125907
434.3966048309736 0.7346405689605695 -6.920625175597733
434.4520254304281 1.388236711526934 -6.251475777742814
434.5409885188052 2.430096257306936 -5.180930949580093
434.6838153004044 4.091451239450049 -3.468034045181833
434.9130527457264 6.741248282595626 -0.7274043592801747
434.3631634366391 0.3137635265828543 -7.546908047098097
434.3964940101469 0.735924890930989 -7.399238639272214
434.45174865002 1.391476114227814 -7.162510084273958
434.5408360162667 2.43187744275137 -6.783859800984736
434.6836202687705 4.093732946724516 -6.177997195049389
434.9128504442347 6.74361682348106 -5.208619055398476
457.2385116855637 0.3144272430400796 -7.338637614125905
457.2943413849563 0.7346405689605726 -6.920625175597732
457.3867090507137 1.388236711526937 -6.251475777742812
457.5349808646757 2.430096257306938 -5.180930949580087
457.7730255006736 4.091451239450052 -3.468034045181832
458.1550879095436 6.741248282595609 -0.7274043592801734
457.2386057277324 0.3137635265828562 -7.546908047098093
457.2941566835783 0.7359248909309917 -7.399238639272214
457.3862477500342 1.39147611422782 -7.162510084273956
457.5347266937782 2.431877442751372 -6.783859800984736
457.7727004479509 4.09373294672452 -6.177997195049389
458.154750740391 6.743616823481036 -5.208619055398474
480.1139163597895 0.3144272430400807 -7.338637614125906
480.1920779389392 0.7346405689605761 -6.920625175597731
480.3213926709996 1.388236711526939 -6.251475777742813
480.5289732105467 2.43009625730694 -5.180930949580088
480.8622357009432 4.091451239450052 -3.46803404518183
481.3971230733611 6.74124828259559 -0.7274043592801726
480.1140480188254 0.3137635265828573 -7.546908047098098
480.1918193570097 0.7359248909309939 -7.399238639272212
480.3207468500478 1.391476114227824 -7.162510084273956
480.5286173712898 2.431877442751372 -6.783859800984729
480.8617806271315 4.093732946724519 -6.177997195049388
481.3966510365473 6.743616823481013 -5.208619055398472
502.9893210340154 0.3144272430400835 -7.338637614125907
503.0898144929223 0.7346405689605792 -6.920625175597734
503.2560762912852 1.38823671152694 -6.251475777742812
503.5229655564171 2.430096257306944 -5.180930949580088
503.9514459012128 4.091451239450056 -3.468034045181829
504.6391582371786 6.74124828259557 -0.7274043592801692
502.9894903099188 0.3137635265828597 -7.546908047098097
503.0894820304415 0.7359248909309971 -7.399238639272215
503.2552459500621 1.39147611422783 -7.162510084273956
503.5225080488013 2.431877442751373 -6.783859800984727
503.9508608063119 4.093732946724523 -6.177997195049384
504.6385513327033 6.74361682348099 -5.208619055398474
525.8647257082412 0.3144272430400853 -7.338637614125906
525.9875510469051 0.7346405689605828 -6.920625175597729
526.1907599115707 1.388236711526943 -6.251475777742813
526.5169579022878 2.430096257306944 -5.180930949580087
527.0406561014822 4.091451239450056 -3.468034045181829
527.8811934009956 6.741248282595551 -0.7274043592801676
525.8649326010118 0.3137635265828612 -7.546908047098097
525.9871447038729 0.7359248909309997 -7.399238639272212
526.1897450500755 1.391476114227834 -7.162510084273957
526.5163987263124 2.431877442751373 -6.783859800984729
527.0399409854926 4.093732946724526 -6.177997195049385
527.8804516288593 6.74361682348097 -5.208619055398469
548.7401303824673 0.3144272430400877 -7.338637614125903
548.8852876008882 0.7346405689605857 -6.920625175597725
549.1254435318564 1.388236711526944 -6.251475777742813
549.5109502481586 2.430096257306947 -5.18093094958009
550.1298663017519 4.09145123945006 -3.468034045181826
551.1232285648135 6.741248282595534 -0.7274043592801657
548.7403748921055 0.3137635265828631 -7.5469080470981
548.8848073773042 0.7359248909310023 -7.399238639272212
549.1242441500896 1.39147611422784 -7.162510084273956
549.5102894038243 2.431877442751374 -6.783859800984728
550.1290211646733 4.093732946724526 -6.177997195049385
551.1223519250159 6.743616823480947 -5.208619055398469
571.6155350566933 0.3144272430400916 -7.338637614125902
571.7830241548712 0.734640568960589 -6.920625175597728
572.0601271521425 1.388236711526946 -6.251475777742813
572.5049425940289 2.43009625730695 -5.180930949580088
573.2190765020208 4.091451239450064 -3.468034045181826
574.3652637286307 6.741248282595514 -0.7274043592801638
571.6158171831985 0.3137635265828652 -7.546908047098094
571.7824700507362 0.7359248909310041 -7.399238639272212
572.0587432501037 1.391476114227844 -7.162510084273956
572.5041800813356 2.431877442751373 -6.783859800984727
573.2181013438537 4.09373294672453 -6.177997195049387
574.3642522211721 6.743616823480927 -5.208619055398464
594.4909397309189 0.3144272430400922 -7.338637614125902
594.6807607088542 0.7346405689605908 -6.920625175597735
594.9948107724282 1.388236711526948 -6.251475777742813
595.4989349399002 2.430096257306952 -5.180930949580085
596.3082867022906 4.091451239450067 -3.468034045181824
597.6072988924479 6.7412482825955 -0.7274043592801624
594.4912594742918 0.3137635265828662 -7.5469080470981
594.6801327241676 0.7359248909310062 -7.399238639272215
594.9932423501176 1.39147611422785 -7.162510084273955
595.498070758847 2.431877442751375 -6.783859800984728
596.3071815230345 4.093732946724534 -6.177997195049386
597.6061525173282 6.743616823480907 -5.208619055398464
617.3663444051454 0.3144272430400951 -7.338637614125905
617.5784972628379 0.7346405689605935 -6.920625175597733
617.9294943927143 1.388236711526951 -6.251475777742813
618.4929272857703 2.430096257306956 -5.180930949580082
619.3974969025603 4.091451239450066 -3.468034045181824
620.8493340562655 6.741248282595481 -0.7274043592801602
617.3667017653852 0.3137635265828683 -7.546908047098097
617.5777953975991 0.7359248909310088 -7.399238639272213
617.9277414501316 1.391476114227855 -7.162510084273956
618.4919614363588 2.431877442751375 -6.783859800984727
619.396261702215 4.093732946724534 -6.177997195049382
620.8480528134845 6.743616823480886 -5.208619055398462
640.2417490793713 0.3144272430400979 -7.338637614125908
640.4762338168202 0.734640568960599 -6.920625175597725
640.864178013 1.388236711526954 -6.251475777742808
641.4869196316411 2.430096257306956 -5.180930949580085
642.4867071028297 4.09145123945007 -3.468034045181821
644.0913692200828 6.741248282595459 -0.7274043592801596
640.2421440564784 0.3137635265828708 -7.546908047098098
640.475458071031 0.7359248909310121 -7.399238639272209
640.8622405501459 1.391476114227861 -7.162510084273956
641.4858521138701 2.431877442751375 -6.783859800984722
642.4853418813958 4.093732946724537 -6.177997195049382
644.0899531096409 6.743616823480862 -5.208619055398462
663.1171537535968 0.3144272430401001 -7.338637614125909
663.3739703708036 0.7346405689606025 -6.920625175597725
663.7988616332856 1.388236711526956 -6.251475777742806
664.4809119775117 2.430096257306959 -5.180930949580082
665.575917303099 4.09145123945007 -3.46803404518182
667.3334043839005 6.741248282595441 -0.7274043592801571
663.1175863475718 0.313763526582872 -7.546908047098095
663.3731207444627 0.7359248909310157 -7.39923863927221
663.7967396501598 1.391476114227865 -7.162510084273954
664.4797427913819 2.431877442751377 -6.783859800984722
665.5744220605764 4.093732946724536 -6.177997195049382
667.3318534057969 6.743616823480843 -5.208619055398457
685.9925584278228 0.3144272430401024 -7.338637614125906
686.2717069247867 0.7346405689606051 -6.920625175597726
686.7335452535715 1.388236711526957 -6.251475777742812
687.4749043233826 2.430096257306961 -5.180930949580081
688.6651275033689 4.091451239450073 -3.46803404518182
690.5754395477178 6.741248282595422 -0.7274043592801549
685.9930286386652 0.3137635265828738 -7.546908047098097
686.2707834178943 0.7359248909310174 -7.399238639272212
686.7312387501734 1.391476114227871 -7.162510084273955
687.4736334688937 2.431877442751377 -6.783859800984722
688.6635022397569 4.093732946724541 -6.177997195049383
690.5737537019533 6.743616823480822 -5.208619055398457
708.8679631020492 0.3144272430401047 -7.338637614125906
709.1694434787692 0.7346405689606086 -6.920625175597727
709.6682288738568 1.388236711526959 -6.251475777742812
710.4688966692526 2.430096257306964 -5.18093094958008
711.7543377036375 4.091451239450077 -3.468034045181819
713.8174747115353 6.741248282595405 -0.7274043592801543
708.8684709297588 0.3137635265828759 -7.546908047098096
709.1684460913257 0.7359248909310201 -7.399238639272212
709.665737850188 1.391476114227875 -7.162510084273955
710.4675241464048 2.431877442751379 -6.783859800984723
711.7525824189375 4.09373294672454 -6.177997195049378
713.8156539981093 6.743616823480797 -5.208619055398456
731.7433677762747 0.314427243040107 -7.338637614125907
732.0671800327522 0.7346405689606114 -6.920625175597726
732.602912494143 1.388236711526963 -6.251475777742805
733.4628890151237 2.430096257306966 -5.180930949580082
734.843547903908 4.091451239450078 -3.468034045181818
737.0595098753524 6.741248282595388 -0.7274043592801507
731.7439132208518 0.3137635265828778 -7.546908047098097
732.0661087647577 0.7359248909310228 -7.399238639272211
732.6002369502017 1.391476114227882 -7.162510084273952
733.4614148239164 2.431877442751379 -6.783859800984722
734.8416625981179 4.093732946724544 -6.177997195049378
737.0575542942656 6.743616823480775 -5.208619055398455
754.6187724505011 0.3144272430401102 -7.338637614125903
754.9649165867353 0.7346405689606148 -6.920625175597726
755.5375961144287 1.388236711526963 -6.251475777742804
756.4568813609945 2.430096257306968 -5.180930949580079
757.9327581041766 4.091451239450079 -3.468034045181817
760.3015450391695 6.741248282595368 -0.7274043592801482
754.6193555119448 0.3137635265828797 -7.546908047098094
754.9637714381893 0.7359248909310254 -7.399238639272208
755.534736050215 1.391476114227886 -7.162510084273956
756.4553055014281 2.431877442751379 -6.78385980098472
757.9307427772987 4.093732946724548 -6.177997195049378
760.2994545904219 6.743616823480752 -5.208619055398452
777.4941771247268 0.3144272430401114 -7.338637614125903
777.8626531407187 0.7346405689606185 -6.920625175597726
778.472279734715 1.388236711526967 -6.251475777742804
779.4508737068657 2.430096257306971 -5.180930949580078
781.0219683044472 4.091451239450085 -3.468034045181815
783.5435802029872 6.741248282595349 -0.7274043592801475
777.4947978030384 0.3137635265828809 -7.5469080470981
777.8614341116206 0.7359248909310281 -7.399238639272212
778.4692351502295 1.391476114227891 -7.162510084273957
779.4491961789391 2.431877442751381 -6.783859800984722
781.0198229564792 4.093732946724548 -6.177997195049378
783.5413548865783 6.743616823480734 -5.208619055398451
3 83 0 24
6073
6074
6075
6076
6077
6078
6079
6080
6081
6082
6083
6084
6085
6086
6087
6088
6089
6090
6091
6092
6093
6094
6095
6096
-0.2853482948880245 -0.1062231930150262 -7.535523136180649
-0.6628234509909043 -0.2469072197485184 -7.402347219687612
-1.306075173372724 -0.4653333885272405 -7.167809142628601
-2.343288402470713 -0.8119659453979099 -6.791624630685619
-4.007412754870588 -1.365657761777783 -6.186964568200919
-6.680863634349737 -2.248536943200669 -5.216559105087994
-0.2853482948880263 0.1062231930150244 -7.535523136180653
-0.6628234509908952 0.2469072197485105 -7.402347219687612
-1.306075173372707 0.4653333885272249 -7.167809142628634
-2.343288402470732 0.8119659453978934 -6.791624630685644
-4.007412754870541 1.365657761777761 -6.186964568200929
-6.680863634349747 2.248536943200519 -5.216559105087673
-0.2849004820864575 -0.1064602257234532 -7.327520714239903
-0.6638992686808463 -0.2464857804854506 -6.913755327989343
-1.308792786462872 -0.4642564113565131 -6.245679828711835
-2.344359313704255 -0.8113763837279157 -5.176577468302966
-4.008877399885532 -1.364900655071033 -3.465247487494656
-6.682511757668915 -2.247749561209711 -0.7263382015120294
-0.2849004820864574 0.106460225723462 -7.327520714239907
-0.6638992686808357 0.246485780485469 -6.91375532798935
-1.308792786462856 0.4642564113565429 -6.245679828711872
-2.344359313704246 0.8113763837279462 -5.176577468303016
-4.008877399885442 1.364900655071166 -3.465247487494711
-6.682511757668769 2.247749561209822 -0.7263382015118931
3 84 0 24
6097
6098
6099
6100
6101
6102
6103
6104
6105
6106
6107
6108
6109
6110
6111
6112
6113
6114
6115
6116
6117
6118
6119
6120
800.3853482948874 -0.1062231930150476 -7.53552313618055
800.7628234509905 -0.2469072197485313 -7.402347219687469
801.4060751733723 -0.4653333885274102 -7.167809142628593
802.4432884024703 -0.8119659453977134 -6.791624630685436
804.1074127548698 -1.365657761777716 -6.186964568200952
806.7808636343503 -2.248536943200579 -5.21655910508799
800.3853482948879 0.1062231930150441 -7.535523136180556
800.7628234509909 0.2469072197485481 -7.402347219687459
801.406075173373 0.4653333885272265 -7.167809142628531
802.4432884024707 0.8119659453980009 -6.791624630685344
804.1074127548695 1.365657761777837 -6.186964568201082
806.7808636343498 2.248536943200187 -5.216559105088393
800.3849004820859 -0.1064602257235188 -7.32752071423975
800.7638992686805 -0.2464857804855539 -6.913755327989193
801.4087927864628 -0.4642564113566858 -6.245679828711896
802.4443593137038 -0.8113763837279467 -5.176577468302795
804.1088773998855 -1.364900655071155 -3.465247487494804
806.7825117576706 -2.247749561209941 -0.7263382015124438
800.3849004820853 0.1064602257234709 -7.327520714239771
800.763899268679 0.2464857804854743 -6.913755327989197
801.4087927864624 0.464256411356492 -6.245679828711854
802.4443593137036 0.8113763837279709 -5.176577468302753
804.1088773998853 1.364900655071148 -3.465247487494878
806.7825117576692 2.247749561209385 -0.7263382015126123
$EndNodes
$Elements
32 7241 1 3775
0 2 15 1
1 1 
0 6 15 1
2 9 
1 1 1 3
3 1 30 
4 30 31 
5 31 3 
1 2 1 3
6 3 51 
7 51 52 
8 52 5 
1 3 1 3
9 5 58 
10 58 59 
11 59 7 
1 4 1 3
12 7 79 
13 79 80 
14 80 1 
1 5 1 35
15 1 115 
16 115 116 
17 116 117 
18 117 118 
19 118 119 
20 119 120 
21 120 121 
22 121 122 
23 122 123 
24 123 124 
25 124 125 
26 125 126 
27 126 127 
28 127 128 
29 128 129 
30 129 130 
31 130 131 
32 131 132 
33 132 133 
34 133 134 
35 134 135 
36 135 136 
37 136 137 
38 137 138 
39 138 139 
40 139 140 
41 140 141 
42 141 142 
43 142 143 
44 143 144 
45 144 145 
46 145 146 
47 146 147 
48 147 148 
49 148 9 
1 7 1 3
50 9 219 
51 219 220 
52 220 11 
1 9 1 3
53 11 259 
54 259 260 
55 260 13 
1 11 1 3
56 13 302 
57 302 303 
58 303 15 
1 12 1 3
59 15 306 
60 306 307 
61 307 9 
2 1 3 105
62 1 115 481 30 
63 30 481 482 31 
64 31 482 151 3 
65 115 116 483 481 
66 481 483 484 482 
67 482 484 152 151 
68 116 117 485 483 
69 483 485 486 484 
70 484 486 153 152 
71 117 118 487 485 
72 485 487 488 486 
73 486 488 154 153 
74 118 119 489 487 
75 487 489 490 488 
76 488 490 155 154 
77 119 120 491 489 
78 489 491 492 490 
79 490 492 156 155 
80 120 121 493 491 
81 491 493 494 492 
82 492 494 157 156 
83 121 122 495 493 
84 493 495 496 494 
85 494 496 158 157 
86 122 123 497 495 
87 495 497 498 496 
88 496 498 159 158 
89 123 124 499 497 
90 497 499 500 498 
91 498 500 160 159 
92 124 125 501 499 
93 499 501 502 500 
94 500 502 161 160 
95 125 126 503 501 
96 501 503 504 502 
97 502 504 162 161 
98 126 127 505 503 
99 503 505 506 504 
100 504 506 163 162 
101 127 128 507 505 
102 505 507 508 506 
103 506 508 164 163 
104 128 129 509 507 
105 507 509 510 508 
106 508 510 165 164 
107 129 130 511 509 
108 509 511 512 510 
109 510 512 166 165 
110 130 131 513 511 
111 511 513 514 512 
112 512 514 167 166 
113 131 132 515 513 
114 513 515 516 514 
115 514 516 168 167 
116 132 133 517 515 
117 515 517 518 516 
118 516 518 169 168 
119 133 134 519 517 
120 517 519 520 518 
121 518 520 170 169 
122 134 135 521 519 
123 519 521 522 520 
124 520 522 171 170 
125 135 136 523 521 
126 521 523 524 522 
127 522 524 172 171 
128 136 137 525 523 
129 523 525 526 524 
130 524 526 173 172 
131 137 138 527 525 
132 525 527 528 526 
133 526 528 174 173 
134 138 139 529 527 
135 527 529 530 528 
136 528 530 175 174 
137 139 140 531 529 
138 529 531 532 530 
139 530 532 176 175 
140 140 141 533 531 
141 531 533 534 532 
142 532 534 177 176 
143 141 142 535 533 
144 533 535 536 534 
145 534 536 178 177 
146 142 143 537 535 
147 535 537 538 536 
148 536 538 179 178 
149 143 144 539 537 
150 537 539 540 538 
151 538 540 180 179 
152 144 145 541 539 
153 539 541 542 540 
154 540 542 181 180 
155 145 146 543 541 
156 541 543 544 542 
157 542 544 182 181 
158 146 147 545 543 
159 543 545 546 544 
160 544 546 183 182 
161 147 148 547 545 
162 545 547 548 546 
163 546 548 184 183 
164 148 9 219 547 
165 547 219 220 548 
166 548 220 11 184 
2 2 3 105
167 3 151 549 51 
168 51 549 550 52 
169 52 550 223 5 
170 151 152 551 549 
171 549 551 552 550 
172 550 552 224 223 
173 152 153 553 551 
174 551 553 554 552 
175 552 554 225 224 
176 153 154 555 553 
177 553 555 556 554 
178 554 556 226 225 
179 154 155 557 555 
180 555 557 558 556 
181 556 558 227 226 
182 155 156 559 557 
183 557 559 560 558 
184 558 560 228 227 
185 156 157 561 559 
186 559 561 562 560 
187 560 562 229 228 
188 157 158 563 561 
189 561 563 564 562 
190 562 564 230 229 
191 158 159 565 563 
192 563 565 566 564 
193 564 566 231 230 
194 159 160 567 565 
195 565 567 568 566 
196 566 568 232 231 
197 160 161 569 567 
198 567 569 570 568 
199 568 570 233 232 
200 161 162 571 569 
201 569 571 572 570 
202 570 572 234 233 
203 162 163 573 571 
204 571 573 574 572 
205 572 574 235 234 
206 163 164 575 573 
207 573 575 576 574 
208 574 576 236 235 
209 164 165 577 575 
210 575 577 578 576 
211 576 578 237 236 
212 165 166 579 577 
213 577 579 580 578 
214 578 580 238 237 
215 166 167 581 579 
216 579 581 582 580 
217 580 582 239 238 
218 167 168 583 581 
219 581 583 584 582 
220 582 584 240 239 
221 168 169 585 583 
222 583 585 586 584 
223 584 586 241 240 
224 169 170 587 585 
225 585 587 588 586 
226 586 588 242 241 
227 170 171 589 587 
228 587 589 590 588 
229 588 590 243 242 
230 171 172 591 589 
231 589 591 592 590 
232 590 592 244 243 
233 172 173 593 591 
234 591 593 594 592 
235 592 594 245 244 
236 173 174 595 593 
237 593 595 596 594 
238 594 596 246 245 
239 174 175 597 595 
240 595 597 598 596 
241 596 598 247 246 
242 175 176 599 597 
243 597 599 600 598 
244 598 600 248 247 
245 176 177 601 599 
246 599 601 602 600 
247 600 602 249 248 
248 177 178 603 601 
249 601 603 604 602 
250 602 604 250 249 
251 178 179 605 603 
252 603 605 606 604 
253 604 606 251 250 
254 179 180 607 605 
255 605 607 608 606 
256 606 608 252 251 
257 180 181 609 607 
258 607 609 610 608 
259 608 610 253 252 
260 181 182 611 609 
261 609 611 612 610 
262 610 612 254 253 
263 182 183 613 611 
264 611 613 614 612 
265 612 614 255 254 
266 183 184 615 613 
267 613 615 616 614 
268 614 616 256 255 
269 184 11 259 615 
270 615 259 260 616 
271 616 260 13 256 
2 3 3 105
272 5 223 617 58 
273 58 617 618 59 
274 59 618 263 7 
275 223 224 619 617 
276 617 619 620 618 
277 618 620 264 263 
278 224 225 621 619 
279 619 621 622 620 
280 620 622 265 264 
281 225 226 623 621 
282 621 623 624 622 
283 622 624 266 265 
284 226 227 625 623 
285 623 625 626 624 
286 624 626 267 266 
287 227 228 627 625 
288 625 627 628 626 
289 626 628 268 267 
290 228 229 629 627 
291 627 629 630 628 
292 628 630 269 268 
293 229 230 631 629 
294 629 631 632 630 
295 630 632 270 269 
296 230 231 633 631 
297 631 633 634 632 
298 632 634 271 270 
299 231 232 635 633 
300 633 635 636 634 
301 634 636 272 271 
302 232 233 637 635 
303 635 637 638 636 
304 636 638 273 272 
305 233 234 639 637 
306 637 639 640 638 
307 638 640 274 273 
308 234 235 641 639 
309 639 641 642 640 
310 640 642 275 274 
311 235 236 643 641 
312 641 643 644 642 
313 642 644 276 275 
314 236 237 645 643 
315 643 645 646 644 
316 644 646 277 276 
317 237 238 647 645 
318 645 647 648 646 
319 646 648 278 277 
320 238 239 649 647 
321 647 649 650 648 
322 648 650 279 278 
323 239 240 651 649 
324 649 651 652 650 
325 650 652 280 279 
326 240 241 653 651 
327 651 653 654 652 
328 652 654 281 280 
329 241 242 655 653 
330 653 655 656 654 
331 654 656 282 281 
332 242 243 657 655 
333 655 657 658 656 
334 656 658 283 282 
335 243 244 659 657 
336 657 659 660 658 
337 658 660 284 283 
338 244 245 661 659 
339 659 661 662 660 
340 660 662 285 284 
341 245 246 663 661 
342 661 663 664 662 
343 662 664 286 285 
344 246 247 665 663 
345 663 665 666 664 
346 664 666 287 286 
347 247 248 667 665 
348 665 667 668 666 
349 666 668 288 287 
350 248 249 669 667 
351 667 669 670 668 
352 668 670 289 288 
353 249 250 671 669 
354 669 671 672 670 
355 670 672 290 289 
356 250 251 673 671 
357 671 673 674 672 
358 672 674 291 290 
359 251 252 675 673 
360 673 675 676 674 
361 674 676 292 291 
362 252 253 677 675 
363 675 677 678 676 
364 676 678 293 292 
365 253 254 679 677 
366 677 679 680 678 
367 678 680 294 293 
368 254 255 681 679 
369 679 681 682 680 
370 680 682 295 294 
371 255 256 683 681 
372 681 683 684 682 
373 682 684 296 295 
374 256 13 302 683 
375 683 302 303 684 
376 684 303 15 296 
2 4 3 105
377 7 263 685 79 
378 79 685 686 80 
379 80 686 115 1 
380 263 264 687 685 
381 685 687 688 686 
382 686 688 116 115 
383 264 265 689 687 
384 687 689 690 688 
385 688 690 117 116 
386 265 266 691 689 
387 689 691 692 690 
388 690 692 118 117 
389 266 267 693 691 
390 691 693 694 692 
391 692 694 119 118 
392 267 268 695 693 
393 693 695 696 694 
394 694 696 120 119 
395 268 269 697 695 
396 695 697 698 696 
397 696 698 121 120 
398 269 270 699 697 
399 697 699 700 698 
400 698 700 122 121 
401 270 271 701 699 
402 699 701 702 700 
403 700 702 123 122 
404 271 272 703 701 
405 701 703 704 702 
406 702 704 124 123 
407 272 273 705 703 
408 703 705 706 704 
409 704 706 125 124 
410 273 274 707 705 
411 705 707 708 706 
412 706 708 126 125 
413 274 275 709 707 
414 707 709 710 708 
415 708 710 127 126 
416 275 276 711 709 
417 709 711 712 710 
418 710 712 128 127 
419 276 277 713 711 
420 711 713 714 712 
421 712 714 129 128 
422 277 278 715 713 
423 713 715 716 714 
424 714 716 130 129 
425 278 279 717 715 
426 715 717 718 716 
427 716 718 131 130 
428 279 280 719 717 
429 717 719 720 718 
430 718 720 132 131 
431 280 281 721 719 
432 719 721 722 720 
433 720 722 133 132 
434 281 282 723 721 
435 721 723 724 722 
436 722 724 134 133 
437 282 283 725 723 
438 723 725 726 724 
439 724 726 135 134 
440 283 284 727 725 
441 725 727 728 726 
442 726 728 136 135 
443 284 285 729 727 
444 727 729 730 728 
445 728 730 137 136 
446 285 286 731 729 
447 729 731 732 730 
448 730 732 138 137 
449 286 287 733 731 
450 731 733 734 732 
451 732 734 139 138 
452 287 288 735 733 
453 733 735 736 734 
454 734 736 140 139 
455 288 289 737 735 
456 735 737 738 736 
457 736 738 141 140 
458 289 290 739 737 
459 737 739 740 738 
460 738 740 142 141 
461 290 291 741 739 
462 739 741 742 740 
463 740 742 143 142 
464 291 292 743 741 
465 741 743 744 742 
466 742 744 144 143 
467 292 293 745 743 
468 743 745 746 744 
469 744 746 145 144 
470 293 294 747 745 
471 745 747 748 746 
472 746 748 146 145 
473 294 295 749 747 
474 747 749 750 748 
475 748 750 147 146 
476 295 296 751 749 
477 749 751 752 750 
478 750 752 148 147 
479 296 15 306 751 
480 751 306 307 752 
481 752 307 9 148 
2 11 3 662
1 1274 784 1266 1249 
2 1273 1301 790 1344 
3 1165 1079 1015 1134 
4 1297 802 1302 1323 
5 1342 772 1348 1322 
6 857 918 938 899 
7 1325 1279 1321 786 
8 1260 1231 1307 1186 
9 872 915 891 873 
10 990 1015 1005 980 
11 1251 1226 791 1257 
12 1007 1037 1081 972 
13 1123 1128 1163 1068 
14 1246 1272 1213 1180 
15 1117 1168 1029 1092 
16 1160 1199 1159 1104 
17 999 1028 1125 1088 
18 1035 997 988 1023 
19 910 929 888 1047 
20 823 878 855 875 
21 1041 1003 958 1079 
22 10 1061 1154 1130 
23 998 1012 952 977 
24 1217 1181 1226 1251 
25 1204 1101 1223 1164 
26 1257 776 1280 1251 
27 853 771 833 866 
28 753 1153 1189 1224 
29 876 826 879 893 
30 874 822 877 895 
31 1142 1103 1148 1181 
32 1226 1227 1256 791 
33 990 980 942 948 
34 1157 1265 1294 1224 
35 979 948 885 934 
36 1211 1090 1035 1060 
37 94 803 1338 1319 
38 1018 1051 1031 959 
39 1337 1267 1215 1252 
40 1044 1091 1170 1132 
41 971 940 915 882 
42 980 918 920 942 
43 1039 1027 1001 1045 
44 790 1342 1322 1344 
45 1091 1044 977 1021 
46 943 907 869 896 
47 1180 1213 1152 1097 
48 1114 1135 1158 1066 
49 864 923 881 862 
50 1252 1277 1319 1338 
51 1277 1252 1215 1183 
52 1237 1072 1049 994 
53 1267 1299 1231 1260 
54 1178 1144 1218 1241 
55 1314 1289 1217 1251 
56 1087 1067 1020 1000 
57 1030 992 1029 1068 
58 1312 1288 1213 1272 
59 1337 1318 759 1267 
60 938 951 890 899 
61 1097 1152 1053 1017 
62 911 894 853 912 
63 789 1303 1275 1254 
64 1035 1006 979 997 
65 895 857 848 874 
66 1181 1148 1227 1226 
67 933 1074 1025 911 
68 909 880 904 949 
69 950 947 919 887 
70 994 1032 1094 1057 
71 1178 1241 1298 1278 
72 1052 1196 1102 1018 
73 1253 1323 1254 1222 
74 1165 1134 1173 1198 
75 901 905 921 926 
76 1097 1150 1219 1180 
77 834 770 852 925 
78 991 1038 1011 964 
79 1100 1216 1269 1253 
80 1203 1191 1126 1161 
81 1221 1242 1279 1296 
82 1348 1298 1241 1322 
83 1119 1146 1109 1076 
84 1182 1212 1248 1284 
85 1134 1093 1135 1173 
86 931 928 828 884 
87 996 931 884 966 
88 943 903 1001 956 
89 881 946 965 1010 
90 907 932 962 883 
91 916 976 944 898 
92 889 906 969 954 
93 961 992 1030 936 
94 1098 1185 1218 1144 
95 949 904 936 973 
96 1099 1206 1208 1171 
97 992 961 1012 998 
98 916 898 849 827 
99 962 932 987 1043 
100 1344 1218 1262 1273 
101 1041 1098 1144 1055 
102 1186 1127 1031 1051 
103 1199 1113 1211 1060 
104 1076 1109 1157 1042 
105 885 948 942 920 
106 1121 1140 1212 1182 
107 1100 1188 1235 1216 
108 1194 1193 1242 1221 
109 1183 1214 1250 1277 
110 818 761 41 40 
111 1194 1162 1308 1193 
112 989 1042 1089 960 
113 1102 1183 1215 1141 
114 959 982 1052 1018 
115 990 1093 1134 1015 
116 1071 1017 1002 1034 
117 912 890 951 978 
118 1166 1110 1189 1236 
119 821 888 976 916 
120 1019 1065 1140 1121 
121 1321 1279 1242 1304 
122 1145 1194 1221 1345 
123 908 885 877 855 
124 863 1047 888 821 
125 974 931 996 985 
126 1209 1177 1115 1054 
127 930 953 1008 913 
128 1032 994 971 935 
129 1069 1024 1126 1105 
130 1242 1278 1298 1304 
131 1077 1076 1042 989 
132 887 858 926 921 
133 943 967 932 907 
134 1345 1220 1263 1145 
135 967 1002 987 932 
136 892 974 935 917 
137 937 957 989 960 
138 1225 1146 1119 1204 
139 963 988 997 1046 
140 1088 1023 988 999 
141 1035 1090 1138 1006 
142 1313 1339 1297 1269 
143 1159 1085 1166 1236 
144 1018 1102 1141 1051 
145 1254 1275 1219 1222 
146 866 890 912 853 
147 1249 1164 1223 1244 
148 1174 1115 1177 1188 
149 978 951 958 1003 
150 1267 1260 1141 1215 
151 1094 1019 1121 1264 
152 1209 1142 1181 1217 
153 1101 1078 1053 1261 
154 856 886 924 878 
155 1250 1270 1336 1346 
156 1108 1169 1202 1167 
157 924 886 939 963 
158 1150 1097 1017 1071 
159 1084 972 1081 1049 
160 1249 1266 1320 1225 
161 807 766 822 874 
162 819 769 826 876 
163 820 761 823 875 
164 885 908 1046 934 
165 821 841 796 863 
166 1067 1103 1142 1020 
167 921 905 957 937 
168 887 921 937 950 
169 1003 1041 1055 1014 
170 925 865 793 834 
171 1109 1146 1292 1190 
172 1157 1109 1190 1265 
173 913 861 894 911 
174 1107 1067 1087 1176 
175 1056 1100 1205 1233 
176 1116 1055 1144 1178 
177 1124 1162 1096 1063 
178 973 1000 1020 983 
179 1224 1189 1110 1157 
180 947 922 927 919 
181 1063 1096 1052 982 
182 1219 1350 1246 1180 
183 1105 1167 1202 1172 
184 1218 1185 1240 1262 
185 950 964 1011 947 
186 1277 1250 1346 1333 
187 999 988 963 939 
188 1154 1143 1118 1130 
189 1269 1297 1323 1253 
190 1034 984 1174 1056 
191 1020 1142 1209 1054 
192 824 843 773 860 
193 1139 925 852 883 
194 1053 987 1002 1017 
195 1045 941 983 1039 
196 787 1335 1314 1276 
197 779 1258 1190 1292 
198 903 854 897 1083 
199 1080 1048 1009 965 
200 1191 1167 1105 1126 
201 1199 1125 1085 1159 
202 1197 1191 1203 1106 
203 904 880 859 914 
204 778 1341 96 95 
205 1290 1247 1243 1335 
206 1039 983 1020 1054 
207 897 909 1045 1083 
208 977 1009 1048 1021 
209 872 873 809 850 
210 1043 1040 1086 962 
211 880 909 897 871 
212 827 868 821 916 
213 882 915 872 824 
214 1107 1200 1227 1148 
215 996 966 1008 1031 
216 903 943 896 854 
217 884 828 861 913 
218 883 852 869 907 
219 873 889 864 825 
220 793 32 6 834 
221 1005 958 951 938 
222 855 877 822 845 
223 858 879 826 847 
224 1124 1014 1055 1116 
225 934 1046 997 979 
226 856 878 823 846 
227 962 1086 1139 883 
228 1177 1238 1235 1188 
229 1270 1250 1214 1263 
230 1260 1186 1051 1141 
231 855 878 924 908 
232 1247 1290 1313 1269 
233 1171 1106 1203 1237 
234 1267 759 1324 1299 
235 970 939 886 922 
236 1096 1145 1196 1052 
237 985 996 1065 1019 
238 1279 1325 757 1296 
239 867 892 917 860 
240 1272 1309 1268 785 
241 1247 1269 1216 1235 
242 1284 1287 1259 1245 
243 974 892 928 931 
244 1015 1079 958 1005 
245 901 926 858 902 
246 1101 1136 1004 1078 
247 1171 1057 1094 1099 
248 1009 977 952 929 
249 873 891 1037 889 
250 857 895 920 918 
251 901 1139 1086 905 
252 984 1027 1115 1174 
253 1031 1127 1065 996 
254 769 797 847 826 
255 766 817 845 822 
256 761 818 846 823 
257 1198 1185 1098 1165 
258 1318 1337 803 1349 
259 1288 1244 1223 1311 
260 1205 1222 1219 1150 
261 1125 1028 1038 1085 
262 824 860 917 882 
263 1251 1280 1276 1314 
264 909 949 941 1045 
265 1263 1220 1295 1270 
266 828 928 892 867 
267 1048 1080 1137 1059 
268 971 994 1049 940 
269 1218 1344 1322 1241 
270 1317 1300 798 1287 
271 1273 1291 804 1301 
272 1032 985 1019 1094 
273 1308 1162 1124 1116 
274 1059 1137 1172 1120 
275 1283 753 1224 1294 
276 1278 1242 1193 1308 
277 1030 1000 973 936 
278 1274 1285 193 192 
279 1321 1329 105 104 
280 1276 1280 209 208 
281 1268 1281 198 197 
282 1271 1282 88 87 
283 1145 1263 1214 1196 
284 1035 1023 1088 1060 
285 1348 1321 1304 1298 
286 1296 757 1343 1326 
287 1041 1079 1165 1098 
288 1011 999 939 970 
289 956 1001 1027 984 
290 876 893 927 856 
291 954 923 864 889 
292 1346 1341 778 1333 
293 1026 1112 1169 1075 
294 1070 1036 1129 1160 
295 995 968 1026 1075 
296 1069 1105 1172 1137 
297 1161 1126 1024 1084 
298 775 839 871 897 
299 1313 1290 1315 758 
300 1339 1313 758 1328 
301 836 894 861 774 
302 1043 987 1053 1078 
303 1173 1151 1201 1198 
304 860 773 838 867 
305 1089 1042 1157 1110 
306 1170 1064 1117 1132 
307 1320 1292 1146 1225 
308 1244 1288 1312 1327 
309 1318 1349 93 92 
310 788 97 96 1341 
311 781 114 113 1122 
312 782 218 217 1033 
313 1067 1107 1148 1103 
314 913 1008 966 884 
315 1227 1230 805 1256 
316 1176 1175 1200 1107 
317 858 887 919 879 
318 895 877 885 920 
319 922 886 856 927 
320 946 881 923 954 
321 800 187 186 1283 
322 779 1293 190 189 
323 788 1347 98 97 
324 2 773 843 60 
325 754 82 81 1118 
326 785 196 195 1330 
327 787 1276 208 207 
328 825 842 809 873 
329 780 1271 87 86 
330 772 106 105 1329 
331 776 210 209 1280 
332 785 1268 197 196 
333 787 207 206 1315 
334 799 89 88 1282 
335 777 199 198 1281 
336 798 84 83 1229 
337 780 86 85 1300 
338 1199 1060 1088 1125 
339 802 1328 204 203 
340 760 194 193 1285 
341 1325 786 103 102 
342 1321 104 103 786 
343 1302 202 201 789 
344 1303 789 201 200 
345 1324 759 91 90 
346 1318 92 91 759 
347 1258 779 189 188 
348 1301 804 110 109 
349 1256 805 214 213 
350 790 1301 109 108 
351 1283 186 185 753 
352 1293 784 191 190 
353 1274 192 191 784 
354 1342 790 108 107 
355 1257 791 212 211 
356 1256 213 212 791 
357 1349 803 94 93 
358 1347 801 99 98 
359 1302 802 203 202 
360 1343 100 99 801 
361 10 1130 1118 81 
362 1330 195 194 760 
363 1300 85 84 798 
364 1229 83 82 754 
365 1343 757 101 100 
366 1328 758 205 204 
367 1325 102 101 757 
368 1315 206 205 758 
369 1029 992 998 1092 
370 804 1255 111 110 
371 805 1192 215 214 
372 1319 778 95 94 
373 1303 200 199 777 
374 1324 90 89 799 
375 1342 107 106 772 
376 1257 211 210 776 
377 1258 188 187 800 
378 1255 756 112 111 
379 1122 113 112 756 
380 1192 755 216 215 
381 1033 217 216 755 
382 994 1057 1171 1237 
383 944 1012 961 914 
384 965 946 1131 1080 
385 784 1293 1320 1266 
386 1140 1065 1127 1334 
387 1127 1186 1307 1334 
388 976 952 1012 944 
389 1287 1284 1332 1317 
390 1056 1233 1071 1034 
391 1024 969 906 1007 
392 1137 1080 1131 1069 
393 890 866 829 899 
394 839 814 870 871 
395 833 771 29 4 
396 1239 1182 1284 1245 
397 770 53 54 835 
398 1183 1102 1196 1214 
399 808 838 25 26 
400 836 774 27 28 
401 837 806 55 56 
402 808 26 27 774 
403 806 835 54 55 
404 775 837 56 57 
405 808 774 861 828 
406 837 854 896 806 
407 835 806 896 869 
408 770 835 869 852 
409 838 808 828 867 
410 775 897 854 837 
411 894 836 771 853 
412 900 851 763 862 
413 8 839 775 57 
414 2 25 838 773 
415 28 29 771 836 
416 53 770 834 6 
417 850 63 62 768 
418 840 68 67 816 
419 841 72 71 796 
420 842 65 64 809 
421 844 75 74 767 
422 851 70 69 763 
423 839 8 78 814 
424 35 769 37 36 
425 820 42 41 761 
426 45 766 47 46 
427 943 956 975 967 
428 864 862 763 840 
429 810 868 844 767 
430 811 872 850 768 
431 935 971 882 917 
432 840 816 783 864 
433 76 815 765 77 
434 75 844 815 76 
435 68 840 763 69 
436 60 843 811 61 
437 72 841 810 73 
438 73 810 767 74 
439 61 811 768 62 
440 65 842 783 66 
441 1299 1324 799 1331 
442 1271 1316 1306 1282 
443 1205 1150 1071 1233 
444 1124 1074 933 1014 
445 1321 1348 772 1329 
446 1275 1303 777 1340 
447 952 976 888 929 
448 1058 1133 1163 1128 
449 814 765 849 870 
450 1100 1056 1174 1188 
451 848 829 792 813 
452 813 807 874 848 
453 812 793 865 830 
454 831 846 818 795 
455 794 820 875 832 
456 832 845 817 794 
457 795 819 876 831 
458 830 847 797 812 
459 875 855 845 832 
460 876 856 846 831 
461 899 829 848 857 
462 902 858 847 830 
463 1033 755 1111 1073 
464 1122 756 1179 1155 
465 801 1347 788 1336 
466 1032 935 974 985 
467 1272 785 1330 1312 
468 766 807 48 47 
469 769 35 34 797 
470 769 819 38 37 
471 766 45 44 817 
472 1124 1063 1025 1074 
473 218 782 945 16 
474 114 781 981 12 
475 50 49 813 792 
476 40 39 795 818 
477 42 820 794 43 
478 32 793 812 33 
479 863 796 851 900 
480 77 765 814 78 
481 1243 1247 1235 1238 
482 66 783 816 67 
483 63 850 809 64 
484 70 851 796 71 
485 1163 1207 1030 1068 
486 1053 1152 1311 1261 
487 1200 1175 1111 1156 
488 1184 1206 1147 1234 
489 792 833 4 50 
490 1222 1205 1100 1253 
491 868 827 815 844 
492 1063 982 930 1025 
493 1326 1295 1220 1345 
494 1136 1077 1040 1004 
495 1145 1096 1162 1194 
496 1299 1286 1307 1231 
497 1179 1228 1262 1240 
498 829 866 833 792 
499 1040 957 905 1086 
500 1258 1294 1265 1190 
501 1024 1069 1131 969 
502 1330 760 1327 1312 
503 964 950 937 960 
504 1191 1197 1095 1149 
505 1212 1140 1334 1307 
506 782 1033 1073 993 
507 781 1122 1155 1062 
508 1170 1091 1059 1120 
509 1296 1326 1345 1221 
510 1255 804 1291 1228 
511 1192 805 1230 1156 
512 1077 989 957 1040 
513 872 811 843 824 
514 1192 1156 1111 755 
515 1255 1228 1179 756 
516 1182 1239 1264 1121 
517 789 1254 1323 1302 
518 1248 1212 1307 1286 
519 1094 1264 1239 1099 
520 993 1073 1133 1058 
521 1062 1155 1201 1151 
522 1116 1178 1278 1308 
523 1031 1008 953 959 
524 1170 1112 1026 1064 
525 1113 1129 1158 1211 
526 1119 1076 1077 1136 
527 1047 863 1050 910 
528 1249 1225 1204 1164 
529 1311 1223 1101 1261 
530 936 904 914 961 
531 868 810 841 821 
532 1197 1154 1061 1095 
533 1282 1306 1331 799 
534 1281 1310 1340 777 
535 1118 1143 1187 754 
536 1229 754 1187 1259 
537 983 941 949 973 
538 1327 760 1285 1305 
539 1045 1001 903 1083 
540 1336 788 1341 1346 
541 1293 779 1292 1320 
542 764 1013 1095 1061 
543 762 1104 1195 1153 
544 1153 1195 1236 1189 
545 1138 1090 1211 1158 
546 1234 1187 1143 1184 
547 915 940 1049 1081 
548 807 813 49 48 
549 819 795 39 38 
550 797 34 33 812 
551 817 44 43 794 
552 1176 1087 1207 1163 
553 1068 1029 1168 1123 
554 1034 975 956 984 
555 1166 991 1089 1110 
556 1258 800 1283 1294 
557 862 881 1010 1050 
558 1036 1066 1158 1129 
559 1026 968 955 986 
560 1152 1213 1288 1311 
561 889 1037 1007 906 
562 1014 933 978 1003 
563 1024 1007 972 1084 
564 1099 1239 1147 1206 
565 1232 1106 1171 1208 
566 1112 1210 1202 1169 
567 1287 798 1229 1259 
568 1040 1043 1078 1004 
569 1151 1114 1016 1062 
570 1058 1022 955 993 
571 1073 1111 1175 1133 
572 1155 1179 1240 1201 
573 1169 1108 1013 1075 
574 1252 1338 803 1337 
575 990 948 979 1006 
576 1236 1195 1104 1159 
577 982 959 953 930 
578 1139 901 902 925 
579 963 1046 908 924 
580 1034 1002 967 975 
581 1149 1095 1013 1108 
582 965 910 1050 1010 
583 1036 1016 1114 1066 
584 1082 986 955 1022 
585 1026 986 1082 1064 
586 1249 1305 1285 1274 
587 1091 1021 1048 1059 
588 1062 1016 981 781 
589 993 955 945 782 
590 1143 1154 1232 1184 
591 1054 1115 1027 1039 
592 1217 1238 1177 1209 
593 1022 1123 1168 1082 
594 1277 1333 778 1319 
595 827 849 765 815 
596 1300 1317 1332 780 
597 1064 1082 1168 1117 
598 1340 1310 1246 1350 
599 1160 1104 762 1070 
600 1075 1013 764 995 
601 1203 1161 1072 1237 
602 780 1332 1316 1271 
603 915 1081 1037 891 
604 1016 1036 12 981 
605 955 968 16 945 
606 1286 1306 1316 1248 
607 864 783 842 825 
608 1234 1147 1239 1245 
609 898 859 870 849 
610 1268 1309 1310 1281 
611 859 880 871 870 
612 1120 1172 1202 1210 
613 1199 1160 1129 1113 
614 1273 1262 1228 1291 
615 1112 1170 1120 1210 
616 1135 1114 1151 1173 
617 1227 1200 1156 1230 
618 1299 1331 1306 1286 
619 1249 1244 1327 1305 
620 1123 1022 1058 1128 
621 1154 1197 1106 1232 
622 1191 1149 1108 1167 
623 1185 1198 1201 1240 
624 1163 1133 1175 1176 
625 221 995 764 222 
626 149 1070 762 150 
627 862 1050 863 900 
628 1219 1275 1340 1350 
629 1272 1246 1310 1309 
630 787 1315 1290 1335 
631 879 919 927 893 
632 1335 1243 1289 1314 
633 1153 14 150 762 
634 1061 10 222 764 
635 1284 1248 1316 1332 
636 1206 1184 1232 1208 
637 830 865 925 902 
638 149 12 1036 1070 
639 185 14 1153 753 
640 221 16 968 995 
641 1270 1295 801 1336 
642 1326 1343 801 1295 
643 1328 802 1297 1339 
644 859 898 944 914 
645 1009 929 910 965 
646 978 933 911 912 
647 1025 930 913 911 
648 1011 970 922 947 
649 918 980 1005 938 
650 1131 946 954 969 
651 1089 991 964 960 
652 1092 998 977 1044 
653 1138 1093 990 1006 
654 1166 1085 1038 991 
655 1028 999 1011 1038 
656 1087 1000 1030 1207 
657 1161 1084 1049 1072 
658 1044 1132 1117 1092 
659 1136 1101 1204 1119 
660 1093 1138 1158 1135 
661 1289 1243 1238 1217 
662 1187 1234 1245 1259 
2 12 3 18
663 2 25 1351 257 
664 257 1351 1352 258 
665 258 1352 297 18 
666 25 26 1353 1351 
667 1351 1353 1354 1352 
668 1352 1354 298 297 
669 26 27 1355 1353 
670 1353 1355 1356 1354 
671 1354 1356 299 298 
672 27 28 1357 1355 
673 1355 1357 1358 1356 
674 1356 1358 300 299 
675 28 29 1359 1357 
676 1357 1359 1360 1358 
677 1358 1360 301 300 
678 29 4 261 1359 
679 1359 261 262 1360 
680 1360 262 20 301 
2 13 3 60
681 6 304 1361 32 
682 304 305 1362 1361 
683 305 21 308 1362 
684 32 1361 1363 33 
685 1361 1362 1364 1363 
686 1362 308 309 1364 
687 33 1363 1365 34 
688 1363 1364 1366 1365 
689 1364 309 310 1366 
690 34 1365 1367 35 
691 1365 1366 1368 1367 
692 1366 310 311 1368 
693 35 1367 1369 36 
694 1367 1368 1370 1369 
695 1368 311 312 1370 
696 36 1369 1371 37 
697 1369 1370 1372 1371 
698 1370 312 313 1372 
699 37 1371 1373 38 
700 1371 1372 1374 1373 
701 1372 313 314 1374 
702 38 1373 1375 39 
703 1373 1374 1376 1375 
704 1374 314 315 1376 
705 39 1375 1377 40 
706 1375 1376 1378 1377 
707 1376 315 316 1378 
708 40 1377 1379 41 
709 1377 1378 1380 1379 
710 1378 316 317 1380 
711 41 1379 1381 42 
712 1379 1380 1382 1381 
713 1380 317 318 1382 
714 42 1381 1383 43 
715 1381 1382 1384 1383 
716 1382 318 319 1384 
717 43 1383 1385 44 
718 1383 1384 1386 1385 
719 1384 319 320 1386 
720 44 1385 1387 45 
721 1385 1386 1388 1387 
722 1386 320 321 1388 
723 45 1387 1389 46 
724 1387 1388 1390 1389 
725 1388 321 322 1390 
726 46 1389 1391 47 
727 1389 1390 1392 1391 
728 1390 322 323 1392 
729 47 1391 1393 48 
730 1391 1392 1394 1393 
731 1392 323 324 1394 
732 48 1393 1395 49 
733 1393 1394 1396 1395 
734 1394 324 325 1396 
735 49 1395 1397 50 
736 1395 1396 1398 1397 
737 1396 325 326 1398 
738 50 1397 261 4 
739 1397 1398 262 261 
740 1398 326 20 262 
2 14 3 18
741 6 53 1399 304 
742 304 1399 1400 305 
743 305 1400 397 21 
744 53 54 1401 1399 
745 1399 1401 1402 1400 
746 1400 1402 398 397 
747 54 55 1403 1401 
748 1401 1403 1404 1402 
749 1402 1404 399 398 
750 55 56 1405 1403 
751 1403 1405 1406 1404 
752 1404 1406 400 399 
753 56 57 1407 1405 
754 1405 1407 1408 1406 
755 1406 1408 401 400 
756 57 8 361 1407 
757 1407 361 362 1408 
758 1408 362 22 401 
2 15 3 60
759 2 257 1409 60 
760 257 258 1410 1409 
761 258 18 402 1410 
762 60 1409 1411 61 
763 1409 1410 1412 1411 
764 1410 402 403 1412 
765 61 1411 1413 62 
766 1411 1412 1414 1413 
767 1412 403 404 1414 
768 62 1413 1415 63 
769 1413 1414 1416 1415 
770 1414 404 405 1416 
771 63 1415 1417 64 
772 1415 1416 1418 1417 
773 1416 405 406 1418 
774 64 1417 1419 65 
775 1417 1418 1420 1419 
776 1418 406 407 1420 
777 65 1419 1421 66 
778 1419 1420 1422 1421 
779 1420 407 408 1422 
780 66 1421 1423 67 
781 1421 1422 1424 1423 
782 1422 408 409 1424 
783 67 1423 1425 68 
784 1423 1424 1426 1425 
785 1424 409 410 1426 
786 68 1425 1427 69 
787 1425 1426 1428 1427 
788 1426 410 411 1428 
789 69 1427 1429 70 
790 1427 1428 1430 1429 
791 1428 411 412 1430 
792 70 1429 1431 71 
793 1429 1430 1432 1431 
794 1430 412 413 1432 
795 71 1431 1433 72 
796 1431 1432 1434 1433 
797 1432 413 414 1434 
798 72 1433 1435 73 
799 1433 1434 1436 1435 
800 1434 414 415 1436 
801 73 1435 1437 74 
802 1435 1436 1438 1437 
803 1436 415 416 1438 
804 74 1437 1439 75 
805 1437 1438 1440 1439 
806 1438 416 417 1440 
807 75 1439 1441 76 
808 1439 1440 1442 1441 
809 1440 417 418 1442 
810 76 1441 1443 77 
811 1441 1442 1444 1443 
812 1442 418 419 1444 
813 77 1443 1445 78 
814 1443 1444 1446 1445 
815 1444 419 420 1446 
816 78 1445 361 8 
817 1445 1446 362 361 
818 1446 420 22 362 
2 20 3 662
819 2112 1622 2104 2087 
820 2111 2139 1628 2182 
821 2003 1917 1853 1972 
822 2135 1640 2140 2161 
823 2180 1610 2186 2160 
824 1695 1756 1776 1737 
825 2163 2117 2159 1624 
826 2098 2069 2145 2024 
827 1710 1753 1729 1711 
828 1828 1853 1843 1818 
829 2089 2064 1629 2095 
830 1845 1875 1919 1810 
831 1961 1966 2001 1906 
832 2084 2110 2051 2018 
833 1955 2006 1867 1930 
834 1998 2037 1997 1942 
835 1837 1866 1963 1926 
836 1873 1835 1826 1861 
837 1748 1767 1726 1885 
838 1661 1716 1693 1713 
839 1879 1841 1796 1917 
840 17 1899 1992 1968 
841 1836 1850 1790 1815 
842 2055 2019 2064 2089 
843 2042 1939 2061 2002 
844 2095 1614 2118 2089 
845 1691 1609 1671 1704 
846 1591 1991 2027 2062 
847 1714 1664 1717 1731 
848 1712 1660 1715 1733 
849 1980 1941 1986 2019 
850 2064 2065 2094 1629 
851 1828 1818 1780 1786 
852 1995 2103 2132 2062 
853 1817 1786 1723 1772 
854 2049 1928 1873 1898 
855 340 1641 2176 2157 
856 1856 1889 1869 1797 
857 2175 2105 2053 2090 
858 1882 1929 2008 1970 
859 1809 1778 1753 1720 
860 1818 1756 1758 1780 
861 1877 1865 1839 1883 
862 1628 2180 2160 2182 
863 1929 1882 1815 1859 
864 1781 1745 1707 1734 
865 2018 2051 1990 1935 
866 1952 1973 1996 1904 
867 1702 1761 1719 1700 
868 2090 2115 2157 2176 
869 2115 2090 2053 2021 
870 2075 1910 1887 1832 
871 2105 2137 2069 2098 
872 2016 1982 2056 2079 
873 2152 2127 2055 2089 
874 1925 1905 1858 1838 
875 1868 1830 1867 1906 
876 2150 2126 2051 2110 
877 2175 2156 1597 2105 
878 1776 1789 1728 1737 
879 1935 1990 1891 1855 
880 1749 1732 1691 1750 
881 1627 2141 2113 2092 
882 1873 1844 1817 1835 
883 1733 1695 1686 1712 
884 2019 1986 2065 2064 
885 1771 1912 1863 1749 
886 1747 1718 1742 1787 
887 1788 1785 1757 1725 
888 1832 1870 1932 1895 
889 2016 2079 2136 2116 
890 1890 2034 1940 1856 
891 2091 2161 2092 2060 
892 2003 1972 2011 2036 
893 1739 1743 1759 1764 
894 1935 1988 2057 2018 
895 1672 1608 1690 1763 
896 1829 1876 1849 1802 
897 1938 2054 2107 2091 
898 2041 2029 1964 1999 
899 2059 2080 2117 2134 
900 2186 2136 2079 2160 
901 1957 1984 1947 1914 
902 2020 2050 2086 2122 
903 1972 1931 1973 2011 
904 1769 1766 1666 1722 
905 1834 1769 1722 1804 
906 1781 1741 1839 1794 
907 1719 1784 1803 1848 
908 1745 1770 1800 1721 
909 1754 1814 1782 1736 
910 1727 1744 1807 1792 
911 1799 1830 1868 1774 
912 1936 2023 2056 1982 
913 1787 1742 1774 1811 
914 1937 2044 2046 2009 
915 1830 1799 1850 1836 
916 1754 1736 1687 1665 
917 1800 1770 1825 1881 
918 2182 2056 2100 2111 
919 1879 1936 1982 1893 
920 2024 1965 1869 1889 
921 2037 1951 2049 1898 
922 1914 1947 1995 1880 
923 1723 1786 1780 1758 
924 1959 1978 2050 2020 
925 1938 2026 2073 2054 
926 2032 2031 2080 2059 
927 2021 2052 2088 2115 
928 1656 1599 317 316 
929 2032 2000 2146 2031 
930 1827 1880 1927 1798 
931 1940 2021 2053 1979 
932 1797 1820 1890 1856 
933 1828 1931 1972 1853 
934 1909 1855 1840 1872 
935 1750 1728 1789 1816 
936 2004 1948 2027 2074 
937 1659 1726 1814 1754 
938 1857 1903 1978 1959 
939 2159 2117 2080 2142 
940 1983 2032 2059 2183 
941 1746 1723 1715 1693 
942 1701 1885 1726 1659 
943 1812 1769 1834 1823 
944 2047 2015 1953 1892 
945 1768 1791 1846 1751 
946 1870 1832 1809 1773 
947 1907 1862 1964 1943 
948 2080 2116 2136 2142 
949 1915 1914 1880 1827 
950 1725 1696 1764 1759 
951 1781 1805 1770 1745 
952 2183 2058 2101 1983 
953 1805 1840 1825 1770 
954 1730 1812 1773 1755 
955 1775 1795 1827 1798 
956 2063 1984 1957 2042 
957 1801 1826 1835 1884 
958 1926 1861 1826 1837 
959 1873 1928 1976 1844 
960 2151 2177 2135 2107 
961 1997 1923 2004 2074 
962 1856 1940 1979 1889 
963 2092 2113 2057 2060 
964 1704 1728 1750 1691 
965 2087 2002 2061 2082 
966 2012 1953 2015 2026 
967 1816 1789 1796 1841 
968 2105 2098 1979 2053 
969 1932 1857 1959 2102 
970 2047 1980 2019 2055 
971 1939 1916 1891 2099 
972 1694 1724 1762 1716 
973 2088 2108 2174 2184 
974 1946 2007 2040 2005 
975 1762 1724 1777 1801 
976 1988 1935 1855 1909 
977 1922 1810 1919 1887 
978 2087 2104 2158 2063 
979 1645 1604 1660 1712 
980 1657 1607 1664 1714 
981 1658 1599 1661 1713 
982 1723 1746 1884 1772 
983 1659 1679 1634 1701 
984 1905 1941 1980 1858 
985 1759 1743 1795 1775 
986 1725 1759 1775 1788 
987 1841 1879 1893 1852 
988 1763 1703 1631 1672 
989 1947 1984 2130 2028 
990 1995 1947 2028 2103 
991 1751 1699 1732 1749 
992 1945 1905 1925 2014 
993 1894 1938 2043 2071 
994 1954 1893 1982 2016 
995 1962 2000 1934 1901 
996 1811 1838 1858 1821 
997 2062 2027 1948 1995 
998 1785 1760 1765 1757 
999 1901 1934 1890 1820 
1000 2057 2188 2084 2018 
1001 1943 2005 2040 2010 
1002 2056 2023 2078 2100 
1003 1788 1802 1849 1785 
1004 2115 2088 2184 2171 
1005 1837 1826 1801 1777 
1006 1992 1981 1956 1968 
1007 2107 2135 2161 2091 
1008 1872 1822 2012 1894 
1009 1858 1980 2047 1892 
1010 1662 1681 1611 1698 
1011 1977 1763 1690 1721 
1012 1891 1825 1840 1855 
1013 1883 1779 1821 1877 
1014 1625 2173 2152 2114 
1015 1617 2096 2028 2130 
1016 1741 1692 1735 1921 
1017 1918 1886 1847 1803 
1018 2029 2005 1943 1964 
1019 2037 1963 1923 1997 
1020 2035 2029 2041 1944 
1021 1742 1718 1697 1752 
1022 1616 2179 342 341 
1023 2128 2085 2081 2173 
1024 1877 1821 1858 1892 
1025 1735 1747 1883 1921 
1026 1815 1847 1886 1859 
1027 1710 1711 1647 1688 
1028 1881 1878 1924 1800 
1029 1718 1747 1735 1709 
1030 1665 1706 1659 1754 
1031 1720 1753 1710 1662 
1032 1945 2038 2065 1986 
1033 1834 1804 1846 1869 
1034 1741 1781 1734 1692 
1035 1722 1666 1699 1751 
1036 1721 1690 1707 1745 
1037 1711 1727 1702 1663 
1038 1631 308 21 1672 
1039 1843 1796 1789 1776 
1040 1693 1715 1660 1683 
1041 1696 1717 1664 1685 
1042 1962 1852 1893 1954 
1043 1772 1884 1835 1817 
1044 1694 1716 1661 1684 
1045 1800 1924 1977 1721 
1046 2015 2076 2073 2026 
1047 2108 2088 2052 2101 
1048 2098 2024 1889 1979 
1049 1693 1716 1762 1746 
1050 2085 2128 2151 2107 
1051 2009 1944 2041 2075 
1052 2105 1597 2162 2137 
1053 1808 1777 1724 1760 
1054 1934 1983 2034 1890 
1055 1823 1834 1903 1857 
1056 2117 2163 1595 2134 
1057 1705 1730 1755 1698 
1058 2110 2147 2106 1623 
1059 2085 2107 2054 2073 
1060 2122 2125 2097 2083 
1061 1812 1730 1766 1769 
1062 1853 1917 1796 1843 
1063 1739 1764 1696 1740 
1064 1939 1974 1842 1916 
1065 2009 1895 1932 1937 
1066 1847 1815 1790 1767 
1067 1711 1729 1875 1727 
1068 1695 1733 1758 1756 
1069 1739 1977 1924 1743 
1070 1822 1865 1953 2012 
1071 1869 1965 1903 1834 
1072 1607 1635 1685 1664 
1073 1604 1655 1683 1660 
1074 1599 1656 1684 1661 
1075 2036 2023 1936 2003 
1076 2156 2175 1641 2187 
1077 2126 2082 2061 2149 
1078 2043 2060 2057 1988 
1079 1963 1866 1876 1923 
1080 1662 1698 1755 1720 
1081 2089 2118 2114 2152 
1082 1747 1787 1779 1883 
1083 2101 2058 2133 2108 
1084 1666 1766 1730 1705 
1085 1886 1918 1975 1897 
1086 1809 1832 1887 1778 
1087 2056 2182 2160 2079 
1088 2155 2138 1636 2125 
1089 2111 2129 1642 2139 
1090 1870 1823 1857 1932 
1091 2146 2000 1962 1954 
1092 1897 1975 2010 1958 
1093 2121 1591 2062 2132 
1094 2116 2080 2031 2146 
1095 1868 1838 1811 1774 
1096 2112 2123 388 389 
1097 2159 2167 351 350 
1098 2114 2118 372 373 
1099 2106 2119 383 384 
1100 2109 2120 334 333 
1101 1983 2101 2052 2034 
1102 1873 1861 1926 1898 
1103 2186 2159 2142 2136 
1104 2134 1595 2181 2164 
1105 1879 1917 2003 1936 
1106 1849 1837 1777 1808 
1107 1794 1839 1865 1822 
1108 1714 1731 1765 1694 
1109 1792 1761 1702 1727 
1110 2184 2179 1616 2171 
1111 1864 1950 2007 1913 
1112 1908 1874 1967 1998 
1113 1833 1806 1864 1913 
1114 1907 1943 2010 1975 
1115 1999 1964 1862 1922 
1116 1613 1677 1709 1735 
1117 2151 2128 2153 1596 
1118 2177 2151 1596 2166 
1119 1674 1732 1699 1612 
1120 1881 1825 1891 1916 
1121 2011 1989 2039 2036 
1122 1698 1611 1676 1705 
1123 1927 1880 1995 1948 
1124 2008 1902 1955 1970 
1125 2158 2130 1984 2063 
1126 2082 2126 2150 2165 
1127 2156 2187 339 338 
1128 1626 343 342 2179 
1129 1619 360 359 1960 
1130 1620 363 364 1871 
1131 1905 1945 1986 1941 
1132 1751 1846 1804 1722 
1133 2065 2068 1643 2094 
1134 2014 2013 2038 1945 
1135 1696 1725 1757 1717 
1136 1733 1715 1723 1758 
1137 1760 1724 1694 1765 
1138 1784 1719 1761 1792 
1139 1638 394 395 2121 
1140 1617 2131 391 392 
1141 1626 2185 344 343 
1142 18 1611 1681 402 
1143 1592 328 327 1956 
1144 1623 385 386 2168 
1145 1625 2114 373 374 
1146 1663 1680 1647 1711 
1147 1618 2109 333 332 
1148 1610 352 351 2167 
1149 1614 371 372 2118 
1150 1623 2106 384 385 
1151 1625 374 375 2153 
1152 1637 335 334 2120 
1153 1615 382 383 2119 
1154 1636 330 329 2067 
1155 1618 332 331 2138 
1156 2037 1898 1926 1963 
1157 1640 2166 377 378 
1158 1598 387 388 2123 
1159 2163 1624 349 348 
1160 2159 350 349 1624 
1161 2140 379 380 1627 
1162 2141 1627 380 381 
1163 2162 1597 337 336 
1164 2156 338 337 1597 
1165 2096 1617 392 393 
1166 2139 1642 356 355 
1167 2094 1643 367 368 
1168 1628 2139 355 354 
1169 2121 395 396 1591 
1170 2131 1622 390 391 
1171 2112 389 390 1622 
1172 2180 1628 354 353 
1173 2095 1629 369 370 
1174 2094 368 369 1629 
1175 2187 1641 340 339 
1176 2185 1639 345 344 
1177 2140 1640 378 379 
1178 2181 346 345 1639 
1179 17 1968 1956 327 
1180 2168 386 387 1598 
1181 2138 331 330 1636 
1182 2067 329 328 1592 
1183 2181 1595 347 346 
1184 2166 1596 376 377 
1185 2163 348 347 1595 
1186 2153 375 376 1596 
1187 1867 1830 1836 1930 
1188 1642 2093 357 356 
1189 1643 2030 366 367 
1190 2157 1616 341 340 
1191 2141 381 382 1615 
1192 2162 336 335 1637 
1193 2180 353 352 1610 
1194 2095 370 371 1614 
1195 2096 393 394 1638 
1196 2093 1594 358 357 
1197 1960 359 358 1594 
1198 2030 1593 365 366 
1199 1871 364 365 1593 
1200 1832 1895 2009 2075 
1201 1782 1850 1799 1752 
1202 1803 1784 1969 1918 
1203 1622 2131 2158 2104 
1204 1978 1903 1965 2172 
1205 1965 2024 2145 2172 
1206 1814 1790 1850 1782 
1207 2125 2122 2170 2155 
1208 1894 2071 1909 1872 
1209 1862 1807 1744 1845 
1210 1975 1918 1969 1907 
1211 1728 1704 1667 1737 
1212 1677 1652 1708 1709 
1213 1671 1609 301 20 
1214 2077 2020 2122 2083 
1215 1608 397 398 1673 
1216 2021 1940 2034 2052 
1217 1646 1676 297 298 
1218 1674 1612 299 300 
1219 1675 1644 399 400 
1220 1646 298 299 1612 
1221 1644 1673 398 399 
1222 1613 1675 400 401 
1223 1646 1612 1699 1666 
1224 1675 1692 1734 1644 
1225 1673 1644 1734 1707 
1226 1608 1673 1707 1690 
1227 1676 1646 1666 1705 
1228 1613 1735 1692 1675 
1229 1732 1674 1609 1691 
1230 1738 1689 1601 1700 
1231 22 1677 1613 401 
1232 18 297 1676 1611 
1233 300 301 1609 1674 
1234 397 1608 1672 21 
1235 1688 405 404 1606 
1236 1678 410 409 1654 
1237 1679 414 413 1634 
1238 1680 407 406 1647 
1239 1682 417 416 1605 
1240 1689 412 411 1601 
1241 1677 22 420 1652 
1242 311 1607 313 312 
1243 1658 318 317 1599 
1244 321 1604 323 322 
1245 1781 1794 1813 1805 
1246 1702 1700 1601 1678 
1247 1648 1706 1682 1605 
1248 1649 1710 1688 1606 
1249 1773 1809 1720 1755 
1250 1678 1654 1621 1702 
1251 418 1653 1603 419 
1252 417 1682 1653 418 
1253 410 1678 1601 411 
1254 402 1681 1649 403 
1255 414 1679 1648 415 
1256 415 1648 1605 416 
1257 403 1649 1606 404 
1258 407 1680 1621 408 
1259 2137 2162 1637 2169 
1260 2109 2154 2144 2120 
1261 2043 1988 1909 2071 
1262 1962 1912 1771 1852 
1263 2159 2186 1610 2167 
1264 2113 2141 1615 2178 
1265 1790 1814 1726 1767 
1266 1896 1971 2001 1966 
1267 1652 1603 1687 1708 
1268 1938 1894 2012 2026 
1269 1686 1667 1630 1651 
1270 1651 1645 1712 1686 
1271 1650 1631 1703 1668 
1272 1669 1684 1656 1633 
1273 1632 1658 1713 1670 
1274 1670 1683 1655 1632 
1275 1633 1657 1714 1669 
1276 1668 1685 1635 1650 
1277 1713 1693 1683 1670 
1278 1714 1694 1684 1669 
1279 1737 1667 1686 1695 
1280 1740 1696 1685 1668 
1281 1871 1593 1949 1911 
1282 1960 1594 2017 1993 
1283 1639 2185 1626 2174 
1284 1870 1773 1812 1823 
1285 2110 1623 2168 2150 
1286 1604 1645 324 323 
1287 1607 311 310 1635 
1288 1607 1657 314 313 
1289 1604 321 320 1655 
1290 1962 1901 1863 1912 
1291 363 1620 1783 19 
1292 360 1619 1819 23 
1293 326 325 1651 1630 
1294 316 315 1633 1656 
1295 318 1658 1632 319 
1296 308 1631 1650 309 
1297 1701 1634 1689 1738 
1298 419 1603 1652 420 
1299 2081 2085 2073 2076 
1300 408 1621 1654 409 
1301 405 1688 1647 406 
1302 412 1689 1634 413 
1303 2001 2045 1868 1906 
1304 1891 1990 2149 2099 
1305 2038 2013 1949 1994 
1306 2022 2044 1985 2072 
1307 1630 1671 20 326 
1308 2060 2043 1938 2091 
1309 1706 1665 1653 1682 
1310 1901 1820 1768 1863 
1311 2164 2133 2058 2183 
1312 1974 1915 1878 1842 
1313 1983 1934 2000 2032 
1314 2137 2124 2145 2069 
1315 2017 2066 2100 2078 
1316 1667 1704 1671 1630 
1317 1878 1795 1743 1924 
1318 2096 2132 2103 2028 
1319 1862 1907 1969 1807 
1320 2168 1598 2165 2150 
1321 1802 1788 1775 1798 
1322 2029 2035 1933 1987 
1323 2050 1978 2172 2145 
1324 1620 1871 1911 1831 
1325 1619 1960 1993 1900 
1326 2008 1929 1897 1958 
1327 2134 2164 2183 2059 
1328 2093 1642 2129 2066 
1329 2030 1643 2068 1994 
1330 1915 1827 1795 1878 
1331 1710 1649 1681 1662 
1332 2030 1994 1949 1593 
1333 2093 2066 2017 1594 
1334 2020 2077 2102 1959 
1335 1627 2092 2161 2140 
1336 2086 2050 2145 2124 
1337 1932 2102 2077 1937 
1338 1831 1911 1971 1896 
1339 1900 1993 2039 1989 
1340 1954 2016 2116 2146 
1341 1869 1846 1791 1797 
1342 2008 1950 1864 1902 
1343 1951 1967 1996 2049 
1344 1957 1914 1915 1974 
1345 1885 1701 1888 1748 
1346 2087 2063 2042 2002 
1347 2149 2061 1939 2099 
1348 1774 1742 1752 1799 
1349 1706 1648 1679 1659 
1350 2035 1992 1899 1933 
1351 2120 2144 2169 1637 
1352 2119 2148 2178 1615 
1353 1956 1981 2025 1592 
1354 2067 1592 2025 2097 
1355 1821 1779 1787 1811 
1356 2165 1598 2123 2143 
1357 1883 1839 1741 1921 
1358 2174 1626 2179 2184 
1359 2131 1617 2130 2158 
1360 1602 1851 1933 1899 
1361 1600 1942 2033 1991 
1362 1991 2033 2074 2027 
1363 1976 1928 2049 1996 
1364 2072 2025 1981 2022 
1365 1753 1778 1887 1919 
1366 1645 1651 325 324 
1367 1657 1633 315 314 
1368 1635 310 309 1650 
1369 1655 320 319 1632 
1370 2014 1925 2045 2001 
1371 1906 1867 2006 1961 
1372 1872 1813 1794 1822 
1373 2004 1829 1927 1948 
1374 2096 1638 2121 2132 
1375 1700 1719 1848 1888 
1376 1874 1904 1996 1967 
1377 1864 1806 1793 1824 
1378 1990 2051 2126 2149 
1379 1727 1875 1845 1744 
1380 1852 1771 1816 1841 
1381 1862 1845 1810 1922 
1382 1937 2077 1985 2044 
1383 2070 1944 2009 2046 
1384 1950 2048 2040 2007 
1385 2125 1636 2067 2097 
1386 1878 1881 1916 1842 
1387 1989 1952 1854 1900 
1388 1896 1860 1793 1831 
1389 1911 1949 2013 1971 
1390 1993 2017 2078 2039 
1391 2007 1946 1851 1913 
1392 2090 2176 1641 2175 
1393 1828 1786 1817 1844 
1394 2074 2033 1942 1997 
1395 1820 1797 1791 1768 
1396 1977 1739 1740 1763 
1397 1801 1884 1746 1762 
1398 1872 1840 1805 1813 
1399 1987 1933 1851 1946 
1400 1803 1748 1888 1848 
1401 1874 1854 1952 1904 
1402 1920 1824 1793 1860 
1403 1864 1824 1920 1902 
1404 2087 2143 2123 2112 
1405 1929 1859 1886 1897 
1406 1900 1854 1819 1619 
1407 1831 1793 1783 1620 
1408 1981 1992 2070 2022 
1409 1892 1953 1865 1877 
1410 2055 2076 2015 2047 
1411 1860 1961 2006 1920 
1412 2115 2171 1616 2157 
1413 1665 1687 1603 1653 
1414 2138 2155 2170 1618 
1415 1902 1920 2006 1955 
1416 2178 2148 2084 2188 
1417 1998 1942 1600 1908 
1418 1913 1851 1602 1833 
1419 2041 1999 1910 2075 
1420 1618 2170 2154 2109 
1421 1753 1919 1875 1729 
1422 1854 1874 23 1819 
1423 1793 1806 19 1783 
1424 2124 2144 2154 2086 
1425 1702 1621 1680 1663 
1426 2072 1985 2077 2083 
1427 1736 1697 1708 1687 
1428 2106 2147 2148 2119 
1429 1697 1718 1709 1708 
1430 1958 2010 2040 2048 
1431 2037 1998 1967 1951 
1432 2111 2100 2066 2129 
1433 1950 2008 1958 2048 
1434 1973 1952 1989 2011 
1435 2065 2038 1994 2068 
1436 2137 2169 2144 2124 
1437 2087 2082 2165 2143 
1438 1961 1860 1896 1966 
1439 1992 2035 1944 2070 
1440 2029 1987 1946 2005 
1441 2023 2036 2039 2078 
1442 2001 1971 2013 2014 
1443 424 1833 1602 423 
1444 431 1908 1600 432 
1445 1700 1888 1701 1738 
1446 2057 2113 2178 2188 
1447 2110 2084 2148 2147 
1448 1625 2153 2128 2173 
1449 1717 1757 1765 1731 
1450 2173 2081 2127 2152 
1451 1991 24 432 1600 
1452 1899 17 423 1602 
1453 2122 2086 2154 2170 
1454 2044 2022 2070 2046 
1455 1668 1703 1763 1740 
1456 431 23 1874 1908 
1457 396 24 1991 1591 
1458 424 19 1806 1833 
1459 2108 2133 1639 2174 
1460 2164 2181 1639 2133 
1461 2166 1640 2135 2177 
1462 1697 1736 1782 1752 
1463 1847 1767 1748 1803 
1464 1816 1771 1749 1750 
1465 1863 1768 1751 1749 
1466 1849 1808 1760 1785 
1467 1756 1818 1843 1776 
1468 1969 1784 1792 1807 
1469 1927 1829 1802 1798 
1470 1930 1836 1815 1882 
1471 1976 1931 1828 1844 
1472 2004 1923 1876 1829 
1473 1866 1837 1849 1876 
1474 1925 1838 1868 2045 
1475 1999 1922 1887 1910 
1476 1882 1970 1955 1930 
1477 1974 1939 2042 1957 
1478 1931 1976 1996 1973 
1479 2127 2081 2076 2055 
1480 2025 2072 2083 2097 
2 43 3 105
482 17 423 2189 327 
483 327 2189 2190 328 
484 328 2190 2191 329 
485 329 2191 2192 330 
486 330 2192 2193 331 
487 331 2193 2194 332 
488 332 2194 2195 333 
489 333 2195 2196 334 
490 334 2196 2197 335 
491 335 2197 2198 336 
492 336 2198 2199 337 
493 337 2199 2200 338 
494 338 2200 2201 339 
495 339 2201 2202 340 
496 340 2202 2203 341 
497 341 2203 2204 342 
498 342 2204 2205 343 
499 343 2205 2206 344 
500 344 2206 2207 345 
501 345 2207 2208 346 
502 346 2208 2209 347 
503 347 2209 2210 348 
504 348 2210 2211 349 
505 349 2211 2212 350 
506 350 2212 2213 351 
507 351 2213 2214 352 
508 352 2214 2215 353 
509 353 2215 2216 354 
510 354 2216 2217 355 
511 355 2217 2218 356 
512 356 2218 2219 357 
513 357 2219 2220 358 
514 358 2220 2221 359 
515 359 2221 2222 360 
516 360 2222 431 23 
517 423 424 2223 2189 
518 2189 2223 2224 2190 
519 2190 2224 2225 2191 
520 2191 2225 2226 2192 
521 2192 2226 2227 2193 
522 2193 2227 2228 2194 
523 2194 2228 2229 2195 
524 2195 2229 2230 2196 
525 2196 2230 2231 2197 
526 2197 2231 2232 2198 
527 2198 2232 2233 2199 
528 2199 2233 2234 2200 
529 2200 2234 2235 2201 
530 2201 2235 2236 2202 
531 2202 2236 2237 2203 
532 2203 2237 2238 2204 
533 2204 2238 2239 2205 
534 2205 2239 2240 2206 
535 2206 2240 2241 2207 
536 2207 2241 2242 2208 
537 2208 2242 2243 2209 
538 2209 2243 2244 2210 
539 2210 2244 2245 2211 
540 2211 2245 2246 2212 
541 2212 2246 2247 2213 
542 2213 2247 2248 2214 
543 2214 2248 2249 2215 
544 2215 2249 2250 2216 
545 2216 2250 2251 2217 
546 2217 2251 2252 2218 
547 2218 2252 2253 2219 
548 2219 2253 2254 2220 
549 2220 2254 2255 2221 
550 2221 2255 2256 2222 
551 2222 2256 432 431 
552 424 19 363 2223 
553 2223 363 364 2224 
554 2224 364 365 2225 
555 2225 365 366 2226 
556 2226 366 367 2227 
557 2227 367 368 2228 
558 2228 368 369 2229 
559 2229 369 370 2230 
560 2230 370 371 2231 
561 2231 371 372 2232 
562 2232 372 373 2233 
563 2233 373 374 2234 
564 2234 374 375 2235 
565 2235 375 376 2236 
566 2236 376 377 2237 
567 2237 377 378 2238 
568 2238 378 379 2239 
569 2239 379 380 2240 
570 2240 380 381 2241 
571 2241 381 382 2242 
572 2242 382 383 2243 
573 2243 383 384 2244 
574 2244 384 385 2245 
575 2245 385 386 2246 
576 2246 386 387 2247 
577 2247 387 388 2248 
578 2248 388 389 2249 
579 2249 389 390 2250 
580 2250 390 391 2251 
581 2251 391 392 2252 
582 2252 392 393 2253 
583 2253 393 394 2254 
584 2254 394 395 2255 
585 2255 395 396 2256 
586 2256 396 24 432 
2 44 3 105
587 16 221 2257 218 
588 218 2257 2258 217 
589 217 2258 2259 216 
590 216 2259 2260 215 
591 215 2260 2261 214 
592 214 2261 2262 213 
593 213 2262 2263 212 
594 212 2263 2264 211 
595 211 2264 2265 210 
596 210 2265 2266 209 
597 209 2266 2267 208 
598 208 2267 2268 207 
599 207 2268 2269 206 
600 206 2269 2270 205 
601 205 2270 2271 204 
602 204 2271 2272 203 
603 203 2272 2273 202 
604 202 2273 2274 201 
605 201 2274 2275 200 
606 200 2275 2276 199 
607 199 2276 2277 198 
608 198 2277 2278 197 
609 197 2278 2279 196 
610 196 2279 2280 195 
611 195 2280 2281 194 
612 194 2281 2282 193 
613 193 2282 2283 192 
614 192 2283 2284 191 
615 191 2284 2285 190 
616 190 2285 2286 189 
617 189 2286 2287 188 
618 188 2287 2288 187 
619 187 2288 2289 186 
620 186 2289 2290 185 
621 185 2290 150 14 
622 221 222 2291 2257 
623 2257 2291 2292 2258 
624 2258 2292 2293 2259 
625 2259 2293 2294 2260 
626 2260 2294 2295 2261 
627 2261 2295 2296 2262 
628 2262 2296 2297 2263 
629 2263 2297 2298 2264 
630 2264 2298 2299 2265 
631 2265 2299 2300 2266 
632 2266 2300 2301 2267 
633 2267 2301 2302 2268 
634 2268 2302 2303 2269 
635 2269 2303 2304 2270 
636 2270 2304 2305 2271 
637 2271 2305 2306 2272 
638 2272 2306 2307 2273 
639 2273 2307 2308 2274 
640 2274 2308 2309 2275 
641 2275 2309 2310 2276 
642 2276 2310 2311 2277 
643 2277 2311 2312 2278 
644 2278 2312 2313 2279 
645 2279 2313 2314 2280 
646 2280 2314 2315 2281 
647 2281 2315 2316 2282 
648 2282 2316 2317 2283 
649 2283 2317 2318 2284 
650 2284 2318 2319 2285 
651 2285 2319 2320 2286 
652 2286 2320 2321 2287 
653 2287 2321 2322 2288 
654 2288 2322 2323 2289 
655 2289 2323 2324 2290 
656 2290 2324 149 150 
657 222 10 81 2291 
658 2291 81 82 2292 
659 2292 82 83 2293 
660 2293 83 84 2294 
661 2294 84 85 2295 
662 2295 85 86 2296 
663 2296 86 87 2297 
664 2297 87 88 2298 
665 2298 88 89 2299 
666 2299 89 90 2300 
667 2300 90 91 2301 
668 2301 91 92 2302 
669 2302 92 93 2303 
670 2303 93 94 2304 
671 2304 94 95 2305 
672 2305 95 96 2306 
673 2306 96 97 2307 
674 2307 97 98 2308 
675 2308 98 99 2309 
676 2309 99 100 2310 
677 2310 100 101 2311 
678 2311 101 102 2312 
679 2312 102 103 2313 
680 2313 103 104 2314 
681 2314 104 105 2315 
682 2315 105 106 2316 
683 2316 106 107 2317 
684 2317 107 108 2318 
685 2318 108 109 2319 
686 2319 109 110 2320 
687 2320 110 111 2321 
688 2321 111 112 2322 
689 2322 112 113 2323 
690 2323 113 114 2324 
691 2324 114 12 149 
2 71 3 9
692 7 79 3237 59 
693 59 3237 3238 58 
694 58 3238 52 5 
695 79 80 3239 3237 
696 3237 3239 3240 3238 
697 3238 3240 51 52 
698 80 1 30 3239 
699 3239 30 31 3240 
700 3240 31 3 51 
2 72 3 9
701 15 306 3241 303 
702 303 3241 3242 302 
703 302 3242 260 13 
704 306 307 3243 3241 
705 3241 3243 3244 3242 
706 3242 3244 259 260 
707 307 9 219 3243 
708 3243 219 220 3244 
709 3244 220 11 259 
3 1 5 1986
1481 1266 1249 1274 784 4271 4237 4287 3307 
1482 4271 4237 4287 3307 4272 4238 4288 3308 
1483 4272 4238 4288 3308 2104 2087 2112 1622 
1484 790 1344 1273 1301 3319 4427 4285 4341 
1485 3319 4427 4285 4341 3320 4428 4286 4342 
1486 3320 4428 4286 4342 1628 2182 2111 2139 
1487 1015 1134 1165 1079 3769 4007 4069 3897 
1488 3769 4007 4069 3897 3770 4008 4070 3898 
1489 3770 4008 4070 3898 1853 1972 2003 1917 
1490 1302 1323 1297 802 4343 4385 4333 3343 
1491 4343 4385 4333 3343 4344 4386 4334 3344 
1492 4344 4386 4334 3344 2140 2161 2135 1640 
1493 1348 1322 1342 772 4435 4383 4423 3283 
1494 4435 4383 4423 3283 4436 4384 4424 3284 
1495 4436 4384 4424 3284 2186 2160 2180 1610 
1496 938 899 857 918 3615 3537 3453 3575 
1497 3615 3537 3453 3575 3616 3538 3454 3576 
1498 3616 3538 3454 3576 1776 1737 1695 1756 
1499 1321 786 1325 1279 4381 3311 4389 4297 
1500 4381 3311 4389 4297 4382 3312 4390 4298 
1501 4382 3312 4390 4298 2159 1624 2163 2117 
1502 1307 1186 1260 1231 4353 4111 4259 4201 
1503 4353 4111 4259 4201 4354 4112 4260 4202 
1504 4354 4112 4260 4202 2145 2024 2098 2069 
1505 891 873 872 915 3521 3485 3483 3569 
1506 3521 3485 3483 3569 3522 3486 3484 3570 
1507 3522 3486 3484 3570 1729 1711 1710 1753 
1508 1005 980 990 1015 3749 3699 3719 3769 
1509 3749 3699 3719 3769 3750 3700 3720 3770 
1510 3750 3700 3720 3770 1843 1818 1828 1853 
1511 791 1257 1251 1226 3321 4253 4241 4191 
1512 3321 4253 4241 4191 3322 4254 4242 4192 
1513 3322 4254 4242 4192 1629 2095 2089 2064 
1514 1081 972 1007 1037 3901 3683 3753 3813 
1515 3901 3683 3753 3813 3902 3684 3754 3814 
1516 3902 3684 3754 3814 1919 1810 1845 1875 
1517 1163 1068 1123 1128 4065 3875 3985 3995 
1518 4065 3875 3985 3995 4066 3876 3986 3996 
1519 4066 3876 3986 3996 2001 1906 1961 1966 
1520 1213 1180 1246 1272 4165 4099 4231 4283 
1521 4165 4099 4231 4283 4166 4100 4232 4284 
1522 4166 4100 4232 4284 2051 2018 2084 2110 
1523 1029 1092 1117 1168 3797 3923 3973 4075 
1524 3797 3923 3973 4075 3798 3924 3974 4076 
1525 3798 3924 3974 4076 1867 1930 1955 2006 
1526 1159 1104 1160 1199 4057 3947 4059 4137 
1527 4057 3947 4059 4137 4058 3948 4060 4138 
1528 4058 3948 4060 4138 1997 1942 1998 2037 
1529 1125 1088 999 1028 3989 3915 3737 3795 
1530 3989 3915 3737 3795 3990 3916 3738 3796 
1531 3990 3916 3738 3796 1963 1926 1837 1866 
1532 988 1023 1035 997 3715 3785 3809 3733 
1533 3715 3785 3809 3733 3716 3786 3810 3734 
1534 3716 3786 3810 3734 1826 1861 1873 1835 
1535 888 1047 910 929 3515 3833 3559 3597 
1536 3515 3833 3559 3597 3516 3834 3560 3598 
1537 3516 3834 3560 3598 1726 1885 1748 1767 
1538 855 875 823 878 3449 3489 3385 3495 
1539 3449 3489 3385 3495 3450 3490 3386 3496 
1540 3450 3490 3386 3496 1693 1713 1661 1716 
1541 958 1079 1041 1003 3655 3897 3821 3745 
1542 3655 3897 3821 3745 3656 3898 3822 3746 
1543 3656 3898 3822 3746 1796 1917 1879 1841 
1544 1154 1130 10 1061 4047 3999 421 3861 
1545 4047 3999 421 3861 4048 4000 422 3862 
1546 4048 4000 422 3862 1992 1968 17 1899 
1547 952 977 998 1012 3643 3693 3735 3763 
1548 3643 3693 3735 3763 3644 3694 3736 3764 
1549 3644 3694 3736 3764 1790 1815 1836 1850 
1550 1226 1251 1217 1181 4191 4241 4173 4101 
1551 4191 4241 4173 4101 4192 4242 4174 4102 
1552 4192 4242 4174 4102 2064 2089 2055 2019 
1553 1223 1164 1204 1101 4185 4067 4147 3941 
1554 4185 4067 4147 3941 4186 4068 4148 3942 
1555 4186 4068 4148 3942 2061 2002 2042 1939 
1556 1280 1251 1257 776 4299 4241 4253 3291 
1557 4299 4241 4253 3291 4300 4242 4254 3292 
1558 4300 4242 4254 3292 2118 2089 2095 1614 
1559 833 866 853 771 3405 3471 3445 3281 
1560 3405 3471 3445 3281 3406 3472 3446 3282 
1561 3406 3472 3446 3282 1671 1704 1691 1609 
1562 1189 1224 753 1153 4117 4187 3245 4045 
1563 4117 4187 3245 4045 4118 4188 3246 4046 
1564 4118 4188 3246 4046 2027 2062 1591 1991 
1565 879 893 876 826 3497 3525 3491 3391 
1566 3497 3525 3491 3391 3498 3526 3492 3392 
1567 3498 3526 3492 3392 1717 1731 1714 1664 
1568 877 895 874 822 3493 3529 3487 3383 
1569 3493 3529 3487 3383 3494 3530 3488 3384 
1570 3494 3530 3488 3384 1715 1733 1712 1660 
1571 1148 1181 1142 1103 4035 4101 4023 3945 
1572 4035 4101 4023 3945 4036 4102 4024 3946 
1573 4036 4102 4024 3946 1986 2019 1980 1941 
1574 1256 791 1226 1227 4251 3321 4191 4193 
1575 4251 3321 4191 4193 4252 3322 4192 4194 
1576 4252 3322 4192 4194 2094 1629 2064 2065 
1577 942 948 990 980 3623 3635 3719 3699 
1578 3623 3635 3719 3699 3624 3636 3720 3700 
1579 3624 3636 3720 3700 1780 1786 1828 1818 
1580 1294 1224 1157 1265 4327 4187 4053 4269 
1581 4327 4187 4053 4269 4328 4188 4054 4270 
1582 4328 4188 4054 4270 2132 2062 1995 2103 
1583 885 934 979 948 3509 3607 3697 3635 
1584 3509 3607 3697 3635 3510 3608 3698 3636 
1585 3510 3608 3698 3636 1723 1772 1817 1786 
1586 1035 1060 1211 1090 3809 3859 4161 3919 
1587 3809 3859 4161 3919 3810 3860 4162 3920 
1588 3810 3860 4162 3920 1873 1898 2049 1928 
1589 1338 1319 94 803 4415 4377 1473 3345 
1590 4415 4377 1473 3345 4416 4378 1474 3346 
1591 4416 4378 1474 3346 2176 2157 340 1641 
1592 1031 959 1018 1051 3801 3657 3775 3841 
1593 3801 3657 3775 3841 3802 3658 3776 3842 
1594 3802 3658 3776 3842 1869 1797 1856 1889 
1595 1215 1252 1337 1267 4169 4243 4413 4273 
1596 4169 4243 4413 4273 4170 4244 4414 4274 
1597 4170 4244 4414 4274 2053 2090 2175 2105 
1598 1170 1132 1044 1091 4079 4003 3827 3921 
1599 4079 4003 3827 3921 4080 4004 3828 3922 
1600 4080 4004 3828 3922 2008 1970 1882 1929 
1601 915 882 971 940 3569 3503 3681 3619 
1602 3569 3503 3681 3619 3570 3504 3682 3620 
1603 3570 3504 3682 3620 1753 1720 1809 1778 
1604 920 942 980 918 3579 3623 3699 3575 
1605 3579 3623 3699 3575 3580 3624 3700 3576 
1606 3580 3624 3700 3576 1758 1780 1818 1756 
1607 1001 1045 1039 1027 3741 3829 3817 3793 
1608 3741 3829 3817 3793 3742 3830 3818 3794 
1609 3742 3830 3818 3794 1839 1883 1877 1865 
1610 1322 1344 790 1342 4383 4427 3319 4423 
1611 4383 4427 3319 4423 4384 4428 3320 4424 
1612 4384 4428 3320 4424 2160 2182 1628 2180 
1613 977 1021 1091 1044 3693 3781 3921 3827 
1614 3693 3781 3921 3827 3694 3782 3922 3828 
1615 3694 3782 3922 3828 1815 1859 1929 1882 
1616 869 896 943 907 3477 3531 3625 3553 
1617 3477 3531 3625 3553 3478 3532 3626 3554 
1618 3478 3532 3626 3554 1707 1734 1781 1745 
1619 1152 1097 1180 1213 4043 3933 4099 4165 
1620 4043 3933 4099 4165 4044 3934 4100 4166 
1621 4044 3934 4100 4166 1990 1935 2018 2051 
1622 1158 1066 1114 1135 4055 3871 3967 4009 
1623 4055 3871 3967 4009 4056 3872 3968 4010 
1624 4056 3872 3968 4010 1996 1904 1952 1973 
1625 881 862 864 923 3501 3463 3467 3585 
1626 3501 3463 3467 3585 3502 3464 3468 3586 
1627 3502 3464 3468 3586 1719 1700 1702 1761 
1628 1319 1338 1252 1277 4377 4415 4243 4293 
1629 4377 4415 4243 4293 4378 4416 4244 4294 
1630 4378 4416 4244 4294 2157 2176 2090 2115 
1631 1215 1183 1277 1252 4169 4105 4293 4243 
1632 4169 4105 4293 4243 4170 4106 4294 4244 
1633 4170 4106 4294 4244 2053 2021 2115 2090 
1634 1049 994 1237 1072 3837 3727 4213 3883 
1635 3837 3727 4213 3883 3838 3728 4214 3884 
1636 3838 3728 4214 3884 1887 1832 2075 1910 
1637 1231 1260 1267 1299 4201 4259 4273 4337 
1638 4201 4259 4273 4337 4202 4260 4274 4338 
1639 4202 4260 4274 4338 2069 2098 2105 2137 
1640 1218 1241 1178 1144 4175 4221 4095 4027 
1641 4175 4221 4095 4027 4176 4222 4096 4028 
1642 4176 4222 4096 4028 2056 2079 2016 1982 
1643 1217 1251 1314 1289 4173 4241 4367 4317 
1644 4173 4241 4367 4317 4174 4242 4368 4318 
1645 4174 4242 4368 4318 2055 2089 2152 2127 
1646 1020 1000 1087 1067 3779 3739 3913 3873 
1647 3779 3739 3913 3873 3780 3740 3914 3874 
1648 3780 3740 3914 3874 1858 1838 1925 1905 
1649 1029 1068 1030 992 3797 3875 3799 3723 
1650 3797 3875 3799 3723 3798 3876 3800 3724 
1651 3798 3876 3800 3724 1867 1906 1868 1830 
1652 1213 1272 1312 1288 4165 4283 4363 4315 
1653 4165 4283 4363 4315 4166 4284 4364 4316 
1654 4166 4284 4364 4316 2051 2110 2150 2126 
1655 759 1267 1337 1318 3257 4273 4413 4375 
1656 3257 4273 4413 4375 3258 4274 4414 4376 
1657 3258 4274 4414 4376 1597 2105 2175 2156 
1658 890 899 938 951 3519 3537 3615 3641 
1659 3519 3537 3615 3641 3520 3538 3616 3642 
1660 3520 3538 3616 3642 1728 1737 1776 1789 
1661 1053 1017 1097 1152 3845 3773 3933 4043 
1662 3845 3773 3933 4043 3846 3774 3934 4044 
1663 3846 3774 3934 4044 1891 1855 1935 1990 
1664 853 912 911 894 3445 3563 3561 3527 
1665 3445 3563 3561 3527 3446 3564 3562 3528 
1666 3446 3564 3562 3528 1691 1750 1749 1732 
1667 1275 1254 789 1303 4289 4247 3317 4345 
1668 4289 4247 3317 4345 4290 4248 3318 4346 
1669 4290 4248 3318 4346 2113 2092 1627 2141 
1670 979 997 1035 1006 3697 3733 3809 3751 
1671 3697 3733 3809 3751 3698 3734 3810 3752 
1672 3698 3734 3810 3752 1817 1835 1873 1844 
1673 848 874 895 857 3435 3487 3529 3453 
1674 3435 3487 3529 3453 3436 3488 3530 3454 
1675 3436 3488 3530 3454 1686 1712 1733 1695 
1676 1227 1226 1181 1148 4193 4191 4101 4035 
1677 4193 4191 4101 4035 4194 4192 4102 4036 
1678 4194 4192 4102 4036 2065 2064 2019 1986 
1679 1025 911 933 1074 3789 3561 3605 3887 
1680 3789 3561 3605 3887 3790 3562 3606 3888 
1681 3790 3562 3606 3888 1863 1749 1771 1912 
1682 904 949 909 880 3547 3637 3557 3499 
1683 3547 3637 3557 3499 3548 3638 3558 3500 
1684 3548 3638 3558 3500 1742 1787 1747 1718 
1685 919 887 950 947 3577 3513 3639 3633 
1686 3577 3513 3639 3633 3578 3514 3640 3634 
1687 3578 3514 3640 3634 1757 1725 1788 1785 
1688 1094 1057 994 1032 3927 3853 3727 3803 
1689 3927 3853 3727 3803 3928 3854 3728 3804 
1690 3928 3854 3728 3804 1932 1895 1832 1870 
1691 1298 1278 1178 1241 4335 4295 4095 4221 
1692 4335 4295 4095 4221 4336 4296 4096 4222 
1693 4336 4296 4096 4222 2136 2116 2016 2079 
1694 1102 1018 1052 1196 3943 3775 3843 4131 
1695 3943 3775 3843 4131 3944 3776 3844 4132 
1696 3944 3776 3844 4132 1940 1856 1890 2034 
1697 1254 1222 1253 1323 4247 4183 4245 4385 
1698 4247 4183 4245 4385 4248 4184 4246 4386 
1699 4248 4184 4246 4386 2092 2060 2091 2161 
1700 1173 1198 1165 1134 4085 4135 4069 4007 
1701 4085 4135 4069 4007 4086 4136 4070 4008 
1702 4086 4136 4070 4008 2011 2036 2003 1972 
1703 921 926 901 905 3581 3591 3541 3549 
1704 3581 3591 3541 3549 3582 3592 3542 3550 
1705 3582 3592 3542 3550 1759 1764 1739 1743 
1706 1219 1180 1097 1150 4177 4099 3933 4039 
1707 4177 4099 3933 4039 4178 4100 3934 4040 
1708 4178 4100 3934 4040 2057 2018 1935 1988 
1709 852 925 834 770 3443 3589 3407 3279 
1710 3443 3589 3407 3279 3444 3590 3408 3280 
1711 3444 3590 3408 3280 1690 1763 1672 1608 
1712 1011 964 991 1038 3761 3667 3721 3815 
1713 3761 3667 3721 3815 3762 3668 3722 3816 
1714 3762 3668 3722 3816 1849 1802 1829 1876 
1715 1269 1253 1100 1216 4277 4245 3939 4171 
1716 4277 4245 3939 4171 4278 4246 3940 4172 
1717 4278 4246 3940 4172 2107 2091 1938 2054 
1718 1126 1161 1203 1191 3991 4061 4145 4121 
1719 3991 4061 4145 4121 3992 4062 4146 4122 
1720 3992 4062 4146 4122 1964 1999 2041 2029 
1721 1279 1296 1221 1242 4297 4331 4181 4223 
1722 4297 4331 4181 4223 4298 4332 4182 4224 
1723 4298 4332 4182 4224 2117 2134 2059 2080 
1724 1241 1322 1348 1298 4221 4383 4435 4335 
1725 4221 4383 4435 4335 4222 4384 4436 4336 
1726 4222 4384 4436 4336 2079 2160 2186 2136 
1727 1109 1076 1119 1146 3957 3891 3977 4031 
1728 3957 3891 3977 4031 3958 3892 3978 4032 
1729 3958 3892 3978 4032 1947 1914 1957 1984 
1730 1248 1284 1182 1212 4235 4307 4103 4163 
1731 4235 4307 4103 4163 4236 4308 4104 4164 
1732 4236 4308 4104 4164 2086 2122 2020 2050 
1733 1135 1173 1134 1093 4009 4085 4007 3925 
1734 4009 4085 4007 3925 4010 4086 4008 3926 
1735 4010 4086 4008 3926 1973 2011 1972 1931 
1736 828 884 931 928 3395 3507 3601 3595 
1737 3395 3507 3601 3595 3396 3508 3602 3596 
1738 3396 3508 3602 3596 1666 1722 1769 1766 
1739 884 966 996 931 3507 3671 3731 3601 
1740 3507 3671 3731 3601 3508 3672 3732 3602 
1741 3508 3672 3732 3602 1722 1804 1834 1769 
1742 1001 956 943 903 3741 3651 3625 3545 
1743 3741 3651 3625 3545 3742 3652 3626 3546 
1744 3742 3652 3626 3546 1839 1794 1781 1741 
1745 965 1010 881 946 3669 3759 3501 3631 
1746 3669 3759 3501 3631 3670 3760 3502 3632 
1747 3670 3760 3502 3632 1803 1848 1719 1784 
1748 962 883 907 932 3663 3505 3553 3603 
1749 3663 3505 3553 3603 3664 3506 3554 3604 
1750 3664 3506 3554 3604 1800 1721 1745 1770 
1751 944 898 916 976 3627 3535 3571 3691 
1752 3627 3535 3571 3691 3628 3536 3572 3692 
1753 3628 3536 3572 3692 1782 1736 1754 1814 
1754 969 954 889 906 3677 3647 3517 3551 
1755 3677 3647 3517 3551 3678 3648 3518 3552 
1756 3678 3648 3518 3552 1807 1792 1727 1744 
1757 1030 936 961 992 3799 3611 3661 3723 
1758 3799 3611 3661 3723 3800 3612 3662 3724 
1759 3800 3612 3662 3724 1868 1774 1799 1830 
1760 1218 1144 1098 1185 4175 4027 3935 4109 
1761 4175 4027 3935 4109 4176 4028 3936 4110 
1762 4176 4028 3936 4110 2056 1982 1936 2023 
1763 936 973 949 904 3611 3685 3637 3547 
1764 3611 3685 3637 3547 3612 3686 3638 3548 
1765 3612 3686 3638 3548 1774 1811 1787 1742 
1766 1208 1171 1099 1206 4155 4081 3937 4151 
1767 4155 4081 3937 4151 4156 4082 3938 4152 
1768 4156 4082 3938 4152 2046 2009 1937 2044 
1769 1012 998 992 961 3763 3735 3723 3661 
1770 3763 3735 3723 3661 3764 3736 3724 3662 
1771 3764 3736 3724 3662 1850 1836 1830 1799 
1772 849 827 916 898 3437 3393 3571 3535 
1773 3437 3393 3571 3535 3438 3394 3572 3536 
1774 3438 3394 3572 3536 1687 1665 1754 1736 
1775 987 1043 962 932 3713 3825 3663 3603 
1776 3713 3825 3663 3603 3714 3826 3664 3604 
1777 3714 3826 3664 3604 1825 1881 1800 1770 
1778 1262 1273 1344 1218 4263 4285 4427 4175 
1779 4263 4285 4427 4175 4264 4286 4428 4176 
1780 4264 4286 4428 4176 2100 2111 2182 2056 
1781 1144 1055 1041 1098 4027 3849 3821 3935 
1782 4027 3849 3821 3935 4028 3850 3822 3936 
1783 4028 3850 3822 3936 1982 1893 1879 1936 
1784 1031 1051 1186 1127 3801 3841 4111 3993 
1785 3801 3841 4111 3993 3802 3842 4112 3994 
1786 3802 3842 4112 3994 1869 1889 2024 1965 
1787 1211 1060 1199 1113 4161 3859 4137 3965 
1788 4161 3859 4137 3965 4162 3860 4138 3966 
1789 4162 3860 4138 3966 2049 1898 2037 1951 
1790 1157 1042 1076 1109 4053 3823 3891 3957 
1791 4053 3823 3891 3957 4054 3824 3892 3958 
1792 4054 3824 3892 3958 1995 1880 1914 1947 
1793 942 920 885 948 3623 3579 3509 3635 
1794 3623 3579 3509 3635 3624 3580 3510 3636 
1795 3624 3580 3510 3636 1780 1758 1723 1786 
1796 1212 1182 1121 1140 4163 4103 3981 4019 
1797 4163 4103 3981 4019 4164 4104 3982 4020 
1798 4164 4104 3982 4020 2050 2020 1959 1978 
1799 1235 1216 1100 1188 4209 4171 3939 4115 
1800 4209 4171 3939 4115 4210 4172 3940 4116 
1801 4210 4172 3940 4116 2073 2054 1938 2026 
1802 1242 1221 1194 1193 4223 4181 4127 4125 
1803 4223 4181 4127 4125 4224 4182 4128 4126 
1804 4224 4182 4128 4126 2080 2059 2032 2031 
1805 1250 1277 1183 1214 4239 4293 4105 4167 
1806 4239 4293 4105 4167 4240 4294 4106 4168 
1807 4240 4294 4106 4168 2088 2115 2021 2052 
1808 41 40 818 761 1379 1377 3375 3261 
1809 1379 1377 3375 3261 1380 1378 3376 3262 
1810 1380 1378 3376 3262 317 316 1656 1599 
1811 1308 1193 1194 1162 4355 4125 4127 4063 
1812 4355 4125 4127 4063 4356 4126 4128 4064 
1813 4356 4126 4128 4064 2146 2031 2032 2000 
1814 1089 960 989 1042 3917 3659 3717 3823 
1815 3917 3659 3717 3823 3918 3660 3718 3824 
1816 3918 3660 3718 3824 1927 1798 1827 1880 
1817 1215 1141 1102 1183 4169 4021 3943 4105 
1818 4169 4021 3943 4105 4170 4022 3944 4106 
1819 4170 4022 3944 4106 2053 1979 1940 2021 
1820 1052 1018 959 982 3843 3775 3657 3703 
1821 3843 3775 3657 3703 3844 3776 3658 3704 
1822 3844 3776 3658 3704 1890 1856 1797 1820 
1823 1134 1015 990 1093 4007 3769 3719 3925 
1824 4007 3769 3719 3925 4008 3770 3720 3926 
1825 4008 3770 3720 3926 1972 1853 1828 1931 
1826 1002 1034 1071 1017 3743 3807 3881 3773 
1827 3743 3807 3881 3773 3744 3808 3882 3774 
1828 3744 3808 3882 3774 1840 1872 1909 1855 
1829 951 978 912 890 3641 3695 3563 3519 
1830 3641 3695 3563 3519 3642 3696 3564 3520 
1831 3642 3696 3564 3520 1789 1816 1750 1728 
1832 1189 1236 1166 1110 4117 4211 4071 3959 
1833 4117 4211 4071 3959 4118 4212 4072 3960 
1834 4118 4212 4072 3960 2027 2074 2004 1948 
1835 976 916 821 888 3691 3571 3381 3515 
1836 3691 3571 3381 3515 3692 3572 3382 3516 
1837 3692 3572 3382 3516 1814 1754 1659 1726 
1838 1140 1121 1019 1065 4019 3981 3777 3869 
1839 4019 3981 3777 3869 4020 3982 3778 3870 
1840 4020 3982 3778 3870 1978 1959 1857 1903 
1841 1242 1304 1321 1279 4223 4347 4381 4297 
1842 4223 4347 4381 4297 4224 4348 4382 4298 
1843 4224 4348 4382 4298 2080 2142 2159 2117 
1844 1221 1345 1145 1194 4181 4429 4029 4127 
1845 4181 4429 4029 4127 4182 4430 4030 4128 
1846 4182 4430 4030 4128 2059 2183 1983 2032 
1847 877 855 908 885 3493 3449 3555 3509 
1848 3493 3449 3555 3509 3494 3450 3556 3510 
1849 3494 3450 3556 3510 1715 1693 1746 1723 
1850 888 821 863 1047 3515 3381 3465 3833 
1851 3515 3381 3465 3833 3516 3382 3466 3834 
1852 3516 3382 3466 3834 1726 1659 1701 1885 
1853 996 985 974 931 3731 3709 3687 3601 
1854 3731 3709 3687 3601 3732 3710 3688 3602 
1855 3732 3710 3688 3602 1834 1823 1812 1769 
1856 1115 1054 1209 1177 3969 3847 4157 4093 
1857 3969 3847 4157 4093 3970 3848 4158 4094 
1858 3970 3848 4158 4094 1953 1892 2047 2015 
1859 1008 913 930 953 3755 3565 3599 3645 
1860 3755 3565 3599 3645 3756 3566 3600 3646 
1861 3756 3566 3600 3646 1846 1751 1768 1791 
1862 971 935 1032 994 3681 3609 3803 3727 
1863 3681 3609 3803 3727 3682 3610 3804 3728 
1864 3682 3610 3804 3728 1809 1773 1870 1832 
1865 1126 1105 1069 1024 3991 3949 3877 3787 
1866 3991 3949 3877 3787 3992 3950 3878 3788 
1867 3992 3950 3878 3788 1964 1943 1907 1862 
1868 1298 1304 1242 1278 4335 4347 4223 4295 
1869 4335 4347 4223 4295 4336 4348 4224 4296 
1870 4336 4348 4224 4296 2136 2142 2080 2116 
1871 1042 989 1077 1076 3823 3717 3893 3891 
1872 3823 3717 3893 3891 3824 3718 3894 3892 
1873 3824 3718 3894 3892 1880 1827 1915 1914 
1874 926 921 887 858 3591 3581 3513 3455 
1875 3591 3581 3513 3455 3592 3582 3514 3456 
1876 3592 3582 3514 3456 1764 1759 1725 1696 
1877 932 907 943 967 3603 3553 3625 3673 
1878 3603 3553 3625 3673 3604 3554 3626 3674 
1879 3604 3554 3626 3674 1770 1745 1781 1805 
1880 1263 1145 1345 1220 4265 4029 4429 4179 
1881 4265 4029 4429 4179 4266 4030 4430 4180 
1882 4266 4030 4430 4180 2101 1983 2183 2058 
1883 987 932 967 1002 3713 3603 3673 3743 
1884 3713 3603 3673 3743 3714 3604 3674 3744 
1885 3714 3604 3674 3744 1825 1770 1805 1840 
1886 935 917 892 974 3609 3573 3523 3687 
1887 3609 3573 3523 3687 3610 3574 3524 3688 
1888 3610 3574 3524 3688 1773 1755 1730 1812 
1889 989 960 937 957 3717 3659 3613 3653 
1890 3717 3659 3613 3653 3718 3660 3614 3654 
1891 3718 3660 3614 3654 1827 1798 1775 1795 
1892 1119 1204 1225 1146 3977 4147 4189 4031 
1893 3977 4147 4189 4031 3978 4148 4190 4032 
1894 3978 4148 4190 4032 1957 2042 2063 1984 
1895 997 1046 963 988 3733 3831 3665 3715 
1896 3733 3831 3665 3715 3734 3832 3666 3716 
1897 3734 3832 3666 3716 1835 1884 1801 1826 
1898 988 999 1088 1023 3715 3737 3915 3785 
1899 3715 3737 3915 3785 3716 3738 3916 3786 
1900 3716 3738 3916 3786 1826 1837 1926 1861 
1901 1138 1006 1035 1090 4015 3751 3809 3919 
1902 4015 3751 3809 3919 4016 3752 3810 3920 
1903 4016 3752 3810 3920 1976 1844 1873 1928 
1904 1297 1269 1313 1339 4333 4277 4365 4417 
1905 4333 4277 4365 4417 4334 4278 4366 4418 
1906 4334 4278 4366 4418 2135 2107 2151 2177 
1907 1166 1236 1159 1085 4071 4211 4057 3909 
1908 4071 4211 4057 3909 4072 4212 4058 3910 
1909 4072 4212 4058 3910 2004 2074 1997 1923 
1910 1141 1051 1018 1102 4021 3841 3775 3943 
1911 4021 3841 3775 3943 4022 3842 3776 3944 
1912 4022 3842 3776 3944 1979 1889 1856 1940 
1913 1219 1222 1254 1275 4177 4183 4247 4289 
1914 4177 4183 4247 4289 4178 4184 4248 4290 
1915 4178 4184 4248 4290 2057 2060 2092 2113 
1916 912 853 866 890 3563 3445 3471 3519 
1917 3563 3445 3471 3519 3564 3446 3472 3520 
1918 3564 3446 3472 3520 1750 1691 1704 1728 
1919 1223 1244 1249 1164 4185 4227 4237 4067 
1920 4185 4227 4237 4067 4186 4228 4238 4068 
1921 4186 4228 4238 4068 2061 2082 2087 2002 
1922 1177 1188 1174 1115 4093 4115 4087 3969 
1923 4093 4115 4087 3969 4094 4116 4088 3970 
1924 4094 4116 4088 3970 2015 2026 2012 1953 
1925 958 1003 978 951 3655 3745 3695 3641 
1926 3655 3745 3695 3641 3656 3746 3696 3642 
1927 3656 3746 3696 3642 1796 1841 1816 1789 
1928 1141 1215 1267 1260 4021 4169 4273 4259 
1929 4021 4169 4273 4259 4022 4170 4274 4260 
1930 4022 4170 4274 4260 1979 2053 2105 2098 
1931 1121 1264 1094 1019 3981 4267 3927 3777 
1932 3981 4267 3927 3777 3982 4268 3928 3778 
1933 3982 4268 3928 3778 1959 2102 1932 1857 
1934 1181 1217 1209 1142 4101 4173 4157 4023 
1935 4101 4173 4157 4023 4102 4174 4158 4024 
1936 4102 4174 4158 4024 2019 2055 2047 1980 
1937 1053 1261 1101 1078 3845 4261 3941 3895 
1938 3845 4261 3941 3895 3846 4262 3942 3896 
1939 3846 4262 3942 3896 1891 2099 1939 1916 
1940 924 878 856 886 3587 3495 3451 3511 
1941 3587 3495 3451 3511 3588 3496 3452 3512 
1942 3588 3496 3452 3512 1762 1716 1694 1724 
1943 1336 1346 1250 1270 4411 4431 4239 4279 
1944 4411 4431 4239 4279 4412 4432 4240 4280 
1945 4412 4432 4240 4280 2174 2184 2088 2108 
1946 1202 1167 1108 1169 4143 4073 3955 4077 
1947 4143 4073 3955 4077 4144 4074 3956 4078 
1948 4144 4074 3956 4078 2040 2005 1946 2007 
1949 939 963 924 886 3617 3665 3587 3511 
1950 3617 3665 3587 3511 3618 3666 3588 3512 
1951 3618 3666 3588 3512 1777 1801 1762 1724 
1952 1017 1071 1150 1097 3773 3881 4039 3933 
1953 3773 3881 4039 3933 3774 3882 4040 3934 
1954 3774 3882 4040 3934 1855 1909 1988 1935 
1955 1081 1049 1084 972 3901 3837 3907 3683 
1956 3901 3837 3907 3683 3902 3838 3908 3684 
1957 3902 3838 3908 3684 1919 1887 1922 1810 
1958 1320 1225 1249 1266 4379 4189 4237 4271 
1959 4379 4189 4237 4271 4380 4190 4238 4272 
1960 4380 4190 4238 4272 2158 2063 2087 2104 
1961 822 874 807 766 3383 3487 3353 3271 
1962 3383 3487 3353 3271 3384 3488 3354 3272 
1963 3384 3488 3354 3272 1660 1712 1645 1604 
1964 826 876 819 769 3391 3491 3377 3277 
1965 3391 3491 3377 3277 3392 3492 3378 3278 
1966 3392 3492 3378 3278 1664 1714 1657 1607 
1967 823 875 820 761 3385 3489 3379 3261 
1968 3385 3489 3379 3261 3386 3490 3380 3262 
1969 3386 3490 3380 3262 1661 1713 1658 1599 
1970 1046 934 885 908 3831 3607 3509 3555 
1971 3831 3607 3509 3555 3832 3608 3510 3556 
1972 3832 3608 3510 3556 1884 1772 1723 1746 
1973 796 863 821 841 3331 3465 3381 3421 
1974 3331 3465 3381 3421 3332 3466 3382 3422 
1975 3332 3466 3382 3422 1634 1701 1659 1679 
1976 1142 1020 1067 1103 4023 3779 3873 3945 
1977 4023 3779 3873 3945 4024 3780 3874 3946 
1978 4024 3780 3874 3946 1980 1858 1905 1941 
1979 957 937 921 905 3653 3613 3581 3549 
1980 3653 3613 3581 3549 3654 3614 3582 3550 
1981 3654 3614 3582 3550 1795 1775 1759 1743 
1982 937 950 887 921 3613 3639 3513 3581 
1983 3613 3639 3513 3581 3614 3640 3514 3582 
1984 3614 3640 3514 3582 1775 1788 1725 1759 
1985 1055 1014 1003 1041 3849 3767 3745 3821 
1986 3849 3767 3745 3821 3850 3768 3746 3822 
1987 3850 3768 3746 3822 1893 1852 1841 1879 
1988 793 834 925 865 3325 3407 3589 3469 
1989 3325 3407 3589 3469 3326 3408 3590 3470 
1990 3326 3408 3590 3470 1631 1672 1763 1703 
1991 1292 1190 1109 1146 4323 4119 3957 4031 
1992 4323 4119 3957 4031 4324 4120 3958 4032 
1993 4324 4120 3958 4032 2130 2028 1947 1984 
1994 1190 1265 1157 1109 4119 4269 4053 3957 
1995 4119 4269 4053 3957 4120 4270 4054 3958 
1996 4120 4270 4054 3958 2028 2103 1995 1947 
1997 894 911 913 861 3527 3561 3565 3461 
1998 3527 3561 3565 3461 3528 3562 3566 3462 
1999 3528 3562 3566 3462 1732 1749 1751 1699 
2000 1087 1176 1107 1067 3913 4091 3953 3873 
2001 3913 4091 3953 3873 3914 4092 3954 3874 
2002 3914 4092 3954 3874 1925 2014 1945 1905 
2003 1205 1233 1056 1100 4149 4205 3851 3939 
2004 4149 4205 3851 3939 4150 4206 3852 3940 
2005 4150 4206 3852 3940 2043 2071 1894 1938 
2006 1144 1178 1116 1055 4027 4095 3971 3849 
2007 4027 4095 3971 3849 4028 4096 3972 3850 
2008 4028 4096 3972 3850 1982 2016 1954 1893 
2009 1096 1063 1124 1162 3931 3865 3987 4063 
2010 3931 3865 3987 4063 3932 3866 3988 4064 
2011 3932 3866 3988 4064 1934 1901 1962 2000 
2012 1020 983 973 1000 3779 3705 3685 3739 
2013 3779 3705 3685 3739 3780 3706 3686 3740 
2014 3780 3706 3686 3740 1858 1821 1811 1838 
2015 1110 1157 1224 1189 3959 4053 4187 4117 
2016 3959 4053 4187 4117 3960 4054 4188 4118 
2017 3960 4054 4188 4118 1948 1995 2062 2027 
2018 927 919 947 922 3593 3577 3633 3583 
2019 3593 3577 3633 3583 3594 3578 3634 3584 
2020 3594 3578 3634 3584 1765 1757 1785 1760 
2021 1052 982 1063 1096 3843 3703 3865 3931 
2022 3843 3703 3865 3931 3844 3704 3866 3932 
2023 3844 3704 3866 3932 1890 1820 1901 1934 
2024 1246 1180 1219 1350 4231 4099 4177 4439 
2025 4231 4099 4177 4439 4232 4100 4178 4440 
2026 4232 4100 4178 4440 2084 2018 2057 2188 
2027 1202 1172 1105 1167 4143 4083 3949 4073 
2028 4143 4083 3949 4073 4144 4084 3950 4074 
2029 4144 4084 3950 4074 2040 2010 1943 2005 
2030 1240 1262 1218 1185 4219 4263 4175 4109 
2031 4219 4263 4175 4109 4220 4264 4176 4110 
2032 4220 4264 4176 4110 2078 2100 2056 2023 
2033 1011 947 950 964 3761 3633 3639 3667 
2034 3761 3633 3639 3667 3762 3634 3640 3668 
2035 3762 3634 3640 3668 1849 1785 1788 1802 
2036 1346 1333 1277 1250 4431 4405 4293 4239 
2037 4431 4405 4293 4239 4432 4406 4294 4240 
2038 4432 4406 4294 4240 2184 2171 2115 2088 
2039 963 939 999 988 3665 3617 3737 3715 
2040 3665 3617 3737 3715 3666 3618 3738 3716 
2041 3666 3618 3738 3716 1801 1777 1837 1826 
2042 1118 1130 1154 1143 3975 3999 4047 4025 
2043 3975 3999 4047 4025 3976 4000 4048 4026 
2044 3976 4000 4048 4026 1956 1968 1992 1981 
2045 1323 1253 1269 1297 4385 4245 4277 4333 
2046 4385 4245 4277 4333 4386 4246 4278 4334 
2047 4386 4246 4278 4334 2161 2091 2107 2135 
2048 1174 1056 1034 984 4087 3851 3807 3707 
2049 4087 3851 3807 3707 4088 3852 3808 3708 
2050 4088 3852 3808 3708 2012 1894 1872 1822 
2051 1209 1054 1020 1142 4157 3847 3779 4023 
2052 4157 3847 3779 4023 4158 3848 3780 4024 
2053 4158 3848 3780 4024 2047 1892 1858 1980 
2054 773 860 824 843 3285 3459 3387 3425 
2055 3285 3459 3387 3425 3286 3460 3388 3426 
2056 3286 3460 3388 3426 1611 1698 1662 1681 
2057 852 883 1139 925 3443 3505 4017 3589 
2058 3443 3505 4017 3589 3444 3506 4018 3590 
2059 3444 3506 4018 3590 1690 1721 1977 1763 
2060 1002 1017 1053 987 3743 3773 3845 3713 
2061 3743 3773 3845 3713 3744 3774 3846 3714 
2062 3744 3774 3846 3714 1840 1855 1891 1825 
2063 983 1039 1045 941 3705 3817 3829 3621 
2064 3705 3817 3829 3621 3706 3818 3830 3622 
2065 3706 3818 3830 3622 1821 1877 1883 1779 
2066 1314 1276 787 1335 4367 4291 3313 4409 
2067 4367 4291 3313 4409 4368 4292 3314 4410 
2068 4368 4292 3314 4410 2152 2114 1625 2173 
2069 1190 1292 779 1258 4119 4323 3297 4255 
2070 4119 4323 3297 4255 4120 4324 3298 4256 
2071 4120 4324 3298 4256 2028 2130 1617 2096 
2072 897 1083 903 854 3533 3905 3545 3447 
2073 3533 3905 3545 3447 3534 3906 3546 3448 
2074 3534 3906 3546 3448 1735 1921 1741 1692 
2075 1009 965 1080 1048 3757 3669 3899 3835 
2076 3757 3669 3899 3835 3758 3670 3900 3836 
2077 3758 3670 3900 3836 1847 1803 1918 1886 
2078 1105 1126 1191 1167 3949 3991 4121 4073 
2079 3949 3991 4121 4073 3950 3992 4122 4074 
2080 3950 3992 4122 4074 1943 1964 2029 2005 
2081 1085 1159 1199 1125 3909 4057 4137 3989 
2082 3909 4057 4137 3989 3910 4058 4138 3990 
2083 3910 4058 4138 3990 1923 1997 2037 1963 
2084 1203 1106 1197 1191 4145 3951 4133 4121 
2085 4145 3951 4133 4121 4146 3952 4134 4122 
2086 4146 3952 4134 4122 2041 1944 2035 2029 
2087 859 914 904 880 3457 3567 3547 3499 
2088 3457 3567 3547 3499 3458 3568 3548 3500 
2089 3458 3568 3548 3500 1697 1752 1742 1718 
2090 96 95 778 1341 1477 1475 3295 4421 
2091 1477 1475 3295 4421 1478 1476 3296 4422 
2092 1478 1476 3296 4422 342 341 1616 2179 
2093 1243 1335 1290 1247 4225 4409 4319 4233 
2094 4225 4409 4319 4233 4226 4410 4320 4234 
2095 4226 4410 4320 4234 2081 2173 2128 2085 
2096 1020 1054 1039 983 3779 3847 3817 3705 
2097 3779 3847 3817 3705 3780 3848 3818 3706 
2098 3780 3848 3818 3706 1858 1892 1877 1821 
2099 1045 1083 897 909 3829 3905 3533 3557 
2100 3829 3905 3533 3557 3830 3906 3534 3558 
2101 3830 3906 3534 3558 1883 1921 1735 1747 
2102 1048 1021 977 1009 3835 3781 3693 3757 
2103 3835 3781 3693 3757 3836 3782 3694 3758 
2104 3836 3782 3694 3758 1886 1859 1815 1847 
2105 809 850 872 873 3357 3439 3483 3485 
2106 3357 3439 3483 3485 3358 3440 3484 3486 
2107 3358 3440 3484 3486 1647 1688 1710 1711 
2108 1086 962 1043 1040 3911 3663 3825 3819 
2109 3911 3663 3825 3819 3912 3664 3826 3820 
2110 3912 3664 3826 3820 1924 1800 1881 1878 
2111 897 871 880 909 3533 3481 3499 3557 
2112 3533 3481 3499 3557 3534 3482 3500 3558 
2113 3534 3482 3500 3558 1735 1709 1718 1747 
2114 821 916 827 868 3381 3571 3393 3475 
2115 3381 3571 3393 3475 3382 3572 3394 3476 
2116 3382 3572 3394 3476 1659 1754 1665 1706 
2117 872 824 882 915 3483 3387 3503 3569 
2118 3483 3387 3503 3569 3484 3388 3504 3570 
2119 3484 3388 3504 3570 1710 1662 1720 1753 
2120 1227 1148 1107 1200 4193 4035 3953 4139 
2121 4193 4035 3953 4139 4194 4036 3954 4140 
2122 4194 4036 3954 4140 2065 1986 1945 2038 
2123 1008 1031 996 966 3755 3801 3731 3671 
2124 3755 3801 3731 3671 3756 3802 3732 3672 
2125 3756 3802 3732 3672 1846 1869 1834 1804 
2126 896 854 903 943 3531 3447 3545 3625 
2127 3531 3447 3545 3625 3532 3448 3546 3626 
2128 3532 3448 3546 3626 1734 1692 1741 1781 
2129 861 913 884 828 3461 3565 3507 3395 
2130 3461 3565 3507 3395 3462 3566 3508 3396 
2131 3462 3566 3508 3396 1699 1751 1722 1666 
2132 869 907 883 852 3477 3553 3505 3443 
2133 3477 3553 3505 3443 3478 3554 3506 3444 
2134 3478 3554 3506 3444 1707 1745 1721 1690 
2135 864 825 873 889 3467 3389 3485 3517 
2136 3467 3389 3485 3517 3468 3390 3486 3518 
2137 3468 3390 3486 3518 1702 1663 1711 1727 
2138 6 834 793 32 304 3407 3325 1361 
2139 304 3407 3325 1361 305 3408 3326 1362 
2140 305 3408 3326 1362 21 1672 1631 308 
2141 951 938 1005 958 3641 3615 3749 3655 
2142 3641 3615 3749 3655 3642 3616 3750 3656 
2143 3642 3616 3750 3656 1789 1776 1843 1796 
2144 822 845 855 877 3383 3429 3449 3493 
2145 3383 3429 3449 3493 3384 3430 3450 3494 
2146 3384 3430 3450 3494 1660 1683 1693 1715 
2147 826 847 858 879 3391 3433 3455 3497 
2148 3391 3433 3455 3497 3392 3434 3456 3498 
2149 3392 3434 3456 3498 1664 1685 1696 1717 
2150 1055 1116 1124 1014 3849 3971 3987 3767 
2151 3849 3971 3987 3767 3850 3972 3988 3768 
2152 3850 3972 3988 3768 1893 1954 1962 1852 
2153 997 979 934 1046 3733 3697 3607 3831 
2154 3733 3697 3607 3831 3734 3698 3608 3832 
2155 3734 3698 3608 3832 1835 1817 1772 1884 
2156 823 846 856 878 3385 3431 3451 3495 
2157 3385 3431 3451 3495 3386 3432 3452 3496 
2158 3386 3432 3452 3496 1661 1684 1694 1716 
2159 1139 883 962 1086 4017 3505 3663 3911 
2160 4017 3505 3663 3911 4018 3506 3664 3912 
2161 4018 3506 3664 3912 1977 1721 1800 1924 
2162 1235 1188 1177 1238 4209 4115 4093 4215 
2163 4209 4115 4093 4215 4210 4116 4094 4216 
2164 4210 4116 4094 4216 2073 2026 2015 2076 
2165 1214 1263 1270 1250 4167 4265 4279 4239 
2166 4167 4265 4279 4239 4168 4266 4280 4240 
2167 4168 4266 4280 4240 2052 2101 2108 2088 
2168 1051 1141 1260 1186 3841 4021 4259 4111 
2169 3841 4021 4259 4111 3842 4022 4260 4112 
2170 3842 4022 4260 4112 1889 1979 2098 2024 
2171 924 908 855 878 3587 3555 3449 3495 
2172 3587 3555 3449 3495 3588 3556 3450 3496 
2173 3588 3556 3450 3496 1762 1746 1693 1716 
2174 1313 1269 1247 1290 4365 4277 4233 4319 
2175 4365 4277 4233 4319 4366 4278 4234 4320 
2176 4366 4278 4234 4320 2151 2107 2085 2128 
2177 1203 1237 1171 1106 4145 4213 4081 3951 
2178 4145 4213 4081 3951 4146 4214 4082 3952 
2179 4146 4214 4082 3952 2041 2075 2009 1944 
2180 1324 1299 1267 759 4387 4337 4273 3257 
2181 4387 4337 4273 3257 4388 4338 4274 3258 
2182 4388 4338 4274 3258 2162 2137 2105 1597 
2183 886 922 970 939 3511 3583 3679 3617 
2184 3511 3583 3679 3617 3512 3584 3680 3618 
2185 3512 3584 3680 3618 1724 1760 1808 1777 
2186 1196 1052 1096 1145 4131 3843 3931 4029 
2187 4131 3843 3931 4029 4132 3844 3932 4030 
2188 4132 3844 3932 4030 2034 1890 1934 1983 
2189 1065 1019 985 996 3869 3777 3709 3731 
2190 3869 3777 3709 3731 3870 3778 3710 3732 
2191 3870 3778 3710 3732 1903 1857 1823 1834 
2192 757 1296 1279 1325 3253 4331 4297 4389 
2193 3253 4331 4297 4389 3254 4332 4298 4390 
2194 3254 4332 4298 4390 1595 2134 2117 2163 
2195 917 860 867 892 3573 3459 3473 3523 
2196 3573 3459 3473 3523 3574 3460 3474 3524 
2197 3574 3460 3474 3524 1755 1698 1705 1730 
2198 1268 785 1272 1309 4275 3309 4283 4357 
2199 4275 3309 4283 4357 4276 3310 4284 4358 
2200 4276 3310 4284 4358 2106 1623 2110 2147 
2201 1216 1235 1247 1269 4171 4209 4233 4277 
2202 4171 4209 4233 4277 4172 4210 4234 4278 
2203 4172 4210 4234 4278 2054 2073 2085 2107 
2204 1259 1245 1284 1287 4257 4229 4307 4313 
2205 4257 4229 4307 4313 4258 4230 4308 4314 
2206 4258 4230 4308 4314 2097 2083 2122 2125 
2207 928 931 974 892 3595 3601 3687 3523 
2208 3595 3601 3687 3523 3596 3602 3688 3524 
2209 3596 3602 3688 3524 1766 1769 1812 1730 
2210 958 1005 1015 1079 3655 3749 3769 3897 
2211 3655 3749 3769 3897 3656 3750 3770 3898 
2212 3656 3750 3770 3898 1796 1843 1853 1917 
2213 858 902 901 926 3455 3543 3541 3591 
2214 3455 3543 3541 3591 3456 3544 3542 3592 
2215 3456 3544 3542 3592 1696 1740 1739 1764 
2216 1004 1078 1101 1136 3747 3895 3941 4011 
2217 3747 3895 3941 4011 3748 3896 3942 4012 
2218 3748 3896 3942 4012 1842 1916 1939 1974 
2219 1094 1099 1171 1057 3927 3937 4081 3853 
2220 3927 3937 4081 3853 3928 3938 4082 3854 
2221 3928 3938 4082 3854 1932 1937 2009 1895 
2222 952 929 1009 977 3643 3597 3757 3693 
2223 3643 3597 3757 3693 3644 3598 3758 3694 
2224 3644 3598 3758 3694 1790 1767 1847 1815 
2225 1037 889 873 891 3813 3517 3485 3521 
2226 3813 3517 3485 3521 3814 3518 3486 3522 
2227 3814 3518 3486 3522 1875 1727 1711 1729 
2228 920 918 857 895 3579 3575 3453 3529 
2229 3579 3575 3453 3529 3580 3576 3454 3530 
2230 3580 3576 3454 3530 1758 1756 1695 1733 
2231 1086 905 901 1139 3911 3549 3541 4017 
2232 3911 3549 3541 4017 3912 3550 3542 4018 
2233 3912 3550 3542 4018 1924 1743 1739 1977 
2234 1115 1174 984 1027 3969 4087 3707 3793 
2235 3969 4087 3707 3793 3970 4088 3708 3794 
2236 3970 4088 3708 3794 1953 2012 1822 1865 
2237 1065 996 1031 1127 3869 3731 3801 3993 
2238 3869 3731 3801 3993 3870 3732 3802 3994 
2239 3870 3732 3802 3994 1903 1834 1869 1965 
2240 847 826 769 797 3433 3391 3277 3333 
2241 3433 3391 3277 3333 3434 3392 3278 3334 
2242 3434 3392 3278 3334 1685 1664 1607 1635 
2243 845 822 766 817 3429 3383 3271 3373 
2244 3429 3383 3271 3373 3430 3384 3272 3374 
2245 3430 3384 3272 3374 1683 1660 1604 1655 
2246 846 823 761 818 3431 3385 3261 3375 
2247 3431 3385 3261 3375 3432 3386 3262 3376 
2248 3432 3386 3262 3376 1684 1661 1599 1656 
2249 1098 1165 1198 1185 3935 4069 4135 4109 
2250 3935 4069 4135 4109 3936 4070 4136 4110 
2251 3936 4070 4136 4110 1936 2003 2036 2023 
2252 803 1349 1318 1337 3345 4437 4375 4413 
2253 3345 4437 4375 4413 3346 4438 4376 4414 
2254 3346 4438 4376 4414 1641 2187 2156 2175 
2255 1223 1311 1288 1244 4185 4361 4315 4227 
2256 4185 4361 4315 4227 4186 4362 4316 4228 
2257 4186 4362 4316 4228 2061 2149 2126 2082 
2258 1219 1150 1205 1222 4177 4039 4149 4183 
2259 4177 4039 4149 4183 4178 4040 4150 4184 
2260 4178 4040 4150 4184 2057 1988 2043 2060 
2261 1038 1085 1125 1028 3815 3909 3989 3795 
2262 3815 3909 3989 3795 3816 3910 3990 3796 
2263 3816 3910 3990 3796 1876 1923 1963 1866 
2264 917 882 824 860 3573 3503 3387 3459 
2265 3573 3503 3387 3459 3574 3504 3388 3460 
2266 3574 3504 3388 3460 1755 1720 1662 1698 
2267 1276 1314 1251 1280 4291 4367 4241 4299 
2268 4291 4367 4241 4299 4292 4368 4242 4300 
2269 4292 4368 4242 4300 2114 2152 2089 2118 
2270 941 1045 909 949 3621 3829 3557 3637 
2271 3621 3829 3557 3637 3622 3830 3558 3638 
2272 3622 3830 3558 3638 1779 1883 1747 1787 
2273 1295 1270 1263 1220 4329 4279 4265 4179 
2274 4329 4279 4265 4179 4330 4280 4266 4180 
2275 4330 4280 4266 4180 2133 2108 2101 2058 
2276 892 867 828 928 3523 3473 3395 3595 
2277 3523 3473 3395 3595 3524 3474 3396 3596 
2278 3524 3474 3396 3596 1730 1705 1666 1766 
2279 1137 1059 1048 1080 4013 3857 3835 3899 
2280 4013 3857 3835 3899 4014 3858 3836 3900 
2281 4014 3858 3836 3900 1975 1897 1886 1918 
2282 1049 940 971 994 3837 3619 3681 3727 
2283 3837 3619 3681 3727 3838 3620 3682 3728 
2284 3838 3620 3682 3728 1887 1778 1809 1832 
2285 1322 1241 1218 1344 4383 4221 4175 4427 
2286 4383 4221 4175 4427 4384 4222 4176 4428 
2287 4384 4222 4176 4428 2160 2079 2056 2182 
2288 798 1287 1317 1300 3335 4313 4373 4339 
2289 3335 4313 4373 4339 3336 4314 4374 4340 
2290 3336 4314 4374 4340 1636 2125 2155 2138 
2291 804 1301 1273 1291 3347 4341 4285 4321 
2292 3347 4341 4285 4321 3348 4342 4286 4322 
2293 3348 4342 4286 4322 1642 2139 2111 2129 
2294 1019 1094 1032 985 3777 3927 3803 3709 
2295 3777 3927 3803 3709 3778 3928 3804 3710 
2296 3778 3928 3804 3710 1857 1932 1870 1823 
2297 1124 1116 1308 1162 3987 3971 4355 4063 
2298 3987 3971 4355 4063 3988 3972 4356 4064 
2299 3988 3972 4356 4064 1962 1954 2146 2000 
2300 1172 1120 1059 1137 4083 3979 3857 4013 
2301 4083 3979 3857 4013 4084 3980 3858 4014 
2302 4084 3980 3858 4014 2010 1958 1897 1975 
2303 1224 1294 1283 753 4187 4327 4305 3245 
2304 4187 4327 4305 3245 4188 4328 4306 3246 
2305 4188 4328 4306 3246 2062 2132 2121 1591 
2306 1193 1308 1278 1242 4125 4355 4295 4223 
2307 4125 4355 4295 4223 4126 4356 4296 4224 
2308 4126 4356 4296 4224 2031 2146 2116 2080 
2309 973 936 1030 1000 3685 3611 3799 3739 
2310 3685 3611 3799 3739 3686 3612 3800 3740 
2311 3686 3612 3800 3740 1811 1774 1868 1838 
2312 193 192 1274 1285 1535 1533 4287 4309 
2313 1535 1533 4287 4309 1536 1534 4288 4310 
2314 1536 1534 4288 4310 388 389 2112 2123 
2315 105 104 1321 1329 1495 1493 4381 4397 
2316 1495 1493 4381 4397 1496 1494 4382 4398 
2317 1496 1494 4382 4398 351 350 2159 2167 
2318 209 208 1276 1280 1567 1565 4291 4299 
2319 1567 1565 4291 4299 1568 1566 4292 4300 
2320 1568 1566 4292 4300 372 373 2114 2118 
2321 198 197 1268 1281 1545 1543 4275 4301 
2322 1545 1543 4275 4301 1546 1544 4276 4302 
2323 1546 1544 4276 4302 383 384 2106 2119 
2324 88 87 1271 1282 1461 1459 4281 4303 
2325 1461 1459 4281 4303 1462 1460 4282 4304 
2326 1462 1460 4282 4304 334 333 2109 2120 
2327 1214 1196 1145 1263 4167 4131 4029 4265 
2328 4167 4131 4029 4265 4168 4132 4030 4266 
2329 4168 4132 4030 4266 2052 2034 1983 2101 
2330 1088 1060 1035 1023 3915 3859 3809 3785 
2331 3915 3859 3809 3785 3916 3860 3810 3786 
2332 3916 3860 3810 3786 1926 1898 1873 1861 
2333 1304 1298 1348 1321 4347 4335 4435 4381 
2334 4347 4335 4435 4381 4348 4336 4436 4382 
2335 4348 4336 4436 4382 2142 2136 2186 2159 
2336 1343 1326 1296 757 4425 4391 4331 3253 
2337 4425 4391 4331 3253 4426 4392 4332 3254 
2338 4426 4392 4332 3254 2181 2164 2134 1595 
2339 1165 1098 1041 1079 4069 3935 3821 3897 
2340 4069 3935 3821 3897 4070 3936 3822 3898 
2341 4070 3936 3822 3898 2003 1936 1879 1917 
2342 939 970 1011 999 3617 3679 3761 3737 
2343 3617 3679 3761 3737 3618 3680 3762 3738 
2344 3618 3680 3762 3738 1777 1808 1849 1837 
2345 1027 984 956 1001 3793 3707 3651 3741 
2346 3793 3707 3651 3741 3794 3708 3652 3742 
2347 3794 3708 3652 3742 1865 1822 1794 1839 
2348 927 856 876 893 3593 3451 3491 3525 
2349 3593 3451 3491 3525 3594 3452 3492 3526 
2350 3594 3452 3492 3526 1765 1694 1714 1731 
2351 864 889 954 923 3467 3517 3647 3585 
2352 3467 3517 3647 3585 3468 3518 3648 3586 
2353 3468 3518 3648 3586 1702 1727 1792 1761 
2354 778 1333 1346 1341 3295 4405 4431 4421 
2355 3295 4405 4431 4421 3296 4406 4432 4422 
2356 3296 4406 4432 4422 1616 2171 2184 2179 
2357 1169 1075 1026 1112 4077 3889 3791 3963 
2358 4077 3889 3791 3963 4078 3890 3792 3964 
2359 4078 3890 3792 3964 2007 1913 1864 1950 
2360 1129 1160 1070 1036 3997 4059 3879 3811 
2361 3997 4059 3879 3811 3998 4060 3880 3812 
2362 3998 4060 3880 3812 1967 1998 1908 1874 
2363 1026 1075 995 968 3791 3889 3729 3675 
2364 3791 3889 3729 3675 3792 3890 3730 3676 
2365 3792 3890 3730 3676 1864 1913 1833 1806 
2366 1172 1137 1069 1105 4083 4013 3877 3949 
2367 4083 4013 3877 3949 4084 4014 3878 3950 
2368 4084 4014 3878 3950 2010 1975 1907 1943 
2369 1024 1084 1161 1126 3787 3907 4061 3991 
2370 3787 3907 4061 3991 3788 3908 4062 3992 
2371 3788 3908 4062 3992 1862 1922 1999 1964 
2372 871 897 775 839 3481 3533 3289 3417 
2373 3481 3533 3289 3417 3482 3534 3290 3418 
2374 3482 3534 3290 3418 1709 1735 1613 1677 
2375 1315 758 1313 1290 4369 3255 4365 4319 
2376 4369 3255 4365 4319 4370 3256 4366 4320 
2377 4370 3256 4366 4320 2153 1596 2151 2128 
2378 758 1328 1339 1313 3255 4395 4417 4365 
2379 3255 4395 4417 4365 3256 4396 4418 4366 
2380 3256 4396 4418 4366 1596 2166 2177 2151 
2381 861 774 836 894 3461 3287 3411 3527 
2382 3461 3287 3411 3527 3462 3288 3412 3528 
2383 3462 3288 3412 3528 1699 1612 1674 1732 
2384 1053 1078 1043 987 3845 3895 3825 3713 
2385 3845 3895 3825 3713 3846 3896 3826 3714 
2386 3846 3896 3826 3714 1891 1916 1881 1825 
2387 1201 1198 1173 1151 4141 4135 4085 4041 
2388 4141 4135 4085 4041 4142 4136 4086 4042 
2389 4142 4136 4086 4042 2039 2036 2011 1989 
2390 838 867 860 773 3415 3473 3459 3285 
2391 3415 3473 3459 3285 3416 3474 3460 3286 
2392 3416 3474 3460 3286 1676 1705 1698 1611 
2393 1157 1110 1089 1042 4053 3959 3917 3823 
2394 4053 3959 3917 3823 4054 3960 3918 3824 
2395 4054 3960 3918 3824 1995 1948 1927 1880 
2396 1117 1132 1170 1064 3973 4003 4079 3867 
2397 3973 4003 4079 3867 3974 4004 4080 3868 
2398 3974 4004 4080 3868 1955 1970 2008 1902 
2399 1146 1225 1320 1292 4031 4189 4379 4323 
2400 4031 4189 4379 4323 4032 4190 4380 4324 
2401 4032 4190 4380 4324 1984 2063 2158 2130 
2402 1312 1327 1244 1288 4363 4393 4227 4315 
2403 4363 4393 4227 4315 4364 4394 4228 4316 
2404 4364 4394 4228 4316 2150 2165 2082 2126 
2405 93 92 1318 1349 1471 1469 4375 4437 
2406 1471 1469 4375 4437 1472 1470 4376 4438 
2407 1472 1470 4376 4438 339 338 2156 2187 
2408 96 1341 788 97 1477 4421 3315 1479 
2409 1477 4421 3315 1479 1478 4422 3316 1480 
2410 1478 4422 3316 1480 342 2179 1626 343 
2411 113 1122 781 114 1511 3983 3301 1513 
2412 1511 3983 3301 1513 1512 3984 3302 1514 
2413 1512 3984 3302 1514 359 1960 1619 360 
2414 217 1033 782 218 1583 3805 3303 1585 
2415 1583 3805 3303 1585 1584 3806 3304 1586 
2416 1584 3806 3304 1586 364 1871 1620 363 
2417 1148 1103 1067 1107 4035 3945 3873 3953 
2418 4035 3945 3873 3953 4036 3946 3874 3954 
2419 4036 3946 3874 3954 1986 1941 1905 1945 
2420 966 884 913 1008 3671 3507 3565 3755 
2421 3671 3507 3565 3755 3672 3508 3566 3756 
2422 3672 3508 3566 3756 1804 1722 1751 1846 
2423 805 1256 1227 1230 3349 4251 4193 4199 
2424 3349 4251 4193 4199 3350 4252 4194 4200 
2425 3350 4252 4194 4200 1643 2094 2065 2068 
2426 1200 1107 1176 1175 4139 3953 4091 4089 
2427 4139 3953 4091 4089 4140 3954 4092 4090 
2428 4140 3954 4092 4090 2038 1945 2014 2013 
2429 919 879 858 887 3577 3497 3455 3513 
2430 3577 3497 3455 3513 3578 3498 3456 3514 
2431 3578 3498 3456 3514 1757 1717 1696 1725 
2432 885 920 895 877 3509 3579 3529 3493 
2433 3509 3579 3529 3493 3510 3580 3530 3494 
2434 3510 3580 3530 3494 1723 1758 1733 1715 
2435 856 927 922 886 3451 3593 3583 3511 
2436 3451 3593 3583 3511 3452 3594 3584 3512 
2437 3452 3594 3584 3512 1694 1765 1760 1724 
2438 923 954 946 881 3585 3647 3631 3501 
2439 3585 3647 3631 3501 3586 3648 3632 3502 
2440 3586 3648 3632 3502 1761 1792 1784 1719 
2441 186 1283 800 187 1521 4305 3339 1523 
2442 1521 4305 3339 1523 1522 4306 3340 1524 
2443 1522 4306 3340 1524 395 2121 1638 394 
2444 190 189 779 1293 1529 1527 3297 4325 
2445 1529 1527 3297 4325 1530 1528 3298 4326 
2446 1530 1528 3298 4326 391 392 1617 2131 
2447 98 97 788 1347 1481 1479 3315 4433 
2448 1481 1479 3315 4433 1482 1480 3316 4434 
2449 1482 1480 3316 4434 344 343 1626 2185 
2450 843 60 2 773 3425 1409 257 3285 
2451 3425 1409 257 3285 3426 1410 258 3286 
2452 3426 1410 258 3286 1681 402 18 1611 
2453 81 1118 754 82 1447 3975 3247 1449 
2454 1447 3975 3247 1449 1448 3976 3248 1450 
2455 1448 3976 3248 1450 327 1956 1592 328 
2456 195 1330 785 196 1539 4399 3309 1541 
2457 1539 4399 3309 1541 1540 4400 3310 1542 
2458 1540 4400 3310 1542 386 2168 1623 385 
2459 208 207 787 1276 1565 1563 3313 4291 
2460 1565 1563 3313 4291 1566 1564 3314 4292 
2461 1566 1564 3314 4292 373 374 1625 2114 
2462 809 873 825 842 3357 3485 3389 3423 
2463 3357 3485 3389 3423 3358 3486 3390 3424 
2464 3358 3486 3390 3424 1647 1711 1663 1680 
2465 87 86 780 1271 1459 1457 3299 4281 
2466 1459 1457 3299 4281 1460 1458 3300 4282 
2467 1460 1458 3300 4282 333 332 1618 2109 
2468 105 1329 772 106 1495 4397 3283 1497 
2469 1495 4397 3283 1497 1496 4398 3284 1498 
2470 1496 4398 3284 1498 351 2167 1610 352 
2471 209 1280 776 210 1567 4299 3291 1569 
2472 1567 4299 3291 1569 1568 4300 3292 1570 
2473 1568 4300 3292 1570 372 2118 1614 371 
2474 197 196 785 1268 1543 1541 3309 4275 
2475 1543 1541 3309 4275 1544 1542 3310 4276 
2476 1544 1542 3310 4276 384 385 1623 2106 
2477 206 1315 787 207 1561 4369 3313 1563 
2478 1561 4369 3313 1563 1562 4370 3314 1564 
2479 1562 4370 3314 1564 375 2153 1625 374 
2480 88 1282 799 89 1461 4303 3337 1463 
2481 1461 4303 3337 1463 1462 4304 3338 1464 
2482 1462 4304 3338 1464 334 2120 1637 335 
2483 198 1281 777 199 1545 4301 3293 1547 
2484 1545 4301 3293 1547 1546 4302 3294 1548 
2485 1546 4302 3294 1548 383 2119 1615 382 
2486 83 1229 798 84 1451 4197 3335 1453 
2487 1451 4197 3335 1453 1452 4198 3336 1454 
2488 1452 4198 3336 1454 329 2067 1636 330 
2489 85 1300 780 86 1455 4339 3299 1457 
2490 1455 4339 3299 1457 1456 4340 3300 1458 
2491 1456 4340 3300 1458 331 2138 1618 332 
2492 1088 1125 1199 1060 3915 3989 4137 3859 
2493 3915 3989 4137 3859 3916 3990 4138 3860 
2494 3916 3990 4138 3860 1926 1963 2037 1898 
2495 204 203 802 1328 1557 1555 3343 4395 
2496 1557 1555 3343 4395 1558 1556 3344 4396 
2497 1558 1556 3344 4396 377 378 1640 2166 
2498 193 1285 760 194 1535 4309 3259 1537 
2499 1535 4309 3259 1537 1536 4310 3260 1538 
2500 1536 4310 3260 1538 388 2123 1598 387 
2501 103 102 1325 786 1491 1489 4389 3311 
2502 1491 1489 4389 3311 1492 1490 4390 3312 
2503 1492 1490 4390 3312 349 348 2163 1624 
2504 103 786 1321 104 1491 3311 4381 1493 
2505 1491 3311 4381 1493 1492 3312 4382 1494 
2506 1492 3312 4382 1494 349 1624 2159 350 
2507 201 789 1302 202 1551 3317 4343 1553 
2508 1551 3317 4343 1553 1552 3318 4344 1554 
2509 1552 3318 4344 1554 380 1627 2140 379 
2510 201 200 1303 789 1551 1549 4345 3317 
2511 1551 1549 4345 3317 1552 1550 4346 3318 
2512 1552 1550 4346 3318 380 381 2141 1627 
2513 91 90 1324 759 1467 1465 4387 3257 
2514 1467 1465 4387 3257 1468 1466 4388 3258 
2515 1468 1466 4388 3258 337 336 2162 1597 
2516 91 759 1318 92 1467 3257 4375 1469 
2517 1467 3257 4375 1469 1468 3258 4376 1470 
2518 1468 3258 4376 1470 337 1597 2156 338 
2519 189 188 1258 779 1527 1525 4255 3297 
2520 1527 1525 4255 3297 1528 1526 4256 3298 
2521 1528 1526 4256 3298 392 393 2096 1617 
2522 110 109 1301 804 1505 1503 4341 3347 
2523 1505 1503 4341 3347 1506 1504 4342 3348 
2524 1506 1504 4342 3348 356 355 2139 1642 
2525 214 213 1256 805 1577 1575 4251 3349 
2526 1577 1575 4251 3349 1578 1576 4252 3350 
2527 1578 1576 4252 3350 367 368 2094 1643 
2528 109 108 790 1301 1503 1501 3319 4341 
2529 1503 1501 3319 4341 1504 1502 3320 4342 
2530 1504 1502 3320 4342 355 354 1628 2139 
2531 185 753 1283 186 1519 3245 4305 1521 
2532 1519 3245 4305 1521 1520 3246 4306 1522 
2533 1520 3246 4306 1522 396 1591 2121 395 
2534 191 190 1293 784 1531 1529 4325 3307 
2535 1531 1529 4325 3307 1532 1530 4326 3308 
2536 1532 1530 4326 3308 390 391 2131 1622 
2537 191 784 1274 192 1531 3307 4287 1533 
2538 1531 3307 4287 1533 1532 3308 4288 1534 
2539 1532 3308 4288 1534 390 1622 2112 389 
2540 108 107 1342 790 1501 1499 4423 3319 
2541 1501 1499 4423 3319 1502 1500 4424 3320 
2542 1502 1500 4424 3320 354 353 2180 1628 
2543 212 211 1257 791 1573 1571 4253 3321 
2544 1573 1571 4253 3321 1574 1572 4254 3322 
2545 1574 1572 4254 3322 369 370 2095 1629 
2546 212 791 1256 213 1573 3321 4251 1575 
2547 1573 3321 4251 1575 1574 3322 4252 1576 
2548 1574 3322 4252 1576 369 1629 2094 368 
2549 94 93 1349 803 1473 1471 4437 3345 
2550 1473 1471 4437 3345 1474 1472 4438 3346 
2551 1474 1472 4438 3346 340 339 2187 1641 
2552 99 98 1347 801 1483 1481 4433 3341 
2553 1483 1481 4433 3341 1484 1482 4434 3342 
2554 1484 1482 4434 3342 345 344 2185 1639 
2555 203 202 1302 802 1555 1553 4343 3343 
2556 1555 1553 4343 3343 1556 1554 4344 3344 
2557 1556 1554 4344 3344 378 379 2140 1640 
2558 99 801 1343 100 1483 3341 4425 1485 
2559 1483 3341 4425 1485 1484 3342 4426 1486 
2560 1484 3342 4426 1486 345 1639 2181 346 
2561 1118 81 10 1130 3975 1447 421 3999 
2562 3975 1447 421 3999 3976 1448 422 4000 
2563 3976 1448 422 4000 1956 327 17 1968 
2564 194 760 1330 195 1537 3259 4399 1539 
2565 1537 3259 4399 1539 1538 3260 4400 1540 
2566 1538 3260 4400 1540 387 1598 2168 386 
2567 84 798 1300 85 1453 3335 4339 1455 
2568 1453 3335 4339 1455 1454 3336 4340 1456 
2569 1454 3336 4340 1456 330 1636 2138 331 
2570 82 754 1229 83 1449 3247 4197 1451 
2571 1449 3247 4197 1451 1450 3248 4198 1452 
2572 1450 3248 4198 1452 328 1592 2067 329 
2573 101 100 1343 757 1487 1485 4425 3253 
2574 1487 1485 4425 3253 1488 1486 4426 3254 
2575 1488 1486 4426 3254 347 346 2181 1595 
2576 205 204 1328 758 1559 1557 4395 3255 
2577 1559 1557 4395 3255 1560 1558 4396 3256 
2578 1560 1558 4396 3256 376 377 2166 1596 
2579 101 757 1325 102 1487 3253 4389 1489 
2580 1487 3253 4389 1489 1488 3254 4390 1490 
2581 1488 3254 4390 1490 347 1595 2163 348 
2582 205 758 1315 206 1559 3255 4369 1561 
2583 1559 3255 4369 1561 1560 3256 4370 1562 
2584 1560 3256 4370 1562 376 1596 2153 375 
2585 998 1092 1029 992 3735 3923 3797 3723 
2586 3735 3923 3797 3723 3736 3924 3798 3724 
2587 3736 3924 3798 3724 1836 1930 1867 1830 
2588 111 110 804 1255 1507 1505 3347 4249 
2589 1507 1505 3347 4249 1508 1506 3348 4250 
2590 1508 1506 3348 4250 357 356 1642 2093 
2591 215 214 805 1192 1579 1577 3349 4123 
2592 1579 1577 3349 4123 1580 1578 3350 4124 
2593 1580 1578 3350 4124 366 367 1643 2030 
2594 95 94 1319 778 1475 1473 4377 3295 
2595 1475 1473 4377 3295 1476 1474 4378 3296 
2596 1476 1474 4378 3296 341 340 2157 1616 
2597 199 777 1303 200 1547 3293 4345 1549 
2598 1547 3293 4345 1549 1548 3294 4346 1550 
2599 1548 3294 4346 1550 382 1615 2141 381 
2600 89 799 1324 90 1463 3337 4387 1465 
2601 1463 3337 4387 1465 1464 3338 4388 1466 
2602 1464 3338 4388 1466 335 1637 2162 336 
2603 106 772 1342 107 1497 3283 4423 1499 
2604 1497 3283 4423 1499 1498 3284 4424 1500 
2605 1498 3284 4424 1500 352 1610 2180 353 
2606 210 776 1257 211 1569 3291 4253 1571 
2607 1569 3291 4253 1571 1570 3292 4254 1572 
2608 1570 3292 4254 1572 371 1614 2095 370 
2609 187 800 1258 188 1523 3339 4255 1525 
2610 1523 3339 4255 1525 1524 3340 4256 1526 
2611 1524 3340 4256 1526 394 1638 2096 393 
2612 112 111 1255 756 1509 1507 4249 3251 
2613 1509 1507 4249 3251 1510 1508 4250 3252 
2614 1510 1508 4250 3252 358 357 2093 1594 
2615 112 756 1122 113 1509 3251 3983 1511 
2616 1509 3251 3983 1511 1510 3252 3984 1512 
2617 1510 3252 3984 1512 358 1594 1960 359 
2618 216 215 1192 755 1581 1579 4123 3249 
2619 1581 1579 4123 3249 1582 1580 4124 3250 
2620 1582 1580 4124 3250 365 366 2030 1593 
2621 216 755 1033 217 1581 3249 3805 1583 
2622 1581 3249 3805 1583 1582 3250 3806 1584 
2623 1582 3250 3806 1584 365 1593 1871 364 
2624 1171 1237 994 1057 4081 4213 3727 3853 
2625 4081 4213 3727 3853 4082 4214 3728 3854 
2626 4082 4214 3728 3854 2009 2075 1832 1895 
2627 961 914 944 1012 3661 3567 3627 3763 
2628 3661 3567 3627 3763 3662 3568 3628 3764 
2629 3662 3568 3628 3764 1799 1752 1782 1850 
2630 1131 1080 965 946 4001 3899 3669 3631 
2631 4001 3899 3669 3631 4002 3900 3670 3632 
2632 4002 3900 3670 3632 1969 1918 1803 1784 
2633 1320 1266 784 1293 4379 4271 3307 4325 
2634 4379 4271 3307 4325 4380 4272 3308 4326 
2635 4380 4272 3308 4326 2158 2104 1622 2131 
2636 1127 1334 1140 1065 3993 4407 4019 3869 
2637 3993 4407 4019 3869 3994 4408 4020 3870 
2638 3994 4408 4020 3870 1965 2172 1978 1903 
2639 1307 1334 1127 1186 4353 4407 3993 4111 
2640 4353 4407 3993 4111 4354 4408 3994 4112 
2641 4354 4408 3994 4112 2145 2172 1965 2024 
2642 1012 944 976 952 3763 3627 3691 3643 
2643 3763 3627 3691 3643 3764 3628 3692 3644 
2644 3764 3628 3692 3644 1850 1782 1814 1790 
2645 1332 1317 1287 1284 4403 4373 4313 4307 
2646 4403 4373 4313 4307 4404 4374 4314 4308 
2647 4404 4374 4314 4308 2170 2155 2125 2122 
2648 1071 1034 1056 1233 3881 3807 3851 4205 
2649 3881 3807 3851 4205 3882 3808 3852 4206 
2650 3882 3808 3852 4206 1909 1872 1894 2071 
2651 906 1007 1024 969 3551 3753 3787 3677 
2652 3551 3753 3787 3677 3552 3754 3788 3678 
2653 3552 3754 3788 3678 1744 1845 1862 1807 
2654 1131 1069 1137 1080 4001 3877 4013 3899 
2655 4001 3877 4013 3899 4002 3878 4014 3900 
2656 4002 3878 4014 3900 1969 1907 1975 1918 
2657 829 899 890 866 3397 3537 3519 3471 
2658 3397 3537 3519 3471 3398 3538 3520 3472 
2659 3398 3538 3520 3472 1667 1737 1728 1704 
2660 870 871 839 814 3479 3481 3417 3367 
2661 3479 3481 3417 3367 3480 3482 3418 3368 
2662 3480 3482 3418 3368 1708 1709 1677 1652 
2663 29 4 833 771 1359 261 3405 3281 
2664 1359 261 3405 3281 1360 262 3406 3282 
2665 1360 262 3406 3282 301 20 1671 1609 
2666 1284 1245 1239 1182 4307 4229 4217 4103 
2667 4307 4229 4217 4103 4308 4230 4218 4104 
2668 4308 4230 4218 4104 2122 2083 2077 2020 
2669 54 835 770 53 1401 3409 3279 1399 
2670 1401 3409 3279 1399 1402 3410 3280 1400 
2671 1402 3410 3280 1400 398 1673 1608 397 
2672 1196 1214 1183 1102 4131 4167 4105 3943 
2673 4131 4167 4105 3943 4132 4168 4106 3944 
2674 4132 4168 4106 3944 2034 2052 2021 1940 
2675 25 26 808 838 1351 1353 3355 3415 
2676 1351 1353 3355 3415 1352 1354 3356 3416 
2677 1352 1354 3356 3416 297 298 1646 1676 
2678 27 28 836 774 1355 1357 3411 3287 
2679 1355 1357 3411 3287 1356 1358 3412 3288 
2680 1356 1358 3412 3288 299 300 1674 1612 
2681 55 56 837 806 1403 1405 3413 3351 
2682 1403 1405 3413 3351 1404 1406 3414 3352 
2683 1404 1406 3414 3352 399 400 1675 1644 
2684 27 774 808 26 1355 3287 3355 1353 
2685 1355 3287 3355 1353 1356 3288 3356 1354 
2686 1356 3288 3356 1354 299 1612 1646 298 
2687 54 55 806 835 1401 1403 3351 3409 
2688 1401 1403 3351 3409 1402 1404 3352 3410 
2689 1402 1404 3352 3410 398 399 1644 1673 
2690 56 57 775 837 1405 1407 3289 3413 
2691 1405 1407 3289 3413 1406 1408 3290 3414 
2692 1406 1408 3290 3414 400 401 1613 1675 
2693 861 828 808 774 3461 3395 3355 3287 
2694 3461 3395 3355 3287 3462 3396 3356 3288 
2695 3462 3396 3356 3288 1699 1666 1646 1612 
2696 896 806 837 854 3531 3351 3413 3447 
2697 3531 3351 3413 3447 3532 3352 3414 3448 
2698 3532 3352 3414 3448 1734 1644 1675 1692 
2699 896 869 835 806 3531 3477 3409 3351 
2700 3531 3477 3409 3351 3532 3478 3410 3352 
2701 3532 3478 3410 3352 1734 1707 1673 1644 
2702 869 852 770 835 3477 3443 3279 3409 
2703 3477 3443 3279 3409 3478 3444 3280 3410 
2704 3478 3444 3280 3410 1707 1690 1608 1673 
2705 828 867 838 808 3395 3473 3415 3355 
2706 3395 3473 3415 3355 3396 3474 3416 3356 
2707 3396 3474 3416 3356 1666 1705 1676 1646 
2708 854 837 775 897 3447 3413 3289 3533 
2709 3447 3413 3289 3533 3448 3414 3290 3534 
2710 3448 3414 3290 3534 1692 1675 1613 1735 
2711 771 853 894 836 3281 3445 3527 3411 
2712 3281 3445 3527 3411 3282 3446 3528 3412 
2713 3282 3446 3528 3412 1609 1691 1732 1674 
2714 763 862 900 851 3265 3463 3539 3441 
2715 3265 3463 3539 3441 3266 3464 3540 3442 
2716 3266 3464 3540 3442 1601 1700 1738 1689 
2717 775 57 8 839 3289 1407 361 3417 
2718 3289 1407 361 3417 3290 1408 362 3418 
2719 3290 1408 362 3418 1613 401 22 1677 
2720 838 773 2 25 3415 3285 257 1351 
2721 3415 3285 257 1351 3416 3286 258 1352 
2722 3416 3286 258 1352 1676 1611 18 297 
2723 771 836 28 29 3281 3411 1357 1359 
2724 3281 3411 1357 1359 3282 3412 1358 1360 
2725 3282 3412 1358 1360 1609 1674 300 301 
2726 834 6 53 770 3407 304 1399 3279 
2727 3407 304 1399 3279 3408 305 1400 3280 
2728 3408 305 1400 3280 1672 21 397 1608 
2729 62 768 850 63 1413 3275 3439 1415 
2730 1413 3275 3439 1415 1414 3276 3440 1416 
2731 1414 3276 3440 1416 404 1606 1688 405 
2732 67 816 840 68 1423 3371 3419 1425 
2733 1423 3371 3419 1425 1424 3372 3420 1426 
2734 1424 3372 3420 1426 409 1654 1678 410 
2735 71 796 841 72 1431 3331 3421 1433 
2736 1431 3331 3421 1433 1432 3332 3422 1434 
2737 1432 3332 3422 1434 413 1634 1679 414 
2738 64 809 842 65 1417 3357 3423 1419 
2739 1417 3357 3423 1419 1418 3358 3424 1420 
2740 1418 3358 3424 1420 406 1647 1680 407 
2741 74 767 844 75 1437 3273 3427 1439 
2742 1437 3273 3427 1439 1438 3274 3428 1440 
2743 1438 3274 3428 1440 416 1605 1682 417 
2744 69 763 851 70 1427 3265 3441 1429 
2745 1427 3265 3441 1429 1428 3266 3442 1430 
2746 1428 3266 3442 1430 411 1601 1689 412 
2747 78 814 839 8 1445 3367 3417 361 
2748 1445 3367 3417 361 1446 3368 3418 362 
2749 1446 3368 3418 362 420 1652 1677 22 
2750 37 36 35 769 1371 1369 1367 3277 
2751 1371 1369 1367 3277 1372 1370 1368 3278 
2752 1372 1370 1368 3278 313 312 311 1607 
2753 41 761 820 42 1379 3261 3379 1381 
2754 1379 3261 3379 1381 1380 3262 3380 1382 
2755 1380 3262 3380 1382 317 1599 1658 318 
2756 47 46 45 766 1391 1389 1387 3271 
2757 1391 1389 1387 3271 1392 1390 1388 3272 
2758 1392 1390 1388 3272 323 322 321 1604 
2759 975 967 943 956 3689 3673 3625 3651 
2760 3689 3673 3625 3651 3690 3674 3626 3652 
2761 3690 3674 3626 3652 1813 1805 1781 1794 
2762 763 840 864 862 3265 3419 3467 3463 
2763 3265 3419 3467 3463 3266 3420 3468 3464 
2764 3266 3420 3468 3464 1601 1678 1702 1700 
2765 844 767 810 868 3427 3273 3359 3475 
2766 3427 3273 3359 3475 3428 3274 3360 3476 
2767 3428 3274 3360 3476 1682 1605 1648 1706 
2768 850 768 811 872 3439 3275 3361 3483 
2769 3439 3275 3361 3483 3440 3276 3362 3484 
2770 3440 3276 3362 3484 1688 1606 1649 1710 
2771 882 917 935 971 3503 3573 3609 3681 
2772 3503 3573 3609 3681 3504 3574 3610 3682 
2773 3504 3574 3610 3682 1720 1755 1773 1809 
2774 783 864 840 816 3305 3467 3419 3371 
2775 3305 3467 3419 3371 3306 3468 3420 3372 
2776 3306 3468 3420 3372 1621 1702 1678 1654 
2777 765 77 76 815 3269 1443 1441 3369 
2778 3269 1443 1441 3369 3270 1444 1442 3370 
2779 3270 1444 1442 3370 1603 419 418 1653 
2780 815 76 75 844 3369 1441 1439 3427 
2781 3369 1441 1439 3427 3370 1442 1440 3428 
2782 3370 1442 1440 3428 1653 418 417 1682 
2783 763 69 68 840 3265 1427 1425 3419 
2784 3265 1427 1425 3419 3266 1428 1426 3420 
2785 3266 1428 1426 3420 1601 411 410 1678 
2786 811 61 60 843 3361 1411 1409 3425 
2787 3361 1411 1409 3425 3362 1412 1410 3426 
2788 3362 1412 1410 3426 1649 403 402 1681 
2789 810 73 72 841 3359 1435 1433 3421 
2790 3359 1435 1433 3421 3360 1436 1434 3422 
2791 3360 1436 1434 3422 1648 415 414 1679 
2792 767 74 73 810 3273 1437 1435 3359 
2793 3273 1437 1435 3359 3274 1438 1436 3360 
2794 3274 1438 1436 3360 1605 416 415 1648 
2795 768 62 61 811 3275 1413 1411 3361 
2796 3275 1413 1411 3361 3276 1414 1412 3362 
2797 3276 1414 1412 3362 1606 404 403 1649 
2798 783 66 65 842 3305 1421 1419 3423 
2799 3305 1421 1419 3423 3306 1422 1420 3424 
2800 3306 1422 1420 3424 1621 408 407 1680 
2801 799 1331 1299 1324 3337 4401 4337 4387 
2802 3337 4401 4337 4387 3338 4402 4338 4388 
2803 3338 4402 4338 4388 1637 2169 2137 2162 
2804 1306 1282 1271 1316 4351 4303 4281 4371 
2805 4351 4303 4281 4371 4352 4304 4282 4372 
2806 4352 4304 4282 4372 2144 2120 2109 2154 
2807 1071 1233 1205 1150 3881 4205 4149 4039 
2808 3881 4205 4149 4039 3882 4206 4150 4040 
2809 3882 4206 4150 4040 1909 2071 2043 1988 
2810 933 1014 1124 1074 3605 3767 3987 3887 
2811 3605 3767 3987 3887 3606 3768 3988 3888 
2812 3606 3768 3988 3888 1771 1852 1962 1912 
2813 772 1329 1321 1348 3283 4397 4381 4435 
2814 3283 4397 4381 4435 3284 4398 4382 4436 
2815 3284 4398 4382 4436 1610 2167 2159 2186 
2816 777 1340 1275 1303 3293 4419 4289 4345 
2817 3293 4419 4289 4345 3294 4420 4290 4346 
2818 3294 4420 4290 4346 1615 2178 2113 2141 
2819 888 929 952 976 3515 3597 3643 3691 
2820 3515 3597 3643 3691 3516 3598 3644 3692 
2821 3516 3598 3644 3692 1726 1767 1790 1814 
2822 1163 1128 1058 1133 4065 3995 3855 4005 
2823 4065 3995 3855 4005 4066 3996 3856 4006 
2824 4066 3996 3856 4006 2001 1966 1896 1971 
2825 849 870 814 765 3437 3479 3367 3269 
2826 3437 3479 3367 3269 3438 3480 3368 3270 
2827 3438 3480 3368 3270 1687 1708 1652 1603 
2828 1174 1188 1100 1056 4087 4115 3939 3851 
2829 4087 4115 3939 3851 4088 4116 3940 3852 
2830 4088 4116 3940 3852 2012 2026 1938 1894 
2831 792 813 848 829 3323 3365 3435 3397 
2832 3323 3365 3435 3397 3324 3366 3436 3398 
2833 3324 3366 3436 3398 1630 1651 1686 1667 
2834 874 848 813 807 3487 3435 3365 3353 
2835 3487 3435 3365 3353 3488 3436 3366 3354 
2836 3488 3436 3366 3354 1712 1686 1651 1645 
2837 865 830 812 793 3469 3399 3363 3325 
2838 3469 3399 3363 3325 3470 3400 3364 3326 
2839 3470 3400 3364 3326 1703 1668 1650 1631 
2840 818 795 831 846 3375 3329 3401 3431 
2841 3375 3329 3401 3431 3376 3330 3402 3432 
2842 3376 3330 3402 3432 1656 1633 1669 1684 
2843 875 832 794 820 3489 3403 3327 3379 
2844 3489 3403 3327 3379 3490 3404 3328 3380 
2845 3490 3404 3328 3380 1713 1670 1632 1658 
2846 817 794 832 845 3373 3327 3403 3429 
2847 3373 3327 3403 3429 3374 3328 3404 3430 
2848 3374 3328 3404 3430 1655 1632 1670 1683 
2849 876 831 795 819 3491 3401 3329 3377 
2850 3491 3401 3329 3377 3492 3402 3330 3378 
2851 3492 3402 3330 3378 1714 1669 1633 1657 
2852 797 812 830 847 3333 3363 3399 3433 
2853 3333 3363 3399 3433 3334 3364 3400 3434 
2854 3334 3364 3400 3434 1635 1650 1668 1685 
2855 845 832 875 855 3429 3403 3489 3449 
2856 3429 3403 3489 3449 3430 3404 3490 3450 
2857 3430 3404 3490 3450 1683 1670 1713 1693 
2858 846 831 876 856 3431 3401 3491 3451 
2859 3431 3401 3491 3451 3432 3402 3492 3452 
2860 3432 3402 3492 3452 1684 1669 1714 1694 
2861 848 857 899 829 3435 3453 3537 3397 
2862 3435 3453 3537 3397 3436 3454 3538 3398 
2863 3436 3454 3538 3398 1686 1695 1737 1667 
2864 847 830 902 858 3433 3399 3543 3455 
2865 3433 3399 3543 3455 3434 3400 3544 3456 
2866 3434 3400 3544 3456 1685 1668 1740 1696 
2867 1111 1073 1033 755 3961 3885 3805 3249 
2868 3961 3885 3805 3249 3962 3886 3806 3250 
2869 3962 3886 3806 3250 1949 1911 1871 1593 
2870 1179 1155 1122 756 4097 4049 3983 3251 
2871 4097 4049 3983 3251 4098 4050 3984 3252 
2872 4098 4050 3984 3252 2017 1993 1960 1594 
2873 788 1336 801 1347 3315 4411 3341 4433 
2874 3315 4411 3341 4433 3316 4412 3342 4434 
2875 3316 4412 3342 4434 1626 2174 1639 2185 
2876 974 985 1032 935 3687 3709 3803 3609 
2877 3687 3709 3803 3609 3688 3710 3804 3610 
2878 3688 3710 3804 3610 1812 1823 1870 1773 
2879 1330 1312 1272 785 4399 4363 4283 3309 
2880 4399 4363 4283 3309 4400 4364 4284 3310 
2881 4400 4364 4284 3310 2168 2150 2110 1623 
2882 48 47 766 807 1393 1391 3271 3353 
2883 1393 1391 3271 3353 1394 1392 3272 3354 
2884 1394 1392 3272 3354 324 323 1604 1645 
2885 34 797 769 35 1365 3333 3277 1367 
2886 1365 3333 3277 1367 1366 3334 3278 1368 
2887 1366 3334 3278 1368 310 1635 1607 311 
2888 38 37 769 819 1373 1371 3277 3377 
2889 1373 1371 3277 3377 1374 1372 3278 3378 
2890 1374 1372 3278 3378 314 313 1607 1657 
2891 44 817 766 45 1385 3373 3271 1387 
2892 1385 3373 3271 1387 1386 3374 3272 1388 
2893 1386 3374 3272 1388 320 1655 1604 321 
2894 1025 1074 1124 1063 3789 3887 3987 3865 
2895 3789 3887 3987 3865 3790 3888 3988 3866 
2896 3790 3888 3988 3866 1863 1912 1962 1901 
2897 945 16 218 782 3629 428 1585 3303 
2898 3629 428 1585 3303 3630 427 1586 3304 
2899 3630 427 1586 3304 1783 19 363 1620 
2900 981 12 114 781 3701 425 1513 3301 
2901 3701 425 1513 3301 3702 426 1514 3302 
2902 3702 426 1514 3302 1819 23 360 1619 
2903 813 792 50 49 3365 3323 1397 1395 
2904 3365 3323 1397 1395 3366 3324 1398 1396 
2905 3366 3324 1398 1396 1651 1630 326 325 
2906 795 818 40 39 3329 3375 1377 1375 
2907 3329 3375 1377 1375 3330 3376 1378 1376 
2908 3330 3376 1378 1376 1633 1656 316 315 
2909 794 43 42 820 3327 1383 1381 3379 
2910 3327 1383 1381 3379 3328 1384 1382 3380 
2911 3328 1384 1382 3380 1632 319 318 1658 
2912 812 33 32 793 3363 1363 1361 3325 
2913 3363 1363 1361 3325 3364 1364 1362 3326 
2914 3364 1364 1362 3326 1650 309 308 1631 
2915 851 900 863 796 3441 3539 3465 3331 
2916 3441 3539 3465 3331 3442 3540 3466 3332 
2917 3442 3540 3466 3332 1689 1738 1701 1634 
2918 814 78 77 765 3367 1445 1443 3269 
2919 3367 1445 1443 3269 3368 1446 1444 3270 
2920 3368 1446 1444 3270 1652 420 419 1603 
2921 1235 1238 1243 1247 4209 4215 4225 4233 
2922 4209 4215 4225 4233 4210 4216 4226 4234 
2923 4210 4216 4226 4234 2073 2076 2081 2085 
2924 816 67 66 783 3371 1423 1421 3305 
2925 3371 1423 1421 3305 3372 1424 1422 3306 
2926 3372 1424 1422 3306 1654 409 408 1621 
2927 809 64 63 850 3357 1417 1415 3439 
2928 3357 1417 1415 3439 3358 1418 1416 3440 
2929 3358 1418 1416 3440 1647 406 405 1688 
2930 796 71 70 851 3331 1431 1429 3441 
2931 3331 1431 1429 3441 3332 1432 1430 3442 
2932 3332 1432 1430 3442 1634 413 412 1689 
2933 1030 1068 1163 1207 3799 3875 4065 4153 
2934 3799 3875 4065 4153 3800 3876 4066 4154 
2935 3800 3876 4066 4154 1868 1906 2001 2045 
2936 1311 1261 1053 1152 4361 4261 3845 4043 
2937 4361 4261 3845 4043 4362 4262 3846 4044 
2938 4362 4262 3846 4044 2149 2099 1891 1990 
2939 1111 1156 1200 1175 3961 4051 4139 4089 
2940 3961 4051 4139 4089 3962 4052 4140 4090 
2941 3962 4052 4140 4090 1949 1994 2038 2013 
2942 1147 1234 1184 1206 4033 4207 4107 4151 
2943 4033 4207 4107 4151 4034 4208 4108 4152 
2944 4034 4208 4108 4152 1985 2072 2022 2044 
2945 4 50 792 833 261 1397 3323 3405 
2946 261 1397 3323 3405 262 1398 3324 3406 
2947 262 1398 3324 3406 20 326 1630 1671 
2948 1100 1253 1222 1205 3939 4245 4183 4149 
2949 3939 4245 4183 4149 3940 4246 4184 4150 
2950 3940 4246 4184 4150 1938 2091 2060 2043 
2951 815 844 868 827 3369 3427 3475 3393 
2952 3369 3427 3475 3393 3370 3428 3476 3394 
2953 3370 3428 3476 3394 1653 1682 1706 1665 
2954 930 1025 1063 982 3599 3789 3865 3703 
2955 3599 3789 3865 3703 3600 3790 3866 3704 
2956 3600 3790 3866 3704 1768 1863 1901 1820 
2957 1220 1345 1326 1295 4179 4429 4391 4329 
2958 4179 4429 4391 4329 4180 4430 4392 4330 
2959 4180 4430 4392 4330 2058 2183 2164 2133 
2960 1040 1004 1136 1077 3819 3747 4011 3893 
2961 3819 3747 4011 3893 3820 3748 4012 3894 
2962 3820 3748 4012 3894 1878 1842 1974 1915 
2963 1162 1194 1145 1096 4063 4127 4029 3931 
2964 4063 4127 4029 3931 4064 4128 4030 3932 
2965 4064 4128 4030 3932 2000 2032 1983 1934 
2966 1307 1231 1299 1286 4353 4201 4337 4311 
2967 4353 4201 4337 4311 4354 4202 4338 4312 
2968 4354 4202 4338 4312 2145 2069 2137 2124 
2969 1262 1240 1179 1228 4263 4219 4097 4195 
2970 4263 4219 4097 4195 4264 4220 4098 4196 
2971 4264 4220 4098 4196 2100 2078 2017 2066 
2972 833 792 829 866 3405 3323 3397 3471 
2973 3405 3323 3397 3471 3406 3324 3398 3472 
2974 3406 3324 3398 3472 1671 1630 1667 1704 
2975 905 1086 1040 957 3549 3911 3819 3653 
2976 3549 3911 3819 3653 3550 3912 3820 3654 
2977 3550 3912 3820 3654 1743 1924 1878 1795 
2978 1265 1190 1258 1294 4269 4119 4255 4327 
2979 4269 4119 4255 4327 4270 4120 4256 4328 
2980 4270 4120 4256 4328 2103 2028 2096 2132 
2981 1131 969 1024 1069 4001 3677 3787 3877 
2982 4001 3677 3787 3877 4002 3678 3788 3878 
2983 4002 3678 3788 3878 1969 1807 1862 1907 
2984 1327 1312 1330 760 4393 4363 4399 3259 
2985 4393 4363 4399 3259 4394 4364 4400 3260 
2986 4394 4364 4400 3260 2165 2150 2168 1598 
2987 937 960 964 950 3613 3659 3667 3639 
2988 3613 3659 3667 3639 3614 3660 3668 3640 
2989 3614 3660 3668 3640 1775 1798 1802 1788 
2990 1095 1149 1191 1197 3929 4037 4121 4133 
2991 3929 4037 4121 4133 3930 4038 4122 4134 
2992 3930 4038 4122 4134 1933 1987 2029 2035 
2993 1334 1307 1212 1140 4407 4353 4163 4019 
2994 4407 4353 4163 4019 4408 4354 4164 4020 
2995 4408 4354 4164 4020 2172 2145 2050 1978 
2996 1073 993 782 1033 3885 3725 3303 3805 
2997 3885 3725 3303 3805 3886 3726 3304 3806 
2998 3886 3726 3304 3806 1911 1831 1620 1871 
2999 1155 1062 781 1122 4049 3863 3301 3983 
3000 4049 3863 3301 3983 4050 3864 3302 3984 
3001 4050 3864 3302 3984 1993 1900 1619 1960 
3002 1059 1120 1170 1091 3857 3979 4079 3921 
3003 3857 3979 4079 3921 3858 3980 4080 3922 
3004 3858 3980 4080 3922 1897 1958 2008 1929 
3005 1345 1221 1296 1326 4429 4181 4331 4391 
3006 4429 4181 4331 4391 4430 4182 4332 4392 
3007 4430 4182 4332 4392 2183 2059 2134 2164 
3008 1291 1228 1255 804 4321 4195 4249 3347 
3009 4321 4195 4249 3347 4322 4196 4250 3348 
3010 4322 4196 4250 3348 2129 2066 2093 1642 
3011 1230 1156 1192 805 4199 4051 4123 3349 
3012 4199 4051 4123 3349 4200 4052 4124 3350 
3013 4200 4052 4124 3350 2068 1994 2030 1643 
3014 957 1040 1077 989 3653 3819 3893 3717 
3015 3653 3819 3893 3717 3654 3820 3894 3718 
3016 3654 3820 3894 3718 1795 1878 1915 1827 
3017 843 824 872 811 3425 3387 3483 3361 
3018 3425 3387 3483 3361 3426 3388 3484 3362 
3019 3426 3388 3484 3362 1681 1662 1710 1649 
3020 1111 755 1192 1156 3961 3249 4123 4051 
3021 3961 3249 4123 4051 3962 3250 4124 4052 
3022 3962 3250 4124 4052 1949 1593 2030 1994 
3023 1179 756 1255 1228 4097 3251 4249 4195 
3024 4097 3251 4249 4195 4098 3252 4250 4196 
3025 4098 3252 4250 4196 2017 1594 2093 2066 
3026 1264 1121 1182 1239 4267 3981 4103 4217 
3027 4267 3981 4103 4217 4268 3982 4104 4218 
3028 4268 3982 4104 4218 2102 1959 2020 2077 
3029 1323 1302 789 1254 4385 4343 3317 4247 
3030 4385 4343 3317 4247 4386 4344 3318 4248 
3031 4386 4344 3318 4248 2161 2140 1627 2092 
3032 1307 1286 1248 1212 4353 4311 4235 4163 
3033 4353 4311 4235 4163 4354 4312 4236 4164 
3034 4354 4312 4236 4164 2145 2124 2086 2050 
3035 1239 1099 1094 1264 4217 3937 3927 4267 
3036 4217 3937 3927 4267 4218 3938 3928 4268 
3037 4218 3938 3928 4268 2077 1937 1932 2102 
3038 1133 1058 993 1073 4005 3855 3725 3885 
3039 4005 3855 3725 3885 4006 3856 3726 3886 
3040 4006 3856 3726 3886 1971 1896 1831 1911 
3041 1201 1151 1062 1155 4141 4041 3863 4049 
3042 4141 4041 3863 4049 4142 4042 3864 4050 
3043 4142 4042 3864 4050 2039 1989 1900 1993 
3044 1278 1308 1116 1178 4295 4355 3971 4095 
3045 4295 4355 3971 4095 4296 4356 3972 4096 
3046 4296 4356 3972 4096 2116 2146 1954 2016 
3047 953 959 1031 1008 3645 3657 3801 3755 
3048 3645 3657 3801 3755 3646 3658 3802 3756 
3049 3646 3658 3802 3756 1791 1797 1869 1846 
3050 1026 1064 1170 1112 3791 3867 4079 3963 
3051 3791 3867 4079 3963 3792 3868 4080 3964 
3052 3792 3868 4080 3964 1864 1902 2008 1950 
3053 1158 1211 1113 1129 4055 4161 3965 3997 
3054 4055 4161 3965 3997 4056 4162 3966 3998 
3055 4056 4162 3966 3998 1996 2049 1951 1967 
3056 1077 1136 1119 1076 3893 4011 3977 3891 
3057 3893 4011 3977 3891 3894 4012 3978 3892 
3058 3894 4012 3978 3892 1915 1974 1957 1914 
3059 1050 910 1047 863 3839 3559 3833 3465 
3060 3839 3559 3833 3465 3840 3560 3834 3466 
3061 3840 3560 3834 3466 1888 1748 1885 1701 
3062 1204 1164 1249 1225 4147 4067 4237 4189 
3063 4147 4067 4237 4189 4148 4068 4238 4190 
3064 4148 4068 4238 4190 2042 2002 2087 2063 
3065 1101 1261 1311 1223 3941 4261 4361 4185 
3066 3941 4261 4361 4185 3942 4262 4362 4186 
3067 3942 4262 4362 4186 1939 2099 2149 2061 
3068 914 961 936 904 3567 3661 3611 3547 
3069 3567 3661 3611 3547 3568 3662 3612 3548 
3070 3568 3662 3612 3548 1752 1799 1774 1742 
3071 841 821 868 810 3421 3381 3475 3359 
3072 3421 3381 3475 3359 3422 3382 3476 3360 
3073 3422 3382 3476 3360 1679 1659 1706 1648 
3074 1061 1095 1197 1154 3861 3929 4133 4047 
3075 3861 3929 4133 4047 3862 3930 4134 4048 
3076 3862 3930 4134 4048 1899 1933 2035 1992 
3077 1331 799 1282 1306 4401 3337 4303 4351 
3078 4401 3337 4303 4351 4402 3338 4304 4352 
3079 4402 3338 4304 4352 2169 1637 2120 2144 
3080 1340 777 1281 1310 4419 3293 4301 4359 
3081 4419 3293 4301 4359 4420 3294 4302 4360 
3082 4420 3294 4302 4360 2178 1615 2119 2148 
3083 1187 754 1118 1143 4113 3247 3975 4025 
3084 4113 3247 3975 4025 4114 3248 3976 4026 
3085 4114 3248 3976 4026 2025 1592 1956 1981 
3086 1187 1259 1229 754 4113 4257 4197 3247 
3087 4113 4257 4197 3247 4114 4258 4198 3248 
3088 4114 4258 4198 3248 2025 2097 2067 1592 
3089 949 973 983 941 3637 3685 3705 3621 
3090 3637 3685 3705 3621 3638 3686 3706 3622 
3091 3638 3686 3706 3622 1787 1811 1821 1779 
3092 1285 1305 1327 760 4309 4349 4393 3259 
3093 4309 4349 4393 3259 4310 4350 4394 3260 
3094 4310 4350 4394 3260 2123 2143 2165 1598 
3095 903 1083 1045 1001 3545 3905 3829 3741 
3096 3545 3905 3829 3741 3546 3906 3830 3742 
3097 3546 3906 3830 3742 1741 1921 1883 1839 
3098 1341 1346 1336 788 4421 4431 4411 3315 
3099 4421 4431 4411 3315 4422 4432 4412 3316 
3100 4422 4432 4412 3316 2179 2184 2174 1626 
3101 1292 1320 1293 779 4323 4379 4325 3297 
3102 4323 4379 4325 3297 4324 4380 4326 3298 
3103 4324 4380 4326 3298 2130 2158 2131 1617 
3104 1095 1061 764 1013 3929 3861 3267 3765 
3105 3929 3861 3267 3765 3930 3862 3268 3766 
3106 3930 3862 3268 3766 1933 1899 1602 1851 
3107 1195 1153 762 1104 4129 4045 3263 3947 
3108 4129 4045 3263 3947 4130 4046 3264 3948 
3109 4130 4046 3264 3948 2033 1991 1600 1942 
3110 1236 1189 1153 1195 4211 4117 4045 4129 
3111 4211 4117 4045 4129 4212 4118 4046 4130 
3112 4212 4118 4046 4130 2074 2027 1991 2033 
3113 1211 1158 1138 1090 4161 4055 4015 3919 
3114 4161 4055 4015 3919 4162 4056 4016 3920 
3115 4162 4056 4016 3920 2049 1996 1976 1928 
3116 1143 1184 1234 1187 4025 4107 4207 4113 
3117 4025 4107 4207 4113 4026 4108 4208 4114 
3118 4026 4108 4208 4114 1981 2022 2072 2025 
3119 1049 1081 915 940 3837 3901 3569 3619 
3120 3837 3901 3569 3619 3838 3902 3570 3620 
3121 3838 3902 3570 3620 1887 1919 1753 1778 
3122 49 48 807 813 1395 1393 3353 3365 
3123 1395 1393 3353 3365 1396 1394 3354 3366 
3124 1396 1394 3354 3366 325 324 1645 1651 
3125 39 38 819 795 1375 1373 3377 3329 
3126 1375 1373 3377 3329 1376 1374 3378 3330 
3127 1376 1374 3378 3330 315 314 1657 1633 
3128 33 812 797 34 1363 3363 3333 1365 
3129 1363 3363 3333 1365 1364 3364 3334 1366 
3130 1364 3364 3334 1366 309 1650 1635 310 
3131 43 794 817 44 1383 3327 3373 1385 
3132 1383 3327 3373 1385 1384 3328 3374 1386 
3133 1384 3328 3374 1386 319 1632 1655 320 
3134 1207 1163 1176 1087 4153 4065 4091 3913 
3135 4153 4065 4091 3913 4154 4066 4092 3914 
3136 4154 4066 4092 3914 2045 2001 2014 1925 
3137 1168 1123 1068 1029 4075 3985 3875 3797 
3138 4075 3985 3875 3797 4076 3986 3876 3798 
3139 4076 3986 3876 3798 2006 1961 1906 1867 
3140 956 984 1034 975 3651 3707 3807 3689 
3141 3651 3707 3807 3689 3652 3708 3808 3690 
3142 3652 3708 3808 3690 1794 1822 1872 1813 
3143 1089 1110 1166 991 3917 3959 4071 3721 
3144 3917 3959 4071 3721 3918 3960 4072 3722 
3145 3918 3960 4072 3722 1927 1948 2004 1829 
3146 1283 1294 1258 800 4305 4327 4255 3339 
3147 4305 4327 4255 3339 4306 4328 4256 3340 
3148 4306 4328 4256 3340 2121 2132 2096 1638 
3149 1010 1050 862 881 3759 3839 3463 3501 
3150 3759 3839 3463 3501 3760 3840 3464 3502 
3151 3760 3840 3464 3502 1848 1888 1700 1719 
3152 1158 1129 1036 1066 4055 3997 3811 3871 
3153 4055 3997 3811 3871 4056 3998 3812 3872 
3154 4056 3998 3812 3872 1996 1967 1874 1904 
3155 955 986 1026 968 3649 3711 3791 3675 
3156 3649 3711 3791 3675 3650 3712 3792 3676 
3157 3650 3712 3792 3676 1793 1824 1864 1806 
3158 1288 1311 1152 1213 4315 4361 4043 4165 
3159 4315 4361 4043 4165 4316 4362 4044 4166 
3160 4316 4362 4044 4166 2126 2149 1990 2051 
3161 1007 906 889 1037 3753 3551 3517 3813 
3162 3753 3551 3517 3813 3754 3552 3518 3814 
3163 3754 3552 3518 3814 1845 1744 1727 1875 
3164 978 1003 1014 933 3695 3745 3767 3605 
3165 3695 3745 3767 3605 3696 3746 3768 3606 
3166 3696 3746 3768 3606 1816 1841 1852 1771 
3167 972 1084 1024 1007 3683 3907 3787 3753 
3168 3683 3907 3787 3753 3684 3908 3788 3754 
3169 3684 3908 3788 3754 1810 1922 1862 1845 
3170 1147 1206 1099 1239 4033 4151 3937 4217 
3171 4033 4151 3937 4217 4034 4152 3938 4218 
3172 4034 4152 3938 4218 1985 2044 1937 2077 
3173 1171 1208 1232 1106 4081 4155 4203 3951 
3174 4081 4155 4203 3951 4082 4156 4204 3952 
3175 4082 4156 4204 3952 2009 2046 2070 1944 
3176 1202 1169 1112 1210 4143 4077 3963 4159 
3177 4143 4077 3963 4159 4144 4078 3964 4160 
3178 4144 4078 3964 4160 2040 2007 1950 2048 
3179 1229 1259 1287 798 4197 4257 4313 3335 
3180 4197 4257 4313 3335 4198 4258 4314 3336 
3181 4198 4258 4314 3336 2067 2097 2125 1636 
3182 1078 1004 1040 1043 3895 3747 3819 3825 
3183 3895 3747 3819 3825 3896 3748 3820 3826 
3184 3896 3748 3820 3826 1916 1842 1878 1881 
3185 1016 1062 1151 1114 3771 3863 4041 3967 
3186 3771 3863 4041 3967 3772 3864 4042 3968 
3187 3772 3864 4042 3968 1854 1900 1989 1952 
3188 955 993 1058 1022 3649 3725 3855 3783 
3189 3649 3725 3855 3783 3650 3726 3856 3784 
3190 3650 3726 3856 3784 1793 1831 1896 1860 
3191 1175 1133 1073 1111 4089 4005 3885 3961 
3192 4089 4005 3885 3961 4090 4006 3886 3962 
3193 4090 4006 3886 3962 2013 1971 1911 1949 
3194 1240 1201 1155 1179 4219 4141 4049 4097 
3195 4219 4141 4049 4097 4220 4142 4050 4098 
3196 4220 4142 4050 4098 2078 2039 1993 2017 
3197 1013 1075 1169 1108 3765 3889 4077 3955 
3198 3765 3889 4077 3955 3766 3890 4078 3956 
3199 3766 3890 4078 3956 1851 1913 2007 1946 
3200 803 1337 1252 1338 3345 4413 4243 4415 
3201 3345 4413 4243 4415 3346 4414 4244 4416 
3202 3346 4414 4244 4416 1641 2175 2090 2176 
3203 979 1006 990 948 3697 3751 3719 3635 
3204 3697 3751 3719 3635 3698 3752 3720 3636 
3205 3698 3752 3720 3636 1817 1844 1828 1786 
3206 1104 1159 1236 1195 3947 4057 4211 4129 
3207 3947 4057 4211 4129 3948 4058 4212 4130 
3208 3948 4058 4212 4130 1942 1997 2074 2033 
3209 953 930 982 959 3645 3599 3703 3657 
3210 3645 3599 3703 3657 3646 3600 3704 3658 
3211 3646 3600 3704 3658 1791 1768 1820 1797 
3212 902 925 1139 901 3543 3589 4017 3541 
3213 3543 3589 4017 3541 3544 3590 4018 3542 
3214 3544 3590 4018 3542 1740 1763 1977 1739 
3215 908 924 963 1046 3555 3587 3665 3831 
3216 3555 3587 3665 3831 3556 3588 3666 3832 
3217 3556 3588 3666 3832 1746 1762 1801 1884 
3218 967 975 1034 1002 3673 3689 3807 3743 
3219 3673 3689 3807 3743 3674 3690 3808 3744 
3220 3674 3690 3808 3744 1805 1813 1872 1840 
3221 1013 1108 1149 1095 3765 3955 4037 3929 
3222 3765 3955 4037 3929 3766 3956 4038 3930 
3223 3766 3956 4038 3930 1851 1946 1987 1933 
3224 1050 1010 965 910 3839 3759 3669 3559 
3225 3839 3759 3669 3559 3840 3760 3670 3560 
3226 3840 3760 3670 3560 1888 1848 1803 1748 
3227 1114 1066 1036 1016 3967 3871 3811 3771 
3228 3967 3871 3811 3771 3968 3872 3812 3772 
3229 3968 3872 3812 3772 1952 1904 1874 1854 
3230 955 1022 1082 986 3649 3783 3903 3711 
3231 3649 3783 3903 3711 3650 3784 3904 3712 
3232 3650 3784 3904 3712 1793 1860 1920 1824 
3233 1082 1064 1026 986 3903 3867 3791 3711 
3234 3903 3867 3791 3711 3904 3868 3792 3712 
3235 3904 3868 3792 3712 1920 1902 1864 1824 
3236 1285 1274 1249 1305 4309 4287 4237 4349 
3237 4309 4287 4237 4349 4310 4288 4238 4350 
3238 4310 4288 4238 4350 2123 2112 2087 2143 
3239 1048 1059 1091 1021 3835 3857 3921 3781 
3240 3835 3857 3921 3781 3836 3858 3922 3782 
3241 3836 3858 3922 3782 1886 1897 1929 1859 
3242 981 781 1062 1016 3701 3301 3863 3771 
3243 3701 3301 3863 3771 3702 3302 3864 3772 
3244 3702 3302 3864 3772 1819 1619 1900 1854 
3245 945 782 993 955 3629 3303 3725 3649 
3246 3629 3303 3725 3649 3630 3304 3726 3650 
3247 3630 3304 3726 3650 1783 1620 1831 1793 
3248 1232 1184 1143 1154 4203 4107 4025 4047 
3249 4203 4107 4025 4047 4204 4108 4026 4048 
3250 4204 4108 4026 4048 2070 2022 1981 1992 
3251 1027 1039 1054 1115 3793 3817 3847 3969 
3252 3793 3817 3847 3969 3794 3818 3848 3970 
3253 3794 3818 3848 3970 1865 1877 1892 1953 
3254 1177 1209 1217 1238 4093 4157 4173 4215 
3255 4093 4157 4173 4215 4094 4158 4174 4216 
3256 4094 4158 4174 4216 2015 2047 2055 2076 
3257 1168 1082 1022 1123 4075 3903 3783 3985 
3258 4075 3903 3783 3985 4076 3904 3784 3986 
3259 4076 3904 3784 3986 2006 1920 1860 1961 
3260 778 1319 1277 1333 3295 4377 4293 4405 
3261 3295 4377 4293 4405 3296 4378 4294 4406 
3262 3296 4378 4294 4406 1616 2157 2115 2171 
3263 765 815 827 849 3269 3369 3393 3437 
3264 3269 3369 3393 3437 3270 3370 3394 3438 
3265 3270 3370 3394 3438 1603 1653 1665 1687 
3266 1332 780 1300 1317 4403 3299 4339 4373 
3267 4403 3299 4339 4373 4404 3300 4340 4374 
3268 4404 3300 4340 4374 2170 1618 2138 2155 
3269 1168 1117 1064 1082 4075 3973 3867 3903 
3270 4075 3973 3867 3903 4076 3974 3868 3904 
3271 4076 3974 3868 3904 2006 1955 1902 1920 
3272 1246 1350 1340 1310 4231 4439 4419 4359 
3273 4231 4439 4419 4359 4232 4440 4420 4360 
3274 4232 4440 4420 4360 2084 2188 2178 2148 
3275 762 1070 1160 1104 3263 3879 4059 3947 
3276 3263 3879 4059 3947 3264 3880 4060 3948 
3277 3264 3880 4060 3948 1600 1908 1998 1942 
3278 764 995 1075 1013 3267 3729 3889 3765 
3279 3267 3729 3889 3765 3268 3730 3890 3766 
3280 3268 3730 3890 3766 1602 1833 1913 1851 
3281 1072 1237 1203 1161 3883 4213 4145 4061 
3282 3883 4213 4145 4061 3884 4214 4146 4062 
3283 3884 4214 4146 4062 1910 2075 2041 1999 
3284 1316 1271 780 1332 4371 4281 3299 4403 
3285 4371 4281 3299 4403 4372 4282 3300 4404 
3286 4372 4282 3300 4404 2154 2109 1618 2170 
3287 1037 891 915 1081 3813 3521 3569 3901 
3288 3813 3521 3569 3901 3814 3522 3570 3902 
3289 3814 3522 3570 3902 1875 1729 1753 1919 
3290 12 981 1016 1036 425 3701 3771 3811 
3291 425 3701 3771 3811 426 3702 3772 3812 
3292 426 3702 3772 3812 23 1819 1854 1874 
3293 16 945 955 968 428 3629 3649 3675 
3294 428 3629 3649 3675 427 3630 3650 3676 
3295 427 3630 3650 3676 19 1783 1793 1806 
3296 1316 1248 1286 1306 4371 4235 4311 4351 
3297 4371 4235 4311 4351 4372 4236 4312 4352 
3298 4372 4236 4312 4352 2154 2086 2124 2144 
3299 842 825 864 783 3423 3389 3467 3305 
3300 3423 3389 3467 3305 3424 3390 3468 3306 
3301 3424 3390 3468 3306 1680 1663 1702 1621 
3302 1239 1245 1234 1147 4217 4229 4207 4033 
3303 4217 4229 4207 4033 4218 4230 4208 4034 
3304 4218 4230 4208 4034 2077 2083 2072 1985 
3305 870 849 898 859 3479 3437 3535 3457 
3306 3479 3437 3535 3457 3480 3438 3536 3458 
3307 3480 3438 3536 3458 1708 1687 1736 1697 
3308 1310 1281 1268 1309 4359 4301 4275 4357 
3309 4359 4301 4275 4357 4360 4302 4276 4358 
3310 4360 4302 4276 4358 2148 2119 2106 2147 
3311 871 870 859 880 3481 3479 3457 3499 
3312 3481 3479 3457 3499 3482 3480 3458 3500 
3313 3482 3480 3458 3500 1709 1708 1697 1718 
3314 1202 1210 1120 1172 4143 4159 3979 4083 
3315 4143 4159 3979 4083 4144 4160 3980 4084 
3316 4144 4160 3980 4084 2040 2048 1958 2010 
3317 1129 1113 1199 1160 3997 3965 4137 4059 
3318 3997 3965 4137 4059 3998 3966 4138 4060 
3319 3998 3966 4138 4060 1967 1951 2037 1998 
3320 1228 1291 1273 1262 4195 4321 4285 4263 
3321 4195 4321 4285 4263 4196 4322 4286 4264 
3322 4196 4322 4286 4264 2066 2129 2111 2100 
3323 1120 1210 1112 1170 3979 4159 3963 4079 
3324 3979 4159 3963 4079 3980 4160 3964 4080 
3325 3980 4160 3964 4080 1958 2048 1950 2008 
3326 1151 1173 1135 1114 4041 4085 4009 3967 
3327 4041 4085 4009 3967 4042 4086 4010 3968 
3328 4042 4086 4010 3968 1989 2011 1973 1952 
3329 1156 1230 1227 1200 4051 4199 4193 4139 
3330 4051 4199 4193 4139 4052 4200 4194 4140 
3331 4052 4200 4194 4140 1994 2068 2065 2038 
3332 1306 1286 1299 1331 4351 4311 4337 4401 
3333 4351 4311 4337 4401 4352 4312 4338 4402 
3334 4352 4312 4338 4402 2144 2124 2137 2169 
3335 1327 1305 1249 1244 4393 4349 4237 4227 
3336 4393 4349 4237 4227 4394 4350 4238 4228 
3337 4394 4350 4238 4228 2165 2143 2087 2082 
3338 1058 1128 1123 1022 3855 3995 3985 3783 
3339 3855 3995 3985 3783 3856 3996 3986 3784 
3340 3856 3996 3986 3784 1896 1966 1961 1860 
3341 1106 1232 1154 1197 3951 4203 4047 4133 
3342 3951 4203 4047 4133 3952 4204 4048 4134 
3343 3952 4204 4048 4134 1944 2070 1992 2035 
3344 1108 1167 1191 1149 3955 4073 4121 4037 
3345 3955 4073 4121 4037 3956 4074 4122 4038 
3346 3956 4074 4122 4038 1946 2005 2029 1987 
3347 1201 1240 1185 1198 4141 4219 4109 4135 
3348 4141 4219 4109 4135 4142 4220 4110 4136 
3349 4142 4220 4110 4136 2039 2078 2023 2036 
3350 1175 1176 1163 1133 4089 4091 4065 4005 
3351 4089 4091 4065 4005 4090 4092 4066 4006 
3352 4090 4092 4066 4006 2013 2014 2001 1971 
3353 764 222 221 995 3267 1589 1587 3729 
3354 3267 1589 1587 3729 3268 1590 1588 3730 
3355 3268 1590 1588 3730 1602 423 424 1833 
3356 762 150 149 1070 3263 1517 1515 3879 
3357 3263 1517 1515 3879 3264 1518 1516 3880 
3358 3264 1518 1516 3880 1600 432 431 1908 
3359 863 900 862 1050 3465 3539 3463 3839 
3360 3465 3539 3463 3839 3466 3540 3464 3840 
3361 3466 3540 3464 3840 1701 1738 1700 1888 
3362 1340 1350 1219 1275 4419 4439 4177 4289 
3363 4419 4439 4177 4289 4420 4440 4178 4290 
3364 4420 4440 4178 4290 2178 2188 2057 2113 
3365 1310 1309 1272 1246 4359 4357 4283 4231 
3366 4359 4357 4283 4231 4360 4358 4284 4232 
3367 4360 4358 4284 4232 2148 2147 2110 2084 
3368 1290 1335 787 1315 4319 4409 3313 4369 
3369 4319 4409 3313 4369 4320 4410 3314 4370 
3370 4320 4410 3314 4370 2128 2173 1625 2153 
3371 927 893 879 919 3593 3525 3497 3577 
3372 3593 3525 3497 3577 3594 3526 3498 3578 
3373 3594 3526 3498 3578 1765 1731 1717 1757 
3374 1289 1314 1335 1243 4317 4367 4409 4225 
3375 4317 4367 4409 4225 4318 4368 4410 4226 
3376 4318 4368 4410 4226 2127 2152 2173 2081 
3377 150 762 1153 14 1517 3263 4045 429 
3378 1517 3263 4045 429 1518 3264 4046 430 
3379 1518 3264 4046 430 432 1600 1991 24 
3380 222 764 1061 10 1589 3267 3861 421 
3381 1589 3267 3861 421 1590 3268 3862 422 
3382 1590 3268 3862 422 423 1602 1899 17 
3383 1316 1332 1284 1248 4371 4403 4307 4235 
3384 4371 4403 4307 4235 4372 4404 4308 4236 
3385 4372 4404 4308 4236 2154 2170 2122 2086 
3386 1232 1208 1206 1184 4203 4155 4151 4107 
3387 4203 4155 4151 4107 4204 4156 4152 4108 
3388 4204 4156 4152 4108 2070 2046 2044 2022 
3389 925 902 830 865 3589 3543 3399 3469 
3390 3589 3543 3399 3469 3590 3544 3400 3470 
3391 3590 3544 3400 3470 1763 1740 1668 1703 
3392 1036 1070 149 12 3811 3879 1515 425 
3393 3811 3879 1515 425 3812 3880 1516 426 
3394 3812 3880 1516 426 1874 1908 431 23 
3395 1153 753 185 14 4045 3245 1519 429 
3396 4045 3245 1519 429 4046 3246 1520 430 
3397 4046 3246 1520 430 1991 1591 396 24 
3398 968 995 221 16 3675 3729 1587 428 
3399 3675 3729 1587 428 3676 3730 1588 427 
3400 3676 3730 1588 427 1806 1833 424 19 
3401 801 1336 1270 1295 3341 4411 4279 4329 
3402 3341 4411 4279 4329 3342 4412 4280 4330 
3403 3342 4412 4280 4330 1639 2174 2108 2133 
3404 801 1295 1326 1343 3341 4329 4391 4425 
3405 3341 4329 4391 4425 3342 4330 4392 4426 
3406 3342 4330 4392 4426 1639 2133 2164 2181 
3407 1297 1339 1328 802 4333 4417 4395 3343 
3408 4333 4417 4395 3343 4334 4418 4396 3344 
3409 4334 4418 4396 3344 2135 2177 2166 1640 
3410 944 914 859 898 3627 3567 3457 3535 
3411 3627 3567 3457 3535 3628 3568 3458 3536 
3412 3628 3568 3458 3536 1782 1752 1697 1736 
3413 910 965 1009 929 3559 3669 3757 3597 
3414 3559 3669 3757 3597 3560 3670 3758 3598 
3415 3560 3670 3758 3598 1748 1803 1847 1767 
3416 911 912 978 933 3561 3563 3695 3605 
3417 3561 3563 3695 3605 3562 3564 3696 3606 
3418 3562 3564 3696 3606 1749 1750 1816 1771 
3419 913 911 1025 930 3565 3561 3789 3599 
3420 3565 3561 3789 3599 3566 3562 3790 3600 
3421 3566 3562 3790 3600 1751 1749 1863 1768 
3422 922 947 1011 970 3583 3633 3761 3679 
3423 3583 3633 3761 3679 3584 3634 3762 3680 
3424 3584 3634 3762 3680 1760 1785 1849 1808 
3425 1005 938 918 980 3749 3615 3575 3699 
3426 3749 3615 3575 3699 3750 3616 3576 3700 
3427 3750 3616 3576 3700 1843 1776 1756 1818 
3428 954 969 1131 946 3647 3677 4001 3631 
3429 3647 3677 4001 3631 3648 3678 4002 3632 
3430 3648 3678 4002 3632 1792 1807 1969 1784 
3431 964 960 1089 991 3667 3659 3917 3721 
3432 3667 3659 3917 3721 3668 3660 3918 3722 
3433 3668 3660 3918 3722 1802 1798 1927 1829 
3434 977 1044 1092 998 3693 3827 3923 3735 
3435 3693 3827 3923 3735 3694 3828 3924 3736 
3436 3694 3828 3924 3736 1815 1882 1930 1836 
3437 990 1006 1138 1093 3719 3751 4015 3925 
3438 3719 3751 4015 3925 3720 3752 4016 3926 
3439 3720 3752 4016 3926 1828 1844 1976 1931 
3440 1038 991 1166 1085 3815 3721 4071 3909 
3441 3815 3721 4071 3909 3816 3722 4072 3910 
3442 3816 3722 4072 3910 1876 1829 2004 1923 
3443 1011 1038 1028 999 3761 3815 3795 3737 
3444 3761 3815 3795 3737 3762 3816 3796 3738 
3445 3762 3816 3796 3738 1849 1876 1866 1837 
3446 1030 1207 1087 1000 3799 4153 3913 3739 
3447 3799 4153 3913 3739 3800 4154 3914 3740 
3448 3800 4154 3914 3740 1868 2045 1925 1838 
3449 1049 1072 1161 1084 3837 3883 4061 3907 
3450 3837 3883 4061 3907 3838 3884 4062 3908 
3451 3838 3884 4062 3908 1887 1910 1999 1922 
3452 1117 1092 1044 1132 3973 3923 3827 4003 
3453 3973 3923 3827 4003 3974 3924 3828 4004 
3454 3974 3924 3828 4004 1955 1930 1882 1970 
3455 1204 1119 1136 1101 4147 3977 4011 3941 
3456 4147 3977 4011 3941 4148 3978 4012 3942 
3457 4148 3978 4012 3942 2042 1957 1974 1939 
3458 1158 1135 1093 1138 4055 4009 3925 4015 
3459 4055 4009 3925 4015 4056 4010 3926 4016 
3460 4056 4010 3926 4016 1996 1973 1931 1976 
3461 1238 1217 1289 1243 4215 4173 4317 4225 
3462 4215 4173 4317 4225 4216 4174 4318 4226 
3463 4216 4174 4318 4226 2076 2055 2127 2081 
3464 1245 1259 1187 1234 4229 4257 4113 4207 
3465 4229 4257 4113 4207 4230 4258 4114 4208 
3466 4230 4258 4114 4208 2083 2097 2025 2072 
3 79 5 735
710 1 115 481 30 433 2421 4441 2325 
711 433 2421 4441 2325 434 2455 4442 2327 
712 434 2455 4442 2327 435 2489 4443 2329 
713 435 2489 4443 2329 436 2523 4444 2331 
714 436 2523 4444 2331 437 2557 4445 2333 
715 437 2557 4445 2333 438 2591 4446 2335 
716 438 2591 4446 2335 17 327 2189 423 
717 30 481 482 31 2325 4441 4447 2326 
718 2325 4441 4447 2326 2327 4442 4448 2328 
719 2327 4442 4448 2328 2329 4443 4449 2330 
720 2329 4443 4449 2330 2331 4444 4450 2332 
721 2331 4444 4450 2332 2333 4445 4451 2334 
722 2333 4445 4451 2334 2335 4446 4452 2336 
723 2335 4446 4452 2336 423 2189 2223 424 
724 31 482 151 3 2326 4447 2625 439 
725 2326 4447 2625 439 2328 4448 2659 440 
726 2328 4448 2659 440 2330 4449 2693 441 
727 2330 4449 2693 441 2332 4450 2727 442 
728 2332 4450 2727 442 2334 4451 2761 443 
729 2334 4451 2761 443 2336 4452 2795 444 
730 2336 4452 2795 444 424 2223 363 19 
731 115 116 483 481 2421 2422 4453 4441 
732 2421 2422 4453 4441 2455 2456 4454 4442 
733 2455 2456 4454 4442 2489 2490 4455 4443 
734 2489 2490 4455 4443 2523 2524 4456 4444 
735 2523 2524 4456 4444 2557 2558 4457 4445 
736 2557 2558 4457 4445 2591 2592 4458 4446 
737 2591 2592 4458 4446 327 328 2190 2189 
738 481 483 484 482 4441 4453 4459 4447 
739 4441 4453 4459 4447 4442 4454 4460 4448 
740 4442 4454 4460 4448 4443 4455 4461 4449 
741 4443 4455 4461 4449 4444 4456 4462 4450 
742 4444 4456 4462 4450 4445 4457 4463 4451 
743 4445 4457 4463 4451 4446 4458 4464 4452 
744 4446 4458 4464 4452 2189 2190 2224 2223 
745 482 484 152 151 4447 4459 2626 2625 
746 4447 4459 2626 2625 4448 4460 2660 2659 
747 4448 4460 2660 2659 4449 4461 2694 2693 
748 4449 4461 2694 2693 4450 4462 2728 2727 
749 4450 4462 2728 2727 4451 4463 2762 2761 
750 4451 4463 2762 2761 4452 4464 2796 2795 
751 4452 4464 2796 2795 2223 2224 364 363 
752 116 117 485 483 2422 2423 4465 4453 
753 2422 2423 4465 4453 2456 2457 4466 4454 
754 2456 2457 4466 4454 2490 2491 4467 4455 
755 2490 2491 4467 4455 2524 2525 4468 4456 
756 2524 2525 4468 4456 2558 2559 4469 4457 
757 2558 2559 4469 4457 2592 2593 4470 4458 
758 2592 2593 4470 4458 328 329 2191 2190 
759 483 485 486 484 4453 4465 4471 4459 
760 4453 4465 4471 4459 4454 4466 4472 4460 
761 4454 4466 4472 4460 4455 4467 4473 4461 
762 4455 4467 4473 4461 4456 4468 4474 4462 
763 4456 4468 4474 4462 4457 4469 4475 4463 
764 4457 4469 4475 4463 4458 4470 4476 4464 
765 4458 4470 4476 4464 2190 2191 2225 2224 
766 484 486 153 152 4459 4471 2627 2626 
767 4459 4471 2627 2626 4460 4472 2661 2660 
768 4460 4472 2661 2660 4461 4473 2695 2694 
769 4461 4473 2695 2694 4462 4474 2729 2728 
770 4462 4474 2729 2728 4463 4475 2763 2762 
771 4463 4475 2763 2762 4464 4476 2797 2796 
772 4464 4476 2797 2796 2224 2225 365 364 
773 117 118 487 485 2423 2424 4477 4465 
774 2423 2424 4477 4465 2457 2458 4478 4466 
775 2457 2458 4478 4466 2491 2492 4479 4467 
776 2491 2492 4479 4467 2525 2526 4480 4468 
777 2525 2526 4480 4468 2559 2560 4481 4469 
778 2559 2560 4481 4469 2593 2594 4482 4470 
779 2593 2594 4482 4470 329 330 2192 2191 
780 485 487 488 486 4465 4477 4483 4471 
781 4465 4477 4483 4471 4466 4478 4484 4472 
782 4466 4478 4484 4472 4467 4479 4485 4473 
783 4467 4479 4485 4473 4468 4480 4486 4474 
784 4468 4480 4486 4474 4469 4481 4487 4475 
785 4469 4481 4487 4475 4470 4482 4488 4476 
786 4470 4482 4488 4476 2191 2192 2226 2225 
787 486 488 154 153 4471 4483 2628 2627 
788 4471 4483 2628 2627 4472 4484 2662 2661 
789 4472 4484 2662 2661 4473 4485 2696 2695 
790 4473 4485 2696 2695 4474 4486 2730 2729 
791 4474 4486 2730 2729 4475 4487 2764 2763 
792 4475 4487 2764 2763 4476 4488 2798 2797 
793 4476 4488 2798 2797 2225 2226 366 365 
794 118 119 489 487 2424 2425 4489 4477 
795 2424 2425 4489 4477 2458 2459 4490 4478 
796 2458 2459 4490 4478 2492 2493 4491 4479 
797 2492 2493 4491 4479 2526 2527 4492 4480 
798 2526 2527 4492 4480 2560 2561 4493 4481 
799 2560 2561 4493 4481 2594 2595 4494 4482 
800 2594 2595 4494 4482 330 331 2193 2192 
801 487 489 490 488 4477 4489 4495 4483 
802 4477 4489 4495 4483 4478 4490 4496 4484 
803 4478 4490 4496 4484 4479 4491 4497 4485 
804 4479 4491 4497 4485 4480 4492 4498 4486 
805 4480 4492 4498 4486 4481 4493 4499 4487 
806 4481 4493 4499 4487 4482 4494 4500 4488 
807 4482 4494 4500 4488 2192 2193 2227 2226 
808 488 490 155 154 4483 4495 2629 2628 
809 4483 4495 2629 2628 4484 4496 2663 2662 
810 4484 4496 2663 2662 4485 4497 2697 2696 
811 4485 4497 2697 2696 4486 4498 2731 2730 
812 4486 4498 2731 2730 4487 4499 2765 2764 
813 4487 4499 2765 2764 4488 4500 2799 2798 
814 4488 4500 2799 2798 2226 2227 367 366 
815 119 120 491 489 2425 2426 4501 4489 
816 2425 2426 4501 4489 2459 2460 4502 4490 
817 2459 2460 4502 4490 2493 2494 4503 4491 
818 2493 2494 4503 4491 2527 2528 4504 4492 
819 2527 2528 4504 4492 2561 2562 4505 4493 
820 2561 2562 4505 4493 2595 2596 4506 4494 
821 2595 2596 4506 4494 331 332 2194 2193 
822 489 491 492 490 4489 4501 4507 4495 
823 4489 4501 4507 4495 4490 4502 4508 4496 
824 4490 4502 4508 4496 4491 4503 4509 4497 
825 4491 4503 4509 4497 4492 4504 4510 4498 
826 4492 4504 4510 4498 4493 4505 4511 4499 
827 4493 4505 4511 4499 4494 4506 4512 4500 
828 4494 4506 4512 4500 2193 2194 2228 2227 
829 490 492 156 155 4495 4507 2630 2629 
830 4495 4507 2630 2629 4496 4508 2664 2663 
831 4496 4508 2664 2663 4497 4509 2698 2697 
832 4497 4509 2698 2697 4498 4510 2732 2731 
833 4498 4510 2732 2731 4499 4511 2766 2765 
834 4499 4511 2766 2765 4500 4512 2800 2799 
835 4500 4512 2800 2799 2227 2228 368 367 
836 120 121 493 491 2426 2427 4513 4501 
837 2426 2427 4513 4501 2460 2461 4514 4502 
838 2460 2461 4514 4502 2494 2495 4515 4503 
839 2494 2495 4515 4503 2528 2529 4516 4504 
840 2528 2529 4516 4504 2562 2563 4517 4505 
841 2562 2563 4517 4505 2596 2597 4518 4506 
842 2596 2597 4518 4506 332 333 2195 2194 
843 491 493 494 492 4501 4513 4519 4507 
844 4501 4513 4519 4507 4502 4514 4520 4508 
845 4502 4514 4520 4508 4503 4515 4521 4509 
846 4503 4515 4521 4509 4504 4516 4522 4510 
847 4504 4516 4522 4510 4505 4517 4523 4511 
848 4505 4517 4523 4511 4506 4518 4524 4512 
849 4506 4518 4524 4512 2194 2195 2229 2228 
850 492 494 157 156 4507 4519 2631 2630 
851 4507 4519 2631 2630 4508 4520 2665 2664 
852 4508 4520 2665 2664 4509 4521 2699 2698 
853 4509 4521 2699 2698 4510 4522 2733 2732 
854 4510 4522 2733 2732 4511 4523 2767 2766 
855 4511 4523 2767 2766 4512 4524 2801 2800 
856 4512 4524 2801 2800 2228 2229 369 368 
857 121 122 495 493 2427 2428 4525 4513 
858 2427 2428 4525 4513 2461 2462 4526 4514 
859 2461 2462 4526 4514 2495 2496 4527 4515 
860 2495 2496 4527 4515 2529 2530 4528 4516 
861 2529 2530 4528 4516 2563 2564 4529 4517 
862 2563 2564 4529 4517 2597 2598 4530 4518 
863 2597 2598 4530 4518 333 334 2196 2195 
864 493 495 496 494 4513 4525 4531 4519 
865 4513 4525 4531 4519 4514 4526 4532 4520 
866 4514 4526 4532 4520 4515 4527 4533 4521 
867 4515 4527 4533 4521 4516 4528 4534 4522 
868 4516 4528 4534 4522 4517 4529 4535 4523 
869 4517 4529 4535 4523 4518 4530 4536 4524 
870 4518 4530 4536 4524 2195 2196 2230 2229 
871 494 496 158 157 4519 4531 2632 2631 
872 4519 4531 2632 2631 4520 4532 2666 2665 
873 4520 4532 2666 2665 4521 4533 2700 2699 
874 4521 4533 2700 2699 4522 4534 2734 2733 
875 4522 4534 2734 2733 4523 4535 2768 2767 
876 4523 4535 2768 2767 4524 4536 2802 2801 
877 4524 4536 2802 2801 2229 2230 370 369 
878 122 123 497 495 2428 2429 4537 4525 
879 2428 2429 4537 4525 2462 2463 4538 4526 
880 2462 2463 4538 4526 2496 2497 4539 4527 
881 2496 2497 4539 4527 2530 2531 4540 4528 
882 2530 2531 4540 4528 2564 2565 4541 4529 
883 2564 2565 4541 4529 2598 2599 4542 4530 
884 2598 2599 4542 4530 334 335 2197 2196 
885 495 497 498 496 4525 4537 4543 4531 
886 4525 4537 4543 4531 4526 4538 4544 4532 
887 4526 4538 4544 4532 4527 4539 4545 4533 
888 4527 4539 4545 4533 4528 4540 4546 4534 
889 4528 4540 4546 4534 4529 4541 4547 4535 
890 4529 4541 4547 4535 4530 4542 4548 4536 
891 4530 4542 4548 4536 2196 2197 2231 2230 
892 496 498 159 158 4531 4543 2633 2632 
893 4531 4543 2633 2632 4532 4544 2667 2666 
894 4532 4544 2667 2666 4533 4545 2701 2700 
895 4533 4545 2701 2700 4534 4546 2735 2734 
896 4534 4546 2735 2734 4535 4547 2769 2768 
897 4535 4547 2769 2768 4536 4548 2803 2802 
898 4536 4548 2803 2802 2230 2231 371 370 
899 123 124 499 497 2429 2430 4549 4537 
900 2429 2430 4549 4537 2463 2464 4550 4538 
901 2463 2464 4550 4538 2497 2498 4551 4539 
902 2497 2498 4551 4539 2531 2532 4552 4540 
903 2531 2532 4552 4540 2565 2566 4553 4541 
904 2565 2566 4553 4541 2599 2600 4554 4542 
905 2599 2600 4554 4542 335 336 2198 2197 
906 497 499 500 498 4537 4549 4555 4543 
907 4537 4549 4555 4543 4538 4550 4556 4544 
908 4538 4550 4556 4544 4539 4551 4557 4545 
909 4539 4551 4557 4545 4540 4552 4558 4546 
910 4540 4552 4558 4546 4541 4553 4559 4547 
911 4541 4553 4559 4547 4542 4554 4560 4548 
912 4542 4554 4560 4548 2197 2198 2232 2231 
913 498 500 160 159 4543 4555 2634 2633 
914 4543 4555 2634 2633 4544 4556 2668 2667 
915 4544 4556 2668 2667 4545 4557 2702 2701 
916 4545 4557 2702 2701 4546 4558 2736 2735 
917 4546 4558 2736 2735 4547 4559 2770 2769 
918 4547 4559 2770 2769 4548 4560 2804 2803 
919 4548 4560 2804 2803 2231 2232 372 371 
920 124 125 501 499 2430 2431 4561 4549 
921 2430 2431 4561 4549 2464 2465 4562 4550 
922 2464 2465 4562 4550 2498 2499 4563 4551 
923 2498 2499 4563 4551 2532 2533 4564 4552 
924 2532 2533 4564 4552 2566 2567 4565 4553 
925 2566 2567 4565 4553 2600 2601 4566 4554 
926 2600 2601 4566 4554 336 337 2199 2198 
927 499 501 502 500 4549 4561 4567 4555 
928 4549 4561 4567 4555 4550 4562 4568 4556 
929 4550 4562 4568 4556 4551 4563 4569 4557 
930 4551 4563 4569 4557 4552 4564 4570 4558 
931 4552 4564 4570 4558 4553 4565 4571 4559 
932 4553 4565 4571 4559 4554 4566 4572 4560 
933 4554 4566 4572 4560 2198 2199 2233 2232 
934 500 502 161 160 4555 4567 2635 2634 
935 4555 4567 2635 2634 4556 4568 2669 2668 
936 4556 4568 2669 2668 4557 4569 2703 2702 
937 4557 4569 2703 2702 4558 4570 2737 2736 
938 4558 4570 2737 2736 4559 4571 2771 2770 
939 4559 4571 2771 2770 4560 4572 2805 2804 
940 4560 4572 2805 2804 2232 2233 373 372 
941 125 126 503 501 2431 2432 4573 4561 
942 2431 2432 4573 4561 2465 2466 4574 4562 
943 2465 2466 4574 4562 2499 2500 4575 4563 
944 2499 2500 4575 4563 2533 2534 4576 4564 
945 2533 2534 4576 4564 2567 2568 4577 4565 
946 2567 2568 4577 4565 2601 2602 4578 4566 
947 2601 2602 4578 4566 337 338 2200 2199 
948 501 503 504 502 4561 4573 4579 4567 
949 4561 4573 4579 4567 4562 4574 4580 4568 
950 4562 4574 4580 4568 4563 4575 4581 4569 
951 4563 4575 4581 4569 4564 4576 4582 4570 
952 4564 4576 4582 4570 4565 4577 4583 4571 
953 4565 4577 4583 4571 4566 4578 4584 4572 
954 4566 4578 4584 4572 2199 2200 2234 2233 
955 502 504 162 161 4567 4579 2636 2635 
956 4567 4579 2636 2635 4568 4580 2670 2669 
957 4568 4580 2670 2669 4569 4581 2704 2703 
958 4569 4581 2704 2703 4570 4582 2738 2737 
959 4570 4582 2738 2737 4571 4583 2772 2771 
960 4571 4583 2772 2771 4572 4584 2806 2805 
961 4572 4584 2806 2805 2233 2234 374 373 
962 126 127 505 503 2432 2433 4585 4573 
963 2432 2433 4585 4573 2466 2467 4586 4574 
964 2466 2467 4586 4574 2500 2501 4587 4575 
965 2500 2501 4587 4575 2534 2535 4588 4576 
966 2534 2535 4588 4576 2568 2569 4589 4577 
967 2568 2569 4589 4577 2602 2603 4590 4578 
968 2602 2603 4590 4578 338 339 2201 2200 
969 503 505 506 504 4573 4585 4591 4579 
970 4573 4585 4591 4579 4574 4586 4592 4580 
971 4574 4586 4592 4580 4575 4587 4593 4581 
972 4575 4587 4593 4581 4576 4588 4594 4582 
973 4576 4588 4594 4582 4577 4589 4595 4583 
974 4577 4589 4595 4583 4578 4590 4596 4584 
975 4578 4590 4596 4584 2200 2201 2235 2234 
976 504 506 163 162 4579 4591 2637 2636 
977 4579 4591 2637 2636 4580 4592 2671 2670 
978 4580 4592 2671 2670 4581 4593 2705 2704 
979 4581 4593 2705 2704 4582 4594 2739 2738 
980 4582 4594 2739 2738 4583 4595 2773 2772 
981 4583 4595 2773 2772 4584 4596 2807 2806 
982 4584 4596 2807 2806 2234 2235 375 374 
983 127 128 507 505 2433 2434 4597 4585 
984 2433 2434 4597 4585 2467 2468 4598 4586 
985 2467 2468 4598 4586 2501 2502 4599 4587 
986 2501 2502 4599 4587 2535 2536 4600 4588 
987 2535 2536 4600 4588 2569 2570 4601 4589 
988 2569 2570 4601 4589 2603 2604 4602 4590 
989 2603 2604 4602 4590 339 340 2202 2201 
990 505 507 508 506 4585 4597 4603 4591 
991 4585 4597 4603 4591 4586 4598 4604 4592 
992 4586 4598 4604 4592 4587 4599 4605 4593 
993 4587 4599 4605 4593 4588 4600 4606 4594 
994 4588 4600 4606 4594 4589 4601 4607 4595 
995 4589 4601 4607 4595 4590 4602 4608 4596 
996 4590 4602 4608 4596 2201 2202 2236 2235 
997 506 508 164 163 4591 4603 2638 2637 
998 4591 4603 2638 2637 4592 4604 2672 2671 
999 4592 4604 2672 2671 4593 4605 2706 2705 
1000 4593 4605 2706 2705 4594 4606 2740 2739 
1001 4594 4606 2740 2739 4595 4607 2774 2773 
1002 4595 4607 2774 2773 4596 4608 2808 2807 
1003 4596 4608 2808 2807 2235 2236 376 375 
1004 128 129 509 507 2434 2435 4609 4597 
1005 2434 2435 4609 4597 2468 2469 4610 4598 
1006 2468 2469 4610 4598 2502 2503 4611 4599 
1007 2502 2503 4611 4599 2536 2537 4612 4600 
1008 2536 2537 4612 4600 2570 2571 4613 4601 
1009 2570 2571 4613 4601 2604 2605 4614 4602 
1010 2604 2605 4614 4602 340 341 2203 2202 
1011 507 509 510 508 4597 4609 4615 4603 
1012 4597 4609 4615 4603 4598 4610 4616 4604 
1013 4598 4610 4616 4604 4599 4611 4617 4605 
1014 4599 4611 4617 4605 4600 4612 4618 4606 
1015 4600 4612 4618 4606 4601 4613 4619 4607 
1016 4601 4613 4619 4607 4602 4614 4620 4608 
1017 4602 4614 4620 4608 2202 2203 2237 2236 
1018 508 510 165 164 4603 4615 2639 2638 
1019 4603 4615 2639 2638 4604 4616 2673 2672 
1020 4604 4616 2673 2672 4605 4617 2707 2706 
1021 4605 4617 2707 2706 4606 4618 2741 2740 
1022 4606 4618 2741 2740 4607 4619 2775 2774 
1023 4607 4619 2775 2774 4608 4620 2809 2808 
1024 4608 4620 2809 2808 2236 2237 377 376 
1025 129 130 511 509 2435 2436 4621 4609 
1026 2435 2436 4621 4609 2469 2470 4622 4610 
1027 2469 2470 4622 4610 2503 2504 4623 4611 
1028 2503 2504 4623 4611 2537 2538 4624 4612 
1029 2537 2538 4624 4612 2571 2572 4625 4613 
1030 2571 2572 4625 4613 2605 2606 4626 4614 
1031 2605 2606 4626 4614 341 342 2204 2203 
1032 509 511 512 510 4609 4621 4627 4615 
1033 4609 4621 4627 4615 4610 4622 4628 4616 
1034 4610 4622 4628 4616 4611 4623 4629 4617 
1035 4611 4623 4629 4617 4612 4624 4630 4618 
1036 4612 4624 4630 4618 4613 4625 4631 4619 
1037 4613 4625 4631 4619 4614 4626 4632 4620 
1038 4614 4626 4632 4620 2203 2204 2238 2237 
1039 510 512 166 165 4615 4627 2640 2639 
1040 4615 4627 2640 2639 4616 4628 2674 2673 
1041 4616 4628 2674 2673 4617 4629 2708 2707 
1042 4617 4629 2708 2707 4618 4630 2742 2741 
1043 4618 4630 2742 2741 4619 4631 2776 2775 
1044 4619 4631 2776 2775 4620 4632 2810 2809 
1045 4620 4632 2810 2809 2237 2238 378 377 
1046 130 131 513 511 2436 2437 4633 4621 
1047 2436 2437 4633 4621 2470 2471 4634 4622 
1048 2470 2471 4634 4622 2504 2505 4635 4623 
1049 2504 2505 4635 4623 2538 2539 4636 4624 
1050 2538 2539 4636 4624 2572 2573 4637 4625 
1051 2572 2573 4637 4625 2606 2607 4638 4626 
1052 2606 2607 4638 4626 342 343 2205 2204 
1053 511 513 514 512 4621 4633 4639 4627 
1054 4621 4633 4639 4627 4622 4634 4640 4628 
1055 4622 4634 4640 4628 4623 4635 4641 4629 
1056 4623 4635 4641 4629 4624 4636 4642 4630 
1057 4624 4636 4642 4630 4625 4637 4643 4631 
1058 4625 4637 4643 4631 4626 4638 4644 4632 
1059 4626 4638 4644 4632 2204 2205 2239 2238 
1060 512 514 167 166 4627 4639 2641 2640 
1061 4627 4639 2641 2640 4628 4640 2675 2674 
1062 4628 4640 2675 2674 4629 4641 2709 2708 
1063 4629 4641 2709 2708 4630 4642 2743 2742 
1064 4630 4642 2743 2742 4631 4643 2777 2776 
1065 4631 4643 2777 2776 4632 4644 2811 2810 
1066 4632 4644 2811 2810 2238 2239 379 378 
1067 131 132 515 513 2437 2438 4645 4633 
1068 2437 2438 4645 4633 2471 2472 4646 4634 
1069 2471 2472 4646 4634 2505 2506 4647 4635 
1070 2505 2506 4647 4635 2539 2540 4648 4636 
1071 2539 2540 4648 4636 2573 2574 4649 4637 
1072 2573 2574 4649 4637 2607 2608 4650 4638 
1073 2607 2608 4650 4638 343 344 2206 2205 
1074 513 515 516 514 4633 4645 4651 4639 
1075 4633 4645 4651 4639 4634 4646 4652 4640 
1076 4634 4646 4652 4640 4635 4647 4653 4641 
1077 4635 4647 4653 4641 4636 4648 4654 4642 
1078 4636 4648 4654 4642 4637 4649 4655 4643 
1079 4637 4649 4655 4643 4638 4650 4656 4644 
1080 4638 4650 4656 4644 2205 2206 2240 2239 
1081 514 516 168 167 4639 4651 2642 2641 
1082 4639 4651 2642 2641 4640 4652 2676 2675 
1083 4640 4652 2676 2675 4641 4653 2710 2709 
1084 4641 4653 2710 2709 4642 4654 2744 2743 
1085 4642 4654 2744 2743 4643 4655 2778 2777 
1086 4643 4655 2778 2777 4644 4656 2812 2811 
1087 4644 4656 2812 2811 2239 2240 380 379 
1088 132 133 517 515 2438 2439 4657 4645 
1089 2438 2439 4657 4645 2472 2473 4658 4646 
1090 2472 2473 4658 4646 2506 2507 4659 4647 
1091 2506 2507 4659 4647 2540 2541 4660 4648 
1092 2540 2541 4660 4648 2574 2575 4661 4649 
1093 2574 2575 4661 4649 2608 2609 4662 4650 
1094 2608 2609 4662 4650 344 345 2207 2206 
1095 515 517 518 516 4645 4657 4663 4651 
1096 4645 4657 4663 4651 4646 4658 4664 4652 
1097 4646 4658 4664 4652 4647 4659 4665 4653 
1098 4647 4659 4665 4653 4648 4660 4666 4654 
1099 4648 4660 4666 4654 4649 4661 4667 4655 
1100 4649 4661 4667 4655 4650 4662 4668 4656 
1101 4650 4662 4668 4656 2206 2207 2241 2240 
1102 516 518 169 168 4651 4663 2643 2642 
1103 4651 4663 2643 2642 4652 4664 2677 2676 
1104 4652 4664 2677 2676 4653 4665 2711 2710 
1105 4653 4665 2711 2710 4654 4666 2745 2744 
1106 4654 4666 2745 2744 4655 4667 2779 2778 
1107 4655 4667 2779 2778 4656 4668 2813 2812 
1108 4656 4668 2813 2812 2240 2241 381 380 
1109 133 134 519 517 2439 2440 4669 4657 
1110 2439 2440 4669 4657 2473 2474 4670 4658 
1111 2473 2474 4670 4658 2507 2508 4671 4659 
1112 2507 2508 4671 4659 2541 2542 4672 4660 
1113 2541 2542 4672 4660 2575 2576 4673 4661 
1114 2575 2576 4673 4661 2609 2610 4674 4662 
1115 2609 2610 4674 4662 345 346 2208 2207 
1116 517 519 520 518 4657 4669 4675 4663 
1117 4657 4669 4675 4663 4658 4670 4676 4664 
1118 4658 4670 4676 4664 4659 4671 4677 4665 
1119 4659 4671 4677 4665 4660 4672 4678 4666 
1120 4660 4672 4678 4666 4661 4673 4679 4667 
1121 4661 4673 4679 4667 4662 4674 4680 4668 
1122 4662 4674 4680 4668 2207 2208 2242 2241 
1123 518 520 170 169 4663 4675 2644 2643 
1124 4663 4675 2644 2643 4664 4676 2678 2677 
1125 4664 4676 2678 2677 4665 4677 2712 2711 
1126 4665 4677 2712 2711 4666 4678 2746 2745 
1127 4666 4678 2746 2745 4667 4679 2780 2779 
1128 4667 4679 2780 2779 4668 4680 2814 2813 
1129 4668 4680 2814 2813 2241 2242 382 381 
1130 134 135 521 519 2440 2441 4681 4669 
1131 2440 2441 4681 4669 2474 2475 4682 4670 
1132 2474 2475 4682 4670 2508 2509 4683 4671 
1133 2508 2509 4683 4671 2542 2543 4684 4672 
1134 2542 2543 4684 4672 2576 2577 4685 4673 
1135 2576 2577 4685 4673 2610 2611 4686 4674 
1136 2610 2611 4686 4674 346 347 2209 2208 
1137 519 521 522 520 4669 4681 4687 4675 
1138 4669 4681 4687 4675 4670 4682 4688 4676 
1139 4670 4682 4688 4676 4671 4683 4689 4677 
1140 4671 4683 4689 4677 4672 4684 4690 4678 
1141 4672 4684 4690 4678 4673 4685 4691 4679 
1142 4673 4685 4691 4679 4674 4686 4692 4680 
1143 4674 4686 4692 4680 2208 2209 2243 2242 
1144 520 522 171 170 4675 4687 2645 2644 
1145 4675 4687 2645 2644 4676 4688 2679 2678 
1146 4676 4688 2679 2678 4677 4689 2713 2712 
1147 4677 4689 2713 2712 4678 4690 2747 2746 
1148 4678 4690 2747 2746 4679 4691 2781 2780 
1149 4679 4691 2781 2780 4680 4692 2815 2814 
1150 4680 4692 2815 2814 2242 2243 383 382 
1151 135 136 523 521 2441 2442 4693 4681 
1152 2441 2442 4693 4681 2475 2476 4694 4682 
1153 2475 2476 4694 4682 2509 2510 4695 4683 
1154 2509 2510 4695 4683 2543 2544 4696 4684 
1155 2543 2544 4696 4684 2577 2578 4697 4685 
1156 2577 2578 4697 4685 2611 2612 4698 4686 
1157 2611 2612 4698 4686 347 348 2210 2209 
1158 521 523 524 522 4681 4693 4699 4687 
1159 4681 4693 4699 4687 4682 4694 4700 4688 
1160 4682 4694 4700 4688 4683 4695 4701 4689 
1161 4683 4695 4701 4689 4684 4696 4702 4690 
1162 4684 4696 4702 4690 4685 4697 4703 4691 
1163 4685 4697 4703 4691 4686 4698 4704 4692 
1164 4686 4698 4704 4692 2209 2210 2244 2243 
1165 522 524 172 171 4687 4699 2646 2645 
1166 4687 4699 2646 2645 4688 4700 2680 2679 
1167 4688 4700 2680 2679 4689 4701 2714 2713 
1168 4689 4701 2714 2713 4690 4702 2748 2747 
1169 4690 4702 2748 2747 4691 4703 2782 2781 
1170 4691 4703 2782 2781 4692 4704 2816 2815 
1171 4692 4704 2816 2815 2243 2244 384 383 
1172 136 137 525 523 2442 2443 4705 4693 
1173 2442 2443 4705 4693 2476 2477 4706 4694 
1174 2476 2477 4706 4694 2510 2511 4707 4695 
1175 2510 2511 4707 4695 2544 2545 4708 4696 
1176 2544 2545 4708 4696 2578 2579 4709 4697 
1177 2578 2579 4709 4697 2612 2613 4710 4698 
1178 2612 2613 4710 4698 348 349 2211 2210 
1179 523 525 526 524 4693 4705 4711 4699 
1180 4693 4705 4711 4699 4694 4706 4712 4700 
1181 4694 4706 4712 4700 4695 4707 4713 4701 
1182 4695 4707 4713 4701 4696 4708 4714 4702 
1183 4696 4708 4714 4702 4697 4709 4715 4703 
1184 4697 4709 4715 4703 4698 4710 4716 4704 
1185 4698 4710 4716 4704 2210 2211 2245 2244 
1186 524 526 173 172 4699 4711 2647 2646 
1187 4699 4711 2647 2646 4700 4712 2681 2680 
1188 4700 4712 2681 2680 4701 4713 2715 2714 
1189 4701 4713 2715 2714 4702 4714 2749 2748 
1190 4702 4714 2749 2748 4703 4715 2783 2782 
1191 4703 4715 2783 2782 4704 4716 2817 2816 
1192 4704 4716 2817 2816 2244 2245 385 384 
1193 137 138 527 525 2443 2444 4717 4705 
1194 2443 2444 4717 4705 2477 2478 4718 4706 
1195 2477 2478 4718 4706 2511 2512 4719 4707 
1196 2511 2512 4719 4707 2545 2546 4720 4708 
1197 2545 2546 4720 4708 2579 2580 4721 4709 
1198 2579 2580 4721 4709 2613 2614 4722 4710 
1199 2613 2614 4722 4710 349 350 2212 2211 
1200 525 527 528 526 4705 4717 4723 4711 
1201 4705 4717 4723 4711 4706 4718 4724 4712 
1202 4706 4718 4724 4712 4707 4719 4725 4713 
1203 4707 4719 4725 4713 4708 4720 4726 4714 
1204 4708 4720 4726 4714 4709 4721 4727 4715 
1205 4709 4721 4727 4715 4710 4722 4728 4716 
1206 4710 4722 4728 4716 2211 2212 2246 2245 
1207 526 528 174 173 4711 4723 2648 2647 
1208 4711 4723 2648 2647 4712 4724 2682 2681 
1209 4712 4724 2682 2681 4713 4725 2716 2715 
1210 4713 4725 2716 2715 4714 4726 2750 2749 
1211 4714 4726 2750 2749 4715 4727 2784 2783 
1212 4715 4727 2784 2783 4716 4728 2818 2817 
1213 4716 4728 2818 2817 2245 2246 386 385 
1214 138 139 529 527 2444 2445 4729 4717 
1215 2444 2445 4729 4717 2478 2479 4730 4718 
1216 2478 2479 4730 4718 2512 2513 4731 4719 
1217 2512 2513 4731 4719 2546 2547 4732 4720 
1218 2546 2547 4732 4720 2580 2581 4733 4721 
1219 2580 2581 4733 4721 2614 2615 4734 4722 
1220 2614 2615 4734 4722 350 351 2213 2212 
1221 527 529 530 528 4717 4729 4735 4723 
1222 4717 4729 4735 4723 4718 4730 4736 4724 
1223 4718 4730 4736 4724 4719 4731 4737 4725 
1224 4719 4731 4737 4725 4720 4732 4738 4726 
1225 4720 4732 4738 4726 4721 4733 4739 4727 
1226 4721 4733 4739 4727 4722 4734 4740 4728 
1227 4722 4734 4740 4728 2212 2213 2247 2246 
1228 528 530 175 174 4723 4735 2649 2648 
1229 4723 4735 2649 2648 4724 4736 2683 2682 
1230 4724 4736 2683 2682 4725 4737 2717 2716 
1231 4725 4737 2717 2716 4726 4738 2751 2750 
1232 4726 4738 2751 2750 4727 4739 2785 2784 
1233 4727 4739 2785 2784 4728 4740 2819 2818 
1234 4728 4740 2819 2818 2246 2247 387 386 
1235 139 140 531 529 2445 2446 4741 4729 
1236 2445 2446 4741 4729 2479 2480 4742 4730 
1237 2479 2480 4742 4730 2513 2514 4743 4731 
1238 2513 2514 4743 4731 2547 2548 4744 4732 
1239 2547 2548 4744 4732 2581 2582 4745 4733 
1240 2581 2582 4745 4733 2615 2616 4746 4734 
1241 2615 2616 4746 4734 351 352 2214 2213 
1242 529 531 532 530 4729 4741 4747 4735 
1243 4729 4741 4747 4735 4730 4742 4748 4736 
1244 4730 4742 4748 4736 4731 4743 4749 4737 
1245 4731 4743 4749 4737 4732 4744 4750 4738 
1246 4732 4744 4750 4738 4733 4745 4751 4739 
1247 4733 4745 4751 4739 4734 4746 4752 4740 
1248 4734 4746 4752 4740 2213 2214 2248 2247 
1249 530 532 176 175 4735 4747 2650 2649 
1250 4735 4747 2650 2649 4736 4748 2684 2683 
1251 4736 4748 2684 2683 4737 4749 2718 2717 
1252 4737 4749 2718 2717 4738 4750 2752 2751 
1253 4738 4750 2752 2751 4739 4751 2786 2785 
1254 4739 4751 2786 2785 4740 4752 2820 2819 
1255 4740 4752 2820 2819 2247 2248 388 387 
1256 140 141 533 531 2446 2447 4753 4741 
1257 2446 2447 4753 4741 2480 2481 4754 4742 
1258 2480 2481 4754 4742 2514 2515 4755 4743 
1259 2514 2515 4755 4743 2548 2549 4756 4744 
1260 2548 2549 4756 4744 2582 2583 4757 4745 
1261 2582 2583 4757 4745 2616 2617 4758 4746 
1262 2616 2617 4758 4746 352 353 2215 2214 
1263 531 533 534 532 4741 4753 4759 4747 
1264 4741 4753 4759 4747 4742 4754 4760 4748 
1265 4742 4754 4760 4748 4743 4755 4761 4749 
1266 4743 4755 4761 4749 4744 4756 4762 4750 
1267 4744 4756 4762 4750 4745 4757 4763 4751 
1268 4745 4757 4763 4751 4746 4758 4764 4752 
1269 4746 4758 4764 4752 2214 2215 2249 2248 
1270 532 534 177 176 4747 4759 2651 2650 
1271 4747 4759 2651 2650 4748 4760 2685 2684 
1272 4748 4760 2685 2684 4749 4761 2719 2718 
1273 4749 4761 2719 2718 4750 4762 2753 2752 
1274 4750 4762 2753 2752 4751 4763 2787 2786 
1275 4751 4763 2787 2786 4752 4764 2821 2820 
1276 4752 4764 2821 2820 2248 2249 389 388 
1277 141 142 535 533 2447 2448 4765 4753 
1278 2447 2448 4765 4753 2481 2482 4766 4754 
1279 2481 2482 4766 4754 2515 2516 4767 4755 
1280 2515 2516 4767 4755 2549 2550 4768 4756 
1281 2549 2550 4768 4756 2583 2584 4769 4757 
1282 2583 2584 4769 4757 2617 2618 4770 4758 
1283 2617 2618 4770 4758 353 354 2216 2215 
1284 533 535 536 534 4753 4765 4771 4759 
1285 4753 4765 4771 4759 4754 4766 4772 4760 
1286 4754 4766 4772 4760 4755 4767 4773 4761 
1287 4755 4767 4773 4761 4756 4768 4774 4762 
1288 4756 4768 4774 4762 4757 4769 4775 4763 
1289 4757 4769 4775 4763 4758 4770 4776 4764 
1290 4758 4770 4776 4764 2215 2216 2250 2249 
1291 534 536 178 177 4759 4771 2652 2651 
1292 4759 4771 2652 2651 4760 4772 2686 2685 
1293 4760 4772 2686 2685 4761 4773 2720 2719 
1294 4761 4773 2720 2719 4762 4774 2754 2753 
1295 4762 4774 2754 2753 4763 4775 2788 2787 
1296 4763 4775 2788 2787 4764 4776 2822 2821 
1297 4764 4776 2822 2821 2249 2250 390 389 
1298 142 143 537 535 2448 2449 4777 4765 
1299 2448 2449 4777 4765 2482 2483 4778 4766 
1300 2482 2483 4778 4766 2516 2517 4779 4767 
1301 2516 2517 4779 4767 2550 2551 4780 4768 
1302 2550 2551 4780 4768 2584 2585 4781 4769 
1303 2584 2585 4781 4769 2618 2619 4782 4770 
1304 2618 2619 4782 4770 354 355 2217 2216 
1305 535 537 538 536 4765 4777 4783 4771 
1306 4765 4777 4783 4771 4766 4778 4784 4772 
1307 4766 4778 4784 4772 4767 4779 4785 4773 
1308 4767 4779 4785 4773 4768 4780 4786 4774 
1309 4768 4780 4786 4774 4769 4781 4787 4775 
1310 4769 4781 4787 4775 4770 4782 4788 4776 
1311 4770 4782 4788 4776 2216 2217 2251 2250 
1312 536 538 179 178 4771 4783 2653 2652 
1313 4771 4783 2653 2652 4772 4784 2687 2686 
1314 4772 4784 2687 2686 4773 4785 2721 2720 
1315 4773 4785 2721 2720 4774 4786 2755 2754 
1316 4774 4786 2755 2754 4775 4787 2789 2788 
1317 4775 4787 2789 2788 4776 4788 2823 2822 
1318 4776 4788 2823 2822 2250 2251 391 390 
1319 143 144 539 537 2449 2450 4789 4777 
1320 2449 2450 4789 4777 2483 2484 4790 4778 
1321 2483 2484 4790 4778 2517 2518 4791 4779 
1322 2517 2518 4791 4779 2551 2552 4792 4780 
1323 2551 2552 4792 4780 2585 2586 4793 4781 
1324 2585 2586 4793 4781 2619 2620 4794 4782 
1325 2619 2620 4794 4782 355 356 2218 2217 
1326 537 539 540 538 4777 4789 4795 4783 
1327 4777 4789 4795 4783 4778 4790 4796 4784 
1328 4778 4790 4796 4784 4779 4791 4797 4785 
1329 4779 4791 4797 4785 4780 4792 4798 4786 
1330 4780 4792 4798 4786 4781 4793 4799 4787 
1331 4781 4793 4799 4787 4782 4794 4800 4788 
1332 4782 4794 4800 4788 2217 2218 2252 2251 
1333 538 540 180 179 4783 4795 2654 2653 
1334 4783 4795 2654 2653 4784 4796 2688 2687 
1335 4784 4796 2688 2687 4785 4797 2722 2721 
1336 4785 4797 2722 2721 4786 4798 2756 2755 
1337 4786 4798 2756 2755 4787 4799 2790 2789 
1338 4787 4799 2790 2789 4788 4800 2824 2823 
1339 4788 4800 2824 2823 2251 2252 392 391 
1340 144 145 541 539 2450 2451 4801 4789 
1341 2450 2451 4801 4789 2484 2485 4802 4790 
1342 2484 2485 4802 4790 2518 2519 4803 4791 
1343 2518 2519 4803 4791 2552 2553 4804 4792 
1344 2552 2553 4804 4792 2586 2587 4805 4793 
1345 2586 2587 4805 4793 2620 2621 4806 4794 
1346 2620 2621 4806 4794 356 357 2219 2218 
1347 539 541 542 540 4789 4801 4807 4795 
1348 4789 4801 4807 4795 4790 4802 4808 4796 
1349 4790 4802 4808 4796 4791 4803 4809 4797 
1350 4791 4803 4809 4797 4792 4804 4810 4798 
1351 4792 4804 4810 4798 4793 4805 4811 4799 
1352 4793 4805 4811 4799 4794 4806 4812 4800 
1353 4794 4806 4812 4800 2218 2219 2253 2252 
1354 540 542 181 180 4795 4807 2655 2654 
1355 4795 4807 2655 2654 4796 4808 2689 2688 
1356 4796 4808 2689 2688 4797 4809 2723 2722 
1357 4797 4809 2723 2722 4798 4810 2757 2756 
1358 4798 4810 2757 2756 4799 4811 2791 2790 
1359 4799 4811 2791 2790 4800 4812 2825 2824 
1360 4800 4812 2825 2824 2252 2253 393 392 
1361 145 146 543 541 2451 2452 4813 4801 
1362 2451 2452 4813 4801 2485 2486 4814 4802 
1363 2485 2486 4814 4802 2519 2520 4815 4803 
1364 2519 2520 4815 4803 2553 2554 4816 4804 
1365 2553 2554 4816 4804 2587 2588 4817 4805 
1366 2587 2588 4817 4805 2621 2622 4818 4806 
1367 2621 2622 4818 4806 357 358 2220 2219 
1368 541 543 544 542 4801 4813 4819 4807 
1369 4801 4813 4819 4807 4802 4814 4820 4808 
1370 4802 4814 4820 4808 4803 4815 4821 4809 
1371 4803 4815 4821 4809 4804 4816 4822 4810 
1372 4804 4816 4822 4810 4805 4817 4823 4811 
1373 4805 4817 4823 4811 4806 4818 4824 4812 
1374 4806 4818 4824 4812 2219 2220 2254 2253 
1375 542 544 182 181 4807 4819 2656 2655 
1376 4807 4819 2656 2655 4808 4820 2690 2689 
1377 4808 4820 2690 2689 4809 4821 2724 2723 
1378 4809 4821 2724 2723 4810 4822 2758 2757 
1379 4810 4822 2758 2757 4811 4823 2792 2791 
1380 4811 4823 2792 2791 4812 4824 2826 2825 
1381 4812 4824 2826 2825 2253 2254 394 393 
1382 146 147 545 543 2452 2453 4825 4813 
1383 2452 2453 4825 4813 2486 2487 4826 4814 
1384 2486 2487 4826 4814 2520 2521 4827 4815 
1385 2520 2521 4827 4815 2554 2555 4828 4816 
1386 2554 2555 4828 4816 2588 2589 4829 4817 
1387 2588 2589 4829 4817 2622 2623 4830 4818 
1388 2622 2623 4830 4818 358 359 2221 2220 
1389 543 545 546 544 4813 4825 4831 4819 
1390 4813 4825 4831 4819 4814 4826 4832 4820 
1391 4814 4826 4832 4820 4815 4827 4833 4821 
1392 4815 4827 4833 4821 4816 4828 4834 4822 
1393 4816 4828 4834 4822 4817 4829 4835 4823 
1394 4817 4829 4835 4823 4818 4830 4836 4824 
1395 4818 4830 4836 4824 2220 2221 2255 2254 
1396 544 546 183 182 4819 4831 2657 2656 
1397 4819 4831 2657 2656 4820 4832 2691 2690 
1398 4820 4832 2691 2690 4821 4833 2725 2724 
1399 4821 4833 2725 2724 4822 4834 2759 2758 
1400 4822 4834 2759 2758 4823 4835 2793 2792 
1401 4823 4835 2793 2792 4824 4836 2827 2826 
1402 4824 4836 2827 2826 2254 2255 395 394 
1403 147 148 547 545 2453 2454 4837 4825 
1404 2453 2454 4837 4825 2487 2488 4838 4826 
1405 2487 2488 4838 4826 2521 2522 4839 4827 
1406 2521 2522 4839 4827 2555 2556 4840 4828 
1407 2555 2556 4840 4828 2589 2590 4841 4829 
1408 2589 2590 4841 4829 2623 2624 4842 4830 
1409 2623 2624 4842 4830 359 360 2222 2221 
1410 545 547 548 546 4825 4837 4843 4831 
1411 4825 4837 4843 4831 4826 4838 4844 4832 
1412 4826 4838 4844 4832 4827 4839 4845 4833 
1413 4827 4839 4845 4833 4828 4840 4846 4834 
1414 4828 4840 4846 4834 4829 4841 4847 4835 
1415 4829 4841 4847 4835 4830 4842 4848 4836 
1416 4830 4842 4848 4836 2221 2222 2256 2255 
1417 546 548 184 183 4831 4843 2658 2657 
1418 4831 4843 2658 2657 4832 4844 2692 2691 
1419 4832 4844 2692 2691 4833 4845 2726 2725 
1420 4833 4845 2726 2725 4834 4846 2760 2759 
1421 4834 4846 2760 2759 4835 4847 2794 2793 
1422 4835 4847 2794 2793 4836 4848 2828 2827 
1423 4836 4848 2828 2827 2255 2256 396 395 
1424 148 9 219 547 2454 457 2373 4837 
1425 2454 457 2373 4837 2488 458 2375 4838 
1426 2488 458 2375 4838 2522 459 2377 4839 
1427 2522 459 2377 4839 2556 460 2379 4840 
1428 2556 460 2379 4840 2590 461 2381 4841 
1429 2590 461 2381 4841 2624 462 2383 4842 
1430 2624 462 2383 4842 360 23 431 2222 
1431 547 219 220 548 4837 2373 2374 4843 
1432 4837 2373 2374 4843 4838 2375 2376 4844 
1433 4838 2375 2376 4844 4839 2377 2378 4845 
1434 4839 2377 2378 4845 4840 2379 2380 4846 
1435 4840 2379 2380 4846 4841 2381 2382 4847 
1436 4841 2381 2382 4847 4842 2383 2384 4848 
1437 4842 2383 2384 4848 2222 431 432 2256 
1438 548 220 11 184 4843 2374 463 2658 
1439 4843 2374 463 2658 4844 2376 464 2692 
1440 4844 2376 464 2692 4845 2378 465 2726 
1441 4845 2378 465 2726 4846 2380 466 2760 
1442 4846 2380 466 2760 4847 2382 467 2794 
1443 4847 2382 467 2794 4848 2384 468 2828 
1444 4848 2384 468 2828 2256 432 24 396 
3 80 5 735
1445 5 223 617 58 445 3033 4849 2349 
1446 445 3033 4849 2349 446 3067 4850 2350 
1447 446 3067 4850 2350 447 3101 4851 2351 
1448 447 3101 4851 2351 448 3135 4852 2352 
1449 448 3135 4852 2352 449 3169 4853 2353 
1450 449 3169 4853 2353 450 3203 4854 2354 
1451 450 3203 4854 2354 16 218 2257 221 
1452 58 617 618 59 2349 4849 4855 2355 
1453 2349 4849 4855 2355 2350 4850 4856 2356 
1454 2350 4850 4856 2356 2351 4851 4857 2357 
1455 2351 4851 4857 2357 2352 4852 4858 2358 
1456 2352 4852 4858 2358 2353 4853 4859 2359 
1457 2353 4853 4859 2359 2354 4854 4860 2360 
1458 2354 4854 4860 2360 221 2257 2291 222 
1459 59 618 263 7 2355 4855 2829 451 
1460 2355 4855 2829 451 2356 4856 2863 452 
1461 2356 4856 2863 452 2357 4857 2897 453 
1462 2357 4857 2897 453 2358 4858 2931 454 
1463 2358 4858 2931 454 2359 4859 2965 455 
1464 2359 4859 2965 455 2360 4860 2999 456 
1465 2360 4860 2999 456 222 2291 81 10 
1466 223 224 619 617 3033 3034 4861 4849 
1467 3033 3034 4861 4849 3067 3068 4862 4850 
1468 3067 3068 4862 4850 3101 3102 4863 4851 
1469 3101 3102 4863 4851 3135 3136 4864 4852 
1470 3135 3136 4864 4852 3169 3170 4865 4853 
1471 3169 3170 4865 4853 3203 3204 4866 4854 
1472 3203 3204 4866 4854 218 217 2258 2257 
1473 617 619 620 618 4849 4861 4867 4855 
1474 4849 4861 4867 4855 4850 4862 4868 4856 
1475 4850 4862 4868 4856 4851 4863 4869 4857 
1476 4851 4863 4869 4857 4852 4864 4870 4858 
1477 4852 4864 4870 4858 4853 4865 4871 4859 
1478 4853 4865 4871 4859 4854 4866 4872 4860 
1479 4854 4866 4872 4860 2257 2258 2292 2291 
1480 618 620 264 263 4855 4867 2830 2829 
1481 4855 4867 2830 2829 4856 4868 2864 2863 
1482 4856 4868 2864 2863 4857 4869 2898 2897 
1483 4857 4869 2898 2897 4858 4870 2932 2931 
1484 4858 4870 2932 2931 4859 4871 2966 2965 
1485 4859 4871 2966 2965 4860 4872 3000 2999 
1486 4860 4872 3000 2999 2291 2292 82 81 
1487 224 225 621 619 3034 3035 4873 4861 
1488 3034 3035 4873 4861 3068 3069 4874 4862 
1489 3068 3069 4874 4862 3102 3103 4875 4863 
1490 3102 3103 4875 4863 3136 3137 4876 4864 
1491 3136 3137 4876 4864 3170 3171 4877 4865 
1492 3170 3171 4877 4865 3204 3205 4878 4866 
1493 3204 3205 4878 4866 217 216 2259 2258 
1494 619 621 622 620 4861 4873 4879 4867 
1495 4861 4873 4879 4867 4862 4874 4880 4868 
1496 4862 4874 4880 4868 4863 4875 4881 4869 
1497 4863 4875 4881 4869 4864 4876 4882 4870 
1498 4864 4876 4882 4870 4865 4877 4883 4871 
1499 4865 4877 4883 4871 4866 4878 4884 4872 
1500 4866 4878 4884 4872 2258 2259 2293 2292 
1501 620 622 265 264 4867 4879 2831 2830 
1502 4867 4879 2831 2830 4868 4880 2865 2864 
1503 4868 4880 2865 2864 4869 4881 2899 2898 
1504 4869 4881 2899 2898 4870 4882 2933 2932 
1505 4870 4882 2933 2932 4871 4883 2967 2966 
1506 4871 4883 2967 2966 4872 4884 3001 3000 
1507 4872 4884 3001 3000 2292 2293 83 82 
1508 225 226 623 621 3035 3036 4885 4873 
1509 3035 3036 4885 4873 3069 3070 4886 4874 
1510 3069 3070 4886 4874 3103 3104 4887 4875 
1511 3103 3104 4887 4875 3137 3138 4888 4876 
1512 3137 3138 4888 4876 3171 3172 4889 4877 
1513 3171 3172 4889 4877 3205 3206 4890 4878 
1514 3205 3206 4890 4878 216 215 2260 2259 
1515 621 623 624 622 4873 4885 4891 4879 
1516 4873 4885 4891 4879 4874 4886 4892 4880 
1517 4874 4886 4892 4880 4875 4887 4893 4881 
1518 4875 4887 4893 4881 4876 4888 4894 4882 
1519 4876 4888 4894 4882 4877 4889 4895 4883 
1520 4877 4889 4895 4883 4878 4890 4896 4884 
1521 4878 4890 4896 4884 2259 2260 2294 2293 
1522 622 624 266 265 4879 4891 2832 2831 
1523 4879 4891 2832 2831 4880 4892 2866 2865 
1524 4880 4892 2866 2865 4881 4893 2900 2899 
1525 4881 4893 2900 2899 4882 4894 2934 2933 
1526 4882 4894 2934 2933 4883 4895 2968 2967 
1527 4883 4895 2968 2967 4884 4896 3002 3001 
1528 4884 4896 3002 3001 2293 2294 84 83 
1529 226 227 625 623 3036 3037 4897 4885 
1530 3036 3037 4897 4885 3070 3071 4898 4886 
1531 3070 3071 4898 4886 3104 3105 4899 4887 
1532 3104 3105 4899 4887 3138 3139 4900 4888 
1533 3138 3139 4900 4888 3172 3173 4901 4889 
1534 3172 3173 4901 4889 3206 3207 4902 4890 
1535 3206 3207 4902 4890 215 214 2261 2260 
1536 623 625 626 624 4885 4897 4903 4891 
1537 4885 4897 4903 4891 4886 4898 4904 4892 
1538 4886 4898 4904 4892 4887 4899 4905 4893 
1539 4887 4899 4905 4893 4888 4900 4906 4894 
1540 4888 4900 4906 4894 4889 4901 4907 4895 
1541 4889 4901 4907 4895 4890 4902 4908 4896 
1542 4890 4902 4908 4896 2260 2261 2295 2294 
1543 624 626 267 266 4891 4903 2833 2832 
1544 4891 4903 2833 2832 4892 4904 2867 2866 
1545 4892 4904 2867 2866 4893 4905 2901 2900 
1546 4893 4905 2901 2900 4894 4906 2935 2934 
1547 4894 4906 2935 2934 4895 4907 2969 2968 
1548 4895 4907 2969 2968 4896 4908 3003 3002 
1549 4896 4908 3003 3002 2294 2295 85 84 
1550 227 228 627 625 3037 3038 4909 4897 
1551 3037 3038 4909 4897 3071 3072 4910 4898 
1552 3071 3072 4910 4898 3105 3106 4911 4899 
1553 3105 3106 4911 4899 3139 3140 4912 4900 
1554 3139 3140 4912 4900 3173 3174 4913 4901 
1555 3173 3174 4913 4901 3207 3208 4914 4902 
1556 3207 3208 4914 4902 214 213 2262 2261 
1557 625 627 628 626 4897 4909 4915 4903 
1558 4897 4909 4915 4903 4898 4910 4916 4904 
1559 4898 4910 4916 4904 4899 4911 4917 4905 
1560 4899 4911 4917 4905 4900 4912 4918 4906 
1561 4900 4912 4918 4906 4901 4913 4919 4907 
1562 4901 4913 4919 4907 4902 4914 4920 4908 
1563 4902 4914 4920 4908 2261 2262 2296 2295 
1564 626 628 268 267 4903 4915 2834 2833 
1565 4903 4915 2834 2833 4904 4916 2868 2867 
1566 4904 4916 2868 2867 4905 4917 2902 2901 
1567 4905 4917 2902 2901 4906 4918 2936 2935 
1568 4906 4918 2936 2935 4907 4919 2970 2969 
1569 4907 4919 2970 2969 4908 4920 3004 3003 
1570 4908 4920 3004 3003 2295 2296 86 85 
1571 228 229 629 627 3038 3039 4921 4909 
1572 3038 3039 4921 4909 3072 3073 4922 4910 
1573 3072 3073 4922 4910 3106 3107 4923 4911 
1574 3106 3107 4923 4911 3140 3141 4924 4912 
1575 3140 3141 4924 4912 3174 3175 4925 4913 
1576 3174 3175 4925 4913 3208 3209 4926 4914 
1577 3208 3209 4926 4914 213 212 2263 2262 
1578 627 629 630 628 4909 4921 4927 4915 
1579 4909 4921 4927 4915 4910 4922 4928 4916 
1580 4910 4922 4928 4916 4911 4923 4929 4917 
1581 4911 4923 4929 4917 4912 4924 4930 4918 
1582 4912 4924 4930 4918 4913 4925 4931 4919 
1583 4913 4925 4931 4919 4914 4926 4932 4920 
1584 4914 4926 4932 4920 2262 2263 2297 2296 
1585 628 630 269 268 4915 4927 2835 2834 
1586 4915 4927 2835 2834 4916 4928 2869 2868 
1587 4916 4928 2869 2868 4917 4929 2903 2902 
1588 4917 4929 2903 2902 4918 4930 2937 2936 
1589 4918 4930 2937 2936 4919 4931 2971 2970 
1590 4919 4931 2971 2970 4920 4932 3005 3004 
1591 4920 4932 3005 3004 2296 2297 87 86 
1592 229 230 631 629 3039 3040 4933 4921 
1593 3039 3040 4933 4921 3073 3074 4934 4922 
1594 3073 3074 4934 4922 3107 3108 4935 4923 
1595 3107 3108 4935 4923 3141 3142 4936 4924 
1596 3141 3142 4936 4924 3175 3176 4937 4925 
1597 3175 3176 4937 4925 3209 3210 4938 4926 
1598 3209 3210 4938 4926 212 211 2264 2263 
1599 629 631 632 630 4921 4933 4939 4927 
1600 4921 4933 4939 4927 4922 4934 4940 4928 
1601 4922 4934 4940 4928 4923 4935 4941 4929 
1602 4923 4935 4941 4929 4924 4936 4942 4930 
1603 4924 4936 4942 4930 4925 4937 4943 4931 
1604 4925 4937 4943 4931 4926 4938 4944 4932 
1605 4926 4938 4944 4932 2263 2264 2298 2297 
1606 630 632 270 269 4927 4939 2836 2835 
1607 4927 4939 2836 2835 4928 4940 2870 2869 
1608 4928 4940 2870 2869 4929 4941 2904 2903 
1609 4929 4941 2904 2903 4930 4942 2938 2937 
1610 4930 4942 2938 2937 4931 4943 2972 2971 
1611 4931 4943 2972 2971 4932 4944 3006 3005 
1612 4932 4944 3006 3005 2297 2298 88 87 
1613 230 231 633 631 3040 3041 4945 4933 
1614 3040 3041 4945 4933 3074 3075 4946 4934 
1615 3074 3075 4946 4934 3108 3109 4947 4935 
1616 3108 3109 4947 4935 3142 3143 4948 4936 
1617 3142 3143 4948 4936 3176 3177 4949 4937 
1618 3176 3177 4949 4937 3210 3211 4950 4938 
1619 3210 3211 4950 4938 211 210 2265 2264 
1620 631 633 634 632 4933 4945 4951 4939 
1621 4933 4945 4951 4939 4934 4946 4952 4940 
1622 4934 4946 4952 4940 4935 4947 4953 4941 
1623 4935 4947 4953 4941 4936 4948 4954 4942 
1624 4936 4948 4954 4942 4937 4949 4955 4943 
1625 4937 4949 4955 4943 4938 4950 4956 4944 
1626 4938 4950 4956 4944 2264 2265 2299 2298 
1627 632 634 271 270 4939 4951 2837 2836 
1628 4939 4951 2837 2836 4940 4952 2871 2870 
1629 4940 4952 2871 2870 4941 4953 2905 2904 
1630 4941 4953 2905 2904 4942 4954 2939 2938 
1631 4942 4954 2939 2938 4943 4955 2973 2972 
1632 4943 4955 2973 2972 4944 4956 3007 3006 
1633 4944 4956 3007 3006 2298 2299 89 88 
1634 231 232 635 633 3041 3042 4957 4945 
1635 3041 3042 4957 4945 3075 3076 4958 4946 
1636 3075 3076 4958 4946 3109 3110 4959 4947 
1637 3109 3110 4959 4947 3143 3144 4960 4948 
1638 3143 3144 4960 4948 3177 3178 4961 4949 
1639 3177 3178 4961 4949 3211 3212 4962 4950 
1640 3211 3212 4962 4950 210 209 2266 2265 
1641 633 635 636 634 4945 4957 4963 4951 
1642 4945 4957 4963 4951 4946 4958 4964 4952 
1643 4946 4958 4964 4952 4947 4959 4965 4953 
1644 4947 4959 4965 4953 4948 4960 4966 4954 
1645 4948 4960 4966 4954 4949 4961 4967 4955 
1646 4949 4961 4967 4955 4950 4962 4968 4956 
1647 4950 4962 4968 4956 2265 2266 2300 2299 
1648 634 636 272 271 4951 4963 2838 2837 
1649 4951 4963 2838 2837 4952 4964 2872 2871 
1650 4952 4964 2872 2871 4953 4965 2906 2905 
1651 4953 4965 2906 2905 4954 4966 2940 2939 
1652 4954 4966 2940 2939 4955 4967 2974 2973 
1653 4955 4967 2974 2973 4956 4968 3008 3007 
1654 4956 4968 3008 3007 2299 2300 90 89 
1655 232 233 637 635 3042 3043 4969 4957 
1656 3042 3043 4969 4957 3076 3077 4970 4958 
1657 3076 3077 4970 4958 3110 3111 4971 4959 
1658 3110 3111 4971 4959 3144 3145 4972 4960 
1659 3144 3145 4972 4960 3178 3179 4973 4961 
1660 3178 3179 4973 4961 3212 3213 4974 4962 
1661 3212 3213 4974 4962 209 208 2267 2266 
1662 635 637 638 636 4957 4969 4975 4963 
1663 4957 4969 4975 4963 4958 4970 4976 4964 
1664 4958 4970 4976 4964 4959 4971 4977 4965 
1665 4959 4971 4977 4965 4960 4972 4978 4966 
1666 4960 4972 4978 4966 4961 4973 4979 4967 
1667 4961 4973 4979 4967 4962 4974 4980 4968 
1668 4962 4974 4980 4968 2266 2267 2301 2300 
1669 636 638 273 272 4963 4975 2839 2838 
1670 4963 4975 2839 2838 4964 4976 2873 2872 
1671 4964 4976 2873 2872 4965 4977 2907 2906 
1672 4965 4977 2907 2906 4966 4978 2941 2940 
1673 4966 4978 2941 2940 4967 4979 2975 2974 
1674 4967 4979 2975 2974 4968 4980 3009 3008 
1675 4968 4980 3009 3008 2300 2301 91 90 
1676 233 234 639 637 3043 3044 4981 4969 
1677 3043 3044 4981 4969 3077 3078 4982 4970 
1678 3077 3078 4982 4970 3111 3112 4983 4971 
1679 3111 3112 4983 4971 3145 3146 4984 4972 
1680 3145 3146 4984 4972 3179 3180 4985 4973 
1681 3179 3180 4985 4973 3213 3214 4986 4974 
1682 3213 3214 4986 4974 208 207 2268 2267 
1683 637 639 640 638 4969 4981 4987 4975 
1684 4969 4981 4987 4975 4970 4982 4988 4976 
1685 4970 4982 4988 4976 4971 4983 4989 4977 
1686 4971 4983 4989 4977 4972 4984 4990 4978 
1687 4972 4984 4990 4978 4973 4985 4991 4979 
1688 4973 4985 4991 4979 4974 4986 4992 4980 
1689 4974 4986 4992 4980 2267 2268 2302 2301 
1690 638 640 274 273 4975 4987 2840 2839 
1691 4975 4987 2840 2839 4976 4988 2874 2873 
1692 4976 4988 2874 2873 4977 4989 2908 2907 
1693 4977 4989 2908 2907 4978 4990 2942 2941 
1694 4978 4990 2942 2941 4979 4991 2976 2975 
1695 4979 4991 2976 2975 4980 4992 3010 3009 
1696 4980 4992 3010 3009 2301 2302 92 91 
1697 234 235 641 639 3044 3045 4993 4981 
1698 3044 3045 4993 4981 3078 3079 4994 4982 
1699 3078 3079 4994 4982 3112 3113 4995 4983 
1700 3112 3113 4995 4983 3146 3147 4996 4984 
1701 3146 3147 4996 4984 3180 3181 4997 4985 
1702 3180 3181 4997 4985 3214 3215 4998 4986 
1703 3214 3215 4998 4986 207 206 2269 2268 
1704 639 641 642 640 4981 4993 4999 4987 
1705 4981 4993 4999 4987 4982 4994 5000 4988 
1706 4982 4994 5000 4988 4983 4995 5001 4989 
1707 4983 4995 5001 4989 4984 4996 5002 4990 
1708 4984 4996 5002 4990 4985 4997 5003 4991 
1709 4985 4997 5003 4991 4986 4998 5004 4992 
1710 4986 4998 5004 4992 2268 2269 2303 2302 
1711 640 642 275 274 4987 4999 2841 2840 
1712 4987 4999 2841 2840 4988 5000 2875 2874 
1713 4988 5000 2875 2874 4989 5001 2909 2908 
1714 4989 5001 2909 2908 4990 5002 2943 2942 
1715 4990 5002 2943 2942 4991 5003 2977 2976 
1716 4991 5003 2977 2976 4992 5004 3011 3010 
1717 4992 5004 3011 3010 2302 2303 93 92 
1718 235 236 643 641 3045 3046 5005 4993 
1719 3045 3046 5005 4993 3079 3080 5006 4994 
1720 3079 3080 5006 4994 3113 3114 5007 4995 
1721 3113 3114 5007 4995 3147 3148 5008 4996 
1722 3147 3148 5008 4996 3181 3182 5009 4997 
1723 3181 3182 5009 4997 3215 3216 5010 4998 
1724 3215 3216 5010 4998 206 205 2270 2269 
1725 641 643 644 642 4993 5005 5011 4999 
1726 4993 5005 5011 4999 4994 5006 5012 5000 
1727 4994 5006 5012 5000 4995 5007 5013 5001 
1728 4995 5007 5013 5001 4996 5008 5014 5002 
1729 4996 5008 5014 5002 4997 5009 5015 5003 
1730 4997 5009 5015 5003 4998 5010 5016 5004 
1731 4998 5010 5016 5004 2269 2270 2304 2303 
1732 642 644 276 275 4999 5011 2842 2841 
1733 4999 5011 2842 2841 5000 5012 2876 2875 
1734 5000 5012 2876 2875 5001 5013 2910 2909 
1735 5001 5013 2910 2909 5002 5014 2944 2943 
1736 5002 5014 2944 2943 5003 5015 2978 2977 
1737 5003 5015 2978 2977 5004 5016 3012 3011 
1738 5004 5016 3012 3011 2303 2304 94 93 
1739 236 237 645 643 3046 3047 5017 5005 
1740 3046 3047 5017 5005 3080 3081 5018 5006 
1741 3080 3081 5018 5006 3114 3115 5019 5007 
1742 3114 3115 5019 5007 3148 3149 5020 5008 
1743 3148 3149 5020 5008 3182 3183 5021 5009 
1744 3182 3183 5021 5009 3216 3217 5022 5010 
1745 3216 3217 5022 5010 205 204 2271 2270 
1746 643 645 646 644 5005 5017 5023 5011 
1747 5005 5017 5023 5011 5006 5018 5024 5012 
1748 5006 5018 5024 5012 5007 5019 5025 5013 
1749 5007 5019 5025 5013 5008 5020 5026 5014 
1750 5008 5020 5026 5014 5009 5021 5027 5015 
1751 5009 5021 5027 5015 5010 5022 5028 5016 
1752 5010 5022 5028 5016 2270 2271 2305 2304 
1753 644 646 277 276 5011 5023 2843 2842 
1754 5011 5023 2843 2842 5012 5024 2877 2876 
1755 5012 5024 2877 2876 5013 5025 2911 2910 
1756 5013 5025 2911 2910 5014 5026 2945 2944 
1757 5014 5026 2945 2944 5015 5027 2979 2978 
1758 5015 5027 2979 2978 5016 5028 3013 3012 
1759 5016 5028 3013 3012 2304 2305 95 94 
1760 237 238 647 645 3047 3048 5029 5017 
1761 3047 3048 5029 5017 3081 3082 5030 5018 
1762 3081 3082 5030 5018 3115 3116 5031 5019 
1763 3115 3116 5031 5019 3149 3150 5032 5020 
1764 3149 3150 5032 5020 3183 3184 5033 5021 
1765 3183 3184 5033 5021 3217 3218 5034 5022 
1766 3217 3218 5034 5022 204 203 2272 2271 
1767 645 647 648 646 5017 5029 5035 5023 
1768 5017 5029 5035 5023 5018 5030 5036 5024 
1769 5018 5030 5036 5024 5019 5031 5037 5025 
1770 5019 5031 5037 5025 5020 5032 5038 5026 
1771 5020 5032 5038 5026 5021 5033 5039 5027 
1772 5021 5033 5039 5027 5022 5034 5040 5028 
1773 5022 5034 5040 5028 2271 2272 2306 2305 
1774 646 648 278 277 5023 5035 2844 2843 
1775 5023 5035 2844 2843 5024 5036 2878 2877 
1776 5024 5036 2878 2877 5025 5037 2912 2911 
1777 5025 5037 2912 2911 5026 5038 2946 2945 
1778 5026 5038 2946 2945 5027 5039 2980 2979 
1779 5027 5039 2980 2979 5028 5040 3014 3013 
1780 5028 5040 3014 3013 2305 2306 96 95 
1781 238 239 649 647 3048 3049 5041 5029 
1782 3048 3049 5041 5029 3082 3083 5042 5030 
1783 3082 3083 5042 5030 3116 3117 5043 5031 
1784 3116 3117 5043 5031 3150 3151 5044 5032 
1785 3150 3151 5044 5032 3184 3185 5045 5033 
1786 3184 3185 5045 5033 3218 3219 5046 5034 
1787 3218 3219 5046 5034 203 202 2273 2272 
1788 647 649 650 648 5029 5041 5047 5035 
1789 5029 5041 5047 5035 5030 5042 5048 5036 
1790 5030 5042 5048 5036 5031 5043 5049 5037 
1791 5031 5043 5049 5037 5032 5044 5050 5038 
1792 5032 5044 5050 5038 5033 5045 5051 5039 
1793 5033 5045 5051 5039 5034 5046 5052 5040 
1794 5034 5046 5052 5040 2272 2273 2307 2306 
1795 648 650 279 278 5035 5047 2845 2844 
1796 5035 5047 2845 2844 5036 5048 2879 2878 
1797 5036 5048 2879 2878 5037 5049 2913 2912 
1798 5037 5049 2913 2912 5038 5050 2947 2946 
1799 5038 5050 2947 2946 5039 5051 2981 2980 
1800 5039 5051 2981 2980 5040 5052 3015 3014 
1801 5040 5052 3015 3014 2306 2307 97 96 
1802 239 240 651 649 3049 3050 5053 5041 
1803 3049 3050 5053 5041 3083 3084 5054 5042 
1804 3083 3084 5054 5042 3117 3118 5055 5043 
1805 3117 3118 5055 5043 3151 3152 5056 5044 
1806 3151 3152 5056 5044 3185 3186 5057 5045 
1807 3185 3186 5057 5045 3219 3220 5058 5046 
1808 3219 3220 5058 5046 202 201 2274 2273 
1809 649 651 652 650 5041 5053 5059 5047 
1810 5041 5053 5059 5047 5042 5054 5060 5048 
1811 5042 5054 5060 5048 5043 5055 5061 5049 
1812 5043 5055 5061 5049 5044 5056 5062 5050 
1813 5044 5056 5062 5050 5045 5057 5063 5051 
1814 5045 5057 5063 5051 5046 5058 5064 5052 
1815 5046 5058 5064 5052 2273 2274 2308 2307 
1816 650 652 280 279 5047 5059 2846 2845 
1817 5047 5059 2846 2845 5048 5060 2880 2879 
1818 5048 5060 2880 2879 5049 5061 2914 2913 
1819 5049 5061 2914 2913 5050 5062 2948 2947 
1820 5050 5062 2948 2947 5051 5063 2982 2981 
1821 5051 5063 2982 2981 5052 5064 3016 3015 
1822 5052 5064 3016 3015 2307 2308 98 97 
1823 240 241 653 651 3050 3051 5065 5053 
1824 3050 3051 5065 5053 3084 3085 5066 5054 
1825 3084 3085 5066 5054 3118 3119 5067 5055 
1826 3118 3119 5067 5055 3152 3153 5068 5056 
1827 3152 3153 5068 5056 3186 3187 5069 5057 
1828 3186 3187 5069 5057 3220 3221 5070 5058 
1829 3220 3221 5070 5058 201 200 2275 2274 
1830 651 653 654 652 5053 5065 5071 5059 
1831 5053 5065 5071 5059 5054 5066 5072 5060 
1832 5054 5066 5072 5060 5055 5067 5073 5061 
1833 5055 5067 5073 5061 5056 5068 5074 5062 
1834 5056 5068 5074 5062 5057 5069 5075 5063 
1835 5057 5069 5075 5063 5058 5070 5076 5064 
1836 5058 5070 5076 5064 2274 2275 2309 2308 
1837 652 654 281 280 5059 5071 2847 2846 
1838 5059 5071 2847 2846 5060 5072 2881 2880 
1839 5060 5072 2881 2880 5061 5073 2915 2914 
1840 5061 5073 2915 2914 5062 5074 2949 2948 
1841 5062 5074 2949 2948 5063 5075 2983 2982 
1842 5063 5075 2983 2982 5064 5076 3017 3016 
1843 5064 5076 3017 3016 2308 2309 99 98 
1844 241 242 655 653 3051 3052 5077 5065 
1845 3051 3052 5077 5065 3085 3086 5078 5066 
1846 3085 3086 5078 5066 3119 3120 5079 5067 
1847 3119 3120 5079 5067 3153 3154 5080 5068 
1848 3153 3154 5080 5068 3187 3188 5081 5069 
1849 3187 3188 5081 5069 3221 3222 5082 5070 
1850 3221 3222 5082 5070 200 199 2276 2275 
1851 653 655 656 654 5065 5077 5083 5071 
1852 5065 5077 5083 5071 5066 5078 5084 5072 
1853 5066 5078 5084 5072 5067 5079 5085 5073 
1854 5067 5079 5085 5073 5068 5080 5086 5074 
1855 5068 5080 5086 5074 5069 5081 5087 5075 
1856 5069 5081 5087 5075 5070 5082 5088 5076 
1857 5070 5082 5088 5076 2275 2276 2310 2309 
1858 654 656 282 281 5071 5083 2848 2847 
1859 5071 5083 2848 2847 5072 5084 2882 2881 
1860 5072 5084 2882 2881 5073 5085 2916 2915 
1861 5073 5085 2916 2915 5074 5086 2950 2949 
1862 5074 5086 2950 2949 5075 5087 2984 2983 
1863 5075 5087 2984 2983 5076 5088 3018 3017 
1864 5076 5088 3018 3017 2309 2310 100 99 
1865 242 243 657 655 3052 3053 5089 5077 
1866 3052 3053 5089 5077 3086 3087 5090 5078 
1867 3086 3087 5090 5078 3120 3121 5091 5079 
1868 3120 3121 5091 5079 3154 3155 5092 5080 
1869 3154 3155 5092 5080 3188 3189 5093 5081 
1870 3188 3189 5093 5081 3222 3223 5094 5082 
1871 3222 3223 5094 5082 199 198 2277 2276 
1872 655 657 658 656 5077 5089 5095 5083 
1873 5077 5089 5095 5083 5078 5090 5096 5084 
1874 5078 5090 5096 5084 5079 5091 5097 5085 
1875 5079 5091 5097 5085 5080 5092 5098 5086 
1876 5080 5092 5098 5086 5081 5093 5099 5087 
1877 5081 5093 5099 5087 5082 5094 5100 5088 
1878 5082 5094 5100 5088 2276 2277 2311 2310 
1879 656 658 283 282 5083 5095 2849 2848 
1880 5083 5095 2849 2848 5084 5096 2883 2882 
1881 5084 5096 2883 2882 5085 5097 2917 2916 
1882 5085 5097 2917 2916 5086 5098 2951 2950 
1883 5086 5098 2951 2950 5087 5099 2985 2984 
1884 5087 5099 2985 2984 5088 5100 3019 3018 
1885 5088 5100 3019 3018 2310 2311 101 100 
1886 243 244 659 657 3053 3054 5101 5089 
1887 3053 3054 5101 5089 3087 3088 5102 5090 
1888 3087 3088 5102 5090 3121 3122 5103 5091 
1889 3121 3122 5103 5091 3155 3156 5104 5092 
1890 3155 3156 5104 5092 3189 3190 5105 5093 
1891 3189 3190 5105 5093 3223 3224 5106 5094 
1892 3223 3224 5106 5094 198 197 2278 2277 
1893 657 659 660 658 5089 5101 5107 5095 
1894 5089 5101 5107 5095 5090 5102 5108 5096 
1895 5090 5102 5108 5096 5091 5103 5109 5097 
1896 5091 5103 5109 5097 5092 5104 5110 5098 
1897 5092 5104 5110 5098 5093 5105 5111 5099 
1898 5093 5105 5111 5099 5094 5106 5112 5100 
1899 5094 5106 5112 5100 2277 2278 2312 2311 
1900 658 660 284 283 5095 5107 2850 2849 
1901 5095 5107 2850 2849 5096 5108 2884 2883 
1902 5096 5108 2884 2883 5097 5109 2918 2917 
1903 5097 5109 2918 2917 5098 5110 2952 2951 
1904 5098 5110 2952 2951 5099 5111 2986 2985 
1905 5099 5111 2986 2985 5100 5112 3020 3019 
1906 5100 5112 3020 3019 2311 2312 102 101 
1907 244 245 661 659 3054 3055 5113 5101 
1908 3054 3055 5113 5101 3088 3089 5114 5102 
1909 3088 3089 5114 5102 3122 3123 5115 5103 
1910 3122 3123 5115 5103 3156 3157 5116 5104 
1911 3156 3157 5116 5104 3190 3191 5117 5105 
1912 3190 3191 5117 5105 3224 3225 5118 5106 
1913 3224 3225 5118 5106 197 196 2279 2278 
1914 659 661 662 660 5101 5113 5119 5107 
1915 5101 5113 5119 5107 5102 5114 5120 5108 
1916 5102 5114 5120 5108 5103 5115 5121 5109 
1917 5103 5115 5121 5109 5104 5116 5122 5110 
1918 5104 5116 5122 5110 5105 5117 5123 5111 
1919 5105 5117 5123 5111 5106 5118 5124 5112 
1920 5106 5118 5124 5112 2278 2279 2313 2312 
1921 660 662 285 284 5107 5119 2851 2850 
1922 5107 5119 2851 2850 5108 5120 2885 2884 
1923 5108 5120 2885 2884 5109 5121 2919 2918 
1924 5109 5121 2919 2918 5110 5122 2953 2952 
1925 5110 5122 2953 2952 5111 5123 2987 2986 
1926 5111 5123 2987 2986 5112 5124 3021 3020 
1927 5112 5124 3021 3020 2312 2313 103 102 
1928 245 246 663 661 3055 3056 5125 5113 
1929 3055 3056 5125 5113 3089 3090 5126 5114 
1930 3089 3090 5126 5114 3123 3124 5127 5115 
1931 3123 3124 5127 5115 3157 3158 5128 5116 
1932 3157 3158 5128 5116 3191 3192 5129 5117 
1933 3191 3192 5129 5117 3225 3226 5130 5118 
1934 3225 3226 5130 5118 196 195 2280 2279 
1935 661 663 664 662 5113 5125 5131 5119 
1936 5113 5125 5131 5119 5114 5126 5132 5120 
1937 5114 5126 5132 5120 5115 5127 5133 5121 
1938 5115 5127 5133 5121 5116 5128 5134 5122 
1939 5116 5128 5134 5122 5117 5129 5135 5123 
1940 5117 5129 5135 5123 5118 5130 5136 5124 
1941 5118 5130 5136 5124 2279 2280 2314 2313 
1942 662 664 286 285 5119 5131 2852 2851 
1943 5119 5131 2852 2851 5120 5132 2886 2885 
1944 5120 5132 2886 2885 5121 5133 2920 2919 
1945 5121 5133 2920 2919 5122 5134 2954 2953 
1946 5122 5134 2954 2953 5123 5135 2988 2987 
1947 5123 5135 2988 2987 5124 5136 3022 3021 
1948 5124 5136 3022 3021 2313 2314 104 103 
1949 246 247 665 663 3056 3057 5137 5125 
1950 3056 3057 5137 5125 3090 3091 5138 5126 
1951 3090 3091 5138 5126 3124 3125 5139 5127 
1952 3124 3125 5139 5127 3158 3159 5140 5128 
1953 3158 3159 5140 5128 3192 3193 5141 5129 
1954 3192 3193 5141 5129 3226 3227 5142 5130 
1955 3226 3227 5142 5130 195 194 2281 2280 
1956 663 665 666 664 5125 5137 5143 5131 
1957 5125 5137 5143 5131 5126 5138 5144 5132 
1958 5126 5138 5144 5132 5127 5139 5145 5133 
1959 5127 5139 5145 5133 5128 5140 5146 5134 
1960 5128 5140 5146 5134 5129 5141 5147 5135 
1961 5129 5141 5147 5135 5130 5142 5148 5136 
1962 5130 5142 5148 5136 2280 2281 2315 2314 
1963 664 666 287 286 5131 5143 2853 2852 
1964 5131 5143 2853 2852 5132 5144 2887 2886 
1965 5132 5144 2887 2886 5133 5145 2921 2920 
1966 5133 5145 2921 2920 5134 5146 2955 2954 
1967 5134 5146 2955 2954 5135 5147 2989 2988 
1968 5135 5147 2989 2988 5136 5148 3023 3022 
1969 5136 5148 3023 3022 2314 2315 105 104 
1970 247 248 667 665 3057 3058 5149 5137 
1971 3057 3058 5149 5137 3091 3092 5150 5138 
1972 3091 3092 5150 5138 3125 3126 5151 5139 
1973 3125 3126 5151 5139 3159 3160 5152 5140 
1974 3159 3160 5152 5140 3193 3194 5153 5141 
1975 3193 3194 5153 5141 3227 3228 5154 5142 
1976 3227 3228 5154 5142 194 193 2282 2281 
1977 665 667 668 666 5137 5149 5155 5143 
1978 5137 5149 5155 5143 5138 5150 5156 5144 
1979 5138 5150 5156 5144 5139 5151 5157 5145 
1980 5139 5151 5157 5145 5140 5152 5158 5146 
1981 5140 5152 5158 5146 5141 5153 5159 5147 
1982 5141 5153 5159 5147 5142 5154 5160 5148 
1983 5142 5154 5160 5148 2281 2282 2316 2315 
1984 666 668 288 287 5143 5155 2854 2853 
1985 5143 5155 2854 2853 5144 5156 2888 2887 
1986 5144 5156 2888 2887 5145 5157 2922 2921 
1987 5145 5157 2922 2921 5146 5158 2956 2955 
1988 5146 5158 2956 2955 5147 5159 2990 2989 
1989 5147 5159 2990 2989 5148 5160 3024 3023 
1990 5148 5160 3024 3023 2315 2316 106 105 
1991 248 249 669 667 3058 3059 5161 5149 
1992 3058 3059 5161 5149 3092 3093 5162 5150 
1993 3092 3093 5162 5150 3126 3127 5163 5151 
1994 3126 3127 5163 5151 3160 3161 5164 5152 
1995 3160 3161 5164 5152 3194 3195 5165 5153 
1996 3194 3195 5165 5153 3228 3229 5166 5154 
1997 3228 3229 5166 5154 193 192 2283 2282 
1998 667 669 670 668 5149 5161 5167 5155 
1999 5149 5161 5167 5155 5150 5162 5168 5156 
2000 5150 5162 5168 5156 5151 5163 5169 5157 
2001 5151 5163 5169 5157 5152 5164 5170 5158 
2002 5152 5164 5170 5158 5153 5165 5171 5159 
2003 5153 5165 5171 5159 5154 5166 5172 5160 
2004 5154 5166 5172 5160 2282 2283 2317 2316 
2005 668 670 289 288 5155 5167 2855 2854 
2006 5155 5167 2855 2854 5156 5168 2889 2888 
2007 5156 5168 2889 2888 5157 5169 2923 2922 
2008 5157 5169 2923 2922 5158 5170 2957 2956 
2009 5158 5170 2957 2956 5159 5171 2991 2990 
2010 5159 5171 2991 2990 5160 5172 3025 3024 
2011 5160 5172 3025 3024 2316 2317 107 106 
2012 249 250 671 669 3059 3060 5173 5161 
2013 3059 3060 5173 5161 3093 3094 5174 5162 
2014 3093 3094 5174 5162 3127 3128 5175 5163 
2015 3127 3128 5175 5163 3161 3162 5176 5164 
2016 3161 3162 5176 5164 3195 3196 5177 5165 
2017 3195 3196 5177 5165 3229 3230 5178 5166 
2018 3229 3230 5178 5166 192 191 2284 2283 
2019 669 671 672 670 5161 5173 5179 5167 
2020 5161 5173 5179 5167 5162 5174 5180 5168 
2021 5162 5174 5180 5168 5163 5175 5181 5169 
2022 5163 5175 5181 5169 5164 5176 5182 5170 
2023 5164 5176 5182 5170 5165 5177 5183 5171 
2024 5165 5177 5183 5171 5166 5178 5184 5172 
2025 5166 5178 5184 5172 2283 2284 2318 2317 
2026 670 672 290 289 5167 5179 2856 2855 
2027 5167 5179 2856 2855 5168 5180 2890 2889 
2028 5168 5180 2890 2889 5169 5181 2924 2923 
2029 5169 5181 2924 2923 5170 5182 2958 2957 
2030 5170 5182 2958 2957 5171 5183 2992 2991 
2031 5171 5183 2992 2991 5172 5184 3026 3025 
2032 5172 5184 3026 3025 2317 2318 108 107 
2033 250 251 673 671 3060 3061 5185 5173 
2034 3060 3061 5185 5173 3094 3095 5186 5174 
2035 3094 3095 5186 5174 3128 3129 5187 5175 
2036 3128 3129 5187 5175 3162 3163 5188 5176 
2037 3162 3163 5188 5176 3196 3197 5189 5177 
2038 3196 3197 5189 5177 3230 3231 5190 5178 
2039 3230 3231 5190 5178 191 190 2285 2284 
2040 671 673 674 672 5173 5185 5191 5179 
2041 5173 5185 5191 5179 5174 5186 5192 5180 
2042 5174 5186 5192 5180 5175 5187 5193 5181 
2043 5175 5187 5193 5181 5176 5188 5194 5182 
2044 5176 5188 5194 5182 5177 5189 5195 5183 
2045 5177 5189 5195 5183 5178 5190 5196 5184 
2046 5178 5190 5196 5184 2284 2285 2319 2318 
2047 672 674 291 290 5179 5191 2857 2856 
2048 5179 5191 2857 2856 5180 5192 2891 2890 
2049 5180 5192 2891 2890 5181 5193 2925 2924 
2050 5181 5193 2925 2924 5182 5194 2959 2958 
2051 5182 5194 2959 2958 5183 5195 2993 2992 
2052 5183 5195 2993 2992 5184 5196 3027 3026 
2053 5184 5196 3027 3026 2318 2319 109 108 
2054 251 252 675 673 3061 3062 5197 5185 
2055 3061 3062 5197 5185 3095 3096 5198 5186 
2056 3095 3096 5198 5186 3129 3130 5199 5187 
2057 3129 3130 5199 5187 3163 3164 5200 5188 
2058 3163 3164 5200 5188 3197 3198 5201 5189 
2059 3197 3198 5201 5189 3231 3232 5202 5190 
2060 3231 3232 5202 5190 190 189 2286 2285 
2061 673 675 676 674 5185 5197 5203 5191 
2062 5185 5197 5203 5191 5186 5198 5204 5192 
2063 5186 5198 5204 5192 5187 5199 5205 5193 
2064 5187 5199 5205 5193 5188 5200 5206 5194 
2065 5188 5200 5206 5194 5189 5201 5207 5195 
2066 5189 5201 5207 5195 5190 5202 5208 5196 
2067 5190 5202 5208 5196 2285 2286 2320 2319 
2068 674 676 292 291 5191 5203 2858 2857 
2069 5191 5203 2858 2857 5192 5204 2892 2891 
2070 5192 5204 2892 2891 5193 5205 2926 2925 
2071 5193 5205 2926 2925 5194 5206 2960 2959 
2072 5194 5206 2960 2959 5195 5207 2994 2993 
2073 5195 5207 2994 2993 5196 5208 3028 3027 
2074 5196 5208 3028 3027 2319 2320 110 109 
2075 252 253 677 675 3062 3063 5209 5197 
2076 3062 3063 5209 5197 3096 3097 5210 5198 
2077 3096 3097 5210 5198 3130 3131 5211 5199 
2078 3130 3131 5211 5199 3164 3165 5212 5200 
2079 3164 3165 5212 5200 3198 3199 5213 5201 
2080 3198 3199 5213 5201 3232 3233 5214 5202 
2081 3232 3233 5214 5202 189 188 2287 2286 
2082 675 677 678 676 5197 5209 5215 5203 
2083 5197 5209 5215 5203 5198 5210 5216 5204 
2084 5198 5210 5216 5204 5199 5211 5217 5205 
2085 5199 5211 5217 5205 5200 5212 5218 5206 
2086 5200 5212 5218 5206 5201 5213 5219 5207 
2087 5201 5213 5219 5207 5202 5214 5220 5208 
2088 5202 5214 5220 5208 2286 2287 2321 2320 
2089 676 678 293 292 5203 5215 2859 2858 
2090 5203 5215 2859 2858 5204 5216 2893 2892 
2091 5204 5216 2893 2892 5205 5217 2927 2926 
2092 5205 5217 2927 2926 5206 5218 2961 2960 
2093 5206 5218 2961 2960 5207 5219 2995 2994 
2094 5207 5219 2995 2994 5208 5220 3029 3028 
2095 5208 5220 3029 3028 2320 2321 111 110 
2096 253 254 679 677 3063 3064 5221 5209 
2097 3063 3064 5221 5209 3097 3098 5222 5210 
2098 3097 3098 5222 5210 3131 3132 5223 5211 
2099 3131 3132 5223 5211 3165 3166 5224 5212 
2100 3165 3166 5224 5212 3199 3200 5225 5213 
2101 3199 3200 5225 5213 3233 3234 5226 5214 
2102 3233 3234 5226 5214 188 187 2288 2287 
2103 677 679 680 678 5209 5221 5227 5215 
2104 5209 5221 5227 5215 5210 5222 5228 5216 
2105 5210 5222 5228 5216 5211 5223 5229 5217 
2106 5211 5223 5229 5217 5212 5224 5230 5218 
2107 5212 5224 5230 5218 5213 5225 5231 5219 
2108 5213 5225 5231 5219 5214 5226 5232 5220 
2109 5214 5226 5232 5220 2287 2288 2322 2321 
2110 678 680 294 293 5215 5227 2860 2859 
2111 5215 5227 2860 2859 5216 5228 2894 2893 
2112 5216 5228 2894 2893 5217 5229 2928 2927 
2113 5217 5229 2928 2927 5218 5230 2962 2961 
2114 5218 5230 2962 2961 5219 5231 2996 2995 
2115 5219 5231 2996 2995 5220 5232 3030 3029 
2116 5220 5232 3030 3029 2321 2322 112 111 
2117 254 255 681 679 3064 3065 5233 5221 
2118 3064 3065 5233 5221 3098 3099 5234 5222 
2119 3098 3099 5234 5222 3132 3133 5235 5223 
2120 3132 3133 5235 5223 3166 3167 5236 5224 
2121 3166 3167 5236 5224 3200 3201 5237 5225 
2122 3200 3201 5237 5225 3234 3235 5238 5226 
2123 3234 3235 5238 5226 187 186 2289 2288 
2124 679 681 682 680 5221 5233 5239 5227 
2125 5221 5233 5239 5227 5222 5234 5240 5228 
2126 5222 5234 5240 5228 5223 5235 5241 5229 
2127 5223 5235 5241 5229 5224 5236 5242 5230 
2128 5224 5236 5242 5230 5225 5237 5243 5231 
2129 5225 5237 5243 5231 5226 5238 5244 5232 
2130 5226 5238 5244 5232 2288 2289 2323 2322 
2131 680 682 295 294 5227 5239 2861 2860 
2132 5227 5239 2861 2860 5228 5240 2895 2894 
2133 5228 5240 2895 2894 5229 5241 2929 2928 
2134 5229 5241 2929 2928 5230 5242 2963 2962 
2135 5230 5242 2963 2962 5231 5243 2997 2996 
2136 5231 5243 2997 2996 5232 5244 3031 3030 
2137 5232 5244 3031 3030 2322 2323 113 112 
2138 255 256 683 681 3065 3066 5245 5233 
2139 3065 3066 5245 5233 3099 3100 5246 5234 
2140 3099 3100 5246 5234 3133 3134 5247 5235 
2141 3133 3134 5247 5235 3167 3168 5248 5236 
2142 3167 3168 5248 5236 3201 3202 5249 5237 
2143 3201 3202 5249 5237 3235 3236 5250 5238 
2144 3235 3236 5250 5238 186 185 2290 2289 
2145 681 683 684 682 5233 5245 5251 5239 
2146 5233 5245 5251 5239 5234 5246 5252 5240 
2147 5234 5246 5252 5240 5235 5247 5253 5241 
2148 5235 5247 5253 5241 5236 5248 5254 5242 
2149 5236 5248 5254 5242 5237 5249 5255 5243 
2150 5237 5249 5255 5243 5238 5250 5256 5244 
2151 5238 5250 5256 5244 2289 2290 2324 2323 
2152 682 684 296 295 5239 5251 2862 2861 
2153 5239 5251 2862 2861 5240 5252 2896 2895 
2154 5240 5252 2896 2895 5241 5253 2930 2929 
2155 5241 5253 2930 2929 5242 5254 2964 2963 
2156 5242 5254 2964 2963 5243 5255 2998 2997 
2157 5243 5255 2998 2997 5244 5256 3032 3031 
2158 5244 5256 3032 3031 2323 2324 114 113 
2159 256 13 302 683 3066 469 2397 5245 
2160 3066 469 2397 5245 3100 470 2399 5246 
2161 3100 470 2399 5246 3134 471 2401 5247 
2162 3134 471 2401 5247 3168 472 2403 5248 
2163 3168 472 2403 5248 3202 473 2405 5249 
2164 3202 473 2405 5249 3236 474 2407 5250 
2165 3236 474 2407 5250 185 14 150 2290 
2166 683 302 303 684 5245 2397 2398 5251 
2167 5245 2397 2398 5251 5246 2399 2400 5252 
2168 5246 2399 2400 5252 5247 2401 2402 5253 
2169 5247 2401 2402 5253 5248 2403 2404 5254 
2170 5248 2403 2404 5254 5249 2405 2406 5255 
2171 5249 2405 2406 5255 5250 2407 2408 5256 
2172 5250 2407 2408 5256 2290 150 149 2324 
2173 684 303 15 296 5251 2398 475 2862 
2174 5251 2398 475 2862 5252 2400 476 2896 
2175 5252 2400 476 2896 5253 2402 477 2930 
2176 5253 2402 477 2930 5254 2404 478 2964 
2177 5254 2404 478 2964 5255 2406 479 2998 
2178 5255 2406 479 2998 5256 2408 480 3032 
2179 5256 2408 480 3032 2324 149 12 114 
3 81 5 735
2180 7 263 685 79 451 2829 5257 2361 
2181 451 2829 5257 2361 452 2863 5258 2363 
2182 452 2863 5258 2363 453 2897 5259 2365 
2183 453 2897 5259 2365 454 2931 5260 2367 
2184 454 2931 5260 2367 455 2965 5261 2369 
2185 455 2965 5261 2369 456 2999 5262 2371 
2186 456 2999 5262 2371 10 81 1447 421 
2187 79 685 686 80 2361 5257 5263 2362 
2188 2361 5257 5263 2362 2363 5258 5264 2364 
2189 2363 5258 5264 2364 2365 5259 5265 2366 
2190 2365 5259 5265 2366 2367 5260 5266 2368 
2191 2367 5260 5266 2368 2369 5261 5267 2370 
2192 2369 5261 5267 2370 2371 5262 5268 2372 
2193 2371 5262 5268 2372 421 1447 1448 422 
2194 80 686 115 1 2362 5263 2421 433 
2195 2362 5263 2421 433 2364 5264 2455 434 
2196 2364 5264 2455 434 2366 5265 2489 435 
2197 2366 5265 2489 435 2368 5266 2523 436 
2198 2368 5266 2523 436 2370 5267 2557 437 
2199 2370 5267 2557 437 2372 5268 2591 438 
2200 2372 5268 2591 438 422 1448 327 17 
2201 263 264 687 685 2829 2830 5269 5257 
2202 2829 2830 5269 5257 2863 2864 5270 5258 
2203 2863 2864 5270 5258 2897 2898 5271 5259 
2204 2897 2898 5271 5259 2931 2932 5272 5260 
2205 2931 2932 5272 5260 2965 2966 5273 5261 
2206 2965 2966 5273 5261 2999 3000 5274 5262 
2207 2999 3000 5274 5262 81 82 1449 1447 
2208 685 687 688 686 5257 5269 5275 5263 
2209 5257 5269 5275 5263 5258 5270 5276 5264 
2210 5258 5270 5276 5264 5259 5271 5277 5265 
2211 5259 5271 5277 5265 5260 5272 5278 5266 
2212 5260 5272 5278 5266 5261 5273 5279 5267 
2213 5261 5273 5279 5267 5262 5274 5280 5268 
2214 5262 5274 5280 5268 1447 1449 1450 1448 
2215 686 688 116 115 5263 5275 2422 2421 
2216 5263 5275 2422 2421 5264 5276 2456 2455 
2217 5264 5276 2456 2455 5265 5277 2490 2489 
2218 5265 5277 2490 2489 5266 5278 2524 2523 
2219 5266 5278 2524 2523 5267 5279 2558 2557 
2220 5267 5279 2558 2557 5268 5280 2592 2591 
2221 5268 5280 2592 2591 1448 1450 328 327 
2222 264 265 689 687 2830 2831 5281 5269 
2223 2830 2831 5281 5269 2864 2865 5282 5270 
2224 2864 2865 5282 5270 2898 2899 5283 5271 
2225 2898 2899 5283 5271 2932 2933 5284 5272 
2226 2932 2933 5284 5272 2966 2967 5285 5273 
2227 2966 2967 5285 5273 3000 3001 5286 5274 
2228 3000 3001 5286 5274 82 83 1451 1449 
2229 687 689 690 688 5269 5281 5287 5275 
2230 5269 5281 5287 5275 5270 5282 5288 5276 
2231 5270 5282 5288 5276 5271 5283 5289 5277 
2232 5271 5283 5289 5277 5272 5284 5290 5278 
2233 5272 5284 5290 5278 5273 5285 5291 5279 
2234 5273 5285 5291 5279 5274 5286 5292 5280 
2235 5274 5286 5292 5280 1449 1451 1452 1450 
2236 688 690 117 116 5275 5287 2423 2422 
2237 5275 5287 2423 2422 5276 5288 2457 2456 
2238 5276 5288 2457 2456 5277 5289 2491 2490 
2239 5277 5289 2491 2490 5278 5290 2525 2524 
2240 5278 5290 2525 2524 5279 5291 2559 2558 
2241 5279 5291 2559 2558 5280 5292 2593 2592 
2242 5280 5292 2593 2592 1450 1452 329 328 
2243 265 266 691 689 2831 2832 5293 5281 
2244 2831 2832 5293 5281 2865 2866 5294 5282 
2245 2865 2866 5294 5282 2899 2900 5295 5283 
2246 2899 2900 5295 5283 2933 2934 5296 5284 
2247 2933 2934 5296 5284 2967 2968 5297 5285 
2248 2967 2968 5297 5285 3001 3002 5298 5286 
2249 3001 3002 5298 5286 83 84 1453 1451 
2250 689 691 692 690 5281 5293 5299 5287 
2251 5281 5293 5299 5287 5282 5294 5300 5288 
2252 5282 5294 5300 5288 5283 5295 5301 5289 
2253 5283 5295 5301 5289 5284 5296 5302 5290 
2254 5284 5296 5302 5290 5285 5297 5303 5291 
2255 5285 5297 5303 5291 5286 5298 5304 5292 
2256 5286 5298 5304 5292 1451 1453 1454 1452 
2257 690 692 118 117 5287 5299 2424 2423 
2258 5287 5299 2424 2423 5288 5300 2458 2457 
2259 5288 5300 2458 2457 5289 5301 2492 2491 
2260 5289 5301 2492 2491 5290 5302 2526 2525 
2261 5290 5302 2526 2525 5291 5303 2560 2559 
2262 5291 5303 2560 2559 5292 5304 2594 2593 
2263 5292 5304 2594 2593 1452 1454 330 329 
2264 266 267 693 691 2832 2833 5305 5293 
2265 2832 2833 5305 5293 2866 2867 5306 5294 
2266 2866 2867 5306 5294 2900 2901 5307 5295 
2267 2900 2901 5307 5295 2934 2935 5308 5296 
2268 2934 2935 5308 5296 2968 2969 5309 5297 
2269 2968 2969 5309 5297 3002 3003 5310 5298 
2270 3002 3003 5310 5298 84 85 1455 1453 
2271 691 693 694 692 5293 5305 5311 5299 
2272 5293 5305 5311 5299 5294 5306 5312 5300 
2273 5294 5306 5312 5300 5295 5307 5313 5301 
2274 5295 5307 5313 5301 5296 5308 5314 5302 
2275 5296 5308 5314 5302 5297 5309 5315 5303 
2276 5297 5309 5315 5303 5298 5310 5316 5304 
2277 5298 5310 5316 5304 1453 1455 1456 1454 
2278 692 694 119 118 5299 5311 2425 2424 
2279 5299 5311 2425 2424 5300 5312 2459 2458 
2280 5300 5312 2459 2458 5301 5313 2493 2492 
2281 5301 5313 2493 2492 5302 5314 2527 2526 
2282 5302 5314 2527 2526 5303 5315 2561 2560 
2283 5303 5315 2561 2560 5304 5316 2595 2594 
2284 5304 5316 2595 2594 1454 1456 331 330 
2285 267 268 695 693 2833 2834 5317 5305 
2286 2833 2834 5317 5305 2867 2868 5318 5306 
2287 2867 2868 5318 5306 2901 2902 5319 5307 
2288 2901 2902 5319 5307 2935 2936 5320 5308 
2289 2935 2936 5320 5308 2969 2970 5321 5309 
2290 2969 2970 5321 5309 3003 3004 5322 5310 
2291 3003 3004 5322 5310 85 86 1457 1455 
2292 693 695 696 694 5305 5317 5323 5311 
2293 5305 5317 5323 5311 5306 5318 5324 5312 
2294 5306 5318 5324 5312 5307 5319 5325 5313 
2295 5307 5319 5325 5313 5308 5320 5326 5314 
2296 5308 5320 5326 5314 5309 5321 5327 5315 
2297 5309 5321 5327 5315 5310 5322 5328 5316 
2298 5310 5322 5328 5316 1455 1457 1458 1456 
2299 694 696 120 119 5311 5323 2426 2425 
2300 5311 5323 2426 2425 5312 5324 2460 2459 
2301 5312 5324 2460 2459 5313 5325 2494 2493 
2302 5313 5325 2494 2493 5314 5326 2528 2527 
2303 5314 5326 2528 2527 5315 5327 2562 2561 
2304 5315 5327 2562 2561 5316 5328 2596 2595 
2305 5316 5328 2596 2595 1456 1458 332 331 
2306 268 269 697 695 2834 2835 5329 5317 
2307 2834 2835 5329 5317 2868 2869 5330 5318 
2308 2868 2869 5330 5318 2902 2903 5331 5319 
2309 2902 2903 5331 5319 2936 2937 5332 5320 
2310 2936 2937 5332 5320 2970 2971 5333 5321 
2311 2970 2971 5333 5321 3004 3005 5334 5322 
2312 3004 3005 5334 5322 86 87 1459 1457 
2313 695 697 698 696 5317 5329 5335 5323 
2314 5317 5329 5335 5323 5318 5330 5336 5324 
2315 5318 5330 5336 5324 5319 5331 5337 5325 
2316 5319 5331 5337 5325 5320 5332 5338 5326 
2317 5320 5332 5338 5326 5321 5333 5339 5327 
2318 5321 5333 5339 5327 5322 5334 5340 5328 
2319 5322 5334 5340 5328 1457 1459 1460 1458 
2320 696 698 121 120 5323 5335 2427 2426 
2321 5323 5335 2427 2426 5324 5336 2461 2460 
2322 5324 5336 2461 2460 5325 5337 2495 2494 
2323 5325 5337 2495 2494 5326 5338 2529 2528 
2324 5326 5338 2529 2528 5327 5339 2563 2562 
2325 5327 5339 2563 2562 5328 5340 2597 2596 
2326 5328 5340 2597 2596 1458 1460 333 332 
2327 269 270 699 697 2835 2836 5341 5329 
2328 2835 2836 5341 5329 2869 2870 5342 5330 
2329 2869 2870 5342 5330 2903 2904 5343 5331 
2330 2903 2904 5343 5331 2937 2938 5344 5332 
2331 2937 2938 5344 5332 2971 2972 5345 5333 
2332 2971 2972 5345 5333 3005 3006 5346 5334 
2333 3005 3006 5346 5334 87 88 1461 1459 
2334 697 699 700 698 5329 5341 5347 5335 
2335 5329 5341 5347 5335 5330 5342 5348 5336 
2336 5330 5342 5348 5336 5331 5343 5349 5337 
2337 5331 5343 5349 5337 5332 5344 5350 5338 
2338 5332 5344 5350 5338 5333 5345 5351 5339 
2339 5333 5345 5351 5339 5334 5346 5352 5340 
2340 5334 5346 5352 5340 1459 1461 1462 1460 
2341 698 700 122 121 5335 5347 2428 2427 
2342 5335 5347 2428 2427 5336 5348 2462 2461 
2343 5336 5348 2462 2461 5337 5349 2496 2495 
2344 5337 5349 2496 2495 5338 5350 2530 2529 
2345 5338 5350 2530 2529 5339 5351 2564 2563 
2346 5339 5351 2564 2563 5340 5352 2598 2597 
2347 5340 5352 2598 2597 1460 1462 334 333 
2348 270 271 701 699 2836 2837 5353 5341 
2349 2836 2837 5353 5341 2870 2871 5354 5342 
2350 2870 2871 5354 5342 2904 2905 5355 5343 
2351 2904 2905 5355 5343 2938 2939 5356 5344 
2352 2938 2939 5356 5344 2972 2973 5357 5345 
2353 2972 2973 5357 5345 3006 3007 5358 5346 
2354 3006 3007 5358 5346 88 89 1463 1461 
2355 699 701 702 700 5341 5353 5359 5347 
2356 5341 5353 5359 5347 5342 5354 5360 5348 
2357 5342 5354 5360 5348 5343 5355 5361 5349 
2358 5343 5355 5361 5349 5344 5356 5362 5350 
2359 5344 5356 5362 5350 5345 5357 5363 5351 
2360 5345 5357 5363 5351 5346 5358 5364 5352 
2361 5346 5358 5364 5352 1461 1463 1464 1462 
2362 700 702 123 122 5347 5359 2429 2428 
2363 5347 5359 2429 2428 5348 5360 2463 2462 
2364 5348 5360 2463 2462 5349 5361 2497 2496 
2365 5349 5361 2497 2496 5350 5362 2531 2530 
2366 5350 5362 2531 2530 5351 5363 2565 2564 
2367 5351 5363 2565 2564 5352 5364 2599 2598 
2368 5352 5364 2599 2598 1462 1464 335 334 
2369 271 272 703 701 2837 2838 5365 5353 
2370 2837 2838 5365 5353 2871 2872 5366 5354 
2371 2871 2872 5366 5354 2905 2906 5367 5355 
2372 2905 2906 5367 5355 2939 2940 5368 5356 
2373 2939 2940 5368 5356 2973 2974 5369 5357 
2374 2973 2974 5369 5357 3007 3008 5370 5358 
2375 3007 3008 5370 5358 89 90 1465 1463 
2376 701 703 704 702 5353 5365 5371 5359 
2377 5353 5365 5371 5359 5354 5366 5372 5360 
2378 5354 5366 5372 5360 5355 5367 5373 5361 
2379 5355 5367 5373 5361 5356 5368 5374 5362 
2380 5356 5368 5374 5362 5357 5369 5375 5363 
2381 5357 5369 5375 5363 5358 5370 5376 5364 
2382 5358 5370 5376 5364 1463 1465 1466 1464 
2383 702 704 124 123 5359 5371 2430 2429 
2384 5359 5371 2430 2429 5360 5372 2464 2463 
2385 5360 5372 2464 2463 5361 5373 2498 2497 
2386 5361 5373 2498 2497 5362 5374 2532 2531 
2387 5362 5374 2532 2531 5363 5375 2566 2565 
2388 5363 5375 2566 2565 5364 5376 2600 2599 
2389 5364 5376 2600 2599 1464 1466 336 335 
2390 272 273 705 703 2838 2839 5377 5365 
2391 2838 2839 5377 5365 2872 2873 5378 5366 
2392 2872 2873 5378 5366 2906 2907 5379 5367 
2393 2906 2907 5379 5367 2940 2941 5380 5368 
2394 2940 2941 5380 5368 2974 2975 5381 5369 
2395 2974 2975 5381 5369 3008 3009 5382 5370 
2396 3008 3009 5382 5370 90 91 1467 1465 
2397 703 705 706 704 5365 5377 5383 5371 
2398 5365 5377 5383 5371 5366 5378 5384 5372 
2399 5366 5378 5384 5372 5367 5379 5385 5373 
2400 5367 5379 5385 5373 5368 5380 5386 5374 
2401 5368 5380 5386 5374 5369 5381 5387 5375 
2402 5369 5381 5387 5375 5370 5382 5388 5376 
2403 5370 5382 5388 5376 1465 1467 1468 1466 
2404 704 706 125 124 5371 5383 2431 2430 
2405 5371 5383 2431 2430 5372 5384 2465 2464 
2406 5372 5384 2465 2464 5373 5385 2499 2498 
2407 5373 5385 2499 2498 5374 5386 2533 2532 
2408 5374 5386 2533 2532 5375 5387 2567 2566 
2409 5375 5387 2567 2566 5376 5388 2601 2600 
2410 5376 5388 2601 2600 1466 1468 337 336 
2411 273 274 707 705 2839 2840 5389 5377 
2412 2839 2840 5389 5377 2873 2874 5390 5378 
2413 2873 2874 5390 5378 2907 2908 5391 5379 
2414 2907 2908 5391 5379 2941 2942 5392 5380 
2415 2941 2942 5392 5380 2975 2976 5393 5381 
2416 2975 2976 5393 5381 3009 3010 5394 5382 
2417 3009 3010 5394 5382 91 92 1469 1467 
2418 705 707 708 706 5377 5389 5395 5383 
2419 5377 5389 5395 5383 5378 5390 5396 5384 
2420 5378 5390 5396 5384 5379 5391 5397 5385 
2421 5379 5391 5397 5385 5380 5392 5398 5386 
2422 5380 5392 5398 5386 5381 5393 5399 5387 
2423 5381 5393 5399 5387 5382 5394 5400 5388 
2424 5382 5394 5400 5388 1467 1469 1470 1468 
2425 706 708 126 125 5383 5395 2432 2431 
2426 5383 5395 2432 2431 5384 5396 2466 2465 
2427 5384 5396 2466 2465 5385 5397 2500 2499 
2428 5385 5397 2500 2499 5386 5398 2534 2533 
2429 5386 5398 2534 2533 5387 5399 2568 2567 
2430 5387 5399 2568 2567 5388 5400 2602 2601 
2431 5388 5400 2602 2601 1468 1470 338 337 
2432 274 275 709 707 2840 2841 5401 5389 
2433 2840 2841 5401 5389 2874 2875 5402 5390 
2434 2874 2875 5402 5390 2908 2909 5403 5391 
2435 2908 2909 5403 5391 2942 2943 5404 5392 
2436 2942 2943 5404 5392 2976 2977 5405 5393 
2437 2976 2977 5405 5393 3010 3011 5406 5394 
2438 3010 3011 5406 5394 92 93 1471 1469 
2439 707 709 710 708 5389 5401 5407 5395 
2440 5389 5401 5407 5395 5390 5402 5408 5396 
2441 5390 5402 5408 5396 5391 5403 5409 5397 
2442 5391 5403 5409 5397 5392 5404 5410 5398 
2443 5392 5404 5410 5398 5393 5405 5411 5399 
2444 5393 5405 5411 5399 5394 5406 5412 5400 
2445 5394 5406 5412 5400 1469 1471 1472 1470 
2446 708 710 127 126 5395 5407 2433 2432 
2447 5395 5407 2433 2432 5396 5408 2467 2466 
2448 5396 5408 2467 2466 5397 5409 2501 2500 
2449 5397 5409 2501 2500 5398 5410 2535 2534 
2450 5398 5410 2535 2534 5399 5411 2569 2568 
2451 5399 5411 2569 2568 5400 5412 2603 2602 
2452 5400 5412 2603 2602 1470 1472 339 338 
2453 275 276 711 709 2841 2842 5413 5401 
2454 2841 2842 5413 5401 2875 2876 5414 5402 
2455 2875 2876 5414 5402 2909 2910 5415 5403 
2456 2909 2910 5415 5403 2943 2944 5416 5404 
2457 2943 2944 5416 5404 2977 2978 5417 5405 
2458 2977 2978 5417 5405 3011 3012 5418 5406 
2459 3011 3012 5418 5406 93 94 1473 1471 
2460 709 711 712 710 5401 5413 5419 5407 
2461 5401 5413 5419 5407 5402 5414 5420 5408 
2462 5402 5414 5420 5408 5403 5415 5421 5409 
2463 5403 5415 5421 5409 5404 5416 5422 5410 
2464 5404 5416 5422 5410 5405 5417 5423 5411 
2465 5405 5417 5423 5411 5406 5418 5424 5412 
2466 5406 5418 5424 5412 1471 1473 1474 1472 
2467 710 712 128 127 5407 5419 2434 2433 
2468 5407 5419 2434 2433 5408 5420 2468 2467 
2469 5408 5420 2468 2467 5409 5421 2502 2501 
2470 5409 5421 2502 2501 5410 5422 2536 2535 
2471 5410 5422 2536 2535 5411 5423 2570 2569 
2472 5411 5423 2570 2569 5412 5424 2604 2603 
2473 5412 5424 2604 2603 1472 1474 340 339 
2474 276 277 713 711 2842 2843 5425 5413 
2475 2842 2843 5425 5413 2876 2877 5426 5414 
2476 2876 2877 5426 5414 2910 2911 5427 5415 
2477 2910 2911 5427 5415 2944 2945 5428 5416 
2478 2944 2945 5428 5416 2978 2979 5429 5417 
2479 2978 2979 5429 5417 3012 3013 5430 5418 
2480 3012 3013 5430 5418 94 95 1475 1473 
2481 711 713 714 712 5413 5425 5431 5419 
2482 5413 5425 5431 5419 5414 5426 5432 5420 
2483 5414 5426 5432 5420 5415 5427 5433 5421 
2484 5415 5427 5433 5421 5416 5428 5434 5422 
2485 5416 5428 5434 5422 5417 5429 5435 5423 
2486 5417 5429 5435 5423 5418 5430 5436 5424 
2487 5418 5430 5436 5424 1473 1475 1476 1474 
2488 712 714 129 128 5419 5431 2435 2434 
2489 5419 5431 2435 2434 5420 5432 2469 2468 
2490 5420 5432 2469 2468 5421 5433 2503 2502 
2491 5421 5433 2503 2502 5422 5434 2537 2536 
2492 5422 5434 2537 2536 5423 5435 2571 2570 
2493 5423 5435 2571 2570 5424 5436 2605 2604 
2494 5424 5436 2605 2604 1474 1476 341 340 
2495 277 278 715 713 2843 2844 5437 5425 
2496 2843 2844 5437 5425 2877 2878 5438 5426 
2497 2877 2878 5438 5426 2911 2912 5439 5427 
2498 2911 2912 5439 5427 2945 2946 5440 5428 
2499 2945 2946 5440 5428 2979 2980 5441 5429 
2500 2979 2980 5441 5429 3013 3014 5442 5430 
2501 3013 3014 5442 5430 95 96 1477 1475 
2502 713 715 716 714 5425 5437 5443 5431 
2503 5425 5437 5443 5431 5426 5438 5444 5432 
2504 5426 5438 5444 5432 5427 5439 5445 5433 
2505 5427 5439 5445 5433 5428 5440 5446 5434 
2506 5428 5440 5446 5434 5429 5441 5447 5435 
2507 5429 5441 5447 5435 5430 5442 5448 5436 
2508 5430 5442 5448 5436 1475 1477 1478 1476 
2509 714 716 130 129 5431 5443 2436 2435 
2510 5431 5443 2436 2435 5432 5444 2470 2469 
2511 5432 5444 2470 2469 5433 5445 2504 2503 
2512 5433 5445 2504 2503 5434 5446 2538 2537 
2513 5434 5446 2538 2537 5435 5447 2572 2571 
2514 5435 5447 2572 2571 5436 5448 2606 2605 
2515 5436 5448 2606 2605 1476 1478 342 341 
2516 278 279 717 715 2844 2845 5449 5437 
2517 2844 2845 5449 5437 2878 2879 5450 5438 
2518 2878 2879 5450 5438 2912 2913 5451 5439 
2519 2912 2913 5451 5439 2946 2947 5452 5440 
2520 2946 2947 5452 5440 2980 2981 5453 5441 
2521 2980 2981 5453 5441 3014 3015 5454 5442 
2522 3014 3015 5454 5442 96 97 1479 1477 
2523 715 717 718 716 5437 5449 5455 5443 
2524 5437 5449 5455 5443 5438 5450 5456 5444 
2525 5438 5450 5456 5444 5439 5451 5457 5445 
2526 5439 5451 5457 5445 5440 5452 5458 5446 
2527 5440 5452 5458 5446 5441 5453 5459 5447 
2528 5441 5453 5459 5447 5442 5454 5460 5448 
2529 5442 5454 5460 5448 1477 1479 1480 1478 
2530 716 718 131 130 5443 5455 2437 2436 
2531 5443 5455 2437 2436 5444 5456 2471 2470 
2532 5444 5456 2471 2470 5445 5457 2505 2504 
2533 5445 5457 2505 2504 5446 5458 2539 2538 
2534 5446 5458 2539 2538 5447 5459 2573 2572 
2535 5447 5459 2573 2572 5448 5460 2607 2606 
2536 5448 5460 2607 2606 1478 1480 343 342 
2537 279 280 719 717 2845 2846 5461 5449 
2538 2845 2846 5461 5449 2879 2880 5462 5450 
2539 2879 2880 5462 5450 2913 2914 5463 5451 
2540 2913 2914 5463 5451 2947 2948 5464 5452 
2541 2947 2948 5464 5452 2981 2982 5465 5453 
2542 2981 2982 5465 5453 3015 3016 5466 5454 
2543 3015 3016 5466 5454 97 98 1481 1479 
2544 717 719 720 718 5449 5461 5467 5455 
2545 5449 5461 5467 5455 5450 5462 5468 5456 
2546 5450 5462 5468 5456 5451 5463 5469 5457 
2547 5451 5463 5469 5457 5452 5464 5470 5458 
2548 5452 5464 5470 5458 5453 5465 5471 5459 
2549 5453 5465 5471 5459 5454 5466 5472 5460 
2550 5454 5466 5472 5460 1479 1481 1482 1480 
2551 718 720 132 131 5455 5467 2438 2437 
2552 5455 5467 2438 2437 5456 5468 2472 2471 
2553 5456 5468 2472 2471 5457 5469 2506 2505 
2554 5457 5469 2506 2505 5458 5470 2540 2539 
2555 5458 5470 2540 2539 5459 5471 2574 2573 
2556 5459 5471 2574 2573 5460 5472 2608 2607 
2557 5460 5472 2608 2607 1480 1482 344 343 
2558 280 281 721 719 2846 2847 5473 5461 
2559 2846 2847 5473 5461 2880 2881 5474 5462 
2560 2880 2881 5474 5462 2914 2915 5475 5463 
2561 2914 2915 5475 5463 2948 2949 5476 5464 
2562 2948 2949 5476 5464 2982 2983 5477 5465 
2563 2982 2983 5477 5465 3016 3017 5478 5466 
2564 3016 3017 5478 5466 98 99 1483 1481 
2565 719 721 722 720 5461 5473 5479 5467 
2566 5461 5473 5479 5467 5462 5474 5480 5468 
2567 5462 5474 5480 5468 5463 5475 5481 5469 
2568 5463 5475 5481 5469 5464 5476 5482 5470 
2569 5464 5476 5482 5470 5465 5477 5483 5471 
2570 5465 5477 5483 5471 5466 5478 5484 5472 
2571 5466 5478 5484 5472 1481 1483 1484 1482 
2572 720 722 133 132 5467 5479 2439 2438 
2573 5467 5479 2439 2438 5468 5480 2473 2472 
2574 5468 5480 2473 2472 5469 5481 2507 2506 
2575 5469 5481 2507 2506 5470 5482 2541 2540 
2576 5470 5482 2541 2540 5471 5483 2575 2574 
2577 5471 5483 2575 2574 5472 5484 2609 2608 
2578 5472 5484 2609 2608 1482 1484 345 344 
2579 281 282 723 721 2847 2848 5485 5473 
2580 2847 2848 5485 5473 2881 2882 5486 5474 
2581 2881 2882 5486 5474 2915 2916 5487 5475 
2582 2915 2916 5487 5475 2949 2950 5488 5476 
2583 2949 2950 5488 5476 2983 2984 5489 5477 
2584 2983 2984 5489 5477 3017 3018 5490 5478 
2585 3017 3018 5490 5478 99 100 1485 1483 
2586 721 723 724 722 5473 5485 5491 5479 
2587 5473 5485 5491 5479 5474 5486 5492 5480 
2588 5474 5486 5492 5480 5475 5487 5493 5481 
2589 5475 5487 5493 5481 5476 5488 5494 5482 
2590 5476 5488 5494 5482 5477 5489 5495 5483 
2591 5477 5489 5495 5483 5478 5490 5496 5484 
2592 5478 5490 5496 5484 1483 1485 1486 1484 
2593 722 724 134 133 5479 5491 2440 2439 
2594 5479 5491 2440 2439 5480 5492 2474 2473 
2595 5480 5492 2474 2473 5481 5493 2508 2507 
2596 5481 5493 2508 2507 5482 5494 2542 2541 
2597 5482 5494 2542 2541 5483 5495 2576 2575 
2598 5483 5495 2576 2575 5484 5496 2610 2609 
2599 5484 5496 2610 2609 1484 1486 346 345 
2600 282 283 725 723 2848 2849 5497 5485 
2601 2848 2849 5497 5485 2882 2883 5498 5486 
2602 2882 2883 5498 5486 2916 2917 5499 5487 
2603 2916 2917 5499 5487 2950 2951 5500 5488 
2604 2950 2951 5500 5488 2984 2985 5501 5489 
2605 2984 2985 5501 5489 3018 3019 5502 5490 
2606 3018 3019 5502 5490 100 101 1487 1485 
2607 723 725 726 724 5485 5497 5503 5491 
2608 5485 5497 5503 5491 5486 5498 5504 5492 
2609 5486 5498 5504 5492 5487 5499 5505 5493 
2610 5487 5499 5505 5493 5488 5500 5506 5494 
2611 5488 5500 5506 5494 5489 5501 5507 5495 
2612 5489 5501 5507 5495 5490 5502 5508 5496 
2613 5490 5502 5508 5496 1485 1487 1488 1486 
2614 724 726 135 134 5491 5503 2441 2440 
2615 5491 5503 2441 2440 5492 5504 2475 2474 
2616 5492 5504 2475 2474 5493 5505 2509 2508 
2617 5493 5505 2509 2508 5494 5506 2543 2542 
2618 5494 5506 2543 2542 5495 5507 2577 2576 
2619 5495 5507 2577 2576 5496 5508 2611 2610 
2620 5496 5508 2611 2610 1486 1488 347 346 
2621 283 284 727 725 2849 2850 5509 5497 
2622 2849 2850 5509 5497 2883 2884 5510 5498 
2623 2883 2884 5510 5498 2917 2918 5511 5499 
2624 2917 2918 5511 5499 2951 2952 5512 5500 
2625 2951 2952 5512 5500 2985 2986 5513 5501 
2626 2985 2986 5513 5501 3019 3020 5514 5502 
2627 3019 3020 5514 5502 101 102 1489 1487 
2628 725 727 728 726 5497 5509 5515 5503 
2629 5497 5509 5515 5503 5498 5510 5516 5504 
2630 5498 5510 5516 5504 5499 5511 5517 5505 
2631 5499 5511 5517 5505 5500 5512 5518 5506 
2632 5500 5512 5518 5506 5501 5513 5519 5507 
2633 5501 5513 5519 5507 5502 5514 5520 5508 
2634 5502 5514 5520 5508 1487 1489 1490 1488 
2635 726 728 136 135 5503 5515 2442 2441 
2636 5503 5515 2442 2441 5504 5516 2476 2475 
2637 5504 5516 2476 2475 5505 5517 2510 2509 
2638 5505 5517 2510 2509 5506 5518 2544 2543 
2639 5506 5518 2544 2543 5507 5519 2578 2577 
2640 5507 5519 2578 2577 5508 5520 2612 2611 
2641 5508 5520 2612 2611 1488 1490 348 347 
2642 284 285 729 727 2850 2851 5521 5509 
2643 2850 2851 5521 5509 2884 2885 5522 5510 
2644 2884 2885 5522 5510 2918 2919 5523 5511 
2645 2918 2919 5523 5511 2952 2953 5524 5512 
2646 2952 2953 5524 5512 2986 2987 5525 5513 
2647 2986 2987 5525 5513 3020 3021 5526 5514 
2648 3020 3021 5526 5514 102 103 1491 1489 
2649 727 729 730 728 5509 5521 5527 5515 
2650 5509 5521 5527 5515 5510 5522 5528 5516 
2651 5510 5522 5528 5516 5511 5523 5529 5517 
2652 5511 5523 5529 5517 5512 5524 5530 5518 
2653 5512 5524 5530 5518 5513 5525 5531 5519 
2654 5513 5525 5531 5519 5514 5526 5532 5520 
2655 5514 5526 5532 5520 1489 1491 1492 1490 
2656 728 730 137 136 5515 5527 2443 2442 
2657 5515 5527 2443 2442 5516 5528 2477 2476 
2658 5516 5528 2477 2476 5517 5529 2511 2510 
2659 5517 5529 2511 2510 5518 5530 2545 2544 
2660 5518 5530 2545 2544 5519 5531 2579 2578 
2661 5519 5531 2579 2578 5520 5532 2613 2612 
2662 5520 5532 2613 2612 1490 1492 349 348 
2663 285 286 731 729 2851 2852 5533 5521 
2664 2851 2852 5533 5521 2885 2886 5534 5522 
2665 2885 2886 5534 5522 2919 2920 5535 5523 
2666 2919 2920 5535 5523 2953 2954 5536 5524 
2667 2953 2954 5536 5524 2987 2988 5537 5525 
2668 2987 2988 5537 5525 3021 3022 5538 5526 
2669 3021 3022 5538 5526 103 104 1493 1491 
2670 729 731 732 730 5521 5533 5539 5527 
2671 5521 5533 5539 5527 5522 5534 5540 5528 
2672 5522 5534 5540 5528 5523 5535 5541 5529 
2673 5523 5535 5541 5529 5524 5536 5542 5530 
2674 5524 5536 5542 5530 5525 5537 5543 5531 
2675 5525 5537 5543 5531 5526 5538 5544 5532 
2676 5526 5538 5544 5532 1491 1493 1494 1492 
2677 730 732 138 137 5527 5539 2444 2443 
2678 5527 5539 2444 2443 5528 5540 2478 2477 
2679 5528 5540 2478 2477 5529 5541 2512 2511 
2680 5529 5541 2512 2511 5530 5542 2546 2545 
2681 5530 5542 2546 2545 5531 5543 2580 2579 
2682 5531 5543 2580 2579 5532 5544 2614 2613 
2683 5532 5544 2614 2613 1492 1494 350 349 
2684 286 287 733 731 2852 2853 5545 5533 
2685 2852 2853 5545 5533 2886 2887 5546 5534 
2686 2886 2887 5546 5534 2920 2921 5547 5535 
2687 2920 2921 5547 5535 2954 2955 5548 5536 
2688 2954 2955 5548 5536 2988 2989 5549 5537 
2689 2988 2989 5549 5537 3022 3023 5550 5538 
2690 3022 3023 5550 5538 104 105 1495 1493 
2691 731 733 734 732 5533 5545 5551 5539 
2692 5533 5545 5551 5539 5534 5546 5552 5540 
2693 5534 5546 5552 5540 5535 5547 5553 5541 
2694 5535 5547 5553 5541 5536 5548 5554 5542 
2695 5536 5548 5554 5542 5537 5549 5555 5543 
2696 5537 5549 5555 5543 5538 5550 5556 5544 
2697 5538 5550 5556 5544 1493 1495 1496 1494 
2698 732 734 139 138 5539 5551 2445 2444 
2699 5539 5551 2445 2444 5540 5552 2479 2478 
2700 5540 5552 2479 2478 5541 5553 2513 2512 
2701 5541 5553 2513 2512 5542 5554 2547 2546 
2702 5542 5554 2547 2546 5543 5555 2581 2580 
2703 5543 5555 2581 2580 5544 5556 2615 2614 
2704 5544 5556 2615 2614 1494 1496 351 350 
2705 287 288 735 733 2853 2854 5557 5545 
2706 2853 2854 5557 5545 2887 2888 5558 5546 
2707 2887 2888 5558 5546 2921 2922 5559 5547 
2708 2921 2922 5559 5547 2955 2956 5560 5548 
2709 2955 2956 5560 5548 2989 2990 5561 5549 
2710 2989 2990 5561 5549 3023 3024 5562 5550 
2711 3023 3024 5562 5550 105 106 1497 1495 
2712 733 735 736 734 5545 5557 5563 5551 
2713 5545 5557 5563 5551 5546 5558 5564 5552 
2714 5546 5558 5564 5552 5547 5559 5565 5553 
2715 5547 5559 5565 5553 5548 5560 5566 5554 
2716 5548 5560 5566 5554 5549 5561 5567 5555 
2717 5549 5561 5567 5555 5550 5562 5568 5556 
2718 5550 5562 5568 5556 1495 1497 1498 1496 
2719 734 736 140 139 5551 5563 2446 2445 
2720 5551 5563 2446 2445 5552 5564 2480 2479 
2721 5552 5564 2480 2479 5553 5565 2514 2513 
2722 5553 5565 2514 2513 5554 5566 2548 2547 
2723 5554 5566 2548 2547 5555 5567 2582 2581 
2724 5555 5567 2582 2581 5556 5568 2616 2615 
2725 5556 5568 2616 2615 1496 1498 352 351 
2726 288 289 737 735 2854 2855 5569 5557 
2727 2854 2855 5569 5557 2888 2889 5570 5558 
2728 2888 2889 5570 5558 2922 2923 5571 5559 
2729 2922 2923 5571 5559 2956 2957 5572 5560 
2730 2956 2957 5572 5560 2990 2991 5573 5561 
2731 2990 2991 5573 5561 3024 3025 5574 5562 
2732 3024 3025 5574 5562 106 107 1499 1497 
2733 735 737 738 736 5557 5569 5575 5563 
2734 5557 5569 5575 5563 5558 5570 5576 5564 
2735 5558 5570 5576 5564 5559 5571 5577 5565 
2736 5559 5571 5577 5565 5560 5572 5578 5566 
2737 5560 5572 5578 5566 5561 5573 5579 5567 
2738 5561 5573 5579 5567 5562 5574 5580 5568 
2739 5562 5574 5580 5568 1497 1499 1500 1498 
2740 736 738 141 140 5563 5575 2447 2446 
2741 5563 5575 2447 2446 5564 5576 2481 2480 
2742 5564 5576 2481 2480 5565 5577 2515 2514 
2743 5565 5577 2515 2514 5566 5578 2549 2548 
2744 5566 5578 2549 2548 5567 5579 2583 2582 
2745 5567 5579 2583 2582 5568 5580 2617 2616 
2746 5568 5580 2617 2616 1498 1500 353 352 
2747 289 290 739 737 2855 2856 5581 5569 
2748 2855 2856 5581 5569 2889 2890 5582 5570 
2749 2889 2890 5582 5570 2923 2924 5583 5571 
2750 2923 2924 5583 5571 2957 2958 5584 5572 
2751 2957 2958 5584 5572 2991 2992 5585 5573 
2752 2991 2992 5585 5573 3025 3026 5586 5574 
2753 3025 3026 5586 5574 107 108 1501 1499 
2754 737 739 740 738 5569 5581 5587 5575 
2755 5569 5581 5587 5575 5570 5582 5588 5576 
2756 5570 5582 5588 5576 5571 5583 5589 5577 
2757 5571 5583 5589 5577 5572 5584 5590 5578 
2758 5572 5584 5590 5578 5573 5585 5591 5579 
2759 5573 5585 5591 5579 5574 5586 5592 5580 
2760 5574 5586 5592 5580 1499 1501 1502 1500 
2761 738 740 142 141 5575 5587 2448 2447 
2762 5575 5587 2448 2447 5576 5588 2482 2481 
2763 5576 5588 2482 2481 5577 5589 2516 2515 
2764 5577 5589 2516 2515 5578 5590 2550 2549 
2765 5578 5590 2550 2549 5579 5591 2584 2583 
2766 5579 5591 2584 2583 5580 5592 2618 2617 
2767 5580 5592 2618 2617 1500 1502 354 353 
2768 290 291 741 739 2856 2857 5593 5581 
2769 2856 2857 5593 5581 2890 2891 5594 5582 
2770 2890 2891 5594 5582 2924 2925 5595 5583 
2771 2924 2925 5595 5583 2958 2959 5596 5584 
2772 2958 2959 5596 5584 2992 2993 5597 5585 
2773 2992 2993 5597 5585 3026 3027 5598 5586 
2774 3026 3027 5598 5586 108 109 1503 1501 
2775 739 741 742 740 5581 5593 5599 5587 
2776 5581 5593 5599 5587 5582 5594 5600 5588 
2777 5582 5594 5600 5588 5583 5595 5601 5589 
2778 5583 5595 5601 5589 5584 5596 5602 5590 
2779 5584 5596 5602 5590 5585 5597 5603 5591 
2780 5585 5597 5603 5591 5586 5598 5604 5592 
2781 5586 5598 5604 5592 1501 1503 1504 1502 
2782 740 742 143 142 5587 5599 2449 2448 
2783 5587 5599 2449 2448 5588 5600 2483 2482 
2784 5588 5600 2483 2482 5589 5601 2517 2516 
2785 5589 5601 2517 2516 5590 5602 2551 2550 
2786 5590 5602 2551 2550 5591 5603 2585 2584 
2787 5591 5603 2585 2584 5592 5604 2619 2618 
2788 5592 5604 2619 2618 1502 1504 355 354 
2789 291 292 743 741 2857 2858 5605 5593 
2790 2857 2858 5605 5593 2891 2892 5606 5594 
2791 2891 2892 5606 5594 2925 2926 5607 5595 
2792 2925 2926 5607 5595 2959 2960 5608 5596 
2793 2959 2960 5608 5596 2993 2994 5609 5597 
2794 2993 2994 5609 5597 3027 3028 5610 5598 
2795 3027 3028 5610 5598 109 110 1505 1503 
2796 741 743 744 742 5593 5605 5611 5599 
2797 5593 5605 5611 5599 5594 5606 5612 5600 
2798 5594 5606 5612 5600 5595 5607 5613 5601 
2799 5595 5607 5613 5601 5596 5608 5614 5602 
2800 5596 5608 5614 5602 5597 5609 5615 5603 
2801 5597 5609 5615 5603 5598 5610 5616 5604 
2802 5598 5610 5616 5604 1503 1505 1506 1504 
2803 742 744 144 143 5599 5611 2450 2449 
2804 5599 5611 2450 2449 5600 5612 2484 2483 
2805 5600 5612 2484 2483 5601 5613 2518 2517 
2806 5601 5613 2518 2517 5602 5614 2552 2551 
2807 5602 5614 2552 2551 5603 5615 2586 2585 
2808 5603 5615 2586 2585 5604 5616 2620 2619 
2809 5604 5616 2620 2619 1504 1506 356 355 
2810 292 293 745 743 2858 2859 5617 5605 
2811 2858 2859 5617 5605 2892 2893 5618 5606 
2812 2892 2893 5618 5606 2926 2927 5619 5607 
2813 2926 2927 5619 5607 2960 2961 5620 5608 
2814 2960 2961 5620 5608 2994 2995 5621 5609 
2815 2994 2995 5621 5609 3028 3029 5622 5610 
2816 3028 3029 5622 5610 110 111 1507 1505 
2817 743 745 746 744 5605 5617 5623 5611 
2818 5605 5617 5623 5611 5606 5618 5624 5612 
2819 5606 5618 5624 5612 5607 5619 5625 5613 
2820 5607 5619 5625 5613 5608 5620 5626 5614 
2821 5608 5620 5626 5614 5609 5621 5627 5615 
2822 5609 5621 5627 5615 5610 5622 5628 5616 
2823 5610 5622 5628 5616 1505 1507 1508 1506 
2824 744 746 145 144 5611 5623 2451 2450 
2825 5611 5623 2451 2450 5612 5624 2485 2484 
2826 5612 5624 2485 2484 5613 5625 2519 2518 
2827 5613 5625 2519 2518 5614 5626 2553 2552 
2828 5614 5626 2553 2552 5615 5627 2587 2586 
2829 5615 5627 2587 2586 5616 5628 2621 2620 
2830 5616 5628 2621 2620 1506 1508 357 356 
2831 293 294 747 745 2859 2860 5629 5617 
2832 2859 2860 5629 5617 2893 2894 5630 5618 
2833 2893 2894 5630 5618 2927 2928 5631 5619 
2834 2927 2928 5631 5619 2961 2962 5632 5620 
2835 2961 2962 5632 5620 2995 2996 5633 5621 
2836 2995 2996 5633 5621 3029 3030 5634 5622 
2837 3029 3030 5634 5622 111 112 1509 1507 
2838 745 747 748 746 5617 5629 5635 5623 
2839 5617 5629 5635 5623 5618 5630 5636 5624 
2840 5618 5630 5636 5624 5619 5631 5637 5625 
2841 5619 5631 5637 5625 5620 5632 5638 5626 
2842 5620 5632 5638 5626 5621 5633 5639 5627 
2843 5621 5633 5639 5627 5622 5634 5640 5628 
2844 5622 5634 5640 5628 1507 1509 1510 1508 
2845 746 748 146 145 5623 5635 2452 2451 
2846 5623 5635 2452 2451 5624 5636 2486 2485 
2847 5624 5636 2486 2485 5625 5637 2520 2519 
2848 5625 5637 2520 2519 5626 5638 2554 2553 
2849 5626 5638 2554 2553 5627 5639 2588 2587 
2850 5627 5639 2588 2587 5628 5640 2622 2621 
2851 5628 5640 2622 2621 1508 1510 358 357 
2852 294 295 749 747 2860 2861 5641 5629 
2853 2860 2861 5641 5629 2894 2895 5642 5630 
2854 2894 2895 5642 5630 2928 2929 5643 5631 
2855 2928 2929 5643 5631 2962 2963 5644 5632 
2856 2962 2963 5644 5632 2996 2997 5645 5633 
2857 2996 2997 5645 5633 3030 3031 5646 5634 
2858 3030 3031 5646 5634 112 113 1511 1509 
2859 747 749 750 748 5629 5641 5647 5635 
2860 5629 5641 5647 5635 5630 5642 5648 5636 
2861 5630 5642 5648 5636 5631 5643 5649 5637 
2862 5631 5643 5649 5637 5632 5644 5650 5638 
2863 5632 5644 5650 5638 5633 5645 5651 5639 
2864 5633 5645 5651 5639 5634 5646 5652 5640 
2865 5634 5646 5652 5640 1509 1511 1512 1510 
2866 748 750 147 146 5635 5647 2453 2452 
2867 5635 5647 2453 2452 5636 5648 2487 2486 
2868 5636 5648 2487 2486 5637 5649 2521 2520 
2869 5637 5649 2521 2520 5638 5650 2555 2554 
2870 5638 5650 2555 2554 5639 5651 2589 2588 
2871 5639 5651 2589 2588 5640 5652 2623 2622 
2872 5640 5652 2623 2622 1510 1512 359 358 
2873 295 296 751 749 2861 2862 5653 5641 
2874 2861 2862 5653 5641 2895 2896 5654 5642 
2875 2895 2896 5654 5642 2929 2930 5655 5643 
2876 2929 2930 5655 5643 2963 2964 5656 5644 
2877 2963 2964 5656 5644 2997 2998 5657 5645 
2878 2997 2998 5657 5645 3031 3032 5658 5646 
2879 3031 3032 5658 5646 113 114 1513 1511 
2880 749 751 752 750 5641 5653 5659 5647 
2881 5641 5653 5659 5647 5642 5654 5660 5648 
2882 5642 5654 5660 5648 5643 5655 5661 5649 
2883 5643 5655 5661 5649 5644 5656 5662 5650 
2884 5644 5656 5662 5650 5645 5657 5663 5651 
2885 5645 5657 5663 5651 5646 5658 5664 5652 
2886 5646 5658 5664 5652 1511 1513 1514 1512 
2887 750 752 148 147 5647 5659 2454 2453 
2888 5647 5659 2454 2453 5648 5660 2488 2487 
2889 5648 5660 2488 2487 5649 5661 2522 2521 
2890 5649 5661 2522 2521 5650 5662 2556 2555 
2891 5650 5662 2556 2555 5651 5663 2590 2589 
2892 5651 5663 2590 2589 5652 5664 2624 2623 
2893 5652 5664 2624 2623 1512 1514 360 359 
2894 296 15 306 751 2862 475 2409 5653 
2895 2862 475 2409 5653 2896 476 2410 5654 
2896 2896 476 2410 5654 2930 477 2411 5655 
2897 2930 477 2411 5655 2964 478 2412 5656 
2898 2964 478 2412 5656 2998 479 2413 5657 
2899 2998 479 2413 5657 3032 480 2414 5658 
2900 3032 480 2414 5658 114 12 425 1513 
2901 751 306 307 752 5653 2409 2415 5659 
2902 5653 2409 2415 5659 5654 2410 2416 5660 
2903 5654 2410 2416 5660 5655 2411 2417 5661 
2904 5655 2411 2417 5661 5656 2412 2418 5662 
2905 5656 2412 2418 5662 5657 2413 2419 5663 
2906 5657 2413 2419 5663 5658 2414 2420 5664 
2907 5658 2414 2420 5664 1513 425 426 1514 
2908 752 307 9 148 5659 2415 457 2454 
2909 5659 2415 457 2454 5660 2416 458 2488 
2910 5660 2416 458 2488 5661 2417 459 2522 
2911 5661 2417 459 2522 5662 2418 460 2556 
2912 5662 2418 460 2556 5663 2419 461 2590 
2913 5663 2419 461 2590 5664 2420 462 2624 
2914 5664 2420 462 2624 1514 426 23 360 
3 82 5 735
2915 3 151 549 51 439 2625 5665 2337 
2916 439 2625 5665 2337 440 2659 5666 2338 
2917 440 2659 5666 2338 441 2693 5667 2339 
2918 441 2693 5667 2339 442 2727 5668 2340 
2919 442 2727 5668 2340 443 2761 5669 2341 
2920 443 2761 5669 2341 444 2795 5670 2342 
2921 444 2795 5670 2342 19 363 1586 427 
2922 51 549 550 52 2337 5665 5671 2343 
2923 2337 5665 5671 2343 2338 5666 5672 2344 
2924 2338 5666 5672 2344 2339 5667 5673 2345 
2925 2339 5667 5673 2345 2340 5668 5674 2346 
2926 2340 5668 5674 2346 2341 5669 5675 2347 
2927 2341 5669 5675 2347 2342 5670 5676 2348 
2928 2342 5670 5676 2348 427 1586 1585 428 
2929 52 550 223 5 2343 5671 3033 445 
2930 2343 5671 3033 445 2344 5672 3067 446 
2931 2344 5672 3067 446 2345 5673 3101 447 
2932 2345 5673 3101 447 2346 5674 3135 448 
2933 2346 5674 3135 448 2347 5675 3169 449 
2934 2347 5675 3169 449 2348 5676 3203 450 
2935 2348 5676 3203 450 428 1585 218 16 
2936 151 152 551 549 2625 2626 5677 5665 
2937 2625 2626 5677 5665 2659 2660 5678 5666 
2938 2659 2660 5678 5666 2693 2694 5679 5667 
2939 2693 2694 5679 5667 2727 2728 5680 5668 
2940 2727 2728 5680 5668 2761 2762 5681 5669 
2941 2761 2762 5681 5669 2795 2796 5682 5670 
2942 2795 2796 5682 5670 363 364 1584 1586 
2943 549 551 552 550 5665 5677 5683 5671 
2944 5665 5677 5683 5671 5666 5678 5684 5672 
2945 5666 5678 5684 5672 5667 5679 5685 5673 
2946 5667 5679 5685 5673 5668 5680 5686 5674 
2947 5668 5680 5686 5674 5669 5681 5687 5675 
2948 5669 5681 5687 5675 5670 5682 5688 5676 
2949 5670 5682 5688 5676 1586 1584 1583 1585 
2950 550 552 224 223 5671 5683 3034 3033 
2951 5671 5683 3034 3033 5672 5684 3068 3067 
2952 5672 5684 3068 3067 5673 5685 3102 3101 
2953 5673 5685 3102 3101 5674 5686 3136 3135 
2954 5674 5686 3136 3135 5675 5687 3170 3169 
2955 5675 5687 3170 3169 5676 5688 3204 3203 
2956 5676 5688 3204 3203 1585 1583 217 218 
2957 152 153 553 551 2626 2627 5689 5677 
2958 2626 2627 5689 5677 2660 2661 5690 5678 
2959 2660 2661 5690 5678 2694 2695 5691 5679 
2960 2694 2695 5691 5679 2728 2729 5692 5680 
2961 2728 2729 5692 5680 2762 2763 5693 5681 
2962 2762 2763 5693 5681 2796 2797 5694 5682 
2963 2796 2797 5694 5682 364 365 1582 1584 
2964 551 553 554 552 5677 5689 5695 5683 
2965 5677 5689 5695 5683 5678 5690 5696 5684 
2966 5678 5690 5696 5684 5679 5691 5697 5685 
2967 5679 5691 5697 5685 5680 5692 5698 5686 
2968 5680 5692 5698 5686 5681 5693 5699 5687 
2969 5681 5693 5699 5687 5682 5694 5700 5688 
2970 5682 5694 5700 5688 1584 1582 1581 1583 
2971 552 554 225 224 5683 5695 3035 3034 
2972 5683 5695 3035 3034 5684 5696 3069 3068 
2973 5684 5696 3069 3068 5685 5697 3103 3102 
2974 5685 5697 3103 3102 5686 5698 3137 3136 
2975 5686 5698 3137 3136 5687 5699 3171 3170 
2976 5687 5699 3171 3170 5688 5700 3205 3204 
2977 5688 5700 3205 3204 1583 1581 216 217 
2978 153 154 555 553 2627 2628 5701 5689 
2979 2627 2628 5701 5689 2661 2662 5702 5690 
2980 2661 2662 5702 5690 2695 2696 5703 5691 
2981 2695 2696 5703 5691 2729 2730 5704 5692 
2982 2729 2730 5704 5692 2763 2764 5705 5693 
2983 2763 2764 5705 5693 2797 2798 5706 5694 
2984 2797 2798 5706 5694 365 366 1580 1582 
2985 553 555 556 554 5689 5701 5707 5695 
2986 5689 5701 5707 5695 5690 5702 5708 5696 
2987 5690 5702 5708 5696 5691 5703 5709 5697 
2988 5691 5703 5709 5697 5692 5704 5710 5698 
2989 5692 5704 5710 5698 5693 5705 5711 5699 
2990 5693 5705 5711 5699 5694 5706 5712 5700 
2991 5694 5706 5712 5700 1582 1580 1579 1581 
2992 554 556 226 225 5695 5707 3036 3035 
2993 5695 5707 3036 3035 5696 5708 3070 3069 
2994 5696 5708 3070 3069 5697 5709 3104 3103 
2995 5697 5709 3104 3103 5698 5710 3138 3137 
2996 5698 5710 3138 3137 5699 5711 3172 3171 
2997 5699 5711 3172 3171 5700 5712 3206 3205 
2998 5700 5712 3206 3205 1581 1579 215 216 
2999 154 155 557 555 2628 2629 5713 5701 
3000 2628 2629 5713 5701 2662 2663 5714 5702 
3001 2662 2663 5714 5702 2696 2697 5715 5703 
3002 2696 2697 5715 5703 2730 2731 5716 5704 
3003 2730 2731 5716 5704 2764 2765 5717 5705 
3004 2764 2765 5717 5705 2798 2799 5718 5706 
3005 2798 2799 5718 5706 366 367 1578 1580 
3006 555 557 558 556 5701 5713 5719 5707 
3007 5701 5713 5719 5707 5702 5714 5720 5708 
3008 5702 5714 5720 5708 5703 5715 5721 5709 
3009 5703 5715 5721 5709 5704 5716 5722 5710 
3010 5704 5716 5722 5710 5705 5717 5723 5711 
3011 5705 5717 5723 5711 5706 5718 5724 5712 
3012 5706 5718 5724 5712 1580 1578 1577 1579 
3013 556 558 227 226 5707 5719 3037 3036 
3014 5707 5719 3037 3036 5708 5720 3071 3070 
3015 5708 5720 3071 3070 5709 5721 3105 3104 
3016 5709 5721 3105 3104 5710 5722 3139 3138 
3017 5710 5722 3139 3138 5711 5723 3173 3172 
3018 5711 5723 3173 3172 5712 5724 3207 3206 
3019 5712 5724 3207 3206 1579 1577 214 215 
3020 155 156 559 557 2629 2630 5725 5713 
3021 2629 2630 5725 5713 2663 2664 5726 5714 
3022 2663 2664 5726 5714 2697 2698 5727 5715 
3023 2697 2698 5727 5715 2731 2732 5728 5716 
3024 2731 2732 5728 5716 2765 2766 5729 5717 
3025 2765 2766 5729 5717 2799 2800 5730 5718 
3026 2799 2800 5730 5718 367 368 1576 1578 
3027 557 559 560 558 5713 5725 5731 5719 
3028 5713 5725 5731 5719 5714 5726 5732 5720 
3029 5714 5726 5732 5720 5715 5727 5733 5721 
3030 5715 5727 5733 5721 5716 5728 5734 5722 
3031 5716 5728 5734 5722 5717 5729 5735 5723 
3032 5717 5729 5735 5723 5718 5730 5736 5724 
3033 5718 5730 5736 5724 1578 1576 1575 1577 
3034 558 560 228 227 5719 5731 3038 3037 
3035 5719 5731 3038 3037 5720 5732 3072 3071 
3036 5720 5732 3072 3071 5721 5733 3106 3105 
3037 5721 5733 3106 3105 5722 5734 3140 3139 
3038 5722 5734 3140 3139 5723 5735 3174 3173 
3039 5723 5735 3174 3173 5724 5736 3208 3207 
3040 5724 5736 3208 3207 1577 1575 213 214 
3041 156 157 561 559 2630 2631 5737 5725 
3042 2630 2631 5737 5725 2664 2665 5738 5726 
3043 2664 2665 5738 5726 2698 2699 5739 5727 
3044 2698 2699 5739 5727 2732 2733 5740 5728 
3045 2732 2733 5740 5728 2766 2767 5741 5729 
3046 2766 2767 5741 5729 2800 2801 5742 5730 
3047 2800 2801 5742 5730 368 369 1574 1576 
3048 559 561 562 560 5725 5737 5743 5731 
3049 5725 5737 5743 5731 5726 5738 5744 5732 
3050 5726 5738 5744 5732 5727 5739 5745 5733 
3051 5727 5739 5745 5733 5728 5740 5746 5734 
3052 5728 5740 5746 5734 5729 5741 5747 5735 
3053 5729 5741 5747 5735 5730 5742 5748 5736 
3054 5730 5742 5748 5736 1576 1574 1573 1575 
3055 560 562 229 228 5731 5743 3039 3038 
3056 5731 5743 3039 3038 5732 5744 3073 3072 
3057 5732 5744 3073 3072 5733 5745 3107 3106 
3058 5733 5745 3107 3106 5734 5746 3141 3140 
3059 5734 5746 3141 3140 5735 5747 3175 3174 
3060 5735 5747 3175 3174 5736 5748 3209 3208 
3061 5736 5748 3209 3208 1575 1573 212 213 
3062 157 158 563 561 2631 2632 5749 5737 
3063 2631 2632 5749 5737 2665 2666 5750 5738 
3064 2665 2666 5750 5738 2699 2700 5751 5739 
3065 2699 2700 5751 5739 2733 2734 5752 5740 
3066 2733 2734 5752 5740 2767 2768 5753 5741 
3067 2767 2768 5753 5741 2801 2802 5754 5742 
3068 2801 2802 5754 5742 369 370 1572 1574 
3069 561 563 564 562 5737 5749 5755 5743 
3070 5737 5749 5755 5743 5738 5750 5756 5744 
3071 5738 5750 5756 5744 5739 5751 5757 5745 
3072 5739 5751 5757 5745 5740 5752 5758 5746 
3073 5740 5752 5758 5746 5741 5753 5759 5747 
3074 5741 5753 5759 5747 5742 5754 5760 5748 
3075 5742 5754 5760 5748 1574 1572 1571 1573 
3076 562 564 230 229 5743 5755 3040 3039 
3077 5743 5755 3040 3039 5744 5756 3074 3073 
3078 5744 5756 3074 3073 5745 5757 3108 3107 
3079 5745 5757 3108 3107 5746 5758 3142 3141 
3080 5746 5758 3142 3141 5747 5759 3176 3175 
3081 5747 5759 3176 3175 5748 5760 3210 3209 
3082 5748 5760 3210 3209 1573 1571 211 212 
3083 158 159 565 563 2632 2633 5761 5749 
3084 2632 2633 5761 5749 2666 2667 5762 5750 
3085 2666 2667 5762 5750 2700 2701 5763 5751 
3086 2700 2701 5763 5751 2734 2735 5764 5752 
3087 2734 2735 5764 5752 2768 2769 5765 5753 
3088 2768 2769 5765 5753 2802 2803 5766 5754 
3089 2802 2803 5766 5754 370 371 1570 1572 
3090 563 565 566 564 5749 5761 5767 5755 
3091 5749 5761 5767 5755 5750 5762 5768 5756 
3092 5750 5762 5768 5756 5751 5763 5769 5757 
3093 5751 5763 5769 5757 5752 5764 5770 5758 
3094 5752 5764 5770 5758 5753 5765 5771 5759 
3095 5753 5765 5771 5759 5754 5766 5772 5760 
3096 5754 5766 5772 5760 1572 1570 1569 1571 
3097 564 566 231 230 5755 5767 3041 3040 
3098 5755 5767 3041 3040 5756 5768 3075 3074 
3099 5756 5768 3075 3074 5757 5769 3109 3108 
3100 5757 5769 3109 3108 5758 5770 3143 3142 
3101 5758 5770 3143 3142 5759 5771 3177 3176 
3102 5759 5771 3177 3176 5760 5772 3211 3210 
3103 5760 5772 3211 3210 1571 1569 210 211 
3104 159 160 567 565 2633 2634 5773 5761 
3105 2633 2634 5773 5761 2667 2668 5774 5762 
3106 2667 2668 5774 5762 2701 2702 5775 5763 
3107 2701 2702 5775 5763 2735 2736 5776 5764 
3108 2735 2736 5776 5764 2769 2770 5777 5765 
3109 2769 2770 5777 5765 2803 2804 5778 5766 
3110 2803 2804 5778 5766 371 372 1568 1570 
3111 565 567 568 566 5761 5773 5779 5767 
3112 5761 5773 5779 5767 5762 5774 5780 5768 
3113 5762 5774 5780 5768 5763 5775 5781 5769 
3114 5763 5775 5781 5769 5764 5776 5782 5770 
3115 5764 5776 5782 5770 5765 5777 5783 5771 
3116 5765 5777 5783 5771 5766 5778 5784 5772 
3117 5766 5778 5784 5772 1570 1568 1567 1569 
3118 566 568 232 231 5767 5779 3042 3041 
3119 5767 5779 3042 3041 5768 5780 3076 3075 
3120 5768 5780 3076 3075 5769 5781 3110 3109 
3121 5769 5781 3110 3109 5770 5782 3144 3143 
3122 5770 5782 3144 3143 5771 5783 3178 3177 
3123 5771 5783 3178 3177 5772 5784 3212 3211 
3124 5772 5784 3212 3211 1569 1567 209 210 
3125 160 161 569 567 2634 2635 5785 5773 
3126 2634 2635 5785 5773 2668 2669 5786 5774 
3127 2668 2669 5786 5774 2702 2703 5787 5775 
3128 2702 2703 5787 5775 2736 2737 5788 5776 
3129 2736 2737 5788 5776 2770 2771 5789 5777 
3130 2770 2771 5789 5777 2804 2805 5790 5778 
3131 2804 2805 5790 5778 372 373 1566 1568 
3132 567 569 570 568 5773 5785 5791 5779 
3133 5773 5785 5791 5779 5774 5786 5792 5780 
3134 5774 5786 5792 5780 5775 5787 5793 5781 
3135 5775 5787 5793 5781 5776 5788 5794 5782 
3136 5776 5788 5794 5782 5777 5789 5795 5783 
3137 5777 5789 5795 5783 5778 5790 5796 5784 
3138 5778 5790 5796 5784 1568 1566 1565 1567 
3139 568 570 233 232 5779 5791 3043 3042 
3140 5779 5791 3043 3042 5780 5792 3077 3076 
3141 5780 5792 3077 3076 5781 5793 3111 3110 
3142 5781 5793 3111 3110 5782 5794 3145 3144 
3143 5782 5794 3145 3144 5783 5795 3179 3178 
3144 5783 5795 3179 3178 5784 5796 3213 3212 
3145 5784 5796 3213 3212 1567 1565 208 209 
3146 161 162 571 569 2635 2636 5797 5785 
3147 2635 2636 5797 5785 2669 2670 5798 5786 
3148 2669 2670 5798 5786 2703 2704 5799 5787 
3149 2703 2704 5799 5787 2737 2738 5800 5788 
3150 2737 2738 5800 5788 2771 2772 5801 5789 
3151 2771 2772 5801 5789 2805 2806 5802 5790 
3152 2805 2806 5802 5790 373 374 1564 1566 
3153 569 571 572 570 5785 5797 5803 5791 
3154 5785 5797 5803 5791 5786 5798 5804 5792 
3155 5786 5798 5804 5792 5787 5799 5805 5793 
3156 5787 5799 5805 5793 5788 5800 5806 5794 
3157 5788 5800 5806 5794 5789 5801 5807 5795 
3158 5789 5801 5807 5795 5790 5802 5808 5796 
3159 5790 5802 5808 5796 1566 1564 1563 1565 
3160 570 572 234 233 5791 5803 3044 3043 
3161 5791 5803 3044 3043 5792 5804 3078 3077 
3162 5792 5804 3078 3077 5793 5805 3112 3111 
3163 5793 5805 3112 3111 5794 5806 3146 3145 
3164 5794 5806 3146 3145 5795 5807 3180 3179 
3165 5795 5807 3180 3179 5796 5808 3214 3213 
3166 5796 5808 3214 3213 1565 1563 207 208 
3167 162 163 573 571 2636 2637 5809 5797 
3168 2636 2637 5809 5797 2670 2671 5810 5798 
3169 2670 2671 5810 5798 2704 2705 5811 5799 
3170 2704 2705 5811 5799 2738 2739 5812 5800 
3171 2738 2739 5812 5800 2772 2773 5813 5801 
3172 2772 2773 5813 5801 2806 2807 5814 5802 
3173 2806 2807 5814 5802 374 375 1562 1564 
3174 571 573 574 572 5797 5809 5815 5803 
3175 5797 5809 5815 5803 5798 5810 5816 5804 
3176 5798 5810 5816 5804 5799 5811 5817 5805 
3177 5799 5811 5817 5805 5800 5812 5818 5806 
3178 5800 5812 5818 5806 5801 5813 5819 5807 
3179 5801 5813 5819 5807 5802 5814 5820 5808 
3180 5802 5814 5820 5808 1564 1562 1561 1563 
3181 572 574 235 234 5803 5815 3045 3044 
3182 5803 5815 3045 3044 5804 5816 3079 3078 
3183 5804 5816 3079 3078 5805 5817 3113 3112 
3184 5805 5817 3113 3112 5806 5818 3147 3146 
3185 5806 5818 3147 3146 5807 5819 3181 3180 
3186 5807 5819 3181 3180 5808 5820 3215 3214 
3187 5808 5820 3215 3214 1563 1561 206 207 
3188 163 164 575 573 2637 2638 5821 5809 
3189 2637 2638 5821 5809 2671 2672 5822 5810 
3190 2671 2672 5822 5810 2705 2706 5823 5811 
3191 2705 2706 5823 5811 2739 2740 5824 5812 
3192 2739 2740 5824 5812 2773 2774 5825 5813 
3193 2773 2774 5825 5813 2807 2808 5826 5814 
3194 2807 2808 5826 5814 375 376 1560 1562 
3195 573 575 576 574 5809 5821 5827 5815 
3196 5809 5821 5827 5815 5810 5822 5828 5816 
3197 5810 5822 5828 5816 5811 5823 5829 5817 
3198 5811 5823 5829 5817 5812 5824 5830 5818 
3199 5812 5824 5830 5818 5813 5825 5831 5819 
3200 5813 5825 5831 5819 5814 5826 5832 5820 
3201 5814 5826 5832 5820 1562 1560 1559 1561 
3202 574 576 236 235 5815 5827 3046 3045 
3203 5815 5827 3046 3045 5816 5828 3080 3079 
3204 5816 5828 3080 3079 5817 5829 3114 3113 
3205 5817 5829 3114 3113 5818 5830 3148 3147 
3206 5818 5830 3148 3147 5819 5831 3182 3181 
3207 5819 5831 3182 3181 5820 5832 3216 3215 
3208 5820 5832 3216 3215 1561 1559 205 206 
3209 164 165 577 575 2638 2639 5833 5821 
3210 2638 2639 5833 5821 2672 2673 5834 5822 
3211 2672 2673 5834 5822 2706 2707 5835 5823 
3212 2706 2707 5835 5823 2740 2741 5836 5824 
3213 2740 2741 5836 5824 2774 2775 5837 5825 
3214 2774 2775 5837 5825 2808 2809 5838 5826 
3215 2808 2809 5838 5826 376 377 1558 1560 
3216 575 577 578 576 5821 5833 5839 5827 
3217 5821 5833 5839 5827 5822 5834 5840 5828 
3218 5822 5834 5840 5828 5823 5835 5841 5829 
3219 5823 5835 5841 5829 5824 5836 5842 5830 
3220 5824 5836 5842 5830 5825 5837 5843 5831 
3221 5825 5837 5843 5831 5826 5838 5844 5832 
3222 5826 5838 5844 5832 1560 1558 1557 1559 
3223 576 578 237 236 5827 5839 3047 3046 
3224 5827 5839 3047 3046 5828 5840 3081 3080 
3225 5828 5840 3081 3080 5829 5841 3115 3114 
3226 5829 5841 3115 3114 5830 5842 3149 3148 
3227 5830 5842 3149 3148 5831 5843 3183 3182 
3228 5831 5843 3183 3182 5832 5844 3217 3216 
3229 5832 5844 3217 3216 1559 1557 204 205 
3230 165 166 579 577 2639 2640 5845 5833 
3231 2639 2640 5845 5833 2673 2674 5846 5834 
3232 2673 2674 5846 5834 2707 2708 5847 5835 
3233 2707 2708 5847 5835 2741 2742 5848 5836 
3234 2741 2742 5848 5836 2775 2776 5849 5837 
3235 2775 2776 5849 5837 2809 2810 5850 5838 
3236 2809 2810 5850 5838 377 378 1556 1558 
3237 577 579 580 578 5833 5845 5851 5839 
3238 5833 5845 5851 5839 5834 5846 5852 5840 
3239 5834 5846 5852 5840 5835 5847 5853 5841 
3240 5835 5847 5853 5841 5836 5848 5854 5842 
3241 5836 5848 5854 5842 5837 5849 5855 5843 
3242 5837 5849 5855 5843 5838 5850 5856 5844 
3243 5838 5850 5856 5844 1558 1556 1555 1557 
3244 578 580 238 237 5839 5851 3048 3047 
3245 5839 5851 3048 3047 5840 5852 3082 3081 
3246 5840 5852 3082 3081 5841 5853 3116 3115 
3247 5841 5853 3116 3115 5842 5854 3150 3149 
3248 5842 5854 3150 3149 5843 5855 3184 3183 
3249 5843 5855 3184 3183 5844 5856 3218 3217 
3250 5844 5856 3218 3217 1557 1555 203 204 
3251 166 167 581 579 2640 2641 5857 5845 
3252 2640 2641 5857 5845 2674 2675 5858 5846 
3253 2674 2675 5858 5846 2708 2709 5859 5847 
3254 2708 2709 5859 5847 2742 2743 5860 5848 
3255 2742 2743 5860 5848 2776 2777 5861 5849 
3256 2776 2777 5861 5849 2810 2811 5862 5850 
3257 2810 2811 5862 5850 378 379 1554 1556 
3258 579 581 582 580 5845 5857 5863 5851 
3259 5845 5857 5863 5851 5846 5858 5864 5852 
3260 5846 5858 5864 5852 5847 5859 5865 5853 
3261 5847 5859 5865 5853 5848 5860 5866 5854 
3262 5848 5860 5866 5854 5849 5861 5867 5855 
3263 5849 5861 5867 5855 5850 5862 5868 5856 
3264 5850 5862 5868 5856 1556 1554 1553 1555 
3265 580 582 239 238 5851 5863 3049 3048 
3266 5851 5863 3049 3048 5852 5864 3083 3082 
3267 5852 5864 3083 3082 5853 5865 3117 3116 
3268 5853 5865 3117 3116 5854 5866 3151 3150 
3269 5854 5866 3151 3150 5855 5867 3185 3184 
3270 5855 5867 3185 3184 5856 5868 3219 3218 
3271 5856 5868 3219 3218 1555 1553 202 203 
3272 167 168 583 581 2641 2642 5869 5857 
3273 2641 2642 5869 5857 2675 2676 5870 5858 
3274 2675 2676 5870 5858 2709 2710 5871 5859 
3275 2709 2710 5871 5859 2743 2744 5872 5860 
3276 2743 2744 5872 5860 2777 2778 5873 5861 
3277 2777 2778 5873 5861 2811 2812 5874 5862 
3278 2811 2812 5874 5862 379 380 1552 1554 
3279 581 583 584 582 5857 5869 5875 5863 
3280 5857 5869 5875 5863 5858 5870 5876 5864 
3281 5858 5870 5876 5864 5859 5871 5877 5865 
3282 5859 5871 5877 5865 5860 5872 5878 5866 
3283 5860 5872 5878 5866 5861 5873 5879 5867 
3284 5861 5873 5879 5867 5862 5874 5880 5868 
3285 5862 5874 5880 5868 1554 1552 1551 1553 
3286 582 584 240 239 5863 5875 3050 3049 
3287 5863 5875 3050 3049 5864 5876 3084 3083 
3288 5864 5876 3084 3083 5865 5877 3118 3117 
3289 5865 5877 3118 3117 5866 5878 3152 3151 
3290 5866 5878 3152 3151 5867 5879 3186 3185 
3291 5867 5879 3186 3185 5868 5880 3220 3219 
3292 5868 5880 3220 3219 1553 1551 201 202 
3293 168 169 585 583 2642 2643 5881 5869 
3294 2642 2643 5881 5869 2676 2677 5882 5870 
3295 2676 2677 5882 5870 2710 2711 5883 5871 
3296 2710 2711 5883 5871 2744 2745 5884 5872 
3297 2744 2745 5884 5872 2778 2779 5885 5873 
3298 2778 2779 5885 5873 2812 2813 5886 5874 
3299 2812 2813 5886 5874 380 381 1550 1552 
3300 583 585 586 584 5869 5881 5887 5875 
3301 5869 5881 5887 5875 5870 5882 5888 5876 
3302 5870 5882 5888 5876 5871 5883 5889 5877 
3303 5871 5883 5889 5877 5872 5884 5890 5878 
3304 5872 5884 5890 5878 5873 5885 5891 5879 
3305 5873 5885 5891 5879 5874 5886 5892 5880 
3306 5874 5886 5892 5880 1552 1550 1549 1551 
3307 584 586 241 240 5875 5887 3051 3050 
3308 5875 5887 3051 3050 5876 5888 3085 3084 
3309 5876 5888 3085 3084 5877 5889 3119 3118 
3310 5877 5889 3119 3118 5878 5890 3153 3152 
3311 5878 5890 3153 3152 5879 5891 3187 3186 
3312 5879 5891 3187 3186 5880 5892 3221 3220 
3313 5880 5892 3221 3220 1551 1549 200 201 
3314 169 170 587 585 2643 2644 5893 5881 
3315 2643 2644 5893 5881 2677 2678 5894 5882 
3316 2677 2678 5894 5882 2711 2712 5895 5883 
3317 2711 2712 5895 5883 2745 2746 5896 5884 
3318 2745 2746 5896 5884 2779 2780 5897 5885 
3319 2779 2780 5897 5885 2813 2814 5898 5886 
3320 2813 2814 5898 5886 381 382 1548 1550 
3321 585 587 588 586 5881 5893 5899 5887 
3322 5881 5893 5899 5887 5882 5894 5900 5888 
3323 5882 5894 5900 5888 5883 5895 5901 5889 
3324 5883 5895 5901 5889 5884 5896 5902 5890 
3325 5884 5896 5902 5890 5885 5897 5903 5891 
3326 5885 5897 5903 5891 5886 5898 5904 5892 
3327 5886 5898 5904 5892 1550 1548 1547 1549 
3328 586 588 242 241 5887 5899 3052 3051 
3329 5887 5899 3052 3051 5888 5900 3086 3085 
3330 5888 5900 3086 3085 5889 5901 3120 3119 
3331 5889 5901 3120 3119 5890 5902 3154 3153 
3332 5890 5902 3154 3153 5891 5903 3188 3187 
3333 5891 5903 3188 3187 5892 5904 3222 3221 
3334 5892 5904 3222 3221 1549 1547 199 200 
3335 170 171 589 587 2644 2645 5905 5893 
3336 2644 2645 5905 5893 2678 2679 5906 5894 
3337 2678 2679 5906 5894 2712 2713 5907 5895 
3338 2712 2713 5907 5895 2746 2747 5908 5896 
3339 2746 2747 5908 5896 2780 2781 5909 5897 
3340 2780 2781 5909 5897 2814 2815 5910 5898 
3341 2814 2815 5910 5898 382 383 1546 1548 
3342 587 589 590 588 5893 5905 5911 5899 
3343 5893 5905 5911 5899 5894 5906 5912 5900 
3344 5894 5906 5912 5900 5895 5907 5913 5901 
3345 5895 5907 5913 5901 5896 5908 5914 5902 
3346 5896 5908 5914 5902 5897 5909 5915 5903 
3347 5897 5909 5915 5903 5898 5910 5916 5904 
3348 5898 5910 5916 5904 1548 1546 1545 1547 
3349 588 590 243 242 5899 5911 3053 3052 
3350 5899 5911 3053 3052 5900 5912 3087 3086 
3351 5900 5912 3087 3086 5901 5913 3121 3120 
3352 5901 5913 3121 3120 5902 5914 3155 3154 
3353 5902 5914 3155 3154 5903 5915 3189 3188 
3354 5903 5915 3189 3188 5904 5916 3223 3222 
3355 5904 5916 3223 3222 1547 1545 198 199 
3356 171 172 591 589 2645 2646 5917 5905 
3357 2645 2646 5917 5905 2679 2680 5918 5906 
3358 2679 2680 5918 5906 2713 2714 5919 5907 
3359 2713 2714 5919 5907 2747 2748 5920 5908 
3360 2747 2748 5920 5908 2781 2782 5921 5909 
3361 2781 2782 5921 5909 2815 2816 5922 5910 
3362 2815 2816 5922 5910 383 384 1544 1546 
3363 589 591 592 590 5905 5917 5923 5911 
3364 5905 5917 5923 5911 5906 5918 5924 5912 
3365 5906 5918 5924 5912 5907 5919 5925 5913 
3366 5907 5919 5925 5913 5908 5920 5926 5914 
3367 5908 5920 5926 5914 5909 5921 5927 5915 
3368 5909 5921 5927 5915 5910 5922 5928 5916 
3369 5910 5922 5928 5916 1546 1544 1543 1545 
3370 590 592 244 243 5911 5923 3054 3053 
3371 5911 5923 3054 3053 5912 5924 3088 3087 
3372 5912 5924 3088 3087 5913 5925 3122 3121 
3373 5913 5925 3122 3121 5914 5926 3156 3155 
3374 5914 5926 3156 3155 5915 5927 3190 3189 
3375 5915 5927 3190 3189 5916 5928 3224 3223 
3376 5916 5928 3224 3223 1545 1543 197 198 
3377 172 173 593 591 2646 2647 5929 5917 
3378 2646 2647 5929 5917 2680 2681 5930 5918 
3379 2680 2681 5930 5918 2714 2715 5931 5919 
3380 2714 2715 5931 5919 2748 2749 5932 5920 
3381 2748 2749 5932 5920 2782 2783 5933 5921 
3382 2782 2783 5933 5921 2816 2817 5934 5922 
3383 2816 2817 5934 5922 384 385 1542 1544 
3384 591 593 594 592 5917 5929 5935 5923 
3385 5917 5929 5935 5923 5918 5930 5936 5924 
3386 5918 5930 5936 5924 5919 5931 5937 5925 
3387 5919 5931 5937 5925 5920 5932 5938 5926 
3388 5920 5932 5938 5926 5921 5933 5939 5927 
3389 5921 5933 5939 5927 5922 5934 5940 5928 
3390 5922 5934 5940 5928 1544 1542 1541 1543 
3391 592 594 245 244 5923 5935 3055 3054 
3392 5923 5935 3055 3054 5924 5936 3089 3088 
3393 5924 5936 3089 3088 5925 5937 3123 3122 
3394 5925 5937 3123 3122 5926 5938 3157 3156 
3395 5926 5938 3157 3156 5927 5939 3191 3190 
3396 5927 5939 3191 3190 5928 5940 3225 3224 
3397 5928 5940 3225 3224 1543 1541 196 197 
3398 173 174 595 593 2647 2648 5941 5929 
3399 2647 2648 5941 5929 2681 2682 5942 5930 
3400 2681 2682 5942 5930 2715 2716 5943 5931 
3401 2715 2716 5943 5931 2749 2750 5944 5932 
3402 2749 2750 5944 5932 2783 2784 5945 5933 
3403 2783 2784 5945 5933 2817 2818 5946 5934 
3404 2817 2818 5946 5934 385 386 1540 1542 
3405 593 595 596 594 5929 5941 5947 5935 
3406 5929 5941 5947 5935 5930 5942 5948 5936 
3407 5930 5942 5948 5936 5931 5943 5949 5937 
3408 5931 5943 5949 5937 5932 5944 5950 5938 
3409 5932 5944 5950 5938 5933 5945 5951 5939 
3410 5933 5945 5951 5939 5934 5946 5952 5940 
3411 5934 5946 5952 5940 1542 1540 1539 1541 
3412 594 596 246 245 5935 5947 3056 3055 
3413 5935 5947 3056 3055 5936 5948 3090 3089 
3414 5936 5948 3090 3089 5937 5949 3124 3123 
3415 5937 5949 3124 3123 5938 5950 3158 3157 
3416 5938 5950 3158 3157 5939 5951 3192 3191 
3417 5939 5951 3192 3191 5940 5952 3226 3225 
3418 5940 5952 3226 3225 1541 1539 195 196 
3419 174 175 597 595 2648 2649 5953 5941 
3420 2648 2649 5953 5941 2682 2683 5954 5942 
3421 2682 2683 5954 5942 2716 2717 5955 5943 
3422 2716 2717 5955 5943 2750 2751 5956 5944 
3423 2750 2751 5956 5944 2784 2785 5957 5945 
3424 2784 2785 5957 5945 2818 2819 5958 5946 
3425 2818 2819 5958 5946 386 387 1538 1540 
3426 595 597 598 596 5941 5953 5959 5947 
3427 5941 5953 5959 5947 5942 5954 5960 5948 
3428 5942 5954 5960 5948 5943 5955 5961 5949 
3429 5943 5955 5961 5949 5944 5956 5962 5950 
3430 5944 5956 5962 5950 5945 5957 5963 5951 
3431 5945 5957 5963 5951 5946 5958 5964 5952 
3432 5946 5958 5964 5952 1540 1538 1537 1539 
3433 596 598 247 246 5947 5959 3057 3056 
3434 5947 5959 3057 3056 5948 5960 3091 3090 
3435 5948 5960 3091 3090 5949 5961 3125 3124 
3436 5949 5961 3125 3124 5950 5962 3159 3158 
3437 5950 5962 3159 3158 5951 5963 3193 3192 
3438 5951 5963 3193 3192 5952 5964 3227 3226 
3439 5952 5964 3227 3226 1539 1537 194 195 
3440 175 176 599 597 2649 2650 5965 5953 
3441 2649 2650 5965 5953 2683 2684 5966 5954 
3442 2683 2684 5966 5954 2717 2718 5967 5955 
3443 2717 2718 5967 5955 2751 2752 5968 5956 
3444 2751 2752 5968 5956 2785 2786 5969 5957 
3445 2785 2786 5969 5957 2819 2820 5970 5958 
3446 2819 2820 5970 5958 387 388 1536 1538 
3447 597 599 600 598 5953 5965 5971 5959 
3448 5953 5965 5971 5959 5954 5966 5972 5960 
3449 5954 5966 5972 5960 5955 5967 5973 5961 
3450 5955 5967 5973 5961 5956 5968 5974 5962 
3451 5956 5968 5974 5962 5957 5969 5975 5963 
3452 5957 5969 5975 5963 5958 5970 5976 5964 
3453 5958 5970 5976 5964 1538 1536 1535 1537 
3454 598 600 248 247 5959 5971 3058 3057 
3455 5959 5971 3058 3057 5960 5972 3092 3091 
3456 5960 5972 3092 3091 5961 5973 3126 3125 
3457 5961 5973 3126 3125 5962 5974 3160 3159 
3458 5962 5974 3160 3159 5963 5975 3194 3193 
3459 5963 5975 3194 3193 5964 5976 3228 3227 
3460 5964 5976 3228 3227 1537 1535 193 194 
3461 176 177 601 599 2650 2651 5977 5965 
3462 2650 2651 5977 5965 2684 2685 5978 5966 
3463 2684 2685 5978 5966 2718 2719 5979 5967 
3464 2718 2719 5979 5967 2752 2753 5980 5968 
3465 2752 2753 5980 5968 2786 2787 5981 5969 
3466 2786 2787 5981 5969 2820 2821 5982 5970 
3467 2820 2821 5982 5970 388 389 1534 1536 
3468 599 601 602 600 5965 5977 5983 5971 
3469 5965 5977 5983 5971 5966 5978 5984 5972 
3470 5966 5978 5984 5972 5967 5979 5985 5973 
3471 5967 5979 5985 5973 5968 5980 5986 5974 
3472 5968 5980 5986 5974 5969 5981 5987 5975 
3473 5969 5981 5987 5975 5970 5982 5988 5976 
3474 5970 5982 5988 5976 1536 1534 1533 1535 
3475 600 602 249 248 5971 5983 3059 3058 
3476 5971 5983 3059 3058 5972 5984 3093 3092 
3477 5972 5984 3093 3092 5973 5985 3127 3126 
3478 5973 5985 3127 3126 5974 5986 3161 3160 
3479 5974 5986 3161 3160 5975 5987 3195 3194 
3480 5975 5987 3195 3194 5976 5988 3229 3228 
3481 5976 5988 3229 3228 1535 1533 192 193 
3482 177 178 603 601 2651 2652 5989 5977 
3483 2651 2652 5989 5977 2685 2686 5990 5978 
3484 2685 2686 5990 5978 2719 2720 5991 5979 
3485 2719 2720 5991 5979 2753 2754 5992 5980 
3486 2753 2754 5992 5980 2787 2788 5993 5981 
3487 2787 2788 5993 5981 2821 2822 5994 5982 
3488 2821 2822 5994 5982 389 390 1532 1534 
3489 601 603 604 602 5977 5989 5995 5983 
3490 5977 5989 5995 5983 5978 5990 5996 5984 
3491 5978 5990 5996 5984 5979 5991 5997 5985 
3492 5979 5991 5997 5985 5980 5992 5998 5986 
3493 5980 5992 5998 5986 5981 5993 5999 5987 
3494 5981 5993 5999 5987 5982 5994 6000 5988 
3495 5982 5994 6000 5988 1534 1532 1531 1533 
3496 602 604 250 249 5983 5995 3060 3059 
3497 5983 5995 3060 3059 5984 5996 3094 3093 
3498 5984 5996 3094 3093 5985 5997 3128 3127 
3499 5985 5997 3128 3127 5986 5998 3162 3161 
3500 5986 5998 3162 3161 5987 5999 3196 3195 
3501 5987 5999 3196 3195 5988 6000 3230 3229 
3502 5988 6000 3230 3229 1533 1531 191 192 
3503 178 179 605 603 2652 2653 6001 5989 
3504 2652 2653 6001 5989 2686 2687 6002 5990 
3505 2686 2687 6002 5990 2720 2721 6003 5991 
3506 2720 2721 6003 5991 2754 2755 6004 5992 
3507 2754 2755 6004 5992 2788 2789 6005 5993 
3508 2788 2789 6005 5993 2822 2823 6006 5994 
3509 2822 2823 6006 5994 390 391 1530 1532 
3510 603 605 606 604 5989 6001 6007 5995 
3511 5989 6001 6007 5995 5990 6002 6008 5996 
3512 5990 6002 6008 5996 5991 6003 6009 5997 
3513 5991 6003 6009 5997 5992 6004 6010 5998 
3514 5992 6004 6010 5998 5993 6005 6011 5999 
3515 5993 6005 6011 5999 5994 6006 6012 6000 
3516 5994 6006 6012 6000 1532 1530 1529 1531 
3517 604 606 251 250 5995 6007 3061 3060 
3518 5995 6007 3061 3060 5996 6008 3095 3094 
3519 5996 6008 3095 3094 5997 6009 3129 3128 
3520 5997 6009 3129 3128 5998 6010 3163 3162 
3521 5998 6010 3163 3162 5999 6011 3197 3196 
3522 5999 6011 3197 3196 6000 6012 3231 3230 
3523 6000 6012 3231 3230 1531 1529 190 191 
3524 179 180 607 605 2653 2654 6013 6001 
3525 2653 2654 6013 6001 2687 2688 6014 6002 
3526 2687 2688 6014 6002 2721 2722 6015 6003 
3527 2721 2722 6015 6003 2755 2756 6016 6004 
3528 2755 2756 6016 6004 2789 2790 6017 6005 
3529 2789 2790 6017 6005 2823 2824 6018 6006 
3530 2823 2824 6018 6006 391 392 1528 1530 
3531 605 607 608 606 6001 6013 6019 6007 
3532 6001 6013 6019 6007 6002 6014 6020 6008 
3533 6002 6014 6020 6008 6003 6015 6021 6009 
3534 6003 6015 6021 6009 6004 6016 6022 6010 
3535 6004 6016 6022 6010 6005 6017 6023 6011 
3536 6005 6017 6023 6011 6006 6018 6024 6012 
3537 6006 6018 6024 6012 1530 1528 1527 1529 
3538 606 608 252 251 6007 6019 3062 3061 
3539 6007 6019 3062 3061 6008 6020 3096 3095 
3540 6008 6020 3096 3095 6009 6021 3130 3129 
3541 6009 6021 3130 3129 6010 6022 3164 3163 
3542 6010 6022 3164 3163 6011 6023 3198 3197 
3543 6011 6023 3198 3197 6012 6024 3232 3231 
3544 6012 6024 3232 3231 1529 1527 189 190 
3545 180 181 609 607 2654 2655 6025 6013 
3546 2654 2655 6025 6013 2688 2689 6026 6014 
3547 2688 2689 6026 6014 2722 2723 6027 6015 
3548 2722 2723 6027 6015 2756 2757 6028 6016 
3549 2756 2757 6028 6016 2790 2791 6029 6017 
3550 2790 2791 6029 6017 2824 2825 6030 6018 
3551 2824 2825 6030 6018 392 393 1526 1528 
3552 607 609 610 608 6013 6025 6031 6019 
3553 6013 6025 6031 6019 6014 6026 6032 6020 
3554 6014 6026 6032 6020 6015 6027 6033 6021 
3555 6015 6027 6033 6021 6016 6028 6034 6022 
3556 6016 6028 6034 6022 6017 6029 6035 6023 
3557 6017 6029 6035 6023 6018 6030 6036 6024 
3558 6018 6030 6036 6024 1528 1526 1525 1527 
3559 608 610 253 252 6019 6031 3063 3062 
3560 6019 6031 3063 3062 6020 6032 3097 3096 
3561 6020 6032 3097 3096 6021 6033 3131 3130 
3562 6021 6033 3131 3130 6022 6034 3165 3164 
3563 6022 6034 3165 3164 6023 6035 3199 3198 
3564 6023 6035 3199 3198 6024 6036 3233 3232 
3565 6024 6036 3233 3232 1527 1525 188 189 
3566 181 182 611 609 2655 2656 6037 6025 
3567 2655 2656 6037 6025 2689 2690 6038 6026 
3568 2689 2690 6038 6026 2723 2724 6039 6027 
3569 2723 2724 6039 6027 2757 2758 6040 6028 
3570 2757 2758 6040 6028 2791 2792 6041 6029 
3571 2791 2792 6041 6029 2825 2826 6042 6030 
3572 2825 2826 6042 6030 393 394 1524 1526 
3573 609 611 612 610 6025 6037 6043 6031 
3574 6025 6037 6043 6031 6026 6038 6044 6032 
3575 6026 6038 6044 6032 6027 6039 6045 6033 
3576 6027 6039 6045 6033 6028 6040 6046 6034 
3577 6028 6040 6046 6034 6029 6041 6047 6035 
3578 6029 6041 6047 6035 6030 6042 6048 6036 
3579 6030 6042 6048 6036 1526 1524 1523 1525 
3580 610 612 254 253 6031 6043 3064 3063 
3581 6031 6043 3064 3063 6032 6044 3098 3097 
3582 6032 6044 3098 3097 6033 6045 3132 3131 
3583 6033 6045 3132 3131 6034 6046 3166 3165 
3584 6034 6046 3166 3165 6035 6047 3200 3199 
3585 6035 6047 3200 3199 6036 6048 3234 3233 
3586 6036 6048 3234 3233 1525 1523 187 188 
3587 182 183 613 611 2656 2657 6049 6037 
3588 2656 2657 6049 6037 2690 2691 6050 6038 
3589 2690 2691 6050 6038 2724 2725 6051 6039 
3590 2724 2725 6051 6039 2758 2759 6052 6040 
3591 2758 2759 6052 6040 2792 2793 6053 6041 
3592 2792 2793 6053 6041 2826 2827 6054 6042 
3593 2826 2827 6054 6042 394 395 1522 1524 
3594 611 613 614 612 6037 6049 6055 6043 
3595 6037 6049 6055 6043 6038 6050 6056 6044 
3596 6038 6050 6056 6044 6039 6051 6057 6045 
3597 6039 6051 6057 6045 6040 6052 6058 6046 
3598 6040 6052 6058 6046 6041 6053 6059 6047 
3599 6041 6053 6059 6047 6042 6054 6060 6048 
3600 6042 6054 6060 6048 1524 1522 1521 1523 
3601 612 614 255 254 6043 6055 3065 3064 
3602 6043 6055 3065 3064 6044 6056 3099 3098 
3603 6044 6056 3099 3098 6045 6057 3133 3132 
3604 6045 6057 3133 3132 6046 6058 3167 3166 
3605 6046 6058 3167 3166 6047 6059 3201 3200 
3606 6047 6059 3201 3200 6048 6060 3235 3234 
3607 6048 6060 3235 3234 1523 1521 186 187 
3608 183 184 615 613 2657 2658 6061 6049 
3609 2657 2658 6061 6049 2691 2692 6062 6050 
3610 2691 2692 6062 6050 2725 2726 6063 6051 
3611 2725 2726 6063 6051 2759 2760 6064 6052 
3612 2759 2760 6064 6052 2793 2794 6065 6053 
3613 2793 2794 6065 6053 2827 2828 6066 6054 
3614 2827 2828 6066 6054 395 396 1520 1522 
3615 613 615 616 614 6049 6061 6067 6055 
3616 6049 6061 6067 6055 6050 6062 6068 6056 
3617 6050 6062 6068 6056 6051 6063 6069 6057 
3618 6051 6063 6069 6057 6052 6064 6070 6058 
3619 6052 6064 6070 6058 6053 6065 6071 6059 
3620 6053 6065 6071 6059 6054 6066 6072 6060 
3621 6054 6066 6072 6060 1522 1520 1519 1521 
3622 614 616 256 255 6055 6067 3066 3065 
3623 6055 6067 3066 3065 6056 6068 3100 3099 
3624 6056 6068 3100 3099 6057 6069 3134 3133 
3625 6057 6069 3134 3133 6058 6070 3168 3167 
3626 6058 6070 3168 3167 6059 6071 3202 3201 
3627 6059 6071 3202 3201 6060 6072 3236 3235 
3628 6060 6072 3236 3235 1521 1519 185 186 
3629 184 11 259 615 2658 463 2385 6061 
3630 2658 463 2385 6061 2692 464 2387 6062 
3631 2692 464 2387 6062 2726 465 2389 6063 
3632 2726 465 2389 6063 2760 466 2391 6064 
3633 2760 466 2391 6064 2794 467 2393 6065 
3634 2794 467 2393 6065 2828 468 2395 6066 
3635 2828 468 2395 6066 396 24 430 1520 
3636 615 259 260 616 6061 2385 2386 6067 
3637 6061 2385 2386 6067 6062 2387 2388 6068 
3638 6062 2387 2388 6068 6063 2389 2390 6069 
3639 6063 2389 2390 6069 6064 2391 2392 6070 
3640 6064 2391 2392 6070 6065 2393 2394 6071 
3641 6065 2393 2394 6071 6066 2395 2396 6072 
3642 6066 2395 2396 6072 1520 430 429 1519 
3643 616 260 13 256 6067 2386 469 3066 
3644 6067 2386 469 3066 6068 2388 470 3100 
3645 6068 2388 470 3100 6069 2390 471 3134 
3646 6069 2390 471 3134 6070 2392 472 3168 
3647 6070 2392 472 3168 6071 2394 473 3202 
3648 6071 2394 473 3202 6072 2396 474 3236 
3649 6072 2396 474 3236 1519 429 14 185 
3 83 5 63
3650 7 79 3237 59 451 2361 6073 2355 
3651 451 2361 6073 2355 452 2363 6074 2356 
3652 452 2363 6074 2356 453 2365 6075 2357 
3653 453 2365 6075 2357 454 2367 6076 2358 
3654 454 2367 6076 2358 455 2369 6077 2359 
3655 455 2369 6077 2359 456 2371 6078 2360 
3656 456 2371 6078 2360 10 421 1589 222 
3657 59 3237 3238 58 2355 6073 6079 2349 
3658 2355 6073 6079 2349 2356 6074 6080 2350 
3659 2356 6074 6080 2350 2357 6075 6081 2351 
3660 2357 6075 6081 2351 2358 6076 6082 2352 
3661 2358 6076 6082 2352 2359 6077 6083 2353 
3662 2359 6077 6083 2353 2360 6078 6084 2354 
3663 2360 6078 6084 2354 222 1589 1587 221 
3664 58 3238 52 5 2349 6079 2343 445 
3665 2349 6079 2343 445 2350 6080 2344 446 
3666 2350 6080 2344 446 2351 6081 2345 447 
3667 2351 6081 2345 447 2352 6082 2346 448 
3668 2352 6082 2346 448 2353 6083 2347 449 
3669 2353 6083 2347 449 2354 6084 2348 450 
3670 2354 6084 2348 450 221 1587 428 16 
3671 79 80 3239 3237 2361 2362 6085 6073 
3672 2361 2362 6085 6073 2363 2364 6086 6074 
3673 2363 2364 6086 6074 2365 2366 6087 6075 
3674 2365 2366 6087 6075 2367 2368 6088 6076 
3675 2367 2368 6088 6076 2369 2370 6089 6077 
3676 2369 2370 6089 6077 2371 2372 6090 6078 
3677 2371 2372 6090 6078 421 422 1590 1589 
3678 3237 3239 3240 3238 6073 6085 6091 6079 
3679 6073 6085 6091 6079 6074 6086 6092 6080 
3680 6074 6086 6092 6080 6075 6087 6093 6081 
3681 6075 6087 6093 6081 6076 6088 6094 6082 
3682 6076 6088 6094 6082 6077 6089 6095 6083 
3683 6077 6089 6095 6083 6078 6090 6096 6084 
3684 6078 6090 6096 6084 1589 1590 1588 1587 
3685 3238 3240 51 52 6079 6091 2337 2343 
3686 6079 6091 2337 2343 6080 6092 2338 2344 
3687 6080 6092 2338 2344 6081 6093 2339 2345 
3688 6081 6093 2339 2345 6082 6094 2340 2346 
3689 6082 6094 2340 2346 6083 6095 2341 2347 
3690 6083 6095 2341 2347 6084 6096 2342 2348 
3691 6084 6096 2342 2348 1587 1588 427 428 
3692 80 1 30 3239 2362 433 2325 6085 
3693 2362 433 2325 6085 2364 434 2327 6086 
3694 2364 434 2327 6086 2366 435 2329 6087 
3695 2366 435 2329 6087 2368 436 2331 6088 
3696 2368 436 2331 6088 2370 437 2333 6089 
3697 2370 437 2333 6089 2372 438 2335 6090 
3698 2372 438 2335 6090 422 17 423 1590 
3699 3239 30 31 3240 6085 2325 2326 6091 
3700 6085 2325 2326 6091 6086 2327 2328 6092 
3701 6086 2327 2328 6092 6087 2329 2330 6093 
3702 6087 2329 2330 6093 6088 2331 2332 6094 
3703 6088 2331 2332 6094 6089 2333 2334 6095 
3704 6089 2333 2334 6095 6090 2335 2336 6096 
3705 6090 2335 2336 6096 1590 423 424 1588 
3706 3240 31 3 51 6091 2326 439 2337 
3707 6091 2326 439 2337 6092 2328 440 2338 
3708 6092 2328 440 2338 6093 2330 441 2339 
3709 6093 2330 441 2339 6094 2332 442 2340 
3710 6094 2332 442 2340 6095 2334 443 2341 
3711 6095 2334 443 2341 6096 2336 444 2342 
3712 6096 2336 444 2342 1588 424 19 427 
3 84 5 63
3713 3241 306 15 303 6097 2409 475 2398 
3714 6097 2409 475 2398 6098 2410 476 2400 
3715 6098 2410 476 2400 6099 2411 477 2402 
3716 6099 2411 477 2402 6100 2412 478 2404 
3717 6100 2412 478 2404 6101 2413 479 2406 
3718 6101 2413 479 2406 6102 2414 480 2408 
3719 6102 2414 480 2408 1515 425 12 149 
3720 3242 3241 303 302 6103 6097 2398 2397 
3721 6103 6097 2398 2397 6104 6098 2400 2399 
3722 6104 6098 2400 2399 6105 6099 2402 2401 
3723 6105 6099 2402 2401 6106 6100 2404 2403 
3724 6106 6100 2404 2403 6107 6101 2406 2405 
3725 6107 6101 2406 2405 6108 6102 2408 2407 
3726 6108 6102 2408 2407 1517 1515 149 150 
3727 260 3242 302 13 2386 6103 2397 469 
3728 2386 6103 2397 469 2388 6104 2399 470 
3729 2388 6104 2399 470 2390 6105 2401 471 
3730 2390 6105 2401 471 2392 6106 2403 472 
3731 2392 6106 2403 472 2394 6107 2405 473 
3732 2394 6107 2405 473 2396 6108 2407 474 
3733 2396 6108 2407 474 429 1517 150 14 
3734 3243 307 306 3241 6109 2415 2409 6097 
3735 6109 2415 2409 6097 6110 2416 2410 6098 
3736 6110 2416 2410 6098 6111 2417 2411 6099 
3737 6111 2417 2411 6099 6112 2418 2412 6100 
3738 6112 2418 2412 6100 6113 2419 2413 6101 
3739 6113 2419 2413 6101 6114 2420 2414 6102 
3740 6114 2420 2414 6102 1516 426 425 1515 
3741 3244 3243 3241 3242 6115 6109 6097 6103 
3742 6115 6109 6097 6103 6116 6110 6098 6104 
3743 6116 6110 6098 6104 6117 6111 6099 6105 
3744 6117 6111 6099 6105 6118 6112 6100 6106 
3745 6118 6112 6100 6106 6119 6113 6101 6107 
3746 6119 6113 6101 6107 6120 6114 6102 6108 
3747 6120 6114 6102 6108 1518 1516 1515 1517 
3748 259 3244 3242 260 2385 6115 6103 2386 
3749 2385 6115 6103 2386 2387 6116 6104 2388 
3750 2387 6116 6104 2388 2389 6117 6105 2390 
3751 2389 6117 6105 2390 2391 6118 6106 2392 
3752 2391 6118 6106 2392 2393 6119 6107 2394 
3753 2393 6119 6107 2394 2395 6120 6108 2396 
3754 2395 6120 6108 2396 430 1518 1517 429 
3755 219 9 307 3243 2373 457 2415 6109 
3756 2373 457 2415 6109 2375 458 2416 6110 
3757 2375 458 2416 6110 2377 459 2417 6111 
3758 2377 459 2417 6111 2379 460 2418 6112 
3759 2379 460 2418 6112 2381 461 2419 6113 
3760 2381 461 2419 6113 2383 462 2420 6114 
3761 2383 462 2420 6114 431 23 426 1516 
3762 220 219 3243 3244 2374 2373 6109 6115 
3763 2374 2373 6109 6115 2376 2375 6110 6116 
3764 2376 2375 6110 6116 2378 2377 6111 6117 
3765 2378 2377 6111 6117 2380 2379 6112 6118 
3766 2380 2379 6112 6118 2382 2381 6113 6119 
3767 2382 2381 6113 6119 2384 2383 6114 6120 
3768 2384 2383 6114 6120 432 431 1516 1518 
3769 11 220 3244 259 463 2374 6115 2385 
3770 463 2374 6115 2385 464 2376 6116 2387 
3771 464 2376 6116 2387 465 2378 6117 2389 
3772 465 2378 6117 2389 466 2380 6118 2391 
3773 466 2380 6118 2391 467 2382 6119 2393 
3774 467 2382 6119 2393 468 2384 6120 2395 
3775 468 2384 6120 2395 24 432 1518 430 
$EndElements
