$MeshFormat
4.1 0 8
$EndMeshFormat
$PhysicalNames
15
0 5 "point_heel_1"
0 6 "point_toe_1"
0 11 "point_heel_2"
0 12 "point_toe_2"
1 1 "curve_wellbore_1"
1 7 "curve_wellbore_2"
2 2 "surface_wellbore_cylinder_1"
2 3 "surface_wellbore_toe_1"
2 4 "surface_wellbore_heel_1"
2 8 "surface_wellbore_cylinder_2"
2 9 "surface_wellbore_toe_2"
2 10 "surface_wellbore_heel_2"
2 14 "surface_farfield"
2 15 "surface_cap_rock"
3 13 "volume_reservoir"
$EndPhysicalNames
$Entities
4 2 22 13
17 0 -423.1162815367264 0.05388153672641492 1 5 
21 800.1 -423.1162815367264 0.05388153672641492 1 6 
102 0 423.0085184632736 0.05388153672641492 1 11 
106 800.1 423.0085184632736 0.05388153672641492 1 12 
20 0 -423.1162815367264 0.05388153672641492 800.1 -423.1162815367264 0.05388153672641492 1 1 0 
105 0 423.0085184632736 0.05388153672641492 800.1 423.0085184632736 0.05388153672641492 1 7 0 
1 -846.1248000000001 -846.1248000000001 -10.9728 1646.2248 846.1248000000001 -10.9728 1 15 0 
2 0 -846.1248000000001 -10.9728 800.1 -846.1248000000001 10.9728 1 14 0 
3 800.1 -846.1248000000001 -10.9728 1646.2248 846.1248000000001 10.9728 1 14 0 
4 0 846.1248000000001 -10.9728 800.1 846.1248000000001 10.9728 1 14 0 
5 -846.1248000000001 -846.1248000000001 -10.9728 0 846.1248000000001 10.9728 1 14 0 
14 -846.1248000000001 -846.1248000000001 10.9728 1646.2248 846.1248000000001 10.9728 1 15 0 
16 0 -423.1162815367264 0.05388153672641492 800.1 -423.0085184632736 0.07360354796322263 1 2 0 
17 0 -423.0085184632736 -0.05388153672641492 800.1 -422.9887964520368 0.05388153672641492 1 2 0 
18 0 -423.1162815367264 -0.07360354796322262 800.1 -423.0085184632736 -0.05388153672641492 1 2 0 
19 0 -423.1360035479632 -0.05388153672641492 800.1 -423.1162815367264 0.05388153672641492 1 2 0 
58 -10.97280000000001 -434.0352 10.9728 811.0728 -412.0896 10.9728 1 15 0 
59 -10.97280000000001 -434.0352 -10.9728 811.0728 -412.0896 -10.9728 1 15 0 
86 0 -423.1360035479632 -0.0736035479632226 0 -422.9887964520368 0.0736035479632226 1 4 0 
87 800.0999999999997 -423.1360035479632 -0.0736035479632226 800.1 -422.9887964520368 0.0736035479632226 1 3 0 
101 0 423.0085184632736 0.05388153672641492 800.1 423.1162815367264 0.07360354796322263 1 8 0 
102 0 423.1162815367264 -0.05388153672641492 800.1 423.1360035479632 0.05388153672641492 1 8 0 
103 0 423.0085184632736 -0.07360354796322262 800.1 423.1162815367264 -0.05388153672641492 1 8 0 
104 0 422.9887964520368 -0.05388153672641492 800.1 423.0085184632736 0.05388153672641492 1 8 0 
143 -10.97280000000001 412.0896 10.9728 811.0728 434.0352 10.9728 1 15 0 
144 -10.97280000000001 412.0896 -10.9728 811.0728 434.0352 -10.9728 1 15 0 
171 0 422.9887964520368 -0.0736035479632226 0 423.1360035479632 0.0736035479632226 1 10 0 
172 800.0999999999992 422.9887964520368 -0.0736035479632226 800.1 423.1360035479632 0.0736035479632226 1 9 0 
1 -846.1248000000001 -846.1248000000001 -10.9728 1646.2248 846.1248000000001 10.9728 1 13 0 
94 -10.97280000000001 -434.0352 0.05388153672641494 811.0728 -412.0896 10.9728 1 13 0 
95 -10.97280000000001 -434.0352 -10.9728 811.0728 -412.0896 -0.05388153672641494 1 13 0 
96 -10.97280000000001 -434.0352 -10.9728 811.0728 -423.1162815367264 10.9728 1 13 0 
97 -10.97280000000001 -423.0085184632736 -10.9728 811.0728 -412.0896 10.9728 1 13 0 
98 -10.9728 -434.0352 -10.9728 0 -412.0896 10.9728 1 13 0 
99 800.0999999999997 -434.0352 -10.9728 811.0728 -412.0896 10.9728 1 13 0 
179 -10.97280000000001 412.0896 0.05388153672641494 811.0728 434.0352 10.9728 1 13 0 
180 -10.97280000000001 412.0896 -10.9728 811.0728 434.0352 -0.05388153672641494 1 13 0 
181 -10.97280000000001 412.0896 -10.9728 811.0728 423.0085184632736 10.9728 1 13 0 
182 -10.97280000000001 423.1162815367264 -10.9728 811.0728 434.0352 10.9728 1 13 0 
183 -10.9728 412.0896 -10.9728 0 434.0352 10.9728 1 13 0 
184 800.0999999999992 412.0896 -10.9728 811.0728 434.0352 10.9728 1 13 0 
$EndEntities
$Nodes
41 8840 1 8840
0 17 0 1
2409
0 -423.1162815367264 0.05388153672641492
0 21 0 1
2413
800.1 -423.1162815367264 0.05388153672641492
0 102 0 1
5625
0 423.0085184632736 0.05388153672641492
0 106 0 1
5629
800.1 423.0085184632736 0.05388153672641492
1 20 0 34
2425
2426
2427
2428
2429
2430
2431
2432
2433
2434
2435
2436
2437
2438
2439
2440
2441
2442
2443
2444
2445
2446
2447
2448
2449
2450
2451
2452
2453
2454
2455
2456
2457
2458
22.85999999999996 -423.1162815367264 0.05388153672641492
45.71999999999993 -423.1162815367264 0.05388153672641492
68.5799999999999 -423.1162815367264 0.05388153672641492
91.43999999999987 -423.1162815367264 0.05388153672641492
114.2999999999999 -423.1162815367264 0.05388153672641492
137.1599999999998 -423.1162815367264 0.05388153672641492
160.0199999999998 -423.1162815367264 0.05388153672641492
182.8799999999998 -423.1162815367264 0.05388153672641492
205.7399999999998 -423.1162815367264 0.05388153672641492
228.5999999999997 -423.1162815367264 0.05388153672641492
251.4599999999997 -423.1162815367264 0.05388153672641492
274.3199999999996 -423.1162815367264 0.05388153672641492
297.1799999999996 -423.1162815367264 0.05388153672641492
320.0399999999995 -423.1162815367264 0.05388153672641492
342.8999999999994 -423.1162815367264 0.05388153672641492
365.7599999999994 -423.1162815367264 0.05388153672641492
388.6199999999993 -423.1162815367264 0.05388153672641492
411.4799999999992 -423.1162815367264 0.05388153672641492
434.3399999999992 -423.1162815367264 0.05388153672641492
457.199999999999 -423.1162815367264 0.05388153672641492
480.059999999999 -423.1162815367264 0.05388153672641492
502.919999999999 -423.1162815367264 0.05388153672641492
525.7799999999989 -423.1162815367264 0.05388153672641492
548.6399999999991 -423.1162815367264 0.05388153672641492
571.4999999999991 -423.1162815367264 0.05388153672641492
594.3599999999992 -423.1162815367264 0.05388153672641492
617.2199999999993 -423.1162815367264 0.05388153672641492
640.0799999999995 -423.1162815367264 0.05388153672641492
662.9399999999995 -423.1162815367264 0.05388153672641492
685.7999999999996 -423.1162815367264 0.05388153672641492
708.6599999999997 -423.1162815367264 0.05388153672641492
731.5199999999998 -423.1162815367264 0.05388153672641492
754.3799999999999 -423.1162815367264 0.05388153672641492
777.24 -423.1162815367264 0.05388153672641492
1 105 0 34
5641
5642
5643
5644
5645
5646
5647
5648
5649
5650
5651
5652
5653
5654
5655
5656
5657
5658
5659
5660
5661
5662
5663
5664
5665
5666
5667
5668
5669
5670
5671
5672
5673
5674
22.85999999999996 423.0085184632736 0.05388153672641492
45.71999999999993 423.0085184632736 0.05388153672641492
68.5799999999999 423.0085184632736 0.05388153672641492
91.43999999999987 423.0085184632736 0.05388153672641492
114.2999999999999 423.0085184632736 0.05388153672641492
137.1599999999998 423.0085184632736 0.05388153672641492
160.0199999999998 423.0085184632736 0.05388153672641492
182.8799999999998 423.0085184632736 0.05388153672641492
205.7399999999998 423.0085184632736 0.05388153672641492
228.5999999999997 423.0085184632736 0.05388153672641492
251.4599999999997 423.0085184632736 0.05388153672641492
274.3199999999996 423.0085184632736 0.05388153672641492
297.1799999999996 423.0085184632736 0.05388153672641492
320.0399999999995 423.0085184632736 0.05388153672641492
342.8999999999994 423.0085184632736 0.05388153672641492
365.7599999999994 423.0085184632736 0.05388153672641492
388.6199999999993 423.0085184632736 0.05388153672641492
411.4799999999992 423.0085184632736 0.05388153672641492
434.3399999999992 423.0085184632736 0.05388153672641492
457.199999999999 423.0085184632736 0.05388153672641492
480.059999999999 423.0085184632736 0.05388153672641492
502.919999999999 423.0085184632736 0.05388153672641492
525.7799999999989 423.0085184632736 0.05388153672641492
548.6399999999991 423.0085184632736 0.05388153672641492
571.4999999999991 423.0085184632736 0.05388153672641492
594.3599999999992 423.0085184632736 0.05388153672641492
617.2199999999993 423.0085184632736 0.05388153672641492
640.0799999999995 423.0085184632736 0.05388153672641492
662.9399999999995 423.0085184632736 0.05388153672641492
685.7999999999996 423.0085184632736 0.05388153672641492
708.6599999999997 423.0085184632736 0.05388153672641492
731.5199999999998 423.0085184632736 0.05388153672641492
754.3799999999999 423.0085184632736 0.05388153672641492
777.24 423.0085184632736 0.05388153672641492
2 1 0 602
1
2
3
4
5
6
7
8
9
10
11
12
25
26
27
28
29
30
31
32
33
34
35
36
37
38
39
40
41
42
43
44
45
46
47
48
49
50
51
52
53
54
55
56
57
58
59
60
61
62
63
64
65
66
67
68
69
70
71
72
73
74
75
76
77
78
79
80
81
82
83
84
85
86
87
88
89
90
91
92
93
94
95
96
97
98
99
100
101
102
103
104
105
106
107
108
109
110
111
112
113
114
115
116
117
118
119
120
121
122
123
124
125
126
127
128
129
130
131
132
133
134
135
136
137
138
139
140
141
142
143
144
145
146
147
148
149
150
151
152
153
154
155
156
157
158
159
160
161
162
163
164
165
166
167
168
169
170
171
172
173
174
175
176
177
178
179
180
181
182
183
184
185
186
187
188
189
190
191
192
193
194
195
196
393
394
395
396
397
398
399
400
401
402
403
404
405
406
407
408
409
410
411
412
413
414
415
416
417
418
419
420
421
422
423
424
425
426
427
428
429
430
431
432
433
434
435
436
437
438
439
440
441
442
443
444
445
446
447
448
449
450
451
452
453
454
455
456
457
458
459
460
461
462
463
464
465
466
467
468
469
470
471
472
473
474
475
476
477
478
479
480
481
482
483
484
485
486
487
488
489
490
491
492
493
494
495
496
497
498
499
500
501
502
503
504
505
506
507
508
509
510
511
512
513
514
515
516
517
518
519
520
521
522
523
524
525
526
527
528
529
530
531
532
533
534
535
536
537
538
539
540
541
542
543
544
545
546
547
548
549
550
551
552
553
554
555
556
557
558
559
560
561
562
563
564
565
566
567
568
569
570
571
572
573
574
575
576
577
578
579
580
581
582
583
584
585
586
587
588
589
590
591
592
593
594
595
596
597
598
599
600
601
602
603
604
605
606
607
608
609
610
611
612
613
614
615
616
617
618
619
620
621
622
623
624
625
626
627
628
629
630
631
632
633
634
635
636
637
638
639
640
641
642
643
644
645
646
647
648
649
650
651
652
653
654
655
656
657
658
659
660
661
662
663
664
665
666
667
668
669
670
671
672
673
674
675
676
677
678
679
680
681
682
683
684
685
686
687
688
689
690
691
692
693
694
695
696
697
698
699
700
701
702
703
704
705
706
707
708
709
710
711
712
713
714
715
716
717
718
719
720
721
722
723
724
725
726
727
728
729
730
731
732
733
734
735
736
737
738
739
740
741
742
743
744
745
746
747
748
749
750
751
752
753
754
755
756
757
758
759
760
761
762
763
764
765
766
767
768
769
770
771
772
773
774
775
776
777
778
779
780
781
782
783
784
785
786
787
788
789
790
791
792
793
794
795
796
797
798
799
800
801
802
803
804
805
806
807
808
809
810
0 -846.1248000000001 -10.9728
800.1 -846.1248000000001 -10.9728
800.1 846.1248000000001 -10.9728
0 846.1248000000001 -10.9728
-10.9728 -434.0352 -10.9728
811.0728 -434.0352 -10.9728
811.0728 -412.0896 -10.9728
-10.9728 -412.0896 -10.9728
-10.9728 412.0896 -10.9728
811.0728 412.0896 -10.9728
811.0728 434.0352 -10.9728
-10.9728 434.0352 -10.9728
200.0249950161761 -846.1248000000001 -10.9728
400.0500000000002 -846.1248000000001 -10.9728
600.0750049838241 -846.1248000000001 -10.9728
983.7793308011453 825.9473836822074 -10.9728
1170.971361968681 760.5140432934395 -10.9728
1359.213377710169 635.0743326891477 -10.9728
1514.297728100198 453.7056119903691 -10.9728
1612.573872510456 236.2485633033626 -10.9728
1646.2248 9.587505933329235e-13 -10.9728
1612.573872510457 -236.2485633033608 -10.9728
1514.297728100199 -453.7056119903675 -10.9728
1359.21337771017 -635.0743326891464 -10.9728
1170.971361968682 -760.514043293439 -10.9728
983.7793308011487 -825.9473836822066 -10.9728
600.0750049838239 846.1248000000001 -10.9728
400.0499999999998 846.1248000000001 -10.9728
200.0249950161759 846.1248000000001 -10.9728
-183.6793308011454 -825.9473836822074 -10.9728
-370.8713619686815 -760.5140432934393 -10.9728
-559.1133777101696 -635.0743326891469 -10.9728
-714.197728100199 -453.705611990368 -10.9728
-812.4738725104565 -236.2485633033618 -10.9728
-846.1248000000001 -4.793752966664618e-13 -10.9728
-812.4738725104568 236.2485633033612 -10.9728
-714.1977281001992 453.7056119903676 -10.9728
-559.1133777101704 635.0743326891462 -10.9728
-370.8713619686827 760.5140432934387 -10.9728
-183.6793308011486 825.9473836822067 -10.9728
12.51421714285717 -434.0352 -10.9728
36.00123428571434 -434.0352 -10.9728
59.48825142857149 -434.0352 -10.9728
82.97526857142867 -434.0352 -10.9728
106.4622857142858 -434.0352 -10.9728
129.949302857143 -434.0352 -10.9728
153.4363200000002 -434.0352 -10.9728
176.9233371428574 -434.0352 -10.9728
200.4103542857146 -434.0352 -10.9728
223.8973714285717 -434.0352 -10.9728
247.3843885714289 -434.0352 -10.9728
270.871405714286 -434.0352 -10.9728
294.3584228571431 -434.0352 -10.9728
317.8454400000002 -434.0352 -10.9728
341.3324571428574 -434.0352 -10.9728
364.8194742857145 -434.0352 -10.9728
388.3064914285716 -434.0352 -10.9728
411.7935085714287 -434.0352 -10.9728
435.2805257142859 -434.0352 -10.9728
458.7675428571431 -434.0352 -10.9728
482.2545600000003 -434.0352 -10.9728
505.7415771428574 -434.0352 -10.9728
529.2285942857145 -434.0352 -10.9728
552.7156114285716 -434.0352 -10.9728
576.2026285714288 -434.0352 -10.9728
599.6896457142859 -434.0352 -10.9728
623.176662857143 -434.0352 -10.9728
646.6636800000001 -434.0352 -10.9728
670.1506971428572 -434.0352 -10.9728
693.6377142857143 -434.0352 -10.9728
717.1247314285714 -434.0352 -10.9728
740.6117485714285 -434.0352 -10.9728
764.0987657142856 -434.0352 -10.9728
787.5857828571427 -434.0352 -10.9728
811.0728 -426.72 -10.9728
811.0728 -419.4048 -10.9728
787.5857828571428 -412.0896 -10.9728
764.0987657142857 -412.0896 -10.9728
740.6117485714285 -412.0896 -10.9728
717.1247314285714 -412.0896 -10.9728
693.6377142857142 -412.0896 -10.9728
670.1506971428571 -412.0896 -10.9728
646.6636799999999 -412.0896 -10.9728
623.1766628571427 -412.0896 -10.9728
599.6896457142855 -412.0896 -10.9728
576.2026285714282 -412.0896 -10.9728
552.7156114285712 -412.0896 -10.9728
529.2285942857141 -412.0896 -10.9728
505.7415771428569 -412.0896 -10.9728
482.2545599999998 -412.0896 -10.9728
458.7675428571426 -412.0896 -10.9728
435.2805257142855 -412.0896 -10.9728
411.7935085714284 -412.0896 -10.9728
388.3064914285713 -412.0896 -10.9728
364.8194742857141 -412.0896 -10.9728
341.3324571428569 -412.0896 -10.9728
317.8454399999997 -412.0896 -10.9728
294.3584228571426 -412.0896 -10.9728
270.8714057142855 -412.0896 -10.9728
247.3843885714284 -412.0896 -10.9728
223.8973714285712 -412.0896 -10.9728
200.4103542857141 -412.0896 -10.9728
176.923337142857 -412.0896 -10.9728
153.4363199999999 -412.0896 -10.9728
129.9493028571428 -412.0896 -10.9728
106.4622857142857 -412.0896 -10.9728
82.97526857142861 -412.0896 -10.9728
59.48825142857152 -412.0896 -10.9728
36.00123428571442 -412.0896 -10.9728
12.51421714285732 -412.0896 -10.9728
-10.9728 -419.4048 -10.9728
-10.9728 -426.72 -10.9728
12.51421714285717 412.0896 -10.9728
36.00123428571434 412.0896 -10.9728
59.48825142857149 412.0896 -10.9728
82.97526857142867 412.0896 -10.9728
106.4622857142858 412.0896 -10.9728
129.949302857143 412.0896 -10.9728
153.4363200000002 412.0896 -10.9728
176.9233371428574 412.0896 -10.9728
200.4103542857146 412.0896 -10.9728
223.8973714285717 412.0896 -10.9728
247.3843885714289 412.0896 -10.9728
270.871405714286 412.0896 -10.9728
294.3584228571431 412.0896 -10.9728
317.8454400000002 412.0896 -10.9728
341.3324571428574 412.0896 -10.9728
364.8194742857145 412.0896 -10.9728
388.3064914285716 412.0896 -10.9728
411.7935085714287 412.0896 -10.9728
435.2805257142859 412.0896 -10.9728
458.7675428571431 412.0896 -10.9728
482.2545600000003 412.0896 -10.9728
505.7415771428574 412.0896 -10.9728
529.2285942857145 412.0896 -10.9728
552.7156114285716 412.0896 -10.9728
576.2026285714288 412.0896 -10.9728
599.6896457142859 412.0896 -10.9728
623.176662857143 412.0896 -10.9728
646.6636800000001 412.0896 -10.9728
670.1506971428572 412.0896 -10.9728
693.6377142857143 412.0896 -10.9728
717.1247314285714 412.0896 -10.9728
740.6117485714285 412.0896 -10.9728
764.0987657142856 412.0896 -10.9728
787.5857828571427 412.0896 -10.9728
811.0728 419.4048 -10.9728
811.0728 426.72 -10.9728
787.5857828571428 434.0352 -10.9728
764.0987657142857 434.0352 -10.9728
740.6117485714285 434.0352 -10.9728
717.1247314285714 434.0352 -10.9728
693.6377142857142 434.0352 -10.9728
670.1506971428571 434.0352 -10.9728
646.6636799999999 434.0352 -10.9728
623.1766628571427 434.0352 -10.9728
599.6896457142855 434.0352 -10.9728
576.2026285714282 434.0352 -10.9728
552.7156114285712 434.0352 -10.9728
529.2285942857141 434.0352 -10.9728
505.7415771428569 434.0352 -10.9728
482.2545599999998 434.0352 -10.9728
458.7675428571426 434.0352 -10.9728
435.2805257142855 434.0352 -10.9728
411.7935085714284 434.0352 -10.9728
388.3064914285713 434.0352 -10.9728
364.8194742857141 434.0352 -10.9728
341.3324571428569 434.0352 -10.9728
317.8454399999997 434.0352 -10.9728
294.3584228571426 434.0352 -10.9728
270.8714057142855 434.0352 -10.9728
247.3843885714284 434.0352 -10.9728
223.8973714285712 434.0352 -10.9728
200.4103542857141 434.0352 -10.9728
176.923337142857 434.0352 -10.9728
153.4363199999999 434.0352 -10.9728
129.9493028571428 434.0352 -10.9728
106.4622857142857 434.0352 -10.9728
82.97526857142861 434.0352 -10.9728
59.48825142857152 434.0352 -10.9728
36.00123428571442 434.0352 -10.9728
12.51421714285732 434.0352 -10.9728
-10.9728 426.72 -10.9728
-10.9728 419.4048 -10.9728
803.5784007752811 43.89547081786409 -10.9728
25.23320511290041 -32.4657516734995 -10.9728
421.1679573925443 39.52649216257029 -10.9728
1117.973277088306 315.7751737071369 -10.9728
-364.0492575085985 366.6738030059512 -10.9728
-294.2292256649372 -376.5356321704356 -10.9728
1148.466423435712 -349.3898642317835 -10.9728
265.9980317734698 -152.665170332782 -10.9728
390.6515954422247 -184.7105929325956 -10.9728
617.7872887589167 -142.0503175671874 -10.9728
38.85120598050668 -169.0902902946855 -10.9728
763.6356412437076 -237.2123802284379 -10.9728
578.0996159080744 135.6930763165178 -10.9728
397.3416205518408 182.0757890409192 -10.9728
168.6977618366815 195.9502053914794 -10.9728
-6.393626661521921 178.8118392278492 -10.9728
750.9328603744262 195.3203593132401 -10.9728
802.5782896066114 709.5418490930713 -10.9728
602.6739439873617 640.1829089938212 -10.9728
366.7064878305223 604.0050681241237 -10.9728
245.3707993421768 639.9332577875839 -10.9728
76.05152280892628 629.9542050675484 -10.9728
15.59873553411416 -716.9764230789692 -10.9728
194.1317199836268 -637.4586777119141 -10.9728
411.7086319911498 -644.4798445487711 -10.9728
535.9188090730045 -614.1155153100231 -10.9728
687.8017302693206 -608.4106579143963 -10.9728
1008.941934849498 -339.882756127383 -10.9728
-244.283007867536 345.3948790177826 -10.9728
981.4584247464168 412.9004935446656 -10.9728
-188.2117013082803 -388.3862645987132 -10.9728
152.8534426930277 -280.4266369420743 -10.9728
278.4255307399055 -295.9471207891098 -10.9728
505.4639106709586 -265.9584459249154 -10.9728
633.7164602874097 -276.1860641916665 -10.9728
280.2235748715235 307.9910744098711 -10.9728
669.8285404355651 244.9387085591141 -10.9728
536.2103894980955 310.9474284196833 -10.9728
475.1333234792627 298.834774488097 -10.9728
353.6863753781813 346.7114970046629 -10.9728
719.886293538992 -319.1435256293239 -10.9728
351.5614614626559 -333.6543962679607 -10.9728
88.88621754633323 299.5072804145152 -10.9728
189.5688675407876 312.6312740399244 -10.9728
722.8371817348414 539.3293534138584 -10.9728
806.4932066618425 509.2000882456243 -10.9728
123.7566375036068 -550.8046448715079 -10.9728
-36.89054968398312 -511.0292665802048 -10.9728
156.9127934030907 517.7885079772202 -10.9728
623.1644433478079 -558.8340880124981 -10.9728
468.2758228170775 -507.3265689620799 -10.9728
309.6328388724626 511.3562380632238 -10.9728
294.2942037358764 -538.8589497838059 -10.9728
455.2601004928815 530.6808178644887 -10.9728
778.8020487296285 276.2639819571064 -10.9728
981.6254317580527 184.7193150890912 -10.9728
-255.9123486556584 -112.4871870120121 -10.9728
34.15864120842332 -304.6559527533615 -10.9728
899.0552561272941 -556.2507783746918 -10.9728
-111.1177611214707 556.9599703187914 -10.9728
-137.6667862194691 -208.9524918231383 -10.9728
891.7649868754734 -427.7650363378741 -10.9728
-92.87990629964298 416.2185703896404 -10.9728
897.2685250974541 420.0512297341795 -10.9728
-91.05321607615554 -419.1002306332294 -10.9728
756.4356156885372 -547.992653917241 -10.9728
23.61296082477003 543.8842038320104 -10.9728
778.3241832144232 -343.9090514374704 -10.9728
-257.3650633981646 106.5836997409191 -10.9728
0.463934751115687 273.2621171603448 -10.9728
908.6298805461154 260.4606671845096 -10.9728
452.823598206415 -328.0331448240264 -10.9728
172.9825847772402 -514.1174965705877 -10.9728
632.8323442540799 519.3985588865547 -10.9728
407.3809646096054 -498.7377386205708 -10.9728
390.7491678570903 488.2971871788233 -10.9728
529.8141061487115 -483.2018586522815 -10.9728
238.4423576418 494.5373711414641 -10.9728
691.1855249273528 -523.2782347776197 -10.9728
92.28437711694261 491.3225385916289 -10.9728
893.1079340366516 -248.9264795986632 -10.9728
846.8237756809081 330.343167664433 -10.9728
-178.164215605183 -546.6175379922771 -10.9728
1003.649122107979 526.4604565816791 -10.9728
-429.5928992363934 21.48562219755603 -10.9728
-7.984015611515247 -326.0605993170452 -10.9728
556.1489920640915 -331.2854550587826 -10.9728
208.8656240660177 -329.6819364979584 -10.9728
1278.030784255626 1.680549784023369 -10.9728
-198.9296072198587 215.823918729867 -10.9728
605.2208098372296 324.765208460457 -10.9728
255.1443962093111 -503.5897160464876 -10.9728
343.658746538854 -503.6321908035241 -10.9728
532.5713393357732 503.3791167216228 -10.9728
445.3616963595604 480.7512253987589 -10.9728
188.2898045176391 485.0417561733099 -10.9728
585.6539161361947 -490.1145424195454 -10.9728
123.0328833267345 -324.4518666776144 -10.9728
724.3509561477326 311.9141606326594 -10.9728
681.7765273133573 -360.7592235098961 -10.9728
312.4786826479974 -365.5421248711318 -10.9728
144.8108195673011 341.9460732424463 -10.9728
240.1029818735585 352.0294175952475 -10.9728
502.4668170418374 353.6035212068923 -10.9728
753.8952029838167 497.2064096447465 -10.9728
41.12857389980616 -507.5482650225845 -10.9728
307.5344846830126 353.3318624908932 -10.9728
48.35226182614929 351.4705223753488 -10.9728
403.4235413184441 337.267848308942 -10.9728
846.2631988226549 -416.5082545848004 -10.9728
-47.99046925341827 423.7461417794722 -10.9728
850.2107801878133 433.7532949766331 -10.9728
-48.590683262894 -433.3973842319069 -10.9728
504.5989217249142 -357.0543819619515 -10.9728
402.4450158695746 -356.259182423097 -10.9728
835.0235132307114 -488.8318678941163 -10.9728
-58.35365452797515 495.3087458221386 -10.9728
-4.132484524557356 465.0845071354234 -10.9728
688.5786718767126 498.5797760690437 -10.9728
103.1537388364405 -502.449028849415 -10.9728
489.9203106901192 -477.1964335961556 -10.9728
793.4630218237415 338.2561820441297 -10.9728
275.8171281528299 -358.4255001042646 -10.9728
641.3821285888873 -352.5889045434931 -10.9728
130.9543799987886 483.5906792393034 -10.9728
643.6873417311501 -499.3769813398919 -10.9728
-48.37567756322119 356.4822905795546 -10.9728
570.3825118742221 344.6697040262587 -10.9728
80.36094863831755 -347.1499820319817 -10.9728
495.118420587896 473.7798954045092 -10.9728
295.5533952974401 -478.9292173914238 -10.9728
345.4341491334093 376.1399255115293 -10.9728
349.6414806146573 477.7142341703622 -10.9728
444.3889828369627 -481.9525426474042 -10.9728
356.0665343030353 -368.6553009703991 -10.9728
650.4144389060898 327.6594236990173 -10.9728
97.39518695640652 356.4968807297831 -10.9728
190.7152392963312 359.6603262048172 -10.9728
446.2612181471999 349.8219949065124 -10.9728
3.006517690442251 341.5504872032919 -10.9728
881.8425877653955 486.4559025893668 -10.9728
-108.2379051074799 -475.1999615551409 -10.9728
845.30244991114 -370.1661026673518 -10.9728
1081.412112159785 -497.8719804147706 -10.9728
-291.2734307457316 503.2887151478874 -10.9728
-415.8547622430469 -132.7987091638519 -10.9728
1291.627011743038 151.2164017134314 -10.9728
-36.58061341575961 -391.1858024863299 -10.9728
218.4684139631956 43.22984734726295 -10.9728
1169.250403540152 -185.5362631021412 -10.9728
-397.9879320208508 212.9051158450177 -10.9728
205.204015553891 -472.8163357477596 -10.9728
604.359850072165 475.4762165324061 -10.9728
-287.1066374692782 -261.8454289594864 -10.9728
549.9358250154888 -455.8430216044198 -10.9728
230.7149123446668 461.0334287450553 -10.9728
372.4101463637505 -463.2576809781937 -10.9728
423.7581936739878 458.6740010174702 -10.9728
-70.88046333030792 708.9679392032209 -10.9728
865.4353178061707 -707.8500771825612 -10.9728
833.9532364572021 453.5625737603048 -10.9728
-35.52211586819942 -453.1257541580027 -10.9728
595.2639037909828 -17.10431170675827 -10.9728
494.5515650591174 -135.7710393874666 -10.9728
802.947655378925 -377.2069014679071 -10.9728
172.3070888395507 -368.9267705589293 -10.9728
550.9919092114905 -382.8858955929673 -10.9728
455.8938843067318 -379.8414281107337 -10.9728
46.6037324970024 475.5510652148311 -10.9728
749.9786817855417 -477.0832954653394 -10.9728
-67.2067676529494 -138.6208206927736 -10.9728
834.9768087538156 -152.4484804758026 -10.9728
487.7553397407534 206.9323394332684 -10.9728
1198.558521874214 512.474754970891 -10.9728
-387.5367887216076 -530.8290867869486 -10.9728
161.3279077520233 465.4478009637008 -10.9728
613.7547978086575 -458.0178929774117 -10.9728
842.9914558902651 164.3790891164722 -10.9728
955.3463206612024 -31.48034461638384 -10.9728
278.6837361851502 377.8917990802448 -10.9728
1000.150370672956 313.0938847842967 -10.9728
303.7154666395151 193.5796133576898 -10.9728
-106.6202656286661 20.56627844322713 -10.9728
-99.29637897501942 182.5215610742173 -10.9728
312.1242382673701 -699.9893328593151 -10.9728
498.9353558475718 693.8359708340347 -10.9728
969.4119741282541 -457.7287609923731 -10.9728
-185.9023336139136 457.1165583609034 -10.9728
1007.931035603634 -206.0158976255524 -10.9728
-272.9026436811532 259.5966065806751 -10.9728
835.1436311201235 391.1942211294697 -10.9728
34.37356435787029 -368.8941918875968 -10.9728
683.5443690249663 698.2408051078514 -10.9728
147.2453521898316 -716.6310383263383 -10.9728
-14.82539619130068 -226.2954112653211 -10.9728
492.0637530561198 -700.5081945932941 -10.9728
320.2985086349928 719.728020476017 -10.9728
749.6037407170344 366.8892014965299 -10.9728
299.606416835251 -391.1856574606675 -10.9728
719.2764112182771 467.5077052835317 -10.9728
71.13304452196928 -466.4430436416941 -10.9728
671.9142968210592 -389.4879739422641 -10.9728
518.8438744071641 384.4804426947327 -10.9728
377.8375425726254 383.0648136810642 -10.9728
606.3134835436127 -720.9506678004764 -10.9728
178.7291259012893 730.3442172515498 -10.9728
616.1460192329228 373.4603572088896 -10.9728
125.7707746198304 -379.5635446159934 -10.9728
458.3254268510967 453.4325174135988 -10.9728
332.5992862442354 -460.776970721445 -10.9728
551.0443768115282 461.3265389432926 -10.9728
249.6673324079588 -460.2109297079706 -10.9728
942.4966236558945 682.1069047828682 -10.9728
-127.0527632875305 -689.9100160426811 -10.9728
977.0307552763549 -664.8701617745401 -10.9728
-177.0085382260251 664.8277424300192 -10.9728
66.18397873190111 73.16933893866982 -10.9728
819.0521337869234 -299.6115873567206 -10.9728
265.7813016589313 460.9108406114681 -10.9728
517.7596501306506 -459.195000609565 -10.9728
645.2865583242268 466.3355477042995 -10.9728
146.4096509509396 -472.7323625574292 -10.9728
-470.4177492113516 -353.9766241735693 -10.9728
1272.831862171372 350.3319411100179 -10.9728
-518.9210789208215 396.7915936496737 -10.9728
1319.879262012529 -382.8515858826517 -10.9728
600.7296011704623 -375.0553262286509 -10.9728
233.408905669858 -375.7075915892165 -10.9728
678.0595711665019 -464.7899168559154 -10.9728
88.4455348066615 458.6446856070469 -10.9728
0.174068816873671 -368.8249675225825 -10.9728
-75.96576201123196 -585.9531654743093 -10.9728
906.7444912955906 574.2279668441577 -10.9728
910.0744142610436 -346.1121050336616 -10.9728
322.935502873961 386.9182904619238 -10.9728
685.4389740702607 -179.2760654553958 -10.9728
739.7706560462445 -76.56762931478997 -10.9728
-114.1776416348636 -336.436433744417 -10.9728
912.7845245439592 324.6275037118405 -10.9728
823.435599203226 -416.8645307177978 -10.9728
830.6972363226268 422.4333557957682 -10.9728
-19.79887135688756 428.0004998975935 -10.9728
-30.22933336162072 -422.2570702452895 -10.9728
340.3676656396409 -226.7016254154413 -10.9728
395.2329079327189 -106.9352719261434 -10.9728
701.9624326033172 101.7982690791931 -10.9728
764.3898266114479 -380.4836953916081 -10.9728
705.956782485052 -385.2592470969548 -10.9728
172.6721743759385 378.4165948570408 -10.9728
208.5675409864918 376.585642723942 -10.9728
690.8167488681503 362.7950302546829 -10.9728
764.5529361716017 462.0799074587152 -10.9728
29.15267255149638 -464.1815423605825 -10.9728
123.1795085716541 376.0635027177549 -10.9728
79.68470013569009 379.3894194995999 -10.9728
-8.63103680849656 -464.6301800372242 -10.9728
799.6733068355275 464.1240211879165 -10.9728
436.9262693531249 383.8959090701715 -10.9728
478.3701543755155 379.3352366366664 -10.9728
37.61418676351479 385.3890702952561 -10.9728
6.106667524212867 384.0607555038829 -10.9728
335.1651542128219 -384.7947314755044 -10.9728
378.0161167991801 -382.3090115857747 -10.9728
327.1514678909619 457.133507995145 -10.9728
466.731546881141 -462.043017926593 -10.9728
362.7045318695136 456.6965170702371 -10.9728
435.1897395883037 -457.4294370765866 -10.9728
849.4416813928157 258.8180984010679 -10.9728
1215.642308656199 -547.6923439120221 -10.9728
-418.6763044473715 552.6371399855758 -10.9728
104.1100698735106 -95.86747942168786 -10.9728
795.5191034009046 381.5500978337108 -10.9728
646.6542906342481 154.456474117921 -10.9728
1076.094853117676 441.2471789207417 -10.9728
-250.5762687105691 -494.1637829896847 -10.9728
-30.815677653487 451.4739277457051 -10.9728
826.3339677424998 -448.5187908013573 -10.9728
199.9237309118731 457.6792642564999 -10.9728
581.3162267094629 -459.1956803822896 -10.9728
486.3955500857627 -385.4045638769782 -10.9728
425.0871064750105 -384.7748768994636 -10.9728
-152.3083625235275 314.8641058716552 -10.9728
-74.51913308586364 283.8887479177455 -10.9728
523.4276717469788 -386.1231211771861 -10.9728
11.27208993341293 460.8435972036428 -10.9728
790.1859996805572 -464.2305552117965 -10.9728
802.0451759398788 -450.0523736029352 -10.9728
-28.99742073221671 399.269371551523 -10.9728
815.3412851902797 -635.3339770943455 -10.9728
-29.73164450104377 638.3270293667505 -10.9728
-184.1664884332868 -450.8614942276911 -10.9728
957.1120162943803 476.3511211574168 -10.9728
134.1464344321764 451.8050796865035 -10.9728
640.847028275133 -459.4491376986769 -10.9728
511.8460746807061 133.307779815972 -10.9728
-266.3820827537206 -633.0733373022088 -10.9728
1079.765276478782 619.9674320332763 -10.9728
252.0596314788211 392.1409618622606 -10.9728
63.71774555884542 -379.0997335039286 -10.9728
589.0610014193145 380.2047134506026 -10.9728
645.8425021258464 375.4484574604522 -10.9728
-311.8003995776837 14.64855145589002 -10.9728
148.1037653399781 -385.5323220351281 -10.9728
99.06888418719097 -382.2639348034402 -10.9728
694.4333871365425 455.217185552956 -10.9728
100.857585729048 -463.999608645585 -10.9728
558.2121536497415 567.3855316909576 -10.9728
214.2256820638114 -555.0485666267224 -10.9728
273.9069962291106 -389.5756930709305 -10.9728
645.5084543323194 -387.6640027671987 -10.9728
547.5869224556358 374.6754165460711 -10.9728
488.6562380671953 456.5348482562295 -10.9728
311.4924459223617 -456.0619101421859 -10.9728
356.9950561467867 -454.2046996167208 -10.9728
438.9612270199203 449.0116740808801 -10.9728
277.4713387556835 -455.971559520284 -10.9728
519.855793106246 455.2152848271469 -10.9728
579.5894078450376 457.084937928166 -10.9728
228.9418419641584 -456.1983386981653 -10.9728
355.3390232611237 391.3485461471528 -10.9728
563.7904523356776 -548.1868674436245 -10.9728
204.7629595778345 553.0336348019108 -10.9728
368.8181225591974 -576.9126570224939 -10.9728
115.9012004789105 -636.8336494984778 -10.9728
709.0502298380939 629.628436490495 -10.9728
573.9106689776498 247.0321118902263 -10.9728
246.7747045324268 452.729634814093 -10.9728
531.3466039876953 -449.93541183988 -10.9728
175.989251840317 -460.1506327280897 -10.9728
624.9813132676859 459.9069877027595 -10.9728
568.2793137914734 -389.6727409826229 -10.9728
202.4376693346553 -385.2565625845365 -10.9728
66.70399048229945 455.0949826760603 -10.9728
708.9224533532695 -476.1511109102646 -10.9728
298.6896284941004 392.3678266540015 -10.9728
784.8158089344486 -389.7387384390752 -10.9728
194.9817874231516 390.8914668889027 -10.9728
103.219194097223 390.6401250359913 -10.9728
742.6667658453579 454.7247151201374 -10.9728
53.29477935354959 -456.1042488598023 -10.9728
719.298984701436 379.9601138483209 -10.9728
733.584459326242 -376.8999677031142 -10.9728
690.2299492580257 -395.4013406687391 -10.9728
456.8804707820896 391.6269651055986 -10.9728
406.9580278700337 379.4457527568282 -10.9728
502.2067981403123 392.1770310673427 -10.9728
317.0448423364091 -396.2068113337136 -10.9728
150.0288294707852 388.8071853206736 -10.9728
57.87811563582954 392.1539892324428 -10.9728
297.5540619633572 463.9327987266613 -10.9728
498.0173637766638 -457.7925943163273 -10.9728
453.7001919617783 -450.7820282167274 -10.9728
360.1896632905349 -394.5801316366537 -10.9728
391.8877442968417 458.4951397720187 -10.9728
405.4319553394111 -463.3812708469576 -10.9728
343.8537009351361 449.0572318821386 -10.9728
565.3205792022641 -198.5836754842233 -10.9728
597.1727279067634 -451.1869434826388 -10.9728
179.8318258103027 451.9374100678471 -10.9728
406.2028326660766 -393.1983731347167 -10.9728
82.92708035322744 181.154303283551 -10.9728
505.245741422314 -394.2742391901263 -10.9728
294.5460728383032 -448.7929953403997 -10.9728
-610.7080070610056 16.96997770642101 -10.9728
625.1738767143038 -391.8206625741463 -10.9728
124.1650470759253 -456.8948636136219 -10.9728
674.1090651366184 463.6093404482151 -10.9728
81.98169784131005 -390.9150800636933 -10.9728
572.054319355579 389.1987071013626 -10.9728
340.8125590103553 397.8924442720965 -10.9728
116.9552495050291 457.8093156786466 -10.9728
662.4559255306689 -453.777321238478 -10.9728
667.1484144671899 383.6116443654408 -10.9728
771.1226416054964 387.0547979569805 -10.9728
503.9009773664756 448.1578852004914 -10.9728
253.3318313447313 -393.0389412132448 -10.9728
240.7643365943974 386.5486211631711 -10.9728
1461.633160667842 101.9953567730271 -10.9728
59.65073181996161 702.0423115691486 -10.9728
721.1435238176343 -695.791604856233 -10.9728
1148.361536424051 -12.5886109464679 -10.9728
466.3081862334432 599.1019639883227 -10.9728
286.2221580039991 -612.1981244419597 -10.9728
-9.421770410334489 97.36722485308904 -10.9728
136.2021495932262 -199.8359262338338 -10.9728
1429.644160497732 -168.9560882893985 -10.9728
-586.1788731931798 213.9746293961398 -10.9728
277.1064693992996 583.1785137899011 -10.9728
508.9628478206217 -530.4463646832025 -10.9728
471.920591991727 -582.7510196290588 -10.9728
428.4591847503896 -540.9972432840104 -10.9728
381.926251424382 534.1187149387943 -10.9728
162.3116552050745 -600.4167428905611 -10.9728
671.2189009506416 584.5082436282275 -10.9728
231.1099338575517 -246.033041087368 -10.9728
1127.965963095926 -656.1163118101047 -10.9728
-329.6865041009327 657.8075881149465 -10.9728
825.3136262839498 -402.4909442801442 -10.9728
335.1286683720076 280.4198674303848 -10.9728
443.9566385772796 -215.4065290574205 -10.9728
612.6633488796347 -625.8915174773924 -10.9728
131.664394883391 633.1016202434039 -10.9728
-61.74455037661517 -300.6040561794237 -10.9728
150.8657424417364 265.1151235037132 -10.9728
396.2003968997381 -275.8722286175272 -10.9728
-386.6506794895575 -239.9953275356305 -10.9728
-582.9562410819088 -173.6935963196545 -10.9728
105.6101349935308 542.8602786398972 -10.9728
668.5655227447975 -561.5896796493549 -10.9728
789.5042145376608 592.8142860126461 -10.9728
45.25929375709268 -601.7631702987849 -10.9728
82.24906470840313 -245.4839682141199 -10.9728
401.1227254676375 274.5201665652693 -10.9728
-2.620036163664395 -109.1055945497862 -10.9728
526.3208853634961 345.1597392129869 -10.9728
1132.127824735884 159.3225487284873 -10.9728
-179.7720725439226 -299.9973640294573 -10.9728
235.7480950290879 246.7582153922327 -10.9728
2 2 0 15
13
14
197
198
199
200
201
202
203
811
812
813
814
815
816
0 -846.1248000000001 10.9728
800.1 -846.1248000000001 10.9728
0 -846.1248000000001 -3.6576
0 -846.1248000000001 3.657599999999999
800.1 -846.1248000000001 -3.6576
800.1 -846.1248000000001 3.657599999999999
200.0249950161761 -846.1248000000001 10.9728
400.0500000000002 -846.1248000000001 10.9728
600.0750049838241 -846.1248000000001 10.9728
200.0249950161761 -846.1248000000001 -3.6576
200.0249950161761 -846.1248000000001 3.657599999999999
400.0500000000002 -846.1248000000001 -3.6576
400.0500000000002 -846.1248000000001 3.657599999999999
600.0750049838241 -846.1248000000001 -3.6576
600.0750049838241 -846.1248000000001 3.657599999999999
2 3 0 36
15
204
205
206
207
208
209
210
211
212
213
214
215
216
817
818
819
820
821
822
823
824
825
826
827
828
829
830
831
832
833
834
835
836
837
838
800.1 846.1248000000001 10.9728
800.1 846.1248000000001 -3.6576
800.1 846.1248000000001 3.657599999999999
983.7793308011453 825.9473836822074 10.9728
1170.971361968681 760.5140432934395 10.9728
1359.213377710169 635.0743326891477 10.9728
1514.297728100198 453.7056119903691 10.9728
1612.573872510456 236.2485633033626 10.9728
1646.2248 9.587505933329235e-13 10.9728
1612.573872510457 -236.2485633033608 10.9728
1514.297728100199 -453.7056119903675 10.9728
1359.21337771017 -635.0743326891464 10.9728
1170.971361968682 -760.514043293439 10.9728
983.7793308011487 -825.9473836822066 10.9728
983.7793308011453 825.9473836822074 -3.6576
983.7793308011453 825.9473836822074 3.657599999999999
1170.971361968681 760.5140432934395 -3.6576
1170.971361968681 760.5140432934395 3.657599999999999
1359.213377710169 635.0743326891477 -3.6576
1359.213377710169 635.0743326891477 3.657599999999999
1514.297728100198 453.7056119903691 -3.6576
1514.297728100198 453.7056119903691 3.657599999999999
1612.573872510456 236.2485633033626 -3.6576
1612.573872510456 236.2485633033626 3.657599999999999
1646.2248 9.587505933329235e-13 -3.6576
1646.2248 9.587505933329235e-13 3.657599999999999
1612.573872510457 -236.2485633033608 -3.6576
1612.573872510457 -236.2485633033608 3.657599999999999
1514.297728100199 -453.7056119903675 -3.6576
1514.297728100199 -453.7056119903675 3.657599999999999
1359.21337771017 -635.0743326891464 -3.6576
1359.21337771017 -635.0743326891464 3.657599999999999
1170.971361968682 -760.514043293439 -3.6576
1170.971361968682 -760.514043293439 3.657599999999999
983.7793308011487 -825.9473836822066 -3.6576
983.7793308011487 -825.9473836822066 3.657599999999999
2 4 0 12
16
217
218
219
220
221
839
840
841
842
843
844
0 846.1248000000001 10.9728
0 846.1248000000001 -3.6576
0 846.1248000000001 3.657599999999999
600.0750049838239 846.1248000000001 10.9728
400.0499999999998 846.1248000000001 10.9728
200.0249950161759 846.1248000000001 10.9728
600.0750049838239 846.1248000000001 -3.6576
600.0750049838239 846.1248000000001 3.657599999999999
400.0499999999998 846.1248000000001 -3.6576
400.0499999999998 846.1248000000001 3.657599999999999
200.0249950161759 846.1248000000001 -3.6576
200.0249950161759 846.1248000000001 3.657599999999999
2 5 0 33
222
223
224
225
226
227
228
229
230
231
232
845
846
847
848
849
850
851
852
853
854
855
856
857
858
859
860
861
862
863
864
865
866
-183.6793308011454 -825.9473836822074 10.9728
-370.8713619686815 -760.5140432934393 10.9728
-559.1133777101696 -635.0743326891469 10.9728
-714.197728100199 -453.705611990368 10.9728
-812.4738725104565 -236.2485633033618 10.9728
-846.1248000000001 -4.793752966664618e-13 10.9728
-812.4738725104568 236.2485633033612 10.9728
-714.1977281001992 453.7056119903676 10.9728
-559.1133777101704 635.0743326891462 10.9728
-370.8713619686827 760.5140432934387 10.9728
-183.6793308011486 825.9473836822067 10.9728
-183.6793308011454 -825.9473836822074 -3.6576
-183.6793308011454 -825.9473836822074 3.657599999999999
-370.8713619686815 -760.5140432934393 -3.6576
-370.8713619686815 -760.5140432934393 3.657599999999999
-559.1133777101696 -635.0743326891469 -3.6576
-559.1133777101696 -635.0743326891469 3.657599999999999
-714.197728100199 -453.705611990368 -3.6576
-714.197728100199 -453.705611990368 3.657599999999999
-812.4738725104565 -236.2485633033618 -3.6576
-812.4738725104565 -236.2485633033618 3.657599999999999
-846.1248000000001 -4.793752966664618e-13 -3.6576
-846.1248000000001 -4.793752966664618e-13 3.657599999999999
-812.4738725104568 236.2485633033612 -3.6576
-812.4738725104568 236.2485633033612 3.657599999999999
-714.1977281001992 453.7056119903676 -3.6576
-714.1977281001992 453.7056119903676 3.657599999999999
-559.1133777101704 635.0743326891462 -3.6576
-559.1133777101704 635.0743326891462 3.657599999999999
-370.8713619686827 760.5140432934387 -3.6576
-370.8713619686827 760.5140432934387 3.657599999999999
-183.6793308011486 825.9473836822067 -3.6576
-183.6793308011486 825.9473836822067 3.657599999999999
2 14 0 570
17
18
19
20
21
22
23
24
237
238
239
240
241
242
243
244
245
246
247
248
249
250
251
252
253
254
255
256
257
258
259
260
261
262
263
264
265
266
267
268
269
270
273
274
277
278
279
280
281
282
283
284
285
286
287
288
289
290
291
292
293
294
295
296
297
298
299
300
301
302
303
304
305
306
307
308
309
310
311
312
317
318
319
320
321
322
323
324
325
326
327
328
329
330
331
332
333
334
335
336
337
338
339
340
341
342
343
344
345
346
347
348
349
350
353
354
357
358
359
360
361
362
363
364
365
366
367
368
369
370
371
372
373
374
375
376
377
378
379
380
381
382
383
384
385
386
387
388
389
390
391
392
1155
1156
1157
1158
1159
1160
1161
1162
1163
1164
1165
1166
1167
1168
1169
1170
1171
1172
1173
1174
1175
1176
1177
1178
1179
1180
1181
1182
1183
1184
1185
1186
1187
1188
1189
1190
1191
1192
1193
1194
1195
1196
1197
1198
1199
1200
1201
1202
1203
1204
1205
1206
1207
1208
1209
1210
1211
1212
1213
1214
1215
1216
1217
1218
1219
1220
1221
1222
1223
1224
1225
1226
1227
1228
1229
1230
1231
1232
1233
1234
1235
1236
1237
1238
1239
1240
1241
1242
1243
1244
1245
1246
1247
1248
1249
1250
1251
1252
1253
1254
1255
1256
1257
1258
1259
1260
1261
1262
1263
1264
1265
1266
1267
1268
1269
1270
1271
1272
1273
1274
1275
1276
1277
1278
1279
1280
1281
1282
1283
1284
1285
1286
1287
1288
1289
1290
1291
1292
1293
1294
1295
1296
1297
1298
1299
1300
1301
1302
1303
1304
1305
1306
1307
1308
1309
1310
1311
1312
1313
1314
1315
1316
1317
1318
1319
1320
1321
1322
1323
1324
1325
1326
1327
1328
1329
1330
1331
1332
1333
1334
1335
1336
1337
1338
1339
1340
1341
1342
1343
1344
1345
1346
1347
1348
1349
1350
1351
1352
1353
1354
1355
1356
1357
1358
1359
1360
1361
1362
1363
1364
1365
1366
1367
1368
1369
1370
1371
1372
1373
1374
1375
1376
1377
1378
1379
1380
1381
1382
1383
1384
1385
1386
1387
1388
1389
1390
1391
1392
1393
1394
1395
1396
1397
1398
1399
1400
1401
1402
1403
1404
1405
1406
1407
1408
1409
1410
1411
1412
1413
1414
1415
1416
1417
1418
1419
1420
1421
1422
1423
1424
1425
1426
1427
1428
1429
1430
1431
1432
1433
1434
1435
1436
1437
1438
1439
1440
1441
1442
1443
1444
1445
1446
1447
1448
1449
1450
1451
1452
1453
1454
1455
1456
1457
1458
1459
1460
1461
1462
1463
1464
1465
1466
1467
1468
1469
1470
1471
1472
1473
1474
1475
1476
1477
1478
1479
1480
1481
1482
1483
1484
1485
1486
1487
1488
1489
1490
1491
1492
1493
1494
1495
1496
1497
1498
1499
1500
1501
1502
1503
1504
1505
1506
1507
1508
1509
1510
1511
1512
1513
1514
1515
1516
1517
1518
1519
1520
1521
1522
1523
1524
1525
1526
1527
1528
1529
1530
1531
1532
1533
1534
1535
1536
1537
1538
1539
1540
1541
1542
1543
1544
1545
1546
1547
1548
1549
1550
1551
1552
1553
1554
1555
1556
1557
1558
1559
1560
1561
1562
1563
1564
1565
1566
1567
1568
1569
1570
1571
1572
-10.9728 -434.0352 10.9728
811.0728 -434.0352 10.9728
811.0728 -412.0896 10.9728
-10.9728 -412.0896 10.9728
-10.9728 412.0896 10.9728
811.0728 412.0896 10.9728
811.0728 434.0352 10.9728
-10.9728 434.0352 10.9728
12.51421714285717 -434.0352 10.9728
36.00123428571434 -434.0352 10.9728
59.48825142857149 -434.0352 10.9728
82.97526857142867 -434.0352 10.9728
106.4622857142858 -434.0352 10.9728
129.949302857143 -434.0352 10.9728
153.4363200000002 -434.0352 10.9728
176.9233371428574 -434.0352 10.9728
200.4103542857146 -434.0352 10.9728
223.8973714285717 -434.0352 10.9728
247.3843885714289 -434.0352 10.9728
270.871405714286 -434.0352 10.9728
294.3584228571431 -434.0352 10.9728
317.8454400000002 -434.0352 10.9728
341.3324571428574 -434.0352 10.9728
364.8194742857145 -434.0352 10.9728
388.3064914285716 -434.0352 10.9728
411.7935085714287 -434.0352 10.9728
435.2805257142859 -434.0352 10.9728
458.7675428571431 -434.0352 10.9728
482.2545600000003 -434.0352 10.9728
505.7415771428574 -434.0352 10.9728
529.2285942857145 -434.0352 10.9728
552.7156114285716 -434.0352 10.9728
576.2026285714288 -434.0352 10.9728
599.6896457142859 -434.0352 10.9728
623.176662857143 -434.0352 10.9728
646.6636800000001 -434.0352 10.9728
670.1506971428572 -434.0352 10.9728
693.6377142857143 -434.0352 10.9728
717.1247314285714 -434.0352 10.9728
740.6117485714285 -434.0352 10.9728
764.0987657142856 -434.0352 10.9728
787.5857828571427 -434.0352 10.9728
811.0728 -426.72 10.9728
811.0728 -419.4048 10.9728
787.5857828571428 -412.0896 10.9728
764.0987657142857 -412.0896 10.9728
740.6117485714285 -412.0896 10.9728
717.1247314285714 -412.0896 10.9728
693.6377142857142 -412.0896 10.9728
670.1506971428571 -412.0896 10.9728
646.6636799999999 -412.0896 10.9728
623.1766628571427 -412.0896 10.9728
599.6896457142855 -412.0896 10.9728
576.2026285714282 -412.0896 10.9728
552.7156114285712 -412.0896 10.9728
529.2285942857141 -412.0896 10.9728
505.7415771428569 -412.0896 10.9728
482.2545599999998 -412.0896 10.9728
458.7675428571426 -412.0896 10.9728
435.2805257142855 -412.0896 10.9728
411.7935085714284 -412.0896 10.9728
388.3064914285713 -412.0896 10.9728
364.8194742857141 -412.0896 10.9728
341.3324571428569 -412.0896 10.9728
317.8454399999997 -412.0896 10.9728
294.3584228571426 -412.0896 10.9728
270.8714057142855 -412.0896 10.9728
247.3843885714284 -412.0896 10.9728
223.8973714285712 -412.0896 10.9728
200.4103542857141 -412.0896 10.9728
176.923337142857 -412.0896 10.9728
153.4363199999999 -412.0896 10.9728
129.9493028571428 -412.0896 10.9728
106.4622857142857 -412.0896 10.9728
82.97526857142861 -412.0896 10.9728
59.48825142857152 -412.0896 10.9728
36.00123428571442 -412.0896 10.9728
12.51421714285732 -412.0896 10.9728
-10.9728 -419.4048 10.9728
-10.9728 -426.72 10.9728
12.51421714285717 412.0896 10.9728
36.00123428571434 412.0896 10.9728
59.48825142857149 412.0896 10.9728
82.97526857142867 412.0896 10.9728
106.4622857142858 412.0896 10.9728
129.949302857143 412.0896 10.9728
153.4363200000002 412.0896 10.9728
176.9233371428574 412.0896 10.9728
200.4103542857146 412.0896 10.9728
223.8973714285717 412.0896 10.9728
247.3843885714289 412.0896 10.9728
270.871405714286 412.0896 10.9728
294.3584228571431 412.0896 10.9728
317.8454400000002 412.0896 10.9728
341.3324571428574 412.0896 10.9728
364.8194742857145 412.0896 10.9728
388.3064914285716 412.0896 10.9728
411.7935085714287 412.0896 10.9728
435.2805257142859 412.0896 10.9728
458.7675428571431 412.0896 10.9728
482.2545600000003 412.0896 10.9728
505.7415771428574 412.0896 10.9728
529.2285942857145 412.0896 10.9728
552.7156114285716 412.0896 10.9728
576.2026285714288 412.0896 10.9728
599.6896457142859 412.0896 10.9728
623.176662857143 412.0896 10.9728
646.6636800000001 412.0896 10.9728
670.1506971428572 412.0896 10.9728
693.6377142857143 412.0896 10.9728
717.1247314285714 412.0896 10.9728
740.6117485714285 412.0896 10.9728
764.0987657142856 412.0896 10.9728
787.5857828571427 412.0896 10.9728
811.0728 419.4048 10.9728
811.0728 426.72 10.9728
787.5857828571428 434.0352 10.9728
764.0987657142857 434.0352 10.9728
740.6117485714285 434.0352 10.9728
717.1247314285714 434.0352 10.9728
693.6377142857142 434.0352 10.9728
670.1506971428571 434.0352 10.9728
646.6636799999999 434.0352 10.9728
623.1766628571427 434.0352 10.9728
599.6896457142855 434.0352 10.9728
576.2026285714282 434.0352 10.9728
552.7156114285712 434.0352 10.9728
529.2285942857141 434.0352 10.9728
505.7415771428569 434.0352 10.9728
482.2545599999998 434.0352 10.9728
458.7675428571426 434.0352 10.9728
435.2805257142855 434.0352 10.9728
411.7935085714284 434.0352 10.9728
388.3064914285713 434.0352 10.9728
364.8194742857141 434.0352 10.9728
341.3324571428569 434.0352 10.9728
317.8454399999997 434.0352 10.9728
294.3584228571426 434.0352 10.9728
270.8714057142855 434.0352 10.9728
247.3843885714284 434.0352 10.9728
223.8973714285712 434.0352 10.9728
200.4103542857141 434.0352 10.9728
176.923337142857 434.0352 10.9728
153.4363199999999 434.0352 10.9728
129.9493028571428 434.0352 10.9728
106.4622857142857 434.0352 10.9728
82.97526857142861 434.0352 10.9728
59.48825142857152 434.0352 10.9728
36.00123428571442 434.0352 10.9728
12.51421714285732 434.0352 10.9728
-10.9728 426.72 10.9728
-10.9728 419.4048 10.9728
803.5784007752811 43.89547081786409 10.9728
25.23320511290041 -32.4657516734995 10.9728
421.1679573925443 39.52649216257029 10.9728
1117.973277088306 315.7751737071369 10.9728
-364.0492575085985 366.6738030059512 10.9728
-294.2292256649372 -376.5356321704356 10.9728
1148.466423435712 -349.3898642317835 10.9728
265.9980317734698 -152.665170332782 10.9728
390.6515954422247 -184.7105929325956 10.9728
617.7872887589167 -142.0503175671874 10.9728
38.85120598050668 -169.0902902946855 10.9728
763.6356412437076 -237.2123802284379 10.9728
578.0996159080744 135.6930763165178 10.9728
397.3416205518408 182.0757890409192 10.9728
168.6977618366815 195.9502053914794 10.9728
-6.393626661521921 178.8118392278492 10.9728
750.9328603744262 195.3203593132401 10.9728
802.5782896066114 709.5418490930713 10.9728
602.6739439873617 640.1829089938212 10.9728
366.7064878305223 604.0050681241237 10.9728
245.3707993421768 639.9332577875839 10.9728
76.05152280892628 629.9542050675484 10.9728
15.59873553411416 -716.9764230789692 10.9728
194.1317199836268 -637.4586777119141 10.9728
411.7086319911498 -644.4798445487711 10.9728
535.9188090730045 -614.1155153100231 10.9728
687.8017302693206 -608.4106579143963 10.9728
1008.941934849498 -339.882756127383 10.9728
-244.283007867536 345.3948790177826 10.9728
981.4584247464168 412.9004935446656 10.9728
-188.2117013082803 -388.3862645987132 10.9728
152.8534426930277 -280.4266369420743 10.9728
278.4255307399055 -295.9471207891098 10.9728
505.4639106709586 -265.9584459249154 10.9728
633.7164602874097 -276.1860641916665 10.9728
280.2235748715235 307.9910744098711 10.9728
669.8285404355651 244.9387085591141 10.9728
536.2103894980955 310.9474284196833 10.9728
475.1333234792627 298.834774488097 10.9728
353.6863753781813 346.7114970046629 10.9728
719.886293538992 -319.1435256293239 10.9728
351.5614614626559 -333.6543962679607 10.9728
88.88621754633323 299.5072804145152 10.9728
189.5688675407876 312.6312740399244 10.9728
722.8371817348414 539.3293534138584 10.9728
806.4932066618425 509.2000882456243 10.9728
123.7566375036068 -550.8046448715079 10.9728
-36.89054968398312 -511.0292665802048 10.9728
156.9127934030907 517.7885079772202 10.9728
623.1644433478079 -558.8340880124981 10.9728
468.2758228170775 -507.3265689620799 10.9728
309.6328388724626 511.3562380632238 10.9728
294.2942037358764 -538.8589497838059 10.9728
455.2601004928815 530.6808178644887 10.9728
778.8020487296285 276.2639819571064 10.9728
981.6254317580527 184.7193150890912 10.9728
-255.9123486556584 -112.4871870120121 10.9728
34.15864120842332 -304.6559527533615 10.9728
899.0552561272941 -556.2507783746918 10.9728
-111.1177611214707 556.9599703187914 10.9728
-137.6667862194691 -208.9524918231383 10.9728
891.7649868754734 -427.7650363378741 10.9728
-92.87990629964298 416.2185703896404 10.9728
897.2685250974541 420.0512297341795 10.9728
-91.05321607615554 -419.1002306332294 10.9728
756.4356156885372 -547.992653917241 10.9728
23.61296082477003 543.8842038320104 10.9728
778.3241832144232 -343.9090514374704 10.9728
-257.3650633981646 106.5836997409191 10.9728
0.463934751115687 273.2621171603448 10.9728
908.6298805461154 260.4606671845096 10.9728
452.823598206415 -328.0331448240264 10.9728
172.9825847772402 -514.1174965705877 10.9728
632.8323442540799 519.3985588865547 10.9728
407.3809646096054 -498.7377386205708 10.9728
390.7491678570903 488.2971871788233 10.9728
529.8141061487115 -483.2018586522815 10.9728
238.4423576418 494.5373711414641 10.9728
691.1855249273528 -523.2782347776197 10.9728
92.28437711694261 491.3225385916289 10.9728
893.1079340366516 -248.9264795986632 10.9728
846.8237756809081 330.343167664433 10.9728
-178.164215605183 -546.6175379922771 10.9728
1003.649122107979 526.4604565816791 10.9728
-429.5928992363934 21.48562219755603 10.9728
-7.984015611515247 -326.0605993170452 10.9728
556.1489920640915 -331.2854550587826 10.9728
208.8656240660177 -329.6819364979584 10.9728
1278.030784255626 1.680549784023369 10.9728
-198.9296072198587 215.823918729867 10.9728
605.2208098372296 324.765208460457 10.9728
255.1443962093111 -503.5897160464876 10.9728
343.658746538854 -503.6321908035241 10.9728
532.5713393357732 503.3791167216228 10.9728
445.3616963595604 480.7512253987589 10.9728
188.2898045176391 485.0417561733099 10.9728
585.6539161361947 -490.1145424195454 10.9728
123.0328833267345 -324.4518666776144 10.9728
724.3509561477326 311.9141606326594 10.9728
681.7765273133573 -360.7592235098961 10.9728
312.4786826479974 -365.5421248711318 10.9728
144.8108195673011 341.9460732424463 10.9728
240.1029818735585 352.0294175952475 10.9728
502.4668170418374 353.6035212068923 10.9728
753.8952029838167 497.2064096447465 10.9728
41.12857389980616 -507.5482650225845 10.9728
307.5344846830126 353.3318624908932 10.9728
48.35226182614929 351.4705223753488 10.9728
403.4235413184441 337.267848308942 10.9728
846.2631988226549 -416.5082545848004 10.9728
-47.99046925341827 423.7461417794722 10.9728
850.2107801878133 433.7532949766331 10.9728
-48.590683262894 -433.3973842319069 10.9728
504.5989217249142 -357.0543819619515 10.9728
402.4450158695746 -356.259182423097 10.9728
835.0235132307114 -488.8318678941163 10.9728
-58.35365452797515 495.3087458221386 10.9728
-4.132484524557356 465.0845071354234 10.9728
688.5786718767126 498.5797760690437 10.9728
103.1537388364405 -502.449028849415 10.9728
489.9203106901192 -477.1964335961556 10.9728
793.4630218237415 338.2561820441297 10.9728
275.8171281528299 -358.4255001042646 10.9728
641.3821285888873 -352.5889045434931 10.9728
130.9543799987886 483.5906792393034 10.9728
643.6873417311501 -499.3769813398919 10.9728
-48.37567756322119 356.4822905795546 10.9728
570.3825118742221 344.6697040262587 10.9728
80.36094863831755 -347.1499820319817 10.9728
495.118420587896 473.7798954045092 10.9728
295.5533952974401 -478.9292173914238 10.9728
345.4341491334093 376.1399255115293 10.9728
349.6414806146573 477.7142341703622 10.9728
444.3889828369627 -481.9525426474042 10.9728
356.0665343030353 -368.6553009703991 10.9728
650.4144389060898 327.6594236990173 10.9728
97.39518695640652 356.4968807297831 10.9728
190.7152392963312 359.6603262048172 10.9728
446.2612181471999 349.8219949065124 10.9728
3.006517690442251 341.5504872032919 10.9728
881.8425877653955 486.4559025893668 10.9728
-108.2379051074799 -475.1999615551409 10.9728
845.30244991114 -370.1661026673518 10.9728
1081.412112159785 -497.8719804147706 10.9728
-291.2734307457316 503.2887151478874 10.9728
-415.8547622430469 -132.7987091638519 10.9728
1291.627011743038 151.2164017134314 10.9728
-36.58061341575961 -391.1858024863299 10.9728
218.4684139631956 43.22984734726295 10.9728
1169.250403540152 -185.5362631021412 10.9728
-397.9879320208508 212.9051158450177 10.9728
205.204015553891 -472.8163357477596 10.9728
604.359850072165 475.4762165324061 10.9728
-287.1066374692782 -261.8454289594864 10.9728
549.9358250154888 -455.8430216044198 10.9728
230.7149123446668 461.0334287450553 10.9728
372.4101463637505 -463.2576809781937 10.9728
423.7581936739878 458.6740010174702 10.9728
-70.88046333030792 708.9679392032209 10.9728
865.4353178061707 -707.8500771825612 10.9728
833.9532364572021 453.5625737603048 10.9728
-35.52211586819942 -453.1257541580027 10.9728
595.2639037909828 -17.10431170675827 10.9728
494.5515650591174 -135.7710393874666 10.9728
802.947655378925 -377.2069014679071 10.9728
172.3070888395507 -368.9267705589293 10.9728
550.9919092114905 -382.8858955929673 10.9728
455.8938843067318 -379.8414281107337 10.9728
46.6037324970024 475.5510652148311 10.9728
749.9786817855417 -477.0832954653394 10.9728
-67.2067676529494 -138.6208206927736 10.9728
834.9768087538156 -152.4484804758026 10.9728
487.7553397407534 206.9323394332684 10.9728
1198.558521874214 512.474754970891 10.9728
-387.5367887216076 -530.8290867869486 10.9728
161.3279077520233 465.4478009637008 10.9728
613.7547978086575 -458.0178929774117 10.9728
842.9914558902651 164.3790891164722 10.9728
955.3463206612024 -31.48034461638384 10.9728
278.6837361851502 377.8917990802448 10.9728
1000.150370672956 313.0938847842967 10.9728
303.7154666395151 193.5796133576898 10.9728
-106.6202656286661 20.56627844322713 10.9728
-99.29637897501942 182.5215610742173 10.9728
312.1242382673701 -699.9893328593151 10.9728
498.9353558475718 693.8359708340347 10.9728
969.4119741282541 -457.7287609923731 10.9728
-185.9023336139136 457.1165583609034 10.9728
1007.931035603634 -206.0158976255524 10.9728
-272.9026436811532 259.5966065806751 10.9728
835.1436311201235 391.1942211294697 10.9728
34.37356435787029 -368.8941918875968 10.9728
683.5443690249663 698.2408051078514 10.9728
147.2453521898316 -716.6310383263383 10.9728
-14.82539619130068 -226.2954112653211 10.9728
492.0637530561198 -700.5081945932941 10.9728
320.2985086349928 719.728020476017 10.9728
749.6037407170344 366.8892014965299 10.9728
299.606416835251 -391.1856574606675 10.9728
719.2764112182771 467.5077052835317 10.9728
71.13304452196928 -466.4430436416941 10.9728
671.9142968210592 -389.4879739422641 10.9728
518.8438744071641 384.4804426947327 10.9728
377.8375425726254 383.0648136810642 10.9728
606.3134835436127 -720.9506678004764 10.9728
178.7291259012893 730.3442172515498 10.9728
616.1460192329228 373.4603572088896 10.9728
125.7707746198304 -379.5635446159934 10.9728
458.3254268510967 453.4325174135988 10.9728
332.5992862442354 -460.776970721445 10.9728
551.0443768115282 461.3265389432926 10.9728
249.6673324079588 -460.2109297079706 10.9728
942.4966236558945 682.1069047828682 10.9728
-127.0527632875305 -689.9100160426811 10.9728
977.0307552763549 -664.8701617745401 10.9728
-177.0085382260251 664.8277424300192 10.9728
66.18397873190111 73.16933893866982 10.9728
819.0521337869234 -299.6115873567206 10.9728
265.7813016589313 460.9108406114681 10.9728
517.7596501306506 -459.195000609565 10.9728
645.2865583242268 466.3355477042995 10.9728
146.4096509509396 -472.7323625574292 10.9728
-470.4177492113516 -353.9766241735693 10.9728
1272.831862171372 350.3319411100179 10.9728
-518.9210789208215 396.7915936496737 10.9728
1319.879262012529 -382.8515858826517 10.9728
600.7296011704623 -375.0553262286509 10.9728
233.408905669858 -375.7075915892165 10.9728
678.0595711665019 -464.7899168559154 10.9728
88.4455348066615 458.6446856070469 10.9728
0.174068816873671 -368.8249675225825 10.9728
-75.96576201123196 -585.9531654743093 10.9728
906.7444912955906 574.2279668441577 10.9728
910.0744142610436 -346.1121050336616 10.9728
322.935502873961 386.9182904619238 10.9728
685.4389740702607 -179.2760654553958 10.9728
739.7706560462445 -76.56762931478997 10.9728
-114.1776416348636 -336.436433744417 10.9728
912.7845245439592 324.6275037118405 10.9728
823.435599203226 -416.8645307177978 10.9728
830.6972363226268 422.4333557957682 10.9728
-19.79887135688756 428.0004998975935 10.9728
-30.22933336162072 -422.2570702452895 10.9728
340.3676656396409 -226.7016254154413 10.9728
395.2329079327189 -106.9352719261434 10.9728
701.9624326033172 101.7982690791931 10.9728
764.3898266114479 -380.4836953916081 10.9728
705.956782485052 -385.2592470969548 10.9728
172.6721743759385 378.4165948570408 10.9728
208.5675409864918 376.585642723942 10.9728
690.8167488681503 362.7950302546829 10.9728
764.5529361716017 462.0799074587152 10.9728
29.15267255149638 -464.1815423605825 10.9728
123.1795085716541 376.0635027177549 10.9728
79.68470013569009 379.3894194995999 10.9728
-8.63103680849656 -464.6301800372242 10.9728
799.6733068355275 464.1240211879165 10.9728
436.9262693531249 383.8959090701715 10.9728
478.3701543755155 379.3352366366664 10.9728
37.61418676351479 385.3890702952561 10.9728
6.106667524212867 384.0607555038829 10.9728
335.1651542128219 -384.7947314755044 10.9728
378.0161167991801 -382.3090115857747 10.9728
327.1514678909619 457.133507995145 10.9728
466.731546881141 -462.043017926593 10.9728
362.7045318695136 456.6965170702371 10.9728
435.1897395883037 -457.4294370765866 10.9728
849.4416813928157 258.8180984010679 10.9728
1215.642308656199 -547.6923439120221 10.9728
-418.6763044473715 552.6371399855758 10.9728
104.1100698735106 -95.86747942168786 10.9728
795.5191034009046 381.5500978337108 10.9728
646.6542906342481 154.456474117921 10.9728
1076.094853117676 441.2471789207417 10.9728
-250.5762687105691 -494.1637829896847 10.9728
-30.815677653487 451.4739277457051 10.9728
826.3339677424998 -448.5187908013573 10.9728
199.9237309118731 457.6792642564999 10.9728
581.3162267094629 -459.1956803822896 10.9728
486.3955500857627 -385.4045638769782 10.9728
425.0871064750105 -384.7748768994636 10.9728
-152.3083625235275 314.8641058716552 10.9728
-74.51913308586364 283.8887479177455 10.9728
523.4276717469788 -386.1231211771861 10.9728
11.27208993341293 460.8435972036428 10.9728
790.1859996805572 -464.2305552117965 10.9728
802.0451759398788 -450.0523736029352 10.9728
-28.99742073221671 399.269371551523 10.9728
815.3412851902797 -635.3339770943455 10.9728
-29.73164450104377 638.3270293667505 10.9728
-184.1664884332868 -450.8614942276911 10.9728
957.1120162943803 476.3511211574168 10.9728
134.1464344321764 451.8050796865035 10.9728
640.847028275133 -459.4491376986769 10.9728
511.8460746807061 133.307779815972 10.9728
-266.3820827537206 -633.0733373022088 10.9728
1079.765276478782 619.9674320332763 10.9728
252.0596314788211 392.1409618622606 10.9728
63.71774555884542 -379.0997335039286 10.9728
589.0610014193145 380.2047134506026 10.9728
645.8425021258464 375.4484574604522 10.9728
-311.8003995776837 14.64855145589002 10.9728
148.1037653399781 -385.5323220351281 10.9728
99.06888418719097 -382.2639348034402 10.9728
694.4333871365425 455.217185552956 10.9728
100.857585729048 -463.999608645585 10.9728
558.2121536497415 567.3855316909576 10.9728
214.2256820638114 -555.0485666267224 10.9728
273.9069962291106 -389.5756930709305 10.9728
645.5084543323194 -387.6640027671987 10.9728
547.5869224556358 374.6754165460711 10.9728
488.6562380671953 456.5348482562295 10.9728
311.4924459223617 -456.0619101421859 10.9728
356.9950561467867 -454.2046996167208 10.9728
438.9612270199203 449.0116740808801 10.9728
277.4713387556835 -455.971559520284 10.9728
519.855793106246 455.2152848271469 10.9728
579.5894078450376 457.084937928166 10.9728
228.9418419641584 -456.1983386981653 10.9728
355.3390232611237 391.3485461471528 10.9728
563.7904523356776 -548.1868674436245 10.9728
204.7629595778345 553.0336348019108 10.9728
368.8181225591974 -576.9126570224939 10.9728
115.9012004789105 -636.8336494984778 10.9728
709.0502298380939 629.628436490495 10.9728
573.9106689776498 247.0321118902263 10.9728
246.7747045324268 452.729634814093 10.9728
531.3466039876953 -449.93541183988 10.9728
175.989251840317 -460.1506327280897 10.9728
624.9813132676859 459.9069877027595 10.9728
568.2793137914734 -389.6727409826229 10.9728
202.4376693346553 -385.2565625845365 10.9728
66.70399048229945 455.0949826760603 10.9728
708.9224533532695 -476.1511109102646 10.9728
298.6896284941004 392.3678266540015 10.9728
784.8158089344486 -389.7387384390752 10.9728
194.9817874231516 390.8914668889027 10.9728
103.219194097223 390.6401250359913 10.9728
742.6667658453579 454.7247151201374 10.9728
53.29477935354959 -456.1042488598023 10.9728
719.298984701436 379.9601138483209 10.9728
733.584459326242 -376.8999677031142 10.9728
690.2299492580257 -395.4013406687391 10.9728
456.8804707820896 391.6269651055986 10.9728
406.9580278700337 379.4457527568282 10.9728
502.2067981403123 392.1770310673427 10.9728
317.0448423364091 -396.2068113337136 10.9728
150.0288294707852 388.8071853206736 10.9728
57.87811563582954 392.1539892324428 10.9728
297.5540619633572 463.9327987266613 10.9728
498.0173637766638 -457.7925943163273 10.9728
453.7001919617783 -450.7820282167274 10.9728
360.1896632905349 -394.5801316366537 10.9728
391.8877442968417 458.4951397720187 10.9728
405.4319553394111 -463.3812708469576 10.9728
343.8537009351361 449.0572318821386 10.9728
565.3205792022641 -198.5836754842233 10.9728
597.1727279067634 -451.1869434826388 10.9728
179.8318258103027 451.9374100678471 10.9728
406.2028326660766 -393.1983731347167 10.9728
82.92708035322744 181.154303283551 10.9728
505.245741422314 -394.2742391901263 10.9728
294.5460728383032 -448.7929953403997 10.9728
-610.7080070610056 16.96997770642101 10.9728
625.1738767143038 -391.8206625741463 10.9728
124.1650470759253 -456.8948636136219 10.9728
674.1090651366184 463.6093404482151 10.9728
81.98169784131005 -390.9150800636933 10.9728
572.054319355579 389.1987071013626 10.9728
340.8125590103553 397.8924442720965 10.9728
116.9552495050291 457.8093156786466 10.9728
662.4559255306689 -453.777321238478 10.9728
667.1484144671899 383.6116443654408 10.9728
771.1226416054964 387.0547979569805 10.9728
503.9009773664756 448.1578852004914 10.9728
253.3318313447313 -393.0389412132448 10.9728
240.7643365943974 386.5486211631711 10.9728
1461.633160667842 101.9953567730271 10.9728
59.65073181996161 702.0423115691486 10.9728
721.1435238176343 -695.791604856233 10.9728
1148.361536424051 -12.5886109464679 10.9728
466.3081862334432 599.1019639883227 10.9728
286.2221580039991 -612.1981244419597 10.9728
-9.421770410334489 97.36722485308904 10.9728
136.2021495932262 -199.8359262338338 10.9728
1429.644160497732 -168.9560882893985 10.9728
-586.1788731931798 213.9746293961398 10.9728
277.1064693992996 583.1785137899011 10.9728
508.9628478206217 -530.4463646832025 10.9728
471.920591991727 -582.7510196290588 10.9728
428.4591847503896 -540.9972432840104 10.9728
381.926251424382 534.1187149387943 10.9728
162.3116552050745 -600.4167428905611 10.9728
671.2189009506416 584.5082436282275 10.9728
231.1099338575517 -246.033041087368 10.9728
1127.965963095926 -656.1163118101047 10.9728
-329.6865041009327 657.8075881149465 10.9728
825.3136262839498 -402.4909442801442 10.9728
335.1286683720076 280.4198674303848 10.9728
443.9566385772796 -215.4065290574205 10.9728
612.6633488796347 -625.8915174773924 10.9728
131.664394883391 633.1016202434039 10.9728
-61.74455037661517 -300.6040561794237 10.9728
150.8657424417364 265.1151235037132 10.9728
396.2003968997381 -275.8722286175272 10.9728
-386.6506794895575 -239.9953275356305 10.9728
-582.9562410819088 -173.6935963196545 10.9728
105.6101349935308 542.8602786398972 10.9728
668.5655227447975 -561.5896796493549 10.9728
789.5042145376608 592.8142860126461 10.9728
45.25929375709268 -601.7631702987849 10.9728
82.24906470840313 -245.4839682141199 10.9728
401.1227254676375 274.5201665652693 10.9728
-2.620036163664395 -109.1055945497862 10.9728
526.3208853634961 345.1597392129869 10.9728
1132.127824735884 159.3225487284873 10.9728
-179.7720725439226 -299.9973640294573 10.9728
235.7480950290879 246.7582153922327 10.9728
2 16 0 108
2410
2414
2417
2418
2459
2460
2461
2462
2463
2464
2465
2466
2467
2468
2469
2470
2471
2472
2473
2474
2475
2476
2477
2478
2479
2480
2481
2482
2483
2484
2485
2486
2487
2488
2489
2490
2491
2492
2493
2494
2617
2618
2619
2620
2621
2622
2623
2624
2625
2626
2627
2628
2629
2630
2631
2632
2633
2634
2635
2636
2637
2638
2639
2640
2641
2642
2643
2644
2645
2646
2647
2648
2649
2650
2651
2652
2653
2654
2655
2656
2657
2658
2659
2660
2661
2662
2663
2664
2665
2666
2667
2668
2669
2670
2671
2672
2673
2674
2675
2676
2677
2678
2679
2680
2681
2682
2683
2684
0 -423.0085184632736 0.05388153672641492
800.1 -423.0085184632736 0.05388153672641492
0 -423.0821220112368 0.07360354796322259
0 -423.0426779887632 0.0736035479632226
22.85999999999996 -423.0085184632736 0.05388153672641492
45.71999999999993 -423.0085184632736 0.05388153672641492
68.5799999999999 -423.0085184632736 0.05388153672641492
91.43999999999987 -423.0085184632736 0.05388153672641492
114.2999999999999 -423.0085184632736 0.05388153672641492
137.1599999999998 -423.0085184632736 0.05388153672641492
160.0199999999998 -423.0085184632736 0.05388153672641492
182.8799999999998 -423.0085184632736 0.05388153672641492
205.7399999999998 -423.0085184632736 0.05388153672641492
228.5999999999997 -423.0085184632736 0.05388153672641492
251.4599999999997 -423.0085184632736 0.05388153672641492
274.3199999999996 -423.0085184632736 0.05388153672641492
297.1799999999996 -423.0085184632736 0.05388153672641492
320.0399999999995 -423.0085184632736 0.05388153672641492
342.8999999999994 -423.0085184632736 0.05388153672641492
365.7599999999994 -423.0085184632736 0.05388153672641492
388.6199999999993 -423.0085184632736 0.05388153672641492
411.4799999999992 -423.0085184632736 0.05388153672641492
434.3399999999992 -423.0085184632736 0.05388153672641492
457.199999999999 -423.0085184632736 0.05388153672641492
480.059999999999 -423.0085184632736 0.05388153672641492
502.919999999999 -423.0085184632736 0.05388153672641492
525.7799999999989 -423.0085184632736 0.05388153672641492
548.6399999999991 -423.0085184632736 0.05388153672641492
571.4999999999991 -423.0085184632736 0.05388153672641492
594.3599999999992 -423.0085184632736 0.05388153672641492
617.2199999999993 -423.0085184632736 0.05388153672641492
640.0799999999995 -423.0085184632736 0.05388153672641492
662.9399999999995 -423.0085184632736 0.05388153672641492
685.7999999999996 -423.0085184632736 0.05388153672641492
708.6599999999997 -423.0085184632736 0.05388153672641492
731.5199999999998 -423.0085184632736 0.05388153672641492
754.3799999999999 -423.0085184632736 0.05388153672641492
777.24 -423.0085184632736 0.05388153672641492
800.1 -423.0821220112368 0.07360354796322259
800.1 -423.0426779887632 0.0736035479632226
22.85999999999996 -423.0821220112368 0.07360354796322263
22.85999999999996 -423.0426779887632 0.0736035479632226
45.71999999999994 -423.0821220112368 0.07360354796322259
45.71999999999994 -423.0426779887632 0.0736035479632226
68.5799999999999 -423.0821220112368 0.07360354796322259
68.5799999999999 -423.0426779887632 0.0736035479632226
91.43999999999988 -423.0821220112368 0.07360354796322259
91.43999999999988 -423.0426779887632 0.07360354796322259
114.2999999999999 -423.0821220112368 0.07360354796322259
114.2999999999999 -423.0426779887632 0.0736035479632226
137.1599999999998 -423.0821220112368 0.07360354796322259
137.1599999999998 -423.0426779887632 0.0736035479632226
160.0199999999998 -423.0821220112368 0.07360354796322259
160.0199999999998 -423.0426779887632 0.0736035479632226
182.8799999999998 -423.0821220112368 0.07360354796322259
182.8799999999998 -423.0426779887632 0.0736035479632226
205.7399999999998 -423.0821220112368 0.07360354796322259
205.7399999999998 -423.0426779887632 0.0736035479632226
228.5999999999998 -423.0821220112368 0.07360354796322259
228.5999999999997 -423.0426779887632 0.0736035479632226
251.4599999999997 -423.0821220112368 0.0736035479632226
251.4599999999997 -423.0426779887632 0.0736035479632226
274.3199999999996 -423.0821220112368 0.07360354796322255
274.3199999999996 -423.0426779887632 0.0736035479632226
297.1799999999996 -423.0821220112368 0.07360354796322259
297.1799999999996 -423.0426779887632 0.0736035479632226
320.0399999999996 -423.0821220112368 0.07360354796322259
320.0399999999995 -423.0426779887632 0.0736035479632226
342.8999999999994 -423.0821220112368 0.07360354796322259
342.8999999999994 -423.0426779887632 0.0736035479632226
365.7599999999994 -423.0821220112368 0.07360354796322259
365.7599999999994 -423.0426779887632 0.0736035479632226
388.6199999999994 -423.0821220112368 0.07360354796322259
388.6199999999993 -423.0426779887632 0.0736035479632226
411.4799999999993 -423.0821220112368 0.07360354796322259
411.4799999999993 -423.0426779887632 0.0736035479632226
434.3399999999992 -423.0821220112368 0.07360354796322259
434.3399999999991 -423.0426779887632 0.0736035479632226
457.199999999999 -423.0821220112368 0.07360354796322258
457.199999999999 -423.0426779887632 0.0736035479632226
480.0599999999991 -423.0821220112368 0.07360354796322259
480.0599999999991 -423.0426779887632 0.0736035479632226
502.9199999999991 -423.0821220112368 0.07360354796322259
502.9199999999991 -423.0426779887632 0.07360354796322259
525.7799999999989 -423.0821220112368 0.07360354796322259
525.7799999999989 -423.0426779887632 0.0736035479632226
548.6399999999992 -423.0821220112368 0.07360354796322259
548.6399999999992 -423.0426779887632 0.0736035479632226
571.4999999999991 -423.0821220112368 0.07360354796322259
571.4999999999991 -423.0426779887632 0.07360354796322259
594.3599999999992 -423.0821220112368 0.07360354796322259
594.3599999999992 -423.0426779887632 0.07360354796322259
617.2199999999993 -423.0821220112368 0.07360354796322258
617.2199999999993 -423.0426779887632 0.07360354796322259
640.0799999999996 -423.0821220112368 0.07360354796322259
640.0799999999996 -423.0426779887632 0.07360354796322259
662.9399999999994 -423.0821220112368 0.07360354796322255
662.9399999999994 -423.0426779887632 0.0736035479632226
685.7999999999996 -423.0821220112368 0.07360354796322259
685.7999999999996 -423.0426779887632 0.0736035479632226
708.6599999999995 -423.0821220112368 0.07360354796322259
708.6599999999997 -423.0426779887632 0.0736035479632226
731.5199999999996 -423.0821220112368 0.07360354796322259
731.5199999999999 -423.0426779887632 0.0736035479632226
754.3799999999999 -423.0821220112368 0.07360354796322259
754.3799999999999 -423.0426779887632 0.0736035479632226
777.24 -423.0821220112368 0.0736035479632226
777.24 -423.0426779887632 0.0736035479632226
2 17 0 108
2411
2415
2419
2420
2495
2496
2497
2498
2499
2500
2501
2502
2503
2504
2505
2506
2507
2508
2509
2510
2511
2512
2513
2514
2515
2516
2517
2518
2519
2520
2521
2522
2523
2524
2525
2526
2527
2528
2529
2530
2685
2686
2687
2688
2689
2690
2691
2692
2693
2694
2695
2696
2697
2698
2699
2700
2701
2702
2703
2704
2705
2706
2707
2708
2709
2710
2711
2712
2713
2714
2715
2716
2717
2718
2719
2720
2721
2722
2723
2724
2725
2726
2727
2728
2729
2730
2731
2732
2733
2734
2735
2736
2737
2738
2739
2740
2741
2742
2743
2744
2745
2746
2747
2748
2749
2750
2751
2752
0 -423.0085184632736 -0.05388153672641492
800.1 -423.0085184632736 -0.05388153672641492
0 -422.9887964520368 0.01972201123681242
0 -422.9887964520368 -0.01972201123681242
22.85999999999996 -423.0085184632736 -0.05388153672641492
45.71999999999993 -423.0085184632736 -0.05388153672641492
68.5799999999999 -423.0085184632736 -0.05388153672641492
91.43999999999987 -423.0085184632736 -0.05388153672641492
114.2999999999999 -423.0085184632736 -0.05388153672641492
137.1599999999998 -423.0085184632736 -0.05388153672641492
160.0199999999998 -423.0085184632736 -0.05388153672641492
182.8799999999998 -423.0085184632736 -0.05388153672641492
205.7399999999998 -423.0085184632736 -0.05388153672641492
228.5999999999997 -423.0085184632736 -0.05388153672641492
251.4599999999997 -423.0085184632736 -0.05388153672641492
274.3199999999996 -423.0085184632736 -0.05388153672641492
297.1799999999996 -423.0085184632736 -0.05388153672641492
320.0399999999995 -423.0085184632736 -0.05388153672641492
342.8999999999994 -423.0085184632736 -0.05388153672641492
365.7599999999994 -423.0085184632736 -0.05388153672641492
388.6199999999993 -423.0085184632736 -0.05388153672641492
411.4799999999992 -423.0085184632736 -0.05388153672641492
434.3399999999992 -423.0085184632736 -0.05388153672641492
457.199999999999 -423.0085184632736 -0.05388153672641492
480.059999999999 -423.0085184632736 -0.05388153672641492
502.919999999999 -423.0085184632736 -0.05388153672641492
525.7799999999989 -423.0085184632736 -0.05388153672641492
548.6399999999991 -423.0085184632736 -0.05388153672641492
571.4999999999991 -423.0085184632736 -0.05388153672641492
594.3599999999992 -423.0085184632736 -0.05388153672641492
617.2199999999993 -423.0085184632736 -0.05388153672641492
640.0799999999995 -423.0085184632736 -0.05388153672641492
662.9399999999995 -423.0085184632736 -0.05388153672641492
685.7999999999996 -423.0085184632736 -0.05388153672641492
708.6599999999997 -423.0085184632736 -0.05388153672641492
731.5199999999998 -423.0085184632736 -0.05388153672641492
754.3799999999999 -423.0085184632736 -0.05388153672641492
777.24 -423.0085184632736 -0.05388153672641492
800.1 -422.9887964520368 0.01972201123681242
800.1 -422.9887964520368 -0.01972201123681242
22.85999999999996 -422.9887964520368 0.0197220112368124
22.85999999999996 -422.9887964520368 -0.01972201123681242
45.71999999999994 -422.9887964520368 0.01972201123681239
45.71999999999994 -422.9887964520368 -0.01972201123681246
68.5799999999999 -422.9887964520368 0.01972201123681239
68.5799999999999 -422.9887964520368 -0.01972201123681244
91.43999999999988 -422.9887964520368 0.0197220112368124
91.43999999999988 -422.9887964520368 -0.01972201123681246
114.2999999999999 -422.9887964520368 0.01972201123681239
114.2999999999999 -422.9887964520368 -0.01972201123681246
137.1599999999998 -422.9887964520368 0.0197220112368124
137.1599999999998 -422.9887964520368 -0.01972201123681246
160.0199999999998 -422.9887964520368 0.0197220112368124
160.0199999999998 -422.9887964520368 -0.01972201123681244
182.8799999999998 -422.9887964520368 0.0197220112368124
182.8799999999998 -422.9887964520368 -0.01972201123681244
205.7399999999998 -422.9887964520368 0.01972201123681245
205.7399999999998 -422.9887964520368 -0.01972201123681244
228.5999999999997 -422.9887964520368 0.01972201123681237
228.5999999999998 -422.9887964520368 -0.01972201123681246
251.4599999999997 -422.9887964520368 0.0197220112368124
251.4599999999997 -422.9887964520368 -0.01972201123681244
274.3199999999996 -422.9887964520368 0.0197220112368124
274.3199999999996 -422.9887964520368 -0.01972201123681242
297.1799999999996 -422.9887964520368 0.0197220112368124
297.1799999999996 -422.9887964520368 -0.01972201123681244
320.0399999999996 -422.9887964520368 0.01972201123681239
320.0399999999996 -422.9887964520368 -0.01972201123681246
342.8999999999994 -422.9887964520368 0.0197220112368124
342.8999999999994 -422.9887964520368 -0.01972201123681244
365.7599999999994 -422.9887964520368 0.01972201123681245
365.7599999999994 -422.9887964520368 -0.01972201123681246
388.6199999999993 -422.9887964520368 0.0197220112368124
388.6199999999992 -422.9887964520368 -0.01972201123681246
411.4799999999992 -422.9887964520368 0.01972201123681239
411.4799999999992 -422.9887964520368 -0.01972201123681246
434.3399999999992 -422.9887964520368 0.01972201123681239
434.3399999999992 -422.9887964520368 -0.01972201123681244
457.199999999999 -422.9887964520368 0.0197220112368124
457.199999999999 -422.9887964520368 -0.01972201123681244
480.059999999999 -422.9887964520368 0.01972201123681239
480.0599999999991 -422.9887964520368 -0.01972201123681246
502.9199999999991 -422.9887964520368 0.0197220112368124
502.9199999999991 -422.9887964520368 -0.01972201123681246
525.7799999999989 -422.9887964520368 0.01972201123681239
525.7799999999989 -422.9887964520368 -0.01972201123681244
548.6399999999991 -422.9887964520368 0.01972201123681237
548.6399999999991 -422.9887964520368 -0.01972201123681244
571.4999999999991 -422.9887964520368 0.0197220112368124
571.4999999999991 -422.9887964520368 -0.01972201123681244
594.3599999999992 -422.9887964520368 0.01972201123681239
594.3599999999992 -422.9887964520368 -0.01972201123681244
617.2199999999993 -422.9887964520368 0.01972201123681239
617.2199999999993 -422.9887964520368 -0.01972201123681246
640.0799999999995 -422.9887964520368 0.0197220112368124
640.0799999999995 -422.9887964520368 -0.01972201123681242
662.9399999999994 -422.9887964520368 0.01972201123681245
662.9399999999994 -422.9887964520368 -0.01972201123681242
685.7999999999996 -422.9887964520368 0.01972201123681239
685.7999999999996 -422.9887964520368 -0.01972201123681246
708.6599999999999 -422.9887964520368 0.0197220112368124
708.6599999999999 -422.9887964520368 -0.01972201123681244
731.5199999999998 -422.9887964520368 0.01972201123681239
731.5199999999998 -422.9887964520368 -0.01972201123681244
754.3799999999999 -422.9887964520368 0.0197220112368124
754.3799999999999 -422.9887964520368 -0.01972201123681244
777.24 -422.9887964520368 0.01972201123681239
777.24 -422.9887964520368 -0.01972201123681246
2 18 0 108
2412
2416
2421
2422
2531
2532
2533
2534
2535
2536
2537
2538
2539
2540
2541
2542
2543
2544
2545
2546
2547
2548
2549
2550
2551
2552
2553
2554
2555
2556
2557
2558
2559
2560
2561
2562
2563
2564
2565
2566
2753
2754
2755
2756
2757
2758
2759
2760
2761
2762
2763
2764
2765
2766
2767
2768
2769
2770
2771
2772
2773
2774
2775
2776
2777
2778
2779
2780
2781
2782
2783
2784
2785
2786
2787
2788
2789
2790
2791
2792
2793
2794
2795
2796
2797
2798
2799
2800
2801
2802
2803
2804
2805
2806
2807
2808
2809
2810
2811
2812
2813
2814
2815
2816
2817
2818
2819
2820
0 -423.1162815367264 -0.05388153672641492
800.1 -423.1162815367264 -0.05388153672641492
0 -423.0426779887632 -0.0736035479632226
0 -423.0821220112368 -0.07360354796322259
22.85999999999996 -423.1162815367264 -0.05388153672641492
45.71999999999993 -423.1162815367264 -0.05388153672641492
68.5799999999999 -423.1162815367264 -0.05388153672641492
91.43999999999987 -423.1162815367264 -0.05388153672641492
114.2999999999999 -423.1162815367264 -0.05388153672641492
137.1599999999998 -423.1162815367264 -0.05388153672641492
160.0199999999998 -423.1162815367264 -0.05388153672641492
182.8799999999998 -423.1162815367264 -0.05388153672641492
205.7399999999998 -423.1162815367264 -0.05388153672641492
228.5999999999997 -423.1162815367264 -0.05388153672641492
251.4599999999997 -423.1162815367264 -0.05388153672641492
274.3199999999996 -423.1162815367264 -0.05388153672641492
297.1799999999996 -423.1162815367264 -0.05388153672641492
320.0399999999995 -423.1162815367264 -0.05388153672641492
342.8999999999994 -423.1162815367264 -0.05388153672641492
365.7599999999994 -423.1162815367264 -0.05388153672641492
388.6199999999993 -423.1162815367264 -0.05388153672641492
411.4799999999992 -423.1162815367264 -0.05388153672641492
434.3399999999992 -423.1162815367264 -0.05388153672641492
457.199999999999 -423.1162815367264 -0.05388153672641492
480.059999999999 -423.1162815367264 -0.05388153672641492
502.919999999999 -423.1162815367264 -0.05388153672641492
525.7799999999989 -423.1162815367264 -0.05388153672641492
548.6399999999991 -423.1162815367264 -0.05388153672641492
571.4999999999991 -423.1162815367264 -0.05388153672641492
594.3599999999992 -423.1162815367264 -0.05388153672641492
617.2199999999993 -423.1162815367264 -0.05388153672641492
640.0799999999995 -423.1162815367264 -0.05388153672641492
662.9399999999995 -423.1162815367264 -0.05388153672641492
685.7999999999996 -423.1162815367264 -0.05388153672641492
708.6599999999997 -423.1162815367264 -0.05388153672641492
731.5199999999998 -423.1162815367264 -0.05388153672641492
754.3799999999999 -423.1162815367264 -0.05388153672641492
777.24 -423.1162815367264 -0.05388153672641492
800.1 -423.0426779887632 -0.0736035479632226
800.1 -423.0821220112368 -0.07360354796322259
22.85999999999997 -423.0426779887632 -0.0736035479632226
22.85999999999996 -423.0821220112368 -0.07360354796322258
45.71999999999992 -423.0426779887632 -0.0736035479632226
45.71999999999994 -423.0821220112368 -0.07360354796322258
68.5799999999999 -423.0426779887632 -0.07360354796322259
68.5799999999999 -423.0821220112368 -0.07360354796322258
91.43999999999984 -423.0426779887632 -0.0736035479632226
91.43999999999988 -423.0821220112368 -0.07360354796322258
114.2999999999999 -423.0426779887632 -0.0736035479632226
114.2999999999999 -423.0821220112368 -0.07360354796322259
137.1599999999998 -423.0426779887632 -0.07360354796322262
137.1599999999998 -423.0821220112368 -0.07360354796322258
160.0199999999998 -423.0426779887632 -0.0736035479632226
160.0199999999998 -423.0821220112368 -0.07360354796322258
182.8799999999998 -423.0426779887632 -0.07360354796322262
182.8799999999998 -423.0821220112368 -0.07360354796322258
205.7399999999998 -423.0426779887632 -0.07360354796322262
205.7399999999998 -423.0821220112368 -0.07360354796322262
228.5999999999997 -423.0426779887632 -0.07360354796322259
228.5999999999997 -423.0821220112368 -0.07360354796322258
251.4599999999998 -423.0426779887632 -0.0736035479632226
251.4599999999997 -423.0821220112368 -0.07360354796322258
274.3199999999996 -423.0426779887632 -0.0736035479632226
274.3199999999996 -423.0821220112368 -0.07360354796322258
297.1799999999996 -423.0426779887632 -0.0736035479632226
297.1799999999996 -423.0821220112368 -0.07360354796322258
320.0399999999995 -423.0426779887632 -0.0736035479632226
320.0399999999995 -423.0821220112368 -0.07360354796322258
342.8999999999994 -423.0426779887632 -0.0736035479632226
342.8999999999994 -423.0821220112368 -0.07360354796322258
365.7599999999994 -423.0426779887632 -0.07360354796322259
365.7599999999994 -423.0821220112368 -0.07360354796322258
388.6199999999993 -423.0426779887632 -0.0736035479632226
388.6199999999993 -423.0821220112368 -0.07360354796322258
411.4799999999992 -423.0426779887632 -0.07360354796322262
411.4799999999993 -423.0821220112368 -0.07360354796322258
434.3399999999992 -423.0426779887632 -0.07360354796322262
434.3399999999991 -423.0821220112368 -0.07360354796322258
457.1999999999991 -423.0426779887632 -0.07360354796322262
457.199999999999 -423.0821220112368 -0.07360354796322258
480.059999999999 -423.0426779887632 -0.0736035479632226
480.0599999999991 -423.0821220112368 -0.07360354796322258
502.919999999999 -423.0426779887632 -0.0736035479632226
502.9199999999991 -423.0821220112368 -0.07360354796322258
525.7799999999989 -423.0426779887632 -0.0736035479632226
525.7799999999989 -423.0821220112368 -0.07360354796322258
548.6399999999991 -423.0426779887632 -0.0736035479632226
548.6399999999992 -423.0821220112368 -0.07360354796322258
571.4999999999991 -423.0426779887632 -0.07360354796322262
571.4999999999991 -423.0821220112368 -0.07360354796322258
594.3599999999992 -423.0426779887632 -0.0736035479632226
594.3599999999992 -423.0821220112368 -0.07360354796322258
617.2199999999995 -423.0426779887632 -0.0736035479632226
617.2199999999993 -423.0821220112368 -0.07360354796322258
640.0799999999992 -423.0426779887632 -0.0736035479632226
640.0799999999996 -423.0821220112368 -0.07360354796322258
662.9399999999991 -423.0426779887632 -0.0736035479632226
662.9399999999994 -423.0821220112368 -0.07360354796322259
685.7999999999994 -423.0426779887632 -0.07360354796322262
685.7999999999996 -423.0821220112368 -0.07360354796322259
708.6599999999999 -423.0426779887632 -0.0736035479632226
708.6599999999997 -423.0821220112368 -0.07360354796322258
731.5199999999998 -423.0426779887632 -0.0736035479632226
731.5199999999999 -423.0821220112368 -0.07360354796322256
754.3799999999999 -423.0426779887632 -0.07360354796322262
754.3799999999999 -423.0821220112368 -0.07360354796322256
777.24 -423.0426779887632 -0.0736035479632226
777.24 -423.0821220112368 -0.07360354796322256
2 19 0 72
2423
2424
2567
2568
2821
2822
2823
2824
2825
2826
2827
2828
2829
2830
2831
2832
2833
2834
2835
2836
2837
2838
2839
2840
2841
2842
2843
2844
2845
2846
2847
2848
2849
2850
2851
2852
2853
2854
2855
2856
2857
2858
2859
2860
2861
2862
2863
2864
2865
2866
2867
2868
2869
2870
2871
2872
2873
2874
2875
2876
2877
2878
2879
2880
2881
2882
2883
2884
2885
2886
2887
2888
0 -423.1360035479632 -0.01972201123681248
0 -423.1360035479632 0.01972201123681232
800.1 -423.1360035479632 -0.01972201123681248
800.1 -423.1360035479632 0.01972201123681232
22.85999999999996 -423.1360035479632 -0.01972201123681241
22.85999999999996 -423.1360035479632 0.01972201123681238
45.71999999999993 -423.1360035479632 -0.01972201123681241
45.71999999999993 -423.1360035479632 0.01972201123681238
68.5799999999999 -423.1360035479632 -0.01972201123681241
68.5799999999999 -423.1360035479632 0.01972201123681232
91.43999999999986 -423.1360035479632 -0.01972201123681241
91.43999999999987 -423.1360035479632 0.01972201123681232
114.2999999999998 -423.1360035479632 -0.01972201123681248
114.2999999999999 -423.1360035479632 0.01972201123681238
137.1599999999998 -423.1360035479632 -0.01972201123681241
137.1599999999998 -423.1360035479632 0.01972201123681238
160.0199999999998 -423.1360035479632 -0.01972201123681241
160.0199999999998 -423.1360035479632 0.01972201123681232
182.8799999999998 -423.1360035479632 -0.01972201123681241
182.8799999999998 -423.1360035479632 0.01972201123681232
205.7399999999997 -423.1360035479632 -0.01972201123681241
205.7399999999998 -423.1360035479632 0.01972201123681245
228.5999999999997 -423.1360035479632 -0.01972201123681241
228.5999999999998 -423.1360035479632 0.01972201123681238
251.4599999999997 -423.1360035479632 -0.01972201123681248
251.4599999999997 -423.1360035479632 0.01972201123681232
274.3199999999996 -423.1360035479632 -0.01972201123681248
274.3199999999996 -423.1360035479632 0.01972201123681232
297.1799999999996 -423.1360035479632 -0.01972201123681241
297.1799999999996 -423.1360035479632 0.01972201123681232
320.0399999999995 -423.1360035479632 -0.01972201123681241
320.0399999999995 -423.1360035479632 0.01972201123681238
342.8999999999994 -423.1360035479632 -0.01972201123681248
342.8999999999994 -423.1360035479632 0.01972201123681238
365.7599999999995 -423.1360035479632 -0.01972201123681241
365.7599999999994 -423.1360035479632 0.01972201123681245
388.6199999999992 -423.1360035479632 -0.01972201123681241
388.6199999999992 -423.1360035479632 0.01972201123681238
411.4799999999992 -423.1360035479632 -0.01972201123681241
411.4799999999993 -423.1360035479632 0.01972201123681238
434.3399999999991 -423.1360035479632 -0.01972201123681241
434.3399999999991 -423.1360035479632 0.01972201123681232
457.199999999999 -423.1360035479632 -0.01972201123681248
457.199999999999 -423.1360035479632 0.01972201123681232
480.0599999999989 -423.1360035479632 -0.01972201123681248
480.0599999999989 -423.1360035479632 0.01972201123681238
502.919999999999 -423.1360035479632 -0.01972201123681241
502.919999999999 -423.1360035479632 0.01972201123681232
525.7799999999988 -423.1360035479632 -0.01972201123681241
525.7799999999989 -423.1360035479632 0.01972201123681238
548.6399999999991 -423.1360035479632 -0.01972201123681241
548.6399999999991 -423.1360035479632 0.01972201123681232
571.4999999999991 -423.1360035479632 -0.01972201123681248
571.4999999999991 -423.1360035479632 0.01972201123681232
594.3599999999992 -423.1360035479632 -0.01972201123681241
594.3599999999992 -423.1360035479632 0.01972201123681232
617.2199999999993 -423.1360035479632 -0.01972201123681241
617.2199999999993 -423.1360035479632 0.01972201123681238
640.0799999999995 -423.1360035479632 -0.01972201123681241
640.0799999999995 -423.1360035479632 0.01972201123681238
662.9399999999994 -423.1360035479632 -0.01972201123681241
662.9399999999994 -423.1360035479632 0.01972201123681238
685.7999999999997 -423.1360035479632 -0.01972201123681248
685.7999999999996 -423.1360035479632 0.01972201123681238
708.66 -423.1360035479632 -0.01972201123681241
708.6599999999999 -423.1360035479632 0.01972201123681238
731.5199999999998 -423.1360035479632 -0.01972201123681248
731.5199999999998 -423.1360035479632 0.01972201123681238
754.3799999999998 -423.1360035479632 -0.01972201123681241
754.3799999999999 -423.1360035479632 0.01972201123681245
777.24 -423.1360035479632 -0.01972201123681241
777.2399999999999 -423.1360035479632 0.01972201123681238
2 58 0 68
2889
2890
2891
2892
2893
2894
2895
2896
2897
2898
2899
2900
2901
2902
2903
2904
2905
2906
2907
2908
2909
2910
2911
2912
2913
2914
2915
2916
2917
2918
2919
2920
2921
2922
2923
2924
2925
2926
2927
2928
2929
2930
2931
2932
2933
2934
2935
2936
2937
2938
2939
2940
2941
2942
2943
2944
2945
2946
2947
2948
2949
2950
2951
2952
2953
2954
2955
2956
12.51421714285715 -426.72 10.9728
36.00123428571436 -426.72 10.9728
59.48825142857146 -426.72 10.9728
82.97526857142867 -426.72 10.9728
106.4622857142858 -426.72 10.9728
129.949302857143 -426.72 10.9728
153.4363200000003 -426.72 10.9728
176.9233371428573 -426.72 10.9728
200.4103542857145 -426.72 10.9728
223.8973714285717 -426.72 10.9728
247.3843885714289 -426.72 10.9728
270.871405714286 -426.72 10.9728
294.3584228571431 -426.72 10.9728
317.8454400000002 -426.72 10.9728
341.3324571428574 -426.72 10.9728
364.8194742857145 -426.72 10.9728
388.3064914285716 -426.72 10.9728
411.7935085714287 -426.72 10.9728
435.280525714286 -426.72 10.9728
458.767542857143 -426.72 10.9728
482.2545600000003 -426.72 10.9728
505.7415771428574 -426.72 10.9728
529.2285942857145 -426.72 10.9728
552.7156114285716 -426.72 10.9728
576.2026285714288 -426.72 10.9728
599.6896457142859 -426.72 10.9728
623.176662857143 -426.72 10.9728
646.6636800000001 -426.72 10.9728
670.1506971428572 -426.72 10.9728
693.6377142857143 -426.72 10.9728
717.1247314285714 -426.72 10.9728
740.6117485714285 -426.72 10.9728
764.0987657142856 -426.72 10.9728
787.5857828571427 -426.72 10.9728
12.51421714285715 -419.4048 10.9728
36.0012342857143 -419.4048 10.9728
59.4882514285714 -419.4048 10.9728
82.97526857142873 -419.4048 10.9728
106.4622857142858 -419.4048 10.9728
129.949302857143 -419.4048 10.9728
153.4363200000002 -419.4048 10.9728
176.9233371428573 -419.4048 10.9728
200.4103542857146 -419.4048 10.9728
223.8973714285718 -419.4048 10.9728
247.3843885714289 -419.4048 10.9728
270.871405714286 -419.4048 10.9728
294.3584228571431 -419.4048 10.9728
317.8454400000002 -419.4048 10.9728
341.3324571428574 -419.4048 10.9728
364.8194742857145 -419.4048 10.9728
388.3064914285716 -419.4048 10.9728
411.7935085714287 -419.4048 10.9728
435.280525714286 -419.4048 10.9728
458.7675428571431 -419.4048 10.9728
482.2545600000003 -419.4048 10.9728
505.7415771428574 -419.4048 10.9728
529.2285942857145 -419.4048 10.9728
552.7156114285716 -419.4048 10.9728
576.2026285714289 -419.4048 10.9728
599.6896457142859 -419.4048 10.9728
623.176662857143 -419.4048 10.9728
646.6636800000001 -419.4048 10.9728
670.1506971428572 -419.4048 10.9728
693.6377142857143 -419.4048 10.9728
717.1247314285714 -419.4048 10.9728
740.6117485714285 -419.4048 10.9728
764.0987657142856 -419.4048 10.9728
787.5857828571427 -419.4048 10.9728
2 59 0 68
2957
2958
2959
2960
2961
2962
2963
2964
2965
2966
2967
2968
2969
2970
2971
2972
2973
2974
2975
2976
2977
2978
2979
2980
2981
2982
2983
2984
2985
2986
2987
2988
2989
2990
2991
2992
2993
2994
2995
2996
2997
2998
2999
3000
3001
3002
3003
3004
3005
3006
3007
3008
3009
3010
3011
3012
3013
3014
3015
3016
3017
3018
3019
3020
3021
3022
3023
3024
12.51421714285715 -419.4048 -10.9728
36.00123428571436 -419.4048 -10.9728
59.48825142857146 -419.4048 -10.9728
82.97526857142867 -419.4048 -10.9728
106.4622857142858 -419.4048 -10.9728
129.949302857143 -419.4048 -10.9728
153.4363200000003 -419.4048 -10.9728
176.9233371428573 -419.4048 -10.9728
200.4103542857145 -419.4048 -10.9728
223.8973714285717 -419.4048 -10.9728
247.3843885714289 -419.4048 -10.9728
270.871405714286 -419.4048 -10.9728
294.3584228571431 -419.4048 -10.9728
317.8454400000002 -419.4048 -10.9728
341.3324571428574 -419.4048 -10.9728
364.8194742857145 -419.4048 -10.9728
388.3064914285716 -419.4048 -10.9728
411.7935085714287 -419.4048 -10.9728
435.280525714286 -419.4048 -10.9728
458.767542857143 -419.4048 -10.9728
482.2545600000003 -419.4048 -10.9728
505.7415771428574 -419.4048 -10.9728
529.2285942857145 -419.4048 -10.9728
552.7156114285716 -419.4048 -10.9728
576.2026285714288 -419.4048 -10.9728
599.6896457142859 -419.4048 -10.9728
623.176662857143 -419.4048 -10.9728
646.6636800000001 -419.4048 -10.9728
670.1506971428572 -419.4048 -10.9728
693.6377142857143 -419.4048 -10.9728
717.1247314285714 -419.4048 -10.9728
740.6117485714285 -419.4048 -10.9728
764.0987657142856 -419.4048 -10.9728
787.5857828571427 -419.4048 -10.9728
12.51421714285715 -426.72 -10.9728
36.0012342857143 -426.72 -10.9728
59.4882514285714 -426.72 -10.9728
82.97526857142873 -426.72 -10.9728
106.4622857142858 -426.72 -10.9728
129.949302857143 -426.72 -10.9728
153.4363200000002 -426.72 -10.9728
176.9233371428573 -426.72 -10.9728
200.4103542857146 -426.72 -10.9728
223.8973714285718 -426.72 -10.9728
247.3843885714289 -426.72 -10.9728
270.871405714286 -426.72 -10.9728
294.3584228571431 -426.72 -10.9728
317.8454400000002 -426.72 -10.9728
341.3324571428574 -426.72 -10.9728
364.8194742857145 -426.72 -10.9728
388.3064914285716 -426.72 -10.9728
411.7935085714287 -426.72 -10.9728
435.280525714286 -426.72 -10.9728
458.7675428571431 -426.72 -10.9728
482.2545600000003 -426.72 -10.9728
505.7415771428574 -426.72 -10.9728
529.2285942857145 -426.72 -10.9728
552.7156114285716 -426.72 -10.9728
576.2026285714289 -426.72 -10.9728
599.6896457142859 -426.72 -10.9728
623.176662857143 -426.72 -10.9728
646.6636800000001 -426.72 -10.9728
670.1506971428572 -426.72 -10.9728
693.6377142857143 -426.72 -10.9728
717.1247314285714 -426.72 -10.9728
740.6117485714285 -426.72 -10.9728
764.0987657142856 -426.72 -10.9728
787.5857828571427 -426.72 -10.9728
2 86 0 4
3937
3938
3939
3940
0 -423.0886955021607 -0.02629551627283905
0 -423.0361044970941 -0.02629551554814503
0 -423.0886955029057 0.02629551554814497
0 -423.036104497839 0.02629551627283899
2 87 0 4
3941
3942
3943
3944
800.0999999999997 -423.0886955021607 -0.02629551627283905
800.0999999999997 -423.0361044970941 -0.02629551554814503
800.0999999999999 -423.0886955029057 0.02629551554814497
800.0999999999997 -423.036104497839 0.02629551627283899
2 101 0 108
5626
5630
5633
5634
5675
5676
5677
5678
5679
5680
5681
5682
5683
5684
5685
5686
5687
5688
5689
5690
5691
5692
5693
5694
5695
5696
5697
5698
5699
5700
5701
5702
5703
5704
5705
5706
5707
5708
5709
5710
5833
5834
5835
5836
5837
5838
5839
5840
5841
5842
5843
5844
5845
5846
5847
5848
5849
5850
5851
5852
5853
5854
5855
5856
5857
5858
5859
5860
5861
5862
5863
5864
5865
5866
5867
5868
5869
5870
5871
5872
5873
5874
5875
5876
5877
5878
5879
5880
5881
5882
5883
5884
5885
5886
5887
5888
5889
5890
5891
5892
5893
5894
5895
5896
5897
5898
5899
5900
0 423.1162815367264 0.05388153672641492
800.1 423.1162815367264 0.05388153672641492
0 423.0426779887632 0.07360354796322259
0 423.0821220112368 0.0736035479632226
22.85999999999996 423.1162815367264 0.05388153672641492
45.71999999999993 423.1162815367264 0.05388153672641492
68.5799999999999 423.1162815367264 0.05388153672641492
91.43999999999987 423.1162815367264 0.05388153672641492
114.2999999999999 423.1162815367264 0.05388153672641492
137.1599999999998 423.1162815367264 0.05388153672641492
160.0199999999998 423.1162815367264 0.05388153672641492
182.8799999999998 423.1162815367264 0.05388153672641492
205.7399999999998 423.1162815367264 0.05388153672641492
228.5999999999997 423.1162815367264 0.05388153672641492
251.4599999999997 423.1162815367264 0.05388153672641492
274.3199999999996 423.1162815367264 0.05388153672641492
297.1799999999996 423.1162815367264 0.05388153672641492
320.0399999999995 423.1162815367264 0.05388153672641492
342.8999999999994 423.1162815367264 0.05388153672641492
365.7599999999994 423.1162815367264 0.05388153672641492
388.6199999999993 423.1162815367264 0.05388153672641492
411.4799999999992 423.1162815367264 0.05388153672641492
434.3399999999992 423.1162815367264 0.05388153672641492
457.199999999999 423.1162815367264 0.05388153672641492
480.059999999999 423.1162815367264 0.05388153672641492
502.919999999999 423.1162815367264 0.05388153672641492
525.7799999999989 423.1162815367264 0.05388153672641492
548.6399999999991 423.1162815367264 0.05388153672641492
571.4999999999991 423.1162815367264 0.05388153672641492
594.3599999999992 423.1162815367264 0.05388153672641492
617.2199999999993 423.1162815367264 0.05388153672641492
640.0799999999995 423.1162815367264 0.05388153672641492
662.9399999999995 423.1162815367264 0.05388153672641492
685.7999999999996 423.1162815367264 0.05388153672641492
708.6599999999997 423.1162815367264 0.05388153672641492
731.5199999999998 423.1162815367264 0.05388153672641492
754.3799999999999 423.1162815367264 0.05388153672641492
777.24 423.1162815367264 0.05388153672641492
800.1 423.0426779887632 0.07360354796322259
800.1 423.0821220112368 0.0736035479632226
22.85999999999996 423.0426779887632 0.07360354796322263
22.85999999999996 423.0821220112368 0.0736035479632226
45.71999999999994 423.0426779887632 0.07360354796322259
45.71999999999994 423.0821220112368 0.0736035479632226
68.5799999999999 423.0426779887632 0.07360354796322259
68.5799999999999 423.0821220112368 0.0736035479632226
91.43999999999988 423.0426779887632 0.07360354796322259
91.43999999999988 423.0821220112368 0.07360354796322259
114.2999999999999 423.0426779887632 0.07360354796322259
114.2999999999999 423.0821220112368 0.0736035479632226
137.1599999999998 423.0426779887632 0.07360354796322259
137.1599999999998 423.0821220112368 0.0736035479632226
160.0199999999998 423.0426779887632 0.07360354796322259
160.0199999999998 423.0821220112368 0.0736035479632226
182.8799999999998 423.0426779887632 0.07360354796322259
182.8799999999998 423.0821220112368 0.0736035479632226
205.7399999999998 423.0426779887632 0.07360354796322259
205.7399999999998 423.0821220112368 0.0736035479632226
228.5999999999998 423.0426779887632 0.07360354796322259
228.5999999999997 423.0821220112368 0.0736035479632226
251.4599999999997 423.0426779887632 0.0736035479632226
251.4599999999997 423.0821220112368 0.0736035479632226
274.3199999999996 423.0426779887632 0.07360354796322255
274.3199999999996 423.0821220112368 0.0736035479632226
297.1799999999996 423.0426779887632 0.07360354796322259
297.1799999999996 423.0821220112368 0.0736035479632226
320.0399999999996 423.0426779887632 0.07360354796322259
320.0399999999995 423.0821220112368 0.0736035479632226
342.8999999999994 423.0426779887632 0.07360354796322259
342.8999999999994 423.0821220112368 0.0736035479632226
365.7599999999994 423.0426779887632 0.07360354796322259
365.7599999999994 423.0821220112368 0.0736035479632226
388.6199999999994 423.0426779887632 0.07360354796322259
388.6199999999993 423.0821220112368 0.0736035479632226
411.4799999999993 423.0426779887632 0.07360354796322259
411.4799999999993 423.0821220112368 0.0736035479632226
434.3399999999992 423.0426779887632 0.07360354796322259
434.3399999999991 423.0821220112368 0.0736035479632226
457.199999999999 423.0426779887632 0.07360354796322258
457.199999999999 423.0821220112368 0.0736035479632226
480.0599999999991 423.0426779887632 0.07360354796322259
480.0599999999991 423.0821220112368 0.0736035479632226
502.9199999999991 423.0426779887632 0.07360354796322259
502.9199999999991 423.0821220112368 0.07360354796322259
525.7799999999989 423.0426779887632 0.07360354796322259
525.7799999999989 423.0821220112368 0.0736035479632226
548.6399999999992 423.0426779887632 0.07360354796322259
548.6399999999992 423.0821220112368 0.0736035479632226
571.4999999999991 423.0426779887632 0.07360354796322259
571.4999999999991 423.0821220112368 0.07360354796322259
594.3599999999992 423.0426779887632 0.07360354796322259
594.3599999999992 423.0821220112368 0.07360354796322259
617.2199999999993 423.0426779887632 0.07360354796322258
617.2199999999993 423.0821220112368 0.07360354796322259
640.0799999999996 423.0426779887632 0.07360354796322259
640.0799999999996 423.0821220112368 0.07360354796322259
662.9399999999994 423.0426779887632 0.07360354796322255
662.9399999999994 423.0821220112368 0.0736035479632226
685.7999999999996 423.0426779887632 0.07360354796322259
685.7999999999996 423.0821220112368 0.0736035479632226
708.6599999999995 423.0426779887632 0.07360354796322259
708.6599999999997 423.0821220112368 0.0736035479632226
731.5199999999996 423.0426779887632 0.07360354796322259
731.5199999999999 423.0821220112368 0.0736035479632226
754.3799999999999 423.0426779887632 0.07360354796322259
754.3799999999999 423.0821220112368 0.0736035479632226
777.24 423.0426779887632 0.0736035479632226
777.24 423.0821220112368 0.0736035479632226
2 102 0 108
5627
5631
5635
5636
5711
5712
5713
5714
5715
5716
5717
5718
5719
5720
5721
5722
5723
5724
5725
5726
5727
5728
5729
5730
5731
5732
5733
5734
5735
5736
5737
5738
5739
5740
5741
5742
5743
5744
5745
5746
5901
5902
5903
5904
5905
5906
5907
5908
5909
5910
5911
5912
5913
5914
5915
5916
5917
5918
5919
5920
5921
5922
5923
5924
5925
5926
5927
5928
5929
5930
5931
5932
5933
5934
5935
5936
5937
5938
5939
5940
5941
5942
5943
5944
5945
5946
5947
5948
5949
5950
5951
5952
5953
5954
5955
5956
5957
5958
5959
5960
5961
5962
5963
5964
5965
5966
5967
5968
0 423.1162815367264 -0.05388153672641492
800.1 423.1162815367264 -0.05388153672641492
0 423.1360035479632 0.01972201123681242
0 423.1360035479632 -0.01972201123681242
22.85999999999996 423.1162815367264 -0.05388153672641492
45.71999999999993 423.1162815367264 -0.05388153672641492
68.5799999999999 423.1162815367264 -0.05388153672641492
91.43999999999987 423.1162815367264 -0.05388153672641492
114.2999999999999 423.1162815367264 -0.05388153672641492
137.1599999999998 423.1162815367264 -0.05388153672641492
160.0199999999998 423.1162815367264 -0.05388153672641492
182.8799999999998 423.1162815367264 -0.05388153672641492
205.7399999999998 423.1162815367264 -0.05388153672641492
228.5999999999997 423.1162815367264 -0.05388153672641492
251.4599999999997 423.1162815367264 -0.05388153672641492
274.3199999999996 423.1162815367264 -0.05388153672641492
297.1799999999996 423.1162815367264 -0.05388153672641492
320.0399999999995 423.1162815367264 -0.05388153672641492
342.8999999999994 423.1162815367264 -0.05388153672641492
365.7599999999994 423.1162815367264 -0.05388153672641492
388.6199999999993 423.1162815367264 -0.05388153672641492
411.4799999999992 423.1162815367264 -0.05388153672641492
434.3399999999992 423.1162815367264 -0.05388153672641492
457.199999999999 423.1162815367264 -0.05388153672641492
480.059999999999 423.1162815367264 -0.05388153672641492
502.919999999999 423.1162815367264 -0.05388153672641492
525.7799999999989 423.1162815367264 -0.05388153672641492
548.6399999999991 423.1162815367264 -0.05388153672641492
571.4999999999991 423.1162815367264 -0.05388153672641492
594.3599999999992 423.1162815367264 -0.05388153672641492
617.2199999999993 423.1162815367264 -0.05388153672641492
640.0799999999995 423.1162815367264 -0.05388153672641492
662.9399999999995 423.1162815367264 -0.05388153672641492
685.7999999999996 423.1162815367264 -0.05388153672641492
708.6599999999997 423.1162815367264 -0.05388153672641492
731.5199999999998 423.1162815367264 -0.05388153672641492
754.3799999999999 423.1162815367264 -0.05388153672641492
777.24 423.1162815367264 -0.05388153672641492
800.1 423.1360035479632 0.01972201123681242
800.1 423.1360035479632 -0.01972201123681242
22.85999999999996 423.1360035479632 0.0197220112368124
22.85999999999996 423.1360035479632 -0.01972201123681242
45.71999999999994 423.1360035479632 0.01972201123681239
45.71999999999994 423.1360035479632 -0.01972201123681246
68.5799999999999 423.1360035479632 0.01972201123681239
68.5799999999999 423.1360035479632 -0.01972201123681244
91.43999999999988 423.1360035479632 0.0197220112368124
91.43999999999988 423.1360035479632 -0.01972201123681246
114.2999999999999 423.1360035479632 0.01972201123681239
114.2999999999999 423.1360035479632 -0.01972201123681246
137.1599999999998 423.1360035479632 0.0197220112368124
137.1599999999998 423.1360035479632 -0.01972201123681246
160.0199999999998 423.1360035479632 0.0197220112368124
160.0199999999998 423.1360035479632 -0.01972201123681244
182.8799999999998 423.1360035479632 0.0197220112368124
182.8799999999998 423.1360035479632 -0.01972201123681244
205.7399999999998 423.1360035479632 0.01972201123681245
205.7399999999998 423.1360035479632 -0.01972201123681244
228.5999999999997 423.1360035479632 0.01972201123681237
228.5999999999998 423.1360035479632 -0.01972201123681246
251.4599999999997 423.1360035479632 0.0197220112368124
251.4599999999997 423.1360035479632 -0.01972201123681244
274.3199999999996 423.1360035479632 0.0197220112368124
274.3199999999996 423.1360035479632 -0.01972201123681242
297.1799999999996 423.1360035479632 0.0197220112368124
297.1799999999996 423.1360035479632 -0.01972201123681244
320.0399999999996 423.1360035479632 0.01972201123681239
320.0399999999996 423.1360035479632 -0.01972201123681246
342.8999999999994 423.1360035479632 0.0197220112368124
342.8999999999994 423.1360035479632 -0.01972201123681244
365.7599999999994 423.1360035479632 0.01972201123681245
365.7599999999994 423.1360035479632 -0.01972201123681246
388.6199999999993 423.1360035479632 0.0197220112368124
388.6199999999992 423.1360035479632 -0.01972201123681246
411.4799999999992 423.1360035479632 0.01972201123681239
411.4799999999992 423.1360035479632 -0.01972201123681246
434.3399999999992 423.1360035479632 0.01972201123681239
434.3399999999992 423.1360035479632 -0.01972201123681244
457.199999999999 423.1360035479632 0.0197220112368124
457.199999999999 423.1360035479632 -0.01972201123681244
480.059999999999 423.1360035479632 0.01972201123681239
480.0599999999991 423.1360035479632 -0.01972201123681246
502.9199999999991 423.1360035479632 0.0197220112368124
502.9199999999991 423.1360035479632 -0.01972201123681246
525.7799999999989 423.1360035479632 0.01972201123681239
525.7799999999989 423.1360035479632 -0.01972201123681244
548.6399999999991 423.1360035479632 0.01972201123681237
548.6399999999991 423.1360035479632 -0.01972201123681244
571.4999999999991 423.1360035479632 0.0197220112368124
571.4999999999991 423.1360035479632 -0.01972201123681244
594.3599999999992 423.1360035479632 0.01972201123681239
594.3599999999992 423.1360035479632 -0.01972201123681244
617.2199999999993 423.1360035479632 0.01972201123681239
617.2199999999993 423.1360035479632 -0.01972201123681246
640.0799999999995 423.1360035479632 0.0197220112368124
640.0799999999995 423.1360035479632 -0.01972201123681242
662.9399999999994 423.1360035479632 0.01972201123681245
662.9399999999994 423.1360035479632 -0.01972201123681242
685.7999999999996 423.1360035479632 0.01972201123681239
685.7999999999996 423.1360035479632 -0.01972201123681246
708.6599999999999 423.1360035479632 0.0197220112368124
708.6599999999999 423.1360035479632 -0.01972201123681244
731.5199999999998 423.1360035479632 0.01972201123681239
731.5199999999998 423.1360035479632 -0.01972201123681244
754.3799999999999 423.1360035479632 0.0197220112368124
754.3799999999999 423.1360035479632 -0.01972201123681244
777.24 423.1360035479632 0.01972201123681239
777.24 423.1360035479632 -0.01972201123681246
2 103 0 108
5628
5632
5637
5638
5747
5748
5749
5750
5751
5752
5753
5754
5755
5756
5757
5758
5759
5760
5761
5762
5763
5764
5765
5766
5767
5768
5769
5770
5771
5772
5773
5774
5775
5776
5777
5778
5779
5780
5781
5782
5969
5970
5971
5972
5973
5974
5975
5976
5977
5978
5979
5980
5981
5982
5983
5984
5985
5986
5987
5988
5989
5990
5991
5992
5993
5994
5995
5996
5997
5998
5999
6000
6001
6002
6003
6004
6005
6006
6007
6008
6009
6010
6011
6012
6013
6014
6015
6016
6017
6018
6019
6020
6021
6022
6023
6024
6025
6026
6027
6028
6029
6030
6031
6032
6033
6034
6035
6036
0 423.0085184632736 -0.05388153672641492
800.1 423.0085184632736 -0.05388153672641492
0 423.0821220112368 -0.0736035479632226
0 423.0426779887632 -0.07360354796322259
22.85999999999996 423.0085184632736 -0.05388153672641492
45.71999999999993 423.0085184632736 -0.05388153672641492
68.5799999999999 423.0085184632736 -0.05388153672641492
91.43999999999987 423.0085184632736 -0.05388153672641492
114.2999999999999 423.0085184632736 -0.05388153672641492
137.1599999999998 423.0085184632736 -0.05388153672641492
160.0199999999998 423.0085184632736 -0.05388153672641492
182.8799999999998 423.0085184632736 -0.05388153672641492
205.7399999999998 423.0085184632736 -0.05388153672641492
228.5999999999997 423.0085184632736 -0.05388153672641492
251.4599999999997 423.0085184632736 -0.05388153672641492
274.3199999999996 423.0085184632736 -0.05388153672641492
297.1799999999996 423.0085184632736 -0.05388153672641492
320.0399999999995 423.0085184632736 -0.05388153672641492
342.8999999999994 423.0085184632736 -0.05388153672641492
365.7599999999994 423.0085184632736 -0.05388153672641492
388.6199999999993 423.0085184632736 -0.05388153672641492
411.4799999999992 423.0085184632736 -0.05388153672641492
434.3399999999992 423.0085184632736 -0.05388153672641492
457.199999999999 423.0085184632736 -0.05388153672641492
480.059999999999 423.0085184632736 -0.05388153672641492
502.919999999999 423.0085184632736 -0.05388153672641492
525.7799999999989 423.0085184632736 -0.05388153672641492
548.6399999999991 423.0085184632736 -0.05388153672641492
571.4999999999991 423.0085184632736 -0.05388153672641492
594.3599999999992 423.0085184632736 -0.05388153672641492
617.2199999999993 423.0085184632736 -0.05388153672641492
640.0799999999995 423.0085184632736 -0.05388153672641492
662.9399999999995 423.0085184632736 -0.05388153672641492
685.7999999999996 423.0085184632736 -0.05388153672641492
708.6599999999997 423.0085184632736 -0.05388153672641492
731.5199999999998 423.0085184632736 -0.05388153672641492
754.3799999999999 423.0085184632736 -0.05388153672641492
777.24 423.0085184632736 -0.05388153672641492
800.1 423.0821220112368 -0.0736035479632226
800.1 423.0426779887632 -0.07360354796322259
22.85999999999997 423.0821220112368 -0.0736035479632226
22.85999999999996 423.0426779887632 -0.07360354796322258
45.71999999999992 423.0821220112368 -0.0736035479632226
45.71999999999994 423.0426779887632 -0.07360354796322258
68.5799999999999 423.0821220112368 -0.07360354796322259
68.5799999999999 423.0426779887632 -0.07360354796322258
91.43999999999984 423.0821220112368 -0.0736035479632226
91.43999999999988 423.0426779887632 -0.07360354796322258
114.2999999999999 423.0821220112368 -0.0736035479632226
114.2999999999999 423.0426779887632 -0.07360354796322259
137.1599999999998 423.0821220112368 -0.07360354796322262
137.1599999999998 423.0426779887632 -0.07360354796322258
160.0199999999998 423.0821220112368 -0.0736035479632226
160.0199999999998 423.0426779887632 -0.07360354796322258
182.8799999999998 423.0821220112368 -0.07360354796322262
182.8799999999998 423.0426779887632 -0.07360354796322258
205.7399999999998 423.0821220112368 -0.07360354796322262
205.7399999999998 423.0426779887632 -0.07360354796322262
228.5999999999997 423.0821220112368 -0.07360354796322259
228.5999999999997 423.0426779887632 -0.07360354796322258
251.4599999999998 423.0821220112368 -0.0736035479632226
251.4599999999997 423.0426779887632 -0.07360354796322258
274.3199999999996 423.0821220112368 -0.0736035479632226
274.3199999999996 423.0426779887632 -0.07360354796322258
297.1799999999996 423.0821220112368 -0.0736035479632226
297.1799999999996 423.0426779887632 -0.07360354796322258
320.0399999999995 423.0821220112368 -0.0736035479632226
320.0399999999995 423.0426779887632 -0.07360354796322258
342.8999999999994 423.0821220112368 -0.0736035479632226
342.8999999999994 423.0426779887632 -0.07360354796322258
365.7599999999994 423.0821220112368 -0.07360354796322259
365.7599999999994 423.0426779887632 -0.07360354796322258
388.6199999999993 423.0821220112368 -0.0736035479632226
388.6199999999993 423.0426779887632 -0.07360354796322258
411.4799999999992 423.0821220112368 -0.07360354796322262
411.4799999999993 423.0426779887632 -0.07360354796322258
434.3399999999992 423.0821220112368 -0.07360354796322262
434.3399999999991 423.0426779887632 -0.07360354796322258
457.1999999999991 423.0821220112368 -0.07360354796322262
457.199999999999 423.0426779887632 -0.07360354796322258
480.059999999999 423.0821220112368 -0.0736035479632226
480.0599999999991 423.0426779887632 -0.07360354796322258
502.919999999999 423.0821220112368 -0.0736035479632226
502.9199999999991 423.0426779887632 -0.07360354796322258
525.7799999999989 423.0821220112368 -0.0736035479632226
525.7799999999989 423.0426779887632 -0.07360354796322258
548.6399999999991 423.0821220112368 -0.0736035479632226
548.6399999999992 423.0426779887632 -0.07360354796322258
571.4999999999991 423.0821220112368 -0.07360354796322262
571.4999999999991 423.0426779887632 -0.07360354796322258
594.3599999999992 423.0821220112368 -0.0736035479632226
594.3599999999992 423.0426779887632 -0.07360354796322258
617.2199999999995 423.0821220112368 -0.0736035479632226
617.2199999999993 423.0426779887632 -0.07360354796322258
640.0799999999992 423.0821220112368 -0.0736035479632226
640.0799999999996 423.0426779887632 -0.07360354796322258
662.9399999999991 423.0821220112368 -0.0736035479632226
662.9399999999994 423.0426779887632 -0.07360354796322259
685.7999999999994 423.0821220112368 -0.07360354796322262
685.7999999999996 423.0426779887632 -0.07360354796322259
708.6599999999999 423.0821220112368 -0.0736035479632226
708.6599999999997 423.0426779887632 -0.07360354796322258
731.5199999999998 423.0821220112368 -0.0736035479632226
731.5199999999999 423.0426779887632 -0.07360354796322256
754.3799999999999 423.0821220112368 -0.07360354796322262
754.3799999999999 423.0426779887632 -0.07360354796322256
777.24 423.0821220112368 -0.0736035479632226
777.24 423.0426779887632 -0.07360354796322256
2 104 0 72
5639
5640
5783
5784
6037
6038
6039
6040
6041
6042
6043
6044
6045
6046
6047
6048
6049
6050
6051
6052
6053
6054
6055
6056
6057
6058
6059
6060
6061
6062
6063
6064
6065
6066
6067
6068
6069
6070
6071
6072
6073
6074
6075
6076
6077
6078
6079
6080
6081
6082
6083
6084
6085
6086
6087
6088
6089
6090
6091
6092
6093
6094
6095
6096
6097
6098
6099
6100
6101
6102
6103
6104
0 422.9887964520368 -0.01972201123681248
0 422.9887964520368 0.01972201123681232
800.1 422.9887964520368 -0.01972201123681248
800.1 422.9887964520368 0.01972201123681232
22.85999999999996 422.9887964520368 -0.01972201123681241
22.85999999999996 422.9887964520368 0.01972201123681238
45.71999999999993 422.9887964520368 -0.01972201123681241
45.71999999999993 422.9887964520368 0.01972201123681238
68.5799999999999 422.9887964520368 -0.01972201123681241
68.5799999999999 422.9887964520368 0.01972201123681232
91.43999999999986 422.9887964520368 -0.01972201123681241
91.43999999999987 422.9887964520368 0.01972201123681232
114.2999999999998 422.9887964520368 -0.01972201123681248
114.2999999999999 422.9887964520368 0.01972201123681238
137.1599999999998 422.9887964520368 -0.01972201123681241
137.1599999999998 422.9887964520368 0.01972201123681238
160.0199999999998 422.9887964520368 -0.01972201123681241
160.0199999999998 422.9887964520368 0.01972201123681232
182.8799999999998 422.9887964520368 -0.01972201123681241
182.8799999999998 422.9887964520368 0.01972201123681232
205.7399999999997 422.9887964520368 -0.01972201123681241
205.7399999999998 422.9887964520368 0.01972201123681245
228.5999999999997 422.9887964520368 -0.01972201123681241
228.5999999999998 422.9887964520368 0.01972201123681238
251.4599999999997 422.9887964520368 -0.01972201123681248
251.4599999999997 422.9887964520368 0.01972201123681232
274.3199999999996 422.9887964520368 -0.01972201123681248
274.3199999999996 422.9887964520368 0.01972201123681232
297.1799999999996 422.9887964520368 -0.01972201123681241
297.1799999999996 422.9887964520368 0.01972201123681232
320.0399999999995 422.9887964520368 -0.01972201123681241
320.0399999999995 422.9887964520368 0.01972201123681238
342.8999999999994 422.9887964520368 -0.01972201123681248
342.8999999999994 422.9887964520368 0.01972201123681238
365.7599999999995 422.9887964520368 -0.01972201123681241
365.7599999999994 422.9887964520368 0.01972201123681245
388.6199999999992 422.9887964520368 -0.01972201123681241
388.6199999999992 422.9887964520368 0.01972201123681238
411.4799999999992 422.9887964520368 -0.01972201123681241
411.4799999999993 422.9887964520368 0.01972201123681238
434.3399999999991 422.9887964520368 -0.01972201123681241
434.3399999999991 422.9887964520368 0.01972201123681232
457.199999999999 422.9887964520368 -0.01972201123681248
457.199999999999 422.9887964520368 0.01972201123681232
480.0599999999989 422.9887964520368 -0.01972201123681248
480.0599999999989 422.9887964520368 0.01972201123681238
502.919999999999 422.9887964520368 -0.01972201123681241
502.919999999999 422.9887964520368 0.01972201123681232
525.7799999999988 422.9887964520368 -0.01972201123681241
525.7799999999989 422.9887964520368 0.01972201123681238
548.6399999999991 422.9887964520368 -0.01972201123681241
548.6399999999991 422.9887964520368 0.01972201123681232
571.4999999999991 422.9887964520368 -0.01972201123681248
571.4999999999991 422.9887964520368 0.01972201123681232
594.3599999999992 422.9887964520368 -0.01972201123681241
594.3599999999992 422.9887964520368 0.01972201123681232
617.2199999999993 422.9887964520368 -0.01972201123681241
617.2199999999993 422.9887964520368 0.01972201123681238
640.0799999999995 422.9887964520368 -0.01972201123681241
640.0799999999995 422.9887964520368 0.01972201123681238
662.9399999999994 422.9887964520368 -0.01972201123681241
662.9399999999994 422.9887964520368 0.01972201123681238
685.7999999999997 422.9887964520368 -0.01972201123681248
685.7999999999996 422.9887964520368 0.01972201123681238
708.66 422.9887964520368 -0.01972201123681241
708.6599999999999 422.9887964520368 0.01972201123681238
731.5199999999998 422.9887964520368 -0.01972201123681248
731.5199999999998 422.9887964520368 0.01972201123681238
754.3799999999998 422.9887964520368 -0.01972201123681241
754.3799999999999 422.9887964520368 0.01972201123681245
777.24 422.9887964520368 -0.01972201123681241
777.2399999999999 422.9887964520368 0.01972201123681238
2 143 0 68
6105
6106
6107
6108
6109
6110
6111
6112
6113
6114
6115
6116
6117
6118
6119
6120
6121
6122
6123
6124
6125
6126
6127
6128
6129
6130
6131
6132
6133
6134
6135
6136
6137
6138
6139
6140
6141
6142
6143
6144
6145
6146
6147
6148
6149
6150
6151
6152
6153
6154
6155
6156
6157
6158
6159
6160
6161
6162
6163
6164
6165
6166
6167
6168
6169
6170
6171
6172
12.51421714285715 419.4048 10.9728
36.00123428571436 419.4048 10.9728
59.48825142857146 419.4048 10.9728
82.97526857142867 419.4048 10.9728
106.4622857142858 419.4048 10.9728
129.949302857143 419.4048 10.9728
153.4363200000003 419.4048 10.9728
176.9233371428573 419.4048 10.9728
200.4103542857145 419.4048 10.9728
223.8973714285717 419.4048 10.9728
247.3843885714289 419.4048 10.9728
270.871405714286 419.4048 10.9728
294.3584228571431 419.4048 10.9728
317.8454400000002 419.4048 10.9728
341.3324571428574 419.4048 10.9728
364.8194742857145 419.4048 10.9728
388.3064914285716 419.4048 10.9728
411.7935085714287 419.4048 10.9728
435.280525714286 419.4048 10.9728
458.767542857143 419.4048 10.9728
482.2545600000003 419.4048 10.9728
505.7415771428574 419.4048 10.9728
529.2285942857145 419.4048 10.9728
552.7156114285716 419.4048 10.9728
576.2026285714288 419.4048 10.9728
599.6896457142859 419.4048 10.9728
623.176662857143 419.4048 10.9728
646.6636800000001 419.4048 10.9728
670.1506971428572 419.4048 10.9728
693.6377142857143 419.4048 10.9728
717.1247314285714 419.4048 10.9728
740.6117485714285 419.4048 10.9728
764.0987657142856 419.4048 10.9728
787.5857828571427 419.4048 10.9728
12.51421714285715 426.72 10.9728
36.0012342857143 426.72 10.9728
59.4882514285714 426.72 10.9728
82.97526857142873 426.72 10.9728
106.4622857142858 426.72 10.9728
129.949302857143 426.72 10.9728
153.4363200000002 426.72 10.9728
176.9233371428573 426.72 10.9728
200.4103542857146 426.72 10.9728
223.8973714285718 426.72 10.9728
247.3843885714289 426.72 10.9728
270.871405714286 426.72 10.9728
294.3584228571431 426.72 10.9728
317.8454400000002 426.72 10.9728
341.3324571428574 426.72 10.9728
364.8194742857145 426.72 10.9728
388.3064914285716 426.72 10.9728
411.7935085714287 426.72 10.9728
435.280525714286 426.72 10.9728
458.7675428571431 426.72 10.9728
482.2545600000003 426.72 10.9728
505.7415771428574 426.72 10.9728
529.2285942857145 426.72 10.9728
552.7156114285716 426.72 10.9728
576.2026285714289 426.72 10.9728
599.6896457142859 426.72 10.9728
623.176662857143 426.72 10.9728
646.6636800000001 426.72 10.9728
670.1506971428572 426.72 10.9728
693.6377142857143 426.72 10.9728
717.1247314285714 426.72 10.9728
740.6117485714285 426.72 10.9728
764.0987657142856 426.72 10.9728
787.5857828571427 426.72 10.9728
2 144 0 68
6173
6174
6175
6176
6177
6178
6179
6180
6181
6182
6183
6184
6185
6186
6187
6188
6189
6190
6191
6192
6193
6194
6195
6196
6197
6198
6199
6200
6201
6202
6203
6204
6205
6206
6207
6208
6209
6210
6211
6212
6213
6214
6215
6216
6217
6218
6219
6220
6221
6222
6223
6224
6225
6226
6227
6228
6229
6230
6231
6232
6233
6234
6235
6236
6237
6238
6239
6240
12.51421714285715 426.72 -10.9728
36.00123428571436 426.72 -10.9728
59.48825142857146 426.72 -10.9728
82.97526857142867 426.72 -10.9728
106.4622857142858 426.72 -10.9728
129.949302857143 426.72 -10.9728
153.4363200000003 426.72 -10.9728
176.9233371428573 426.72 -10.9728
200.4103542857145 426.72 -10.9728
223.8973714285717 426.72 -10.9728
247.3843885714289 426.72 -10.9728
270.871405714286 426.72 -10.9728
294.3584228571431 426.72 -10.9728
317.8454400000002 426.72 -10.9728
341.3324571428574 426.72 -10.9728
364.8194742857145 426.72 -10.9728
388.3064914285716 426.72 -10.9728
411.7935085714287 426.72 -10.9728
435.280525714286 426.72 -10.9728
458.767542857143 426.72 -10.9728
482.2545600000003 426.72 -10.9728
505.7415771428574 426.72 -10.9728
529.2285942857145 426.72 -10.9728
552.7156114285716 426.72 -10.9728
576.2026285714288 426.72 -10.9728
599.6896457142859 426.72 -10.9728
623.176662857143 426.72 -10.9728
646.6636800000001 426.72 -10.9728
670.1506971428572 426.72 -10.9728
693.6377142857143 426.72 -10.9728
717.1247314285714 426.72 -10.9728
740.6117485714285 426.72 -10.9728
764.0987657142856 426.72 -10.9728
787.5857828571427 426.72 -10.9728
12.51421714285715 419.4048 -10.9728
36.0012342857143 419.4048 -10.9728
59.4882514285714 419.4048 -10.9728
82.97526857142873 419.4048 -10.9728
106.4622857142858 419.4048 -10.9728
129.949302857143 419.4048 -10.9728
153.4363200000002 419.4048 -10.9728
176.9233371428573 419.4048 -10.9728
200.4103542857146 419.4048 -10.9728
223.8973714285718 419.4048 -10.9728
247.3843885714289 419.4048 -10.9728
270.871405714286 419.4048 -10.9728
294.3584228571431 419.4048 -10.9728
317.8454400000002 419.4048 -10.9728
341.3324571428574 419.4048 -10.9728
364.8194742857145 419.4048 -10.9728
388.3064914285716 419.4048 -10.9728
411.7935085714287 419.4048 -10.9728
435.280525714286 419.4048 -10.9728
458.7675428571431 419.4048 -10.9728
482.2545600000003 419.4048 -10.9728
505.7415771428574 419.4048 -10.9728
529.2285942857145 419.4048 -10.9728
552.7156114285716 419.4048 -10.9728
576.2026285714289 419.4048 -10.9728
599.6896457142859 419.4048 -10.9728
623.176662857143 419.4048 -10.9728
646.6636800000001 419.4048 -10.9728
670.1506971428572 419.4048 -10.9728
693.6377142857143 419.4048 -10.9728
717.1247314285714 419.4048 -10.9728
740.6117485714285 419.4048 -10.9728
764.0987657142856 419.4048 -10.9728
787.5857828571427 419.4048 -10.9728
2 171 0 4
7153
7154
7155
7156
0 423.0361044976261 -0.02629551601201592
0 423.088695502579 -0.0262955158124942
0 423.0361044974209 0.02629551581249407
0 423.0886955023737 0.02629551601201581
2 172 0 4
7157
7158
7159
7160
800.0999999999993 423.0361044976261 -0.02629551601201592
800.0999999999995 423.088695502579 -0.0262955158124942
800.0999999999995 423.0361044974209 0.02629551581249407
800.0999999999992 423.0886955023737 0.02629551601201581
3 1 0 1140
233
234
235
236
271
272
275
276
313
314
315
316
351
352
355
356
867
868
869
870
871
872
873
874
875
876
877
878
879
880
881
882
883
884
885
886
887
888
889
890
891
892
893
894
895
896
897
898
899
900
901
902
903
904
905
906
907
908
909
910
911
912
913
914
915
916
917
918
919
920
921
922
923
924
925
926
927
928
929
930
931
932
933
934
935
936
937
938
939
940
941
942
943
944
945
946
947
948
949
950
951
952
953
954
955
956
957
958
959
960
961
962
963
964
965
966
967
968
969
970
971
972
973
974
975
976
977
978
979
980
981
982
983
984
985
986
987
988
989
990
991
992
993
994
995
996
997
998
999
1000
1001
1002
1003
1004
1005
1006
1007
1008
1009
1010
1011
1012
1013
1014
1015
1016
1017
1018
1019
1020
1021
1022
1023
1024
1025
1026
1027
1028
1029
1030
1031
1032
1033
1034
1035
1036
1037
1038
1039
1040
1041
1042
1043
1044
1045
1046
1047
1048
1049
1050
1051
1052
1053
1054
1055
1056
1057
1058
1059
1060
1061
1062
1063
1064
1065
1066
1067
1068
1069
1070
1071
1072
1073
1074
1075
1076
1077
1078
1079
1080
1081
1082
1083
1084
1085
1086
1087
1088
1089
1090
1091
1092
1093
1094
1095
1096
1097
1098
1099
1100
1101
1102
1103
1104
1105
1106
1107
1108
1109
1110
1111
1112
1113
1114
1115
1116
1117
1118
1119
1120
1121
1122
1123
1124
1125
1126
1127
1128
1129
1130
1131
1132
1133
1134
1135
1136
1137
1138
1139
1140
1141
1142
1143
1144
1145
1146
1147
1148
1149
1150
1151
1152
1153
1154
1573
1574
1575
1576
1577
1578
1579
1580
1581
1582
1583
1584
1585
1586
1587
1588
1589
1590
1591
1592
1593
1594
1595
1596
1597
1598
1599
1600
1601
1602
1603
1604
1605
1606
1607
1608
1609
1610
1611
1612
1613
1614
1615
1616
1617
1618
1619
1620
1621
1622
1623
1624
1625
1626
1627
1628
1629
1630
1631
1632
1633
1634
1635
1636
1637
1638
1639
1640
1641
1642
1643
1644
1645
1646
1647
1648
1649
1650
1651
1652
1653
1654
1655
1656
1657
1658
1659
1660
1661
1662
1663
1664
1665
1666
1667
1668
1669
1670
1671
1672
1673
1674
1675
1676
1677
1678
1679
1680
1681
1682
1683
1684
1685
1686
1687
1688
1689
1690
1691
1692
1693
1694
1695
1696
1697
1698
1699
1700
1701
1702
1703
1704
1705
1706
1707
1708
1709
1710
1711
1712
1713
1714
1715
1716
1717
1718
1719
1720
1721
1722
1723
1724
1725
1726
1727
1728
1729
1730
1731
1732
1733
1734
1735
1736
1737
1738
1739
1740
1741
1742
1743
1744
1745
1746
1747
1748
1749
1750
1751
1752
1753
1754
1755
1756
1757
1758
1759
1760
1761
1762
1763
1764
1765
1766
1767
1768
1769
1770
1771
1772
1773
1774
1775
1776
1777
1778
1779
1780
1781
1782
1783
1784
1785
1786
1787
1788
1789
1790
1791
1792
1793
1794
1795
1796
1797
1798
1799
1800
1801
1802
1803
1804
1805
1806
1807
1808
1809
1810
1811
1812
1813
1814
1815
1816
1817
1818
1819
1820
1821
1822
1823
1824
1825
1826
1827
1828
1829
1830
1831
1832
1833
1834
1835
1836
1837
1838
1839
1840
1841
1842
1843
1844
1845
1846
1847
1848
1849
1850
1851
1852
1853
1854
1855
1856
1857
1858
1859
1860
1861
1862
1863
1864
1865
1866
1867
1868
1869
1870
1871
1872
1873
1874
1875
1876
1877
1878
1879
1880
1881
1882
1883
1884
1885
1886
1887
1888
1889
1890
1891
1892
1893
1894
1895
1896
1897
1898
1899
1900
1901
1902
1903
1904
1905
1906
1907
1908
1909
1910
1911
1912
1913
1914
1915
1916
1917
1918
1919
1920
1921
1922
1923
1924
1925
1926
1927
1928
1929
1930
1931
1932
1933
1934
1935
1936
1937
1938
1939
1940
1941
1942
1943
1944
1945
1946
1947
1948
1949
1950
1951
1952
1953
1954
1955
1956
1957
1958
1959
1960
1961
1962
1963
1964
1965
1966
1967
1968
1969
1970
1971
1972
1973
1974
1975
1976
1977
1978
1979
1980
1981
1982
1983
1984
1985
1986
1987
1988
1989
1990
1991
1992
1993
1994
1995
1996
1997
1998
1999
2000
2001
2002
2003
2004
2005
2006
2007
2008
2009
2010
2011
2012
2013
2014
2015
2016
2017
2018
2019
2020
2021
2022
2023
2024
2025
2026
2027
2028
2029
2030
2031
2032
2033
2034
2035
2036
2037
2038
2039
2040
2041
2042
2043
2044
2045
2046
2047
2048
2049
2050
2051
2052
2053
2054
2055
2056
2057
2058
2059
2060
2061
2062
2063
2064
2065
2066
2067
2068
2069
2070
2071
2072
2073
2074
2075
2076
2077
2078
2079
2080
2081
2082
2083
2084
2085
2086
2087
2088
2089
2090
2091
2092
2093
2094
2095
2096
2097
2098
2099
2100
2101
2102
2103
2104
2105
2106
2107
2108
2109
2110
2111
2112
2113
2114
2115
2116
2117
2118
2119
2120
2121
2122
2123
2124
2125
2126
2127
2128
2129
2130
2131
2132
2133
2134
2135
2136
2137
2138
2139
2140
2141
2142
2143
2144
2145
2146
2147
2148
2149
2150
2151
2152
2153
2154
2155
2156
2157
2158
2159
2160
2161
2162
2163
2164
2165
2166
2167
2168
2169
2170
2171
2172
2173
2174
2175
2176
2177
2178
2179
2180
2181
2182
2183
2184
2185
2186
2187
2188
2189
2190
2191
2192
2193
2194
2195
2196
2197
2198
2199
2200
2201
2202
2203
2204
2205
2206
2207
2208
2209
2210
2211
2212
2213
2214
2215
2216
2217
2218
2219
2220
2221
2222
2223
2224
2225
2226
2227
2228
2229
2230
2231
2232
2233
2234
2235
2236
2237
2238
2239
2240
2241
2242
2243
2244
2245
2246
2247
2248
2249
2250
2251
2252
2253
2254
2255
2256
2257
2258
2259
2260
2261
2262
2263
2264
2265
2266
2267
2268
2269
2270
2271
2272
2273
2274
2275
2276
2277
2278
2279
2280
2281
2282
2283
2284
2285
2286
2287
2288
2289
2290
2291
2292
2293
2294
2295
2296
2297
2298
2299
2300
2301
2302
2303
2304
2305
2306
2307
2308
2309
2310
2311
2312
2313
2314
2315
2316
2317
2318
2319
2320
2321
2322
2323
2324
2325
2326
2327
2328
2329
2330
2331
2332
2333
2334
2335
2336
2337
2338
2339
2340
2341
2342
2343
2344
2345
2346
2347
2348
2349
2350
2351
2352
2353
2354
2355
2356
2357
2358
2359
2360
2361
2362
2363
2364
2365
2366
2367
2368
2369
2370
2371
2372
2373
2374
2375
2376
2377
2378
2379
2380
2381
2382
2383
2384
2385
2386
2387
2388
2389
2390
2391
2392
2393
2394
2395
2396
2397
2398
2399
2400
2401
2402
2403
2404
2405
2406
2407
2408
-10.9728 -434.0352 -3.6576
-10.9728 -434.0352 3.657599999999999
811.0728 -434.0352 -3.6576
811.0728 -434.0352 3.657599999999999
811.0728 -412.0896 -3.6576
811.0728 -412.0896 3.657599999999999
-10.9728 -412.0896 -3.6576
-10.9728 -412.0896 3.657599999999999
-10.9728 412.0896 -3.6576
-10.9728 412.0896 3.657599999999999
811.0728 412.0896 -3.6576
811.0728 412.0896 3.657599999999999
811.0728 434.0352 -3.6576
811.0728 434.0352 3.657599999999999
-10.9728 434.0352 -3.6576
-10.9728 434.0352 3.657599999999999
12.51421714285717 -434.0352 -3.6576
12.51421714285717 -434.0352 3.657599999999999
36.00123428571434 -434.0352 -3.6576
36.00123428571434 -434.0352 3.657599999999999
59.48825142857149 -434.0352 -3.6576
59.48825142857149 -434.0352 3.657599999999999
82.97526857142867 -434.0352 -3.6576
82.97526857142867 -434.0352 3.657599999999999
106.4622857142858 -434.0352 -3.6576
106.4622857142858 -434.0352 3.657599999999999
129.949302857143 -434.0352 -3.6576
129.949302857143 -434.0352 3.657599999999999
153.4363200000002 -434.0352 -3.6576
153.4363200000002 -434.0352 3.657599999999999
176.9233371428574 -434.0352 -3.6576
176.9233371428574 -434.0352 3.657599999999999
200.4103542857146 -434.0352 -3.6576
200.4103542857146 -434.0352 3.657599999999999
223.8973714285717 -434.0352 -3.6576
223.8973714285717 -434.0352 3.657599999999999
247.3843885714289 -434.0352 -3.6576
247.3843885714289 -434.0352 3.657599999999999
270.871405714286 -434.0352 -3.6576
270.871405714286 -434.0352 3.657599999999999
294.3584228571431 -434.0352 -3.6576
294.3584228571431 -434.0352 3.657599999999999
317.8454400000002 -434.0352 -3.6576
317.8454400000002 -434.0352 3.657599999999999
341.3324571428574 -434.0352 -3.6576
341.3324571428574 -434.0352 3.657599999999999
364.8194742857145 -434.0352 -3.6576
364.8194742857145 -434.0352 3.657599999999999
388.3064914285716 -434.0352 -3.6576
388.3064914285716 -434.0352 3.657599999999999
411.7935085714287 -434.0352 -3.6576
411.7935085714287 -434.0352 3.657599999999999
435.2805257142859 -434.0352 -3.6576
435.2805257142859 -434.0352 3.657599999999999
458.7675428571431 -434.0352 -3.6576
458.7675428571431 -434.0352 3.657599999999999
482.2545600000003 -434.0352 -3.6576
482.2545600000003 -434.0352 3.657599999999999
505.7415771428574 -434.0352 -3.6576
505.7415771428574 -434.0352 3.657599999999999
529.2285942857145 -434.0352 -3.6576
529.2285942857145 -434.0352 3.657599999999999
552.7156114285716 -434.0352 -3.6576
552.7156114285716 -434.0352 3.657599999999999
576.2026285714288 -434.0352 -3.6576
576.2026285714288 -434.0352 3.657599999999999
599.6896457142859 -434.0352 -3.6576
599.6896457142859 -434.0352 3.657599999999999
623.176662857143 -434.0352 -3.6576
623.176662857143 -434.0352 3.657599999999999
646.6636800000001 -434.0352 -3.6576
646.6636800000001 -434.0352 3.657599999999999
670.1506971428572 -434.0352 -3.6576
670.1506971428572 -434.0352 3.657599999999999
693.6377142857143 -434.0352 -3.6576
693.6377142857143 -434.0352 3.657599999999999
717.1247314285714 -434.0352 -3.6576
717.1247314285714 -434.0352 3.657599999999999
740.6117485714285 -434.0352 -3.6576
740.6117485714285 -434.0352 3.657599999999999
764.0987657142856 -434.0352 -3.6576
764.0987657142856 -434.0352 3.657599999999999
787.5857828571427 -434.0352 -3.6576
787.5857828571427 -434.0352 3.657599999999999
811.0728 -426.72 -3.6576
811.0728 -426.72 3.657599999999999
811.0728 -419.4048 -3.6576
811.0728 -419.4048 3.657599999999999
787.5857828571428 -412.0896 -3.6576
787.5857828571428 -412.0896 3.657599999999999
764.0987657142857 -412.0896 -3.6576
764.0987657142857 -412.0896 3.657599999999999
740.6117485714285 -412.0896 -3.6576
740.6117485714285 -412.0896 3.657599999999999
717.1247314285714 -412.0896 -3.6576
717.1247314285714 -412.0896 3.657599999999999
693.6377142857142 -412.0896 -3.6576
693.6377142857142 -412.0896 3.657599999999999
670.1506971428571 -412.0896 -3.6576
670.1506971428571 -412.0896 3.657599999999999
646.6636799999999 -412.0896 -3.6576
646.6636799999999 -412.0896 3.657599999999999
623.1766628571427 -412.0896 -3.6576
623.1766628571427 -412.0896 3.657599999999999
599.6896457142855 -412.0896 -3.6576
599.6896457142855 -412.0896 3.657599999999999
576.2026285714282 -412.0896 -3.6576
576.2026285714282 -412.0896 3.657599999999999
552.7156114285712 -412.0896 -3.6576
552.7156114285712 -412.0896 3.657599999999999
529.2285942857141 -412.0896 -3.6576
529.2285942857141 -412.0896 3.657599999999999
505.7415771428569 -412.0896 -3.6576
505.7415771428569 -412.0896 3.657599999999999
482.2545599999998 -412.0896 -3.6576
482.2545599999998 -412.0896 3.657599999999999
458.7675428571426 -412.0896 -3.6576
458.7675428571426 -412.0896 3.657599999999999
435.2805257142855 -412.0896 -3.6576
435.2805257142855 -412.0896 3.657599999999999
411.7935085714284 -412.0896 -3.6576
411.7935085714284 -412.0896 3.657599999999999
388.3064914285713 -412.0896 -3.6576
388.3064914285713 -412.0896 3.657599999999999
364.8194742857141 -412.0896 -3.6576
364.8194742857141 -412.0896 3.657599999999999
341.3324571428569 -412.0896 -3.6576
341.3324571428569 -412.0896 3.657599999999999
317.8454399999997 -412.0896 -3.6576
317.8454399999997 -412.0896 3.657599999999999
294.3584228571426 -412.0896 -3.6576
294.3584228571426 -412.0896 3.657599999999999
270.8714057142855 -412.0896 -3.6576
270.8714057142855 -412.0896 3.657599999999999
247.3843885714284 -412.0896 -3.6576
247.3843885714284 -412.0896 3.657599999999999
223.8973714285712 -412.0896 -3.6576
223.8973714285712 -412.0896 3.657599999999999
200.4103542857141 -412.0896 -3.6576
200.4103542857141 -412.0896 3.657599999999999
176.923337142857 -412.0896 -3.6576
176.923337142857 -412.0896 3.657599999999999
153.4363199999999 -412.0896 -3.6576
153.4363199999999 -412.0896 3.657599999999999
129.9493028571428 -412.0896 -3.6576
129.9493028571428 -412.0896 3.657599999999999
106.4622857142857 -412.0896 -3.6576
106.4622857142857 -412.0896 3.657599999999999
82.97526857142861 -412.0896 -3.6576
82.97526857142861 -412.0896 3.657599999999999
59.48825142857152 -412.0896 -3.6576
59.48825142857152 -412.0896 3.657599999999999
36.00123428571442 -412.0896 -3.6576
36.00123428571442 -412.0896 3.657599999999999
12.51421714285732 -412.0896 -3.6576
12.51421714285732 -412.0896 3.657599999999999
-10.9728 -419.4048 -3.6576
-10.9728 -419.4048 3.657599999999999
-10.9728 -426.72 -3.6576
-10.9728 -426.72 3.657599999999999
12.51421714285717 412.0896 -3.6576
12.51421714285717 412.0896 3.657599999999999
36.00123428571434 412.0896 -3.6576
36.00123428571434 412.0896 3.657599999999999
59.48825142857149 412.0896 -3.6576
59.48825142857149 412.0896 3.657599999999999
82.97526857142867 412.0896 -3.6576
82.97526857142867 412.0896 3.657599999999999
106.4622857142858 412.0896 -3.6576
106.4622857142858 412.0896 3.657599999999999
129.949302857143 412.0896 -3.6576
129.949302857143 412.0896 3.657599999999999
153.4363200000002 412.0896 -3.6576
153.4363200000002 412.0896 3.657599999999999
176.9233371428574 412.0896 -3.6576
176.9233371428574 412.0896 3.657599999999999
200.4103542857146 412.0896 -3.6576
200.4103542857146 412.0896 3.657599999999999
223.8973714285717 412.0896 -3.6576
223.8973714285717 412.0896 3.657599999999999
247.3843885714289 412.0896 -3.6576
247.3843885714289 412.0896 3.657599999999999
270.871405714286 412.0896 -3.6576
270.871405714286 412.0896 3.657599999999999
294.3584228571431 412.0896 -3.6576
294.3584228571431 412.0896 3.657599999999999
317.8454400000002 412.0896 -3.6576
317.8454400000002 412.0896 3.657599999999999
341.3324571428574 412.0896 -3.6576
341.3324571428574 412.0896 3.657599999999999
364.8194742857145 412.0896 -3.6576
364.8194742857145 412.0896 3.657599999999999
388.3064914285716 412.0896 -3.6576
388.3064914285716 412.0896 3.657599999999999
411.7935085714287 412.0896 -3.6576
411.7935085714287 412.0896 3.657599999999999
435.2805257142859 412.0896 -3.6576
435.2805257142859 412.0896 3.657599999999999
458.7675428571431 412.0896 -3.6576
458.7675428571431 412.0896 3.657599999999999
482.2545600000003 412.0896 -3.6576
482.2545600000003 412.0896 3.657599999999999
505.7415771428574 412.0896 -3.6576
505.7415771428574 412.0896 3.657599999999999
529.2285942857145 412.0896 -3.6576
529.2285942857145 412.0896 3.657599999999999
552.7156114285716 412.0896 -3.6576
552.7156114285716 412.0896 3.657599999999999
576.2026285714288 412.0896 -3.6576
576.2026285714288 412.0896 3.657599999999999
599.6896457142859 412.0896 -3.6576
599.6896457142859 412.0896 3.657599999999999
623.176662857143 412.0896 -3.6576
623.176662857143 412.0896 3.657599999999999
646.6636800000001 412.0896 -3.6576
646.6636800000001 412.0896 3.657599999999999
670.1506971428572 412.0896 -3.6576
670.1506971428572 412.0896 3.657599999999999
693.6377142857143 412.0896 -3.6576
693.6377142857143 412.0896 3.657599999999999
717.1247314285714 412.0896 -3.6576
717.1247314285714 412.0896 3.657599999999999
740.6117485714285 412.0896 -3.6576
740.6117485714285 412.0896 3.657599999999999
764.0987657142856 412.0896 -3.6576
764.0987657142856 412.0896 3.657599999999999
787.5857828571427 412.0896 -3.6576
787.5857828571427 412.0896 3.657599999999999
811.0728 419.4048 -3.6576
811.0728 419.4048 3.657599999999999
811.0728 426.72 -3.6576
811.0728 426.72 3.657599999999999
787.5857828571428 434.0352 -3.6576
787.5857828571428 434.0352 3.657599999999999
764.0987657142857 434.0352 -3.6576
764.0987657142857 434.0352 3.657599999999999
740.6117485714285 434.0352 -3.6576
740.6117485714285 434.0352 3.657599999999999
717.1247314285714 434.0352 -3.6576
717.1247314285714 434.0352 3.657599999999999
693.6377142857142 434.0352 -3.6576
693.6377142857142 434.0352 3.657599999999999
670.1506971428571 434.0352 -3.6576
670.1506971428571 434.0352 3.657599999999999
646.6636799999999 434.0352 -3.6576
646.6636799999999 434.0352 3.657599999999999
623.1766628571427 434.0352 -3.6576
623.1766628571427 434.0352 3.657599999999999
599.6896457142855 434.0352 -3.6576
599.6896457142855 434.0352 3.657599999999999
576.2026285714282 434.0352 -3.6576
576.2026285714282 434.0352 3.657599999999999
552.7156114285712 434.0352 -3.6576
552.7156114285712 434.0352 3.657599999999999
529.2285942857141 434.0352 -3.6576
529.2285942857141 434.0352 3.657599999999999
505.7415771428569 434.0352 -3.6576
505.7415771428569 434.0352 3.657599999999999
482.2545599999998 434.0352 -3.6576
482.2545599999998 434.0352 3.657599999999999
458.7675428571426 434.0352 -3.6576
458.7675428571426 434.0352 3.657599999999999
435.2805257142855 434.0352 -3.6576
435.2805257142855 434.0352 3.657599999999999
411.7935085714284 434.0352 -3.6576
411.7935085714284 434.0352 3.657599999999999
388.3064914285713 434.0352 -3.6576
388.3064914285713 434.0352 3.657599999999999
364.8194742857141 434.0352 -3.6576
364.8194742857141 434.0352 3.657599999999999
341.3324571428569 434.0352 -3.6576
341.3324571428569 434.0352 3.657599999999999
317.8454399999997 434.0352 -3.6576
317.8454399999997 434.0352 3.657599999999999
294.3584228571426 434.0352 -3.6576
294.3584228571426 434.0352 3.657599999999999
270.8714057142855 434.0352 -3.6576
270.8714057142855 434.0352 3.657599999999999
247.3843885714284 434.0352 -3.6576
247.3843885714284 434.0352 3.657599999999999
223.8973714285712 434.0352 -3.6576
223.8973714285712 434.0352 3.657599999999999
200.4103542857141 434.0352 -3.6576
200.4103542857141 434.0352 3.657599999999999
176.923337142857 434.0352 -3.6576
176.923337142857 434.0352 3.657599999999999
153.4363199999999 434.0352 -3.6576
153.4363199999999 434.0352 3.657599999999999
129.9493028571428 434.0352 -3.6576
129.9493028571428 434.0352 3.657599999999999
106.4622857142857 434.0352 -3.6576
106.4622857142857 434.0352 3.657599999999999
82.97526857142861 434.0352 -3.6576
82.97526857142861 434.0352 3.657599999999999
59.48825142857152 434.0352 -3.6576
59.48825142857152 434.0352 3.657599999999999
36.00123428571442 434.0352 -3.6576
36.00123428571442 434.0352 3.657599999999999
12.51421714285732 434.0352 -3.6576
12.51421714285732 434.0352 3.657599999999999
-10.9728 426.72 -3.6576
-10.9728 426.72 3.657599999999999
-10.9728 419.4048 -3.6576
-10.9728 419.4048 3.657599999999999
803.5784007752811 43.89547081786409 -3.6576
803.5784007752811 43.89547081786409 3.657599999999999
25.23320511290041 -32.4657516734995 -3.6576
25.23320511290041 -32.4657516734995 3.657599999999999
421.1679573925443 39.52649216257029 -3.6576
421.1679573925443 39.52649216257029 3.657599999999999
1117.973277088306 315.7751737071369 -3.6576
1117.973277088306 315.7751737071369 3.657599999999999
-364.0492575085985 366.6738030059512 -3.6576
-364.0492575085985 366.6738030059512 3.657599999999999
-294.2292256649372 -376.5356321704356 -3.6576
-294.2292256649372 -376.5356321704356 3.657599999999999
1148.466423435712 -349.3898642317835 -3.6576
1148.466423435712 -349.3898642317835 3.657599999999999
265.9980317734698 -152.665170332782 -3.6576
265.9980317734698 -152.665170332782 3.657599999999999
390.6515954422247 -184.7105929325956 -3.6576
390.6515954422247 -184.7105929325956 3.657599999999999
617.7872887589167 -142.0503175671874 -3.6576
617.7872887589167 -142.0503175671874 3.657599999999999
38.85120598050668 -169.0902902946855 -3.6576
38.85120598050668 -169.0902902946855 3.657599999999999
763.6356412437076 -237.2123802284379 -3.6576
763.6356412437076 -237.2123802284379 3.657599999999999
578.0996159080744 135.6930763165178 -3.6576
578.0996159080744 135.6930763165178 3.657599999999999
397.3416205518408 182.0757890409192 -3.6576
397.3416205518408 182.0757890409192 3.657599999999999
168.6977618366815 195.9502053914794 -3.6576
168.6977618366815 195.9502053914794 3.657599999999999
-6.393626661521921 178.8118392278492 -3.6576
-6.393626661521921 178.8118392278492 3.657599999999999
750.9328603744262 195.3203593132401 -3.6576
750.9328603744262 195.3203593132401 3.657599999999999
802.5782896066114 709.5418490930713 -3.6576
802.5782896066114 709.5418490930713 3.657599999999999
602.6739439873617 640.1829089938212 -3.6576
602.6739439873617 640.1829089938212 3.657599999999999
366.7064878305223 604.0050681241237 -3.6576
366.7064878305223 604.0050681241237 3.657599999999999
245.3707993421768 639.9332577875839 -3.6576
245.3707993421768 639.9332577875839 3.657599999999999
76.05152280892628 629.9542050675484 -3.6576
76.05152280892628 629.9542050675484 3.657599999999999
15.59873553411416 -716.9764230789692 -3.6576
15.59873553411416 -716.9764230789692 3.657599999999999
194.1317199836268 -637.4586777119141 -3.6576
194.1317199836268 -637.4586777119141 3.657599999999999
411.7086319911498 -644.4798445487711 -3.6576
411.7086319911498 -644.4798445487711 3.657599999999999
535.9188090730045 -614.1155153100231 -3.6576
535.9188090730045 -614.1155153100231 3.657599999999999
687.8017302693206 -608.4106579143963 -3.6576
687.8017302693206 -608.4106579143963 3.657599999999999
1008.941934849498 -339.882756127383 -3.6576
1008.941934849498 -339.882756127383 3.657599999999999
-244.283007867536 345.3948790177826 -3.6576
-244.283007867536 345.3948790177826 3.657599999999999
981.4584247464168 412.9004935446656 -3.6576
981.4584247464168 412.9004935446656 3.657599999999999
-188.2117013082803 -388.3862645987132 -3.6576
-188.2117013082803 -388.3862645987132 3.657599999999999
152.8534426930277 -280.4266369420743 -3.6576
152.8534426930277 -280.4266369420743 3.657599999999999
278.4255307399055 -295.9471207891098 -3.6576
278.4255307399055 -295.9471207891098 3.657599999999999
505.4639106709586 -265.9584459249154 -3.6576
505.4639106709586 -265.9584459249154 3.657599999999999
633.7164602874097 -276.1860641916665 -3.6576
633.7164602874097 -276.1860641916665 3.657599999999999
280.2235748715235 307.9910744098711 -3.6576
280.2235748715235 307.9910744098711 3.657599999999999
669.8285404355651 244.9387085591141 -3.6576
669.8285404355651 244.9387085591141 3.657599999999999
536.2103894980955 310.9474284196833 -3.6576
536.2103894980955 310.9474284196833 3.657599999999999
475.1333234792627 298.834774488097 -3.6576
475.1333234792627 298.834774488097 3.657599999999999
353.6863753781813 346.7114970046629 -3.6576
353.6863753781813 346.7114970046629 3.657599999999999
719.886293538992 -319.1435256293239 -3.6576
719.886293538992 -319.1435256293239 3.657599999999999
351.5614614626559 -333.6543962679607 -3.6576
351.5614614626559 -333.6543962679607 3.657599999999999
88.88621754633323 299.5072804145152 -3.6576
88.88621754633323 299.5072804145152 3.657599999999999
189.5688675407876 312.6312740399244 -3.6576
189.5688675407876 312.6312740399244 3.657599999999999
722.8371817348414 539.3293534138584 -3.6576
722.8371817348414 539.3293534138584 3.657599999999999
806.4932066618425 509.2000882456243 -3.6576
806.4932066618425 509.2000882456243 3.657599999999999
123.7566375036068 -550.8046448715079 -3.6576
123.7566375036068 -550.8046448715079 3.657599999999999
-36.89054968398312 -511.0292665802048 -3.6576
-36.89054968398312 -511.0292665802048 3.657599999999999
156.9127934030907 517.7885079772202 -3.6576
156.9127934030907 517.7885079772202 3.657599999999999
623.1644433478079 -558.8340880124981 -3.6576
623.1644433478079 -558.8340880124981 3.657599999999999
468.2758228170775 -507.3265689620799 -3.6576
468.2758228170775 -507.3265689620799 3.657599999999999
309.6328388724626 511.3562380632238 -3.6576
309.6328388724626 511.3562380632238 3.657599999999999
294.2942037358764 -538.8589497838059 -3.6576
294.2942037358764 -538.8589497838059 3.657599999999999
455.2601004928815 530.6808178644887 -3.6576
455.2601004928815 530.6808178644887 3.657599999999999
778.8020487296285 276.2639819571064 -3.6576
778.8020487296285 276.2639819571064 3.657599999999999
981.6254317580527 184.7193150890912 -3.6576
981.6254317580527 184.7193150890912 3.657599999999999
-255.9123486556584 -112.4871870120121 -3.6576
-255.9123486556584 -112.4871870120121 3.657599999999999
34.15864120842332 -304.6559527533615 -3.6576
34.15864120842332 -304.6559527533615 3.657599999999999
899.0552561272941 -556.2507783746918 -3.6576
899.0552561272941 -556.2507783746918 3.657599999999999
-111.1177611214707 556.9599703187914 -3.6576
-111.1177611214707 556.9599703187914 3.657599999999999
-137.6667862194691 -208.9524918231383 -3.6576
-137.6667862194691 -208.9524918231383 3.657599999999999
891.7649868754734 -427.7650363378741 -3.6576
891.7649868754734 -427.7650363378741 3.657599999999999
-92.87990629964298 416.2185703896404 -3.6576
-92.87990629964298 416.2185703896404 3.657599999999999
897.2685250974541 420.0512297341795 -3.6576
897.2685250974541 420.0512297341795 3.657599999999999
-91.05321607615554 -419.1002306332294 -3.6576
-91.05321607615554 -419.1002306332294 3.657599999999999
756.4356156885372 -547.992653917241 -3.6576
756.4356156885372 -547.992653917241 3.657599999999999
23.61296082477003 543.8842038320104 -3.6576
23.61296082477003 543.8842038320104 3.657599999999999
778.3241832144232 -343.9090514374704 -3.6576
778.3241832144232 -343.9090514374704 3.657599999999999
-257.3650633981646 106.5836997409191 -3.6576
-257.3650633981646 106.5836997409191 3.657599999999999
0.463934751115687 273.2621171603448 -3.6576
0.463934751115687 273.2621171603448 3.657599999999999
908.6298805461154 260.4606671845096 -3.6576
908.6298805461154 260.4606671845096 3.657599999999999
452.823598206415 -328.0331448240264 -3.6576
452.823598206415 -328.0331448240264 3.657599999999999
172.9825847772402 -514.1174965705877 -3.6576
172.9825847772402 -514.1174965705877 3.657599999999999
632.8323442540799 519.3985588865547 -3.6576
632.8323442540799 519.3985588865547 3.657599999999999
407.3809646096054 -498.7377386205708 -3.6576
407.3809646096054 -498.7377386205708 3.657599999999999
390.7491678570903 488.2971871788233 -3.6576
390.7491678570903 488.2971871788233 3.657599999999999
529.8141061487115 -483.2018586522815 -3.6576
529.8141061487115 -483.2018586522815 3.657599999999999
238.4423576418 494.5373711414641 -3.6576
238.4423576418 494.5373711414641 3.657599999999999
691.1855249273528 -523.2782347776197 -3.6576
691.1855249273528 -523.2782347776197 3.657599999999999
92.28437711694261 491.3225385916289 -3.6576
92.28437711694261 491.3225385916289 3.657599999999999
893.1079340366516 -248.9264795986632 -3.6576
893.1079340366516 -248.9264795986632 3.657599999999999
846.8237756809081 330.343167664433 -3.6576
846.8237756809081 330.343167664433 3.657599999999999
-178.164215605183 -546.6175379922771 -3.6576
-178.164215605183 -546.6175379922771 3.657599999999999
1003.649122107979 526.4604565816791 -3.6576
1003.649122107979 526.4604565816791 3.657599999999999
-429.5928992363934 21.48562219755603 -3.6576
-429.5928992363934 21.48562219755603 3.657599999999999
-7.984015611515247 -326.0605993170452 -3.6576
-7.984015611515247 -326.0605993170452 3.657599999999999
556.1489920640915 -331.2854550587826 -3.6576
556.1489920640915 -331.2854550587826 3.657599999999999
208.8656240660177 -329.6819364979584 -3.6576
208.8656240660177 -329.6819364979584 3.657599999999999
1278.030784255626 1.680549784023369 -3.6576
1278.030784255626 1.680549784023369 3.657599999999999
-198.9296072198587 215.823918729867 -3.6576
-198.9296072198587 215.823918729867 3.657599999999999
605.2208098372296 324.765208460457 -3.6576
605.2208098372296 324.765208460457 3.657599999999999
255.1443962093111 -503.5897160464876 -3.6576
255.1443962093111 -503.5897160464876 3.657599999999999
343.658746538854 -503.6321908035241 -3.6576
343.658746538854 -503.6321908035241 3.657599999999999
532.5713393357732 503.3791167216228 -3.6576
532.5713393357732 503.3791167216228 3.657599999999999
445.3616963595604 480.7512253987589 -3.6576
445.3616963595604 480.7512253987589 3.657599999999999
188.2898045176391 485.0417561733099 -3.6576
188.2898045176391 485.0417561733099 3.657599999999999
585.6539161361947 -490.1145424195454 -3.6576
585.6539161361947 -490.1145424195454 3.657599999999999
123.0328833267345 -324.4518666776144 -3.6576
123.0328833267345 -324.4518666776144 3.657599999999999
724.3509561477326 311.9141606326594 -3.6576
724.3509561477326 311.9141606326594 3.657599999999999
681.7765273133573 -360.7592235098961 -3.6576
681.7765273133573 -360.7592235098961 3.657599999999999
312.4786826479974 -365.5421248711318 -3.6576
312.4786826479974 -365.5421248711318 3.657599999999999
144.8108195673011 341.9460732424463 -3.6576
144.8108195673011 341.9460732424463 3.657599999999999
240.1029818735585 352.0294175952475 -3.6576
240.1029818735585 352.0294175952475 3.657599999999999
502.4668170418374 353.6035212068923 -3.6576
502.4668170418374 353.6035212068923 3.657599999999999
753.8952029838167 497.2064096447465 -3.6576
753.8952029838167 497.2064096447465 3.657599999999999
41.12857389980616 -507.5482650225845 -3.6576
41.12857389980616 -507.5482650225845 3.657599999999999
307.5344846830126 353.3318624908932 -3.6576
307.5344846830126 353.3318624908932 3.657599999999999
48.35226182614929 351.4705223753488 -3.6576
48.35226182614929 351.4705223753488 3.657599999999999
403.4235413184441 337.267848308942 -3.6576
403.4235413184441 337.267848308942 3.657599999999999
846.2631988226549 -416.5082545848004 -3.6576
846.2631988226549 -416.5082545848004 3.657599999999999
-47.99046925341827 423.7461417794722 -3.6576
-47.99046925341827 423.7461417794722 3.657599999999999
850.2107801878133 433.7532949766331 -3.6576
850.2107801878133 433.7532949766331 3.657599999999999
-48.590683262894 -433.3973842319069 -3.6576
-48.590683262894 -433.3973842319069 3.657599999999999
504.5989217249142 -357.0543819619515 -3.6576
504.5989217249142 -357.0543819619515 3.657599999999999
402.4450158695746 -356.259182423097 -3.6576
402.4450158695746 -356.259182423097 3.657599999999999
835.0235132307114 -488.8318678941163 -3.6576
835.0235132307114 -488.8318678941163 3.657599999999999
-58.35365452797515 495.3087458221386 -3.6576
-58.35365452797515 495.3087458221386 3.657599999999999
-4.132484524557356 465.0845071354234 -3.6576
-4.132484524557356 465.0845071354234 3.657599999999999
688.5786718767126 498.5797760690437 -3.6576
688.5786718767126 498.5797760690437 3.657599999999999
103.1537388364405 -502.449028849415 -3.6576
103.1537388364405 -502.449028849415 3.657599999999999
489.9203106901192 -477.1964335961556 -3.6576
489.9203106901192 -477.1964335961556 3.657599999999999
793.4630218237415 338.2561820441297 -3.6576
793.4630218237415 338.2561820441297 3.657599999999999
275.8171281528299 -358.4255001042646 -3.6576
275.8171281528299 -358.4255001042646 3.657599999999999
641.3821285888873 -352.5889045434931 -3.6576
641.3821285888873 -352.5889045434931 3.657599999999999
130.9543799987886 483.5906792393034 -3.6576
130.9543799987886 483.5906792393034 3.657599999999999
643.6873417311501 -499.3769813398919 -3.6576
643.6873417311501 -499.3769813398919 3.657599999999999
-48.37567756322119 356.4822905795546 -3.6576
-48.37567756322119 356.4822905795546 3.657599999999999
570.3825118742221 344.6697040262587 -3.6576
570.3825118742221 344.6697040262587 3.657599999999999
80.36094863831755 -347.1499820319817 -3.6576
80.36094863831755 -347.1499820319817 3.657599999999999
495.118420587896 473.7798954045092 -3.6576
495.118420587896 473.7798954045092 3.657599999999999
295.5533952974401 -478.9292173914238 -3.6576
295.5533952974401 -478.9292173914238 3.657599999999999
345.4341491334093 376.1399255115293 -3.6576
345.4341491334093 376.1399255115293 3.657599999999999
349.6414806146573 477.7142341703622 -3.6576
349.6414806146573 477.7142341703622 3.657599999999999
444.3889828369627 -481.9525426474042 -3.6576
444.3889828369627 -481.9525426474042 3.657599999999999
356.0665343030353 -368.6553009703991 -3.6576
356.0665343030353 -368.6553009703991 3.657599999999999
650.4144389060898 327.6594236990173 -3.6576
650.4144389060898 327.6594236990173 3.657599999999999
97.39518695640652 356.4968807297831 -3.6576
97.39518695640652 356.4968807297831 3.657599999999999
190.7152392963312 359.6603262048172 -3.6576
190.7152392963312 359.6603262048172 3.657599999999999
446.2612181471999 349.8219949065124 -3.6576
446.2612181471999 349.8219949065124 3.657599999999999
3.006517690442251 341.5504872032919 -3.6576
3.006517690442251 341.5504872032919 3.657599999999999
881.8425877653955 486.4559025893668 -3.6576
881.8425877653955 486.4559025893668 3.657599999999999
-108.2379051074799 -475.1999615551409 -3.6576
-108.2379051074799 -475.1999615551409 3.657599999999999
845.30244991114 -370.1661026673518 -3.6576
845.30244991114 -370.1661026673518 3.657599999999999
1081.412112159785 -497.8719804147706 -3.6576
1081.412112159785 -497.8719804147706 3.657599999999999
-291.2734307457316 503.2887151478874 -3.6576
-291.2734307457316 503.2887151478874 3.657599999999999
-415.8547622430469 -132.7987091638519 -3.6576
-415.8547622430469 -132.7987091638519 3.657599999999999
1291.627011743038 151.2164017134314 -3.6576
1291.627011743038 151.2164017134314 3.657599999999999
-36.58061341575961 -391.1858024863299 -3.6576
-36.58061341575961 -391.1858024863299 3.657599999999999
218.4684139631956 43.22984734726295 -3.6576
218.4684139631956 43.22984734726295 3.657599999999999
1169.250403540152 -185.5362631021412 -3.6576
1169.250403540152 -185.5362631021412 3.657599999999999
-397.9879320208508 212.9051158450177 -3.6576
-397.9879320208508 212.9051158450177 3.657599999999999
205.204015553891 -472.8163357477596 -3.6576
205.204015553891 -472.8163357477596 3.657599999999999
604.359850072165 475.4762165324061 -3.6576
604.359850072165 475.4762165324061 3.657599999999999
-287.1066374692782 -261.8454289594864 -3.6576
-287.1066374692782 -261.8454289594864 3.657599999999999
549.9358250154888 -455.8430216044198 -3.6576
549.9358250154888 -455.8430216044198 3.657599999999999
230.7149123446668 461.0334287450553 -3.6576
230.7149123446668 461.0334287450553 3.657599999999999
372.4101463637505 -463.2576809781937 -3.6576
372.4101463637505 -463.2576809781937 3.657599999999999
423.7581936739878 458.6740010174702 -3.6576
423.7581936739878 458.6740010174702 3.657599999999999
-70.88046333030792 708.9679392032209 -3.6576
-70.88046333030792 708.9679392032209 3.657599999999999
865.4353178061707 -707.8500771825612 -3.6576
865.4353178061707 -707.8500771825612 3.657599999999999
833.9532364572021 453.5625737603048 -3.6576
833.9532364572021 453.5625737603048 3.657599999999999
-35.52211586819942 -453.1257541580027 -3.6576
-35.52211586819942 -453.1257541580027 3.657599999999999
595.2639037909828 -17.10431170675827 -3.6576
595.2639037909828 -17.10431170675827 3.657599999999999
494.5515650591174 -135.7710393874666 -3.6576
494.5515650591174 -135.7710393874666 3.657599999999999
802.947655378925 -377.2069014679071 -3.6576
802.947655378925 -377.2069014679071 3.657599999999999
172.3070888395507 -368.9267705589293 -3.6576
172.3070888395507 -368.9267705589293 3.657599999999999
550.9919092114905 -382.8858955929673 -3.6576
550.9919092114905 -382.8858955929673 3.657599999999999
455.8938843067318 -379.8414281107337 -3.6576
455.8938843067318 -379.8414281107337 3.657599999999999
46.6037324970024 475.5510652148311 -3.6576
46.6037324970024 475.5510652148311 3.657599999999999
749.9786817855417 -477.0832954653394 -3.6576
749.9786817855417 -477.0832954653394 3.657599999999999
-67.2067676529494 -138.6208206927736 -3.6576
-67.2067676529494 -138.6208206927736 3.657599999999999
834.9768087538156 -152.4484804758026 -3.6576
834.9768087538156 -152.4484804758026 3.657599999999999
487.7553397407534 206.9323394332684 -3.6576
487.7553397407534 206.9323394332684 3.657599999999999
1198.558521874214 512.474754970891 -3.6576
1198.558521874214 512.474754970891 3.657599999999999
-387.5367887216076 -530.8290867869486 -3.6576
-387.5367887216076 -530.8290867869486 3.657599999999999
161.3279077520233 465.4478009637008 -3.6576
161.3279077520233 465.4478009637008 3.657599999999999
613.7547978086575 -458.0178929774117 -3.6576
613.7547978086575 -458.0178929774117 3.657599999999999
842.9914558902651 164.3790891164722 -3.6576
842.9914558902651 164.3790891164722 3.657599999999999
955.3463206612024 -31.48034461638384 -3.6576
955.3463206612024 -31.48034461638384 3.657599999999999
278.6837361851502 377.8917990802448 -3.6576
278.6837361851502 377.8917990802448 3.657599999999999
1000.150370672956 313.0938847842967 -3.6576
1000.150370672956 313.0938847842967 3.657599999999999
303.7154666395151 193.5796133576898 -3.6576
303.7154666395151 193.5796133576898 3.657599999999999
-106.6202656286661 20.56627844322713 -3.6576
-106.6202656286661 20.56627844322713 3.657599999999999
-99.29637897501942 182.5215610742173 -3.6576
-99.29637897501942 182.5215610742173 3.657599999999999
312.1242382673701 -699.9893328593151 -3.6576
312.1242382673701 -699.9893328593151 3.657599999999999
498.9353558475718 693.8359708340347 -3.6576
498.9353558475718 693.8359708340347 3.657599999999999
969.4119741282541 -457.7287609923731 -3.6576
969.4119741282541 -457.7287609923731 3.657599999999999
-185.9023336139136 457.1165583609034 -3.6576
-185.9023336139136 457.1165583609034 3.657599999999999
1007.931035603634 -206.0158976255524 -3.6576
1007.931035603634 -206.0158976255524 3.657599999999999
-272.9026436811532 259.5966065806751 -3.6576
-272.9026436811532 259.5966065806751 3.657599999999999
835.1436311201235 391.1942211294697 -3.6576
835.1436311201235 391.1942211294697 3.657599999999999
34.37356435787029 -368.8941918875968 -3.6576
34.37356435787029 -368.8941918875968 3.657599999999999
683.5443690249663 698.2408051078514 -3.6576
683.5443690249663 698.2408051078514 3.657599999999999
147.2453521898316 -716.6310383263383 -3.6576
147.2453521898316 -716.6310383263383 3.657599999999999
-14.82539619130068 -226.2954112653211 -3.6576
-14.82539619130068 -226.2954112653211 3.657599999999999
492.0637530561198 -700.5081945932941 -3.6576
492.0637530561198 -700.5081945932941 3.657599999999999
320.2985086349928 719.728020476017 -3.6576
320.2985086349928 719.728020476017 3.657599999999999
749.6037407170344 366.8892014965299 -3.6576
749.6037407170344 366.8892014965299 3.657599999999999
299.606416835251 -391.1856574606675 -3.6576
299.606416835251 -391.1856574606675 3.657599999999999
719.2764112182771 467.5077052835317 -3.6576
719.2764112182771 467.5077052835317 3.657599999999999
71.13304452196928 -466.4430436416941 -3.6576
71.13304452196928 -466.4430436416941 3.657599999999999
671.9142968210592 -389.4879739422641 -3.6576
671.9142968210592 -389.4879739422641 3.657599999999999
518.8438744071641 384.4804426947327 -3.6576
518.8438744071641 384.4804426947327 3.657599999999999
377.8375425726254 383.0648136810642 -3.6576
377.8375425726254 383.0648136810642 3.657599999999999
606.3134835436127 -720.9506678004764 -3.6576
606.3134835436127 -720.9506678004764 3.657599999999999
178.7291259012893 730.3442172515498 -3.6576
178.7291259012893 730.3442172515498 3.657599999999999
616.1460192329228 373.4603572088896 -3.6576
616.1460192329228 373.4603572088896 3.657599999999999
125.7707746198304 -379.5635446159934 -3.6576
125.7707746198304 -379.5635446159934 3.657599999999999
458.3254268510967 453.4325174135988 -3.6576
458.3254268510967 453.4325174135988 3.657599999999999
332.5992862442354 -460.776970721445 -3.6576
332.5992862442354 -460.776970721445 3.657599999999999
551.0443768115282 461.3265389432926 -3.6576
551.0443768115282 461.3265389432926 3.657599999999999
249.6673324079588 -460.2109297079706 -3.6576
249.6673324079588 -460.2109297079706 3.657599999999999
942.4966236558945 682.1069047828682 -3.6576
942.4966236558945 682.1069047828682 3.657599999999999
-127.0527632875305 -689.9100160426811 -3.6576
-127.0527632875305 -689.9100160426811 3.657599999999999
977.0307552763549 -664.8701617745401 -3.6576
977.0307552763549 -664.8701617745401 3.657599999999999
-177.0085382260251 664.8277424300192 -3.6576
-177.0085382260251 664.8277424300192 3.657599999999999
66.18397873190111 73.16933893866982 -3.6576
66.18397873190111 73.16933893866982 3.657599999999999
819.0521337869234 -299.6115873567206 -3.6576
819.0521337869234 -299.6115873567206 3.657599999999999
265.7813016589313 460.9108406114681 -3.6576
265.7813016589313 460.9108406114681 3.657599999999999
517.7596501306506 -459.195000609565 -3.6576
517.7596501306506 -459.195000609565 3.657599999999999
645.2865583242268 466.3355477042995 -3.6576
645.2865583242268 466.3355477042995 3.657599999999999
146.4096509509396 -472.7323625574292 -3.6576
146.4096509509396 -472.7323625574292 3.657599999999999
-470.4177492113516 -353.9766241735693 -3.6576
-470.4177492113516 -353.9766241735693 3.657599999999999
1272.831862171372 350.3319411100179 -3.6576
1272.831862171372 350.3319411100179 3.657599999999999
-518.9210789208215 396.7915936496737 -3.6576
-518.9210789208215 396.7915936496737 3.657599999999999
1319.879262012529 -382.8515858826517 -3.6576
1319.879262012529 -382.8515858826517 3.657599999999999
600.7296011704623 -375.0553262286509 -3.6576
600.7296011704623 -375.0553262286509 3.657599999999999
233.408905669858 -375.7075915892165 -3.6576
233.408905669858 -375.7075915892165 3.657599999999999
678.0595711665019 -464.7899168559154 -3.6576
678.0595711665019 -464.7899168559154 3.657599999999999
88.4455348066615 458.6446856070469 -3.6576
88.4455348066615 458.6446856070469 3.657599999999999
0.174068816873671 -368.8249675225825 -3.6576
0.174068816873671 -368.8249675225825 3.657599999999999
-75.96576201123196 -585.9531654743093 -3.6576
-75.96576201123196 -585.9531654743093 3.657599999999999
906.7444912955906 574.2279668441577 -3.6576
906.7444912955906 574.2279668441577 3.657599999999999
910.0744142610436 -346.1121050336616 -3.6576
910.0744142610436 -346.1121050336616 3.657599999999999
322.935502873961 386.9182904619238 -3.6576
322.935502873961 386.9182904619238 3.657599999999999
685.4389740702607 -179.2760654553958 -3.6576
685.4389740702607 -179.2760654553958 3.657599999999999
739.7706560462445 -76.56762931478997 -3.6576
739.7706560462445 -76.56762931478997 3.657599999999999
-114.1776416348636 -336.436433744417 -3.6576
-114.1776416348636 -336.436433744417 3.657599999999999
912.7845245439592 324.6275037118405 -3.6576
912.7845245439592 324.6275037118405 3.657599999999999
823.435599203226 -416.8645307177978 -3.6576
823.435599203226 -416.8645307177978 3.657599999999999
830.6972363226268 422.4333557957682 -3.6576
830.6972363226268 422.4333557957682 3.657599999999999
-19.79887135688756 428.0004998975935 -3.6576
-19.79887135688756 428.0004998975935 3.657599999999999
-30.22933336162072 -422.2570702452895 -3.6576
-30.22933336162072 -422.2570702452895 3.657599999999999
340.3676656396409 -226.7016254154413 -3.6576
340.3676656396409 -226.7016254154413 3.657599999999999
395.2329079327189 -106.9352719261434 -3.6576
395.2329079327189 -106.9352719261434 3.657599999999999
701.9624326033172 101.7982690791931 -3.6576
701.9624326033172 101.7982690791931 3.657599999999999
764.3898266114479 -380.4836953916081 -3.6576
764.3898266114479 -380.4836953916081 3.657599999999999
705.956782485052 -385.2592470969548 -3.6576
705.956782485052 -385.2592470969548 3.657599999999999
172.6721743759385 378.4165948570408 -3.6576
172.6721743759385 378.4165948570408 3.657599999999999
208.5675409864918 376.585642723942 -3.6576
208.5675409864918 376.585642723942 3.657599999999999
690.8167488681503 362.7950302546829 -3.6576
690.8167488681503 362.7950302546829 3.657599999999999
764.5529361716017 462.0799074587152 -3.6576
764.5529361716017 462.0799074587152 3.657599999999999
29.15267255149638 -464.1815423605825 -3.6576
29.15267255149638 -464.1815423605825 3.657599999999999
123.1795085716541 376.0635027177549 -3.6576
123.1795085716541 376.0635027177549 3.657599999999999
79.68470013569009 379.3894194995999 -3.6576
79.68470013569009 379.3894194995999 3.657599999999999
-8.63103680849656 -464.6301800372242 -3.6576
-8.63103680849656 -464.6301800372242 3.657599999999999
799.6733068355275 464.1240211879165 -3.6576
799.6733068355275 464.1240211879165 3.657599999999999
436.9262693531249 383.8959090701715 -3.6576
436.9262693531249 383.8959090701715 3.657599999999999
478.3701543755155 379.3352366366664 -3.6576
478.3701543755155 379.3352366366664 3.657599999999999
37.61418676351479 385.3890702952561 -3.6576
37.61418676351479 385.3890702952561 3.657599999999999
6.106667524212867 384.0607555038829 -3.6576
6.106667524212867 384.0607555038829 3.657599999999999
335.1651542128219 -384.7947314755044 -3.6576
335.1651542128219 -384.7947314755044 3.657599999999999
378.0161167991801 -382.3090115857747 -3.6576
378.0161167991801 -382.3090115857747 3.657599999999999
327.1514678909619 457.133507995145 -3.6576
327.1514678909619 457.133507995145 3.657599999999999
466.731546881141 -462.043017926593 -3.6576
466.731546881141 -462.043017926593 3.657599999999999
362.7045318695136 456.6965170702371 -3.6576
362.7045318695136 456.6965170702371 3.657599999999999
435.1897395883037 -457.4294370765866 -3.6576
435.1897395883037 -457.4294370765866 3.657599999999999
849.4416813928157 258.8180984010679 -3.6576
849.4416813928157 258.8180984010679 3.657599999999999
1215.642308656199 -547.6923439120221 -3.6576
1215.642308656199 -547.6923439120221 3.657599999999999
-418.6763044473715 552.6371399855758 -3.6576
-418.6763044473715 552.6371399855758 3.657599999999999
104.1100698735106 -95.86747942168786 -3.6576
104.1100698735106 -95.86747942168786 3.657599999999999
795.5191034009046 381.5500978337108 -3.6576
795.5191034009046 381.5500978337108 3.657599999999999
646.6542906342481 154.456474117921 -3.6576
646.6542906342481 154.456474117921 3.657599999999999
1076.094853117676 441.2471789207417 -3.6576
1076.094853117676 441.2471789207417 3.657599999999999
-250.5762687105691 -494.1637829896847 -3.6576
-250.5762687105691 -494.1637829896847 3.657599999999999
-30.815677653487 451.4739277457051 -3.6576
-30.815677653487 451.4739277457051 3.657599999999999
826.3339677424998 -448.5187908013573 -3.6576
826.3339677424998 -448.5187908013573 3.657599999999999
199.9237309118731 457.6792642564999 -3.6576
199.9237309118731 457.6792642564999 3.657599999999999
581.3162267094629 -459.1956803822896 -3.6576
581.3162267094629 -459.1956803822896 3.657599999999999
486.3955500857627 -385.4045638769782 -3.6576
486.3955500857627 -385.4045638769782 3.657599999999999
425.0871064750105 -384.7748768994636 -3.6576
425.0871064750105 -384.7748768994636 3.657599999999999
-152.3083625235275 314.8641058716552 -3.6576
-152.3083625235275 314.8641058716552 3.657599999999999
-74.51913308586364 283.8887479177455 -3.6576
-74.51913308586364 283.8887479177455 3.657599999999999
523.4276717469788 -386.1231211771861 -3.6576
523.4276717469788 -386.1231211771861 3.657599999999999
11.27208993341293 460.8435972036428 -3.6576
11.27208993341293 460.8435972036428 3.657599999999999
790.1859996805572 -464.2305552117965 -3.6576
790.1859996805572 -464.2305552117965 3.657599999999999
802.0451759398788 -450.0523736029352 -3.6576
802.0451759398788 -450.0523736029352 3.657599999999999
-28.99742073221671 399.269371551523 -3.6576
-28.99742073221671 399.269371551523 3.657599999999999
815.3412851902797 -635.3339770943455 -3.6576
815.3412851902797 -635.3339770943455 3.657599999999999
-29.73164450104377 638.3270293667505 -3.6576
-29.73164450104377 638.3270293667505 3.657599999999999
-184.1664884332868 -450.8614942276911 -3.6576
-184.1664884332868 -450.8614942276911 3.657599999999999
957.1120162943803 476.3511211574168 -3.6576
957.1120162943803 476.3511211574168 3.657599999999999
134.1464344321764 451.8050796865035 -3.6576
134.1464344321764 451.8050796865035 3.657599999999999
640.847028275133 -459.4491376986769 -3.6576
640.847028275133 -459.4491376986769 3.657599999999999
511.8460746807061 133.307779815972 -3.6576
511.8460746807061 133.307779815972 3.657599999999999
-266.3820827537206 -633.0733373022088 -3.6576
-266.3820827537206 -633.0733373022088 3.657599999999999
1079.765276478782 619.9674320332763 -3.6576
1079.765276478782 619.9674320332763 3.657599999999999
252.0596314788211 392.1409618622606 -3.6576
252.0596314788211 392.1409618622606 3.657599999999999
63.71774555884542 -379.0997335039286 -3.6576
63.71774555884542 -379.0997335039286 3.657599999999999
589.0610014193145 380.2047134506026 -3.6576
589.0610014193145 380.2047134506026 3.657599999999999
645.8425021258464 375.4484574604522 -3.6576
645.8425021258464 375.4484574604522 3.657599999999999
-311.8003995776837 14.64855145589002 -3.6576
-311.8003995776837 14.64855145589002 3.657599999999999
148.1037653399781 -385.5323220351281 -3.6576
148.1037653399781 -385.5323220351281 3.657599999999999
99.06888418719097 -382.2639348034402 -3.6576
99.06888418719097 -382.2639348034402 3.657599999999999
694.4333871365425 455.217185552956 -3.6576
694.4333871365425 455.217185552956 3.657599999999999
100.857585729048 -463.999608645585 -3.6576
100.857585729048 -463.999608645585 3.657599999999999
558.2121536497415 567.3855316909576 -3.6576
558.2121536497415 567.3855316909576 3.657599999999999
214.2256820638114 -555.0485666267224 -3.6576
214.2256820638114 -555.0485666267224 3.657599999999999
273.9069962291106 -389.5756930709305 -3.6576
273.9069962291106 -389.5756930709305 3.657599999999999
645.5084543323194 -387.6640027671987 -3.6576
645.5084543323194 -387.6640027671987 3.657599999999999
547.5869224556358 374.6754165460711 -3.6576
547.5869224556358 374.6754165460711 3.657599999999999
488.6562380671953 456.5348482562295 -3.6576
488.6562380671953 456.5348482562295 3.657599999999999
311.4924459223617 -456.0619101421859 -3.6576
311.4924459223617 -456.0619101421859 3.657599999999999
356.9950561467867 -454.2046996167208 -3.6576
356.9950561467867 -454.2046996167208 3.657599999999999
438.9612270199203 449.0116740808801 -3.6576
438.9612270199203 449.0116740808801 3.657599999999999
277.4713387556835 -455.971559520284 -3.6576
277.4713387556835 -455.971559520284 3.657599999999999
519.855793106246 455.2152848271469 -3.6576
519.855793106246 455.2152848271469 3.657599999999999
579.5894078450376 457.084937928166 -3.6576
579.5894078450376 457.084937928166 3.657599999999999
228.9418419641584 -456.1983386981653 -3.6576
228.9418419641584 -456.1983386981653 3.657599999999999
355.3390232611237 391.3485461471528 -3.6576
355.3390232611237 391.3485461471528 3.657599999999999
563.7904523356776 -548.1868674436245 -3.6576
563.7904523356776 -548.1868674436245 3.657599999999999
204.7629595778345 553.0336348019108 -3.6576
204.7629595778345 553.0336348019108 3.657599999999999
368.8181225591974 -576.9126570224939 -3.6576
368.8181225591974 -576.9126570224939 3.657599999999999
115.9012004789105 -636.8336494984778 -3.6576
115.9012004789105 -636.8336494984778 3.657599999999999
709.0502298380939 629.628436490495 -3.6576
709.0502298380939 629.628436490495 3.657599999999999
573.9106689776498 247.0321118902263 -3.6576
573.9106689776498 247.0321118902263 3.657599999999999
246.7747045324268 452.729634814093 -3.6576
246.7747045324268 452.729634814093 3.657599999999999
531.3466039876953 -449.93541183988 -3.6576
531.3466039876953 -449.93541183988 3.657599999999999
175.989251840317 -460.1506327280897 -3.6576
175.989251840317 -460.1506327280897 3.657599999999999
624.9813132676859 459.9069877027595 -3.6576
624.9813132676859 459.9069877027595 3.657599999999999
568.2793137914734 -389.6727409826229 -3.6576
568.2793137914734 -389.6727409826229 3.657599999999999
202.4376693346553 -385.2565625845365 -3.6576
202.4376693346553 -385.2565625845365 3.657599999999999
66.70399048229945 455.0949826760603 -3.6576
66.70399048229945 455.0949826760603 3.657599999999999
708.9224533532695 -476.1511109102646 -3.6576
708.9224533532695 -476.1511109102646 3.657599999999999
298.6896284941004 392.3678266540015 -3.6576
298.6896284941004 392.3678266540015 3.657599999999999
784.8158089344486 -389.7387384390752 -3.6576
784.8158089344486 -389.7387384390752 3.657599999999999
194.9817874231516 390.8914668889027 -3.6576
194.9817874231516 390.8914668889027 3.657599999999999
103.219194097223 390.6401250359913 -3.6576
103.219194097223 390.6401250359913 3.657599999999999
742.6667658453579 454.7247151201374 -3.6576
742.6667658453579 454.7247151201374 3.657599999999999
53.29477935354959 -456.1042488598023 -3.6576
53.29477935354959 -456.1042488598023 3.657599999999999
719.298984701436 379.9601138483209 -3.6576
719.298984701436 379.9601138483209 3.657599999999999
733.584459326242 -376.8999677031142 -3.6576
733.584459326242 -376.8999677031142 3.657599999999999
690.2299492580257 -395.4013406687391 -3.6576
690.2299492580257 -395.4013406687391 3.657599999999999
456.8804707820896 391.6269651055986 -3.6576
456.8804707820896 391.6269651055986 3.657599999999999
406.9580278700337 379.4457527568282 -3.6576
406.9580278700337 379.4457527568282 3.657599999999999
502.2067981403123 392.1770310673427 -3.6576
502.2067981403123 392.1770310673427 3.657599999999999
317.0448423364091 -396.2068113337136 -3.6576
317.0448423364091 -396.2068113337136 3.657599999999999
150.0288294707852 388.8071853206736 -3.6576
150.0288294707852 388.8071853206736 3.657599999999999
57.87811563582954 392.1539892324428 -3.6576
57.87811563582954 392.1539892324428 3.657599999999999
297.5540619633572 463.9327987266613 -3.6576
297.5540619633572 463.9327987266613 3.657599999999999
498.0173637766638 -457.7925943163273 -3.6576
498.0173637766638 -457.7925943163273 3.657599999999999
453.7001919617783 -450.7820282167274 -3.6576
453.7001919617783 -450.7820282167274 3.657599999999999
360.1896632905349 -394.5801316366537 -3.6576
360.1896632905349 -394.5801316366537 3.657599999999999
391.8877442968417 458.4951397720187 -3.6576
391.8877442968417 458.4951397720187 3.657599999999999
405.4319553394111 -463.3812708469576 -3.6576
405.4319553394111 -463.3812708469576 3.657599999999999
343.8537009351361 449.0572318821386 -3.6576
343.8537009351361 449.0572318821386 3.657599999999999
565.3205792022641 -198.5836754842233 -3.6576
565.3205792022641 -198.5836754842233 3.657599999999999
597.1727279067634 -451.1869434826388 -3.6576
597.1727279067634 -451.1869434826388 3.657599999999999
179.8318258103027 451.9374100678471 -3.6576
179.8318258103027 451.9374100678471 3.657599999999999
406.2028326660766 -393.1983731347167 -3.6576
406.2028326660766 -393.1983731347167 3.657599999999999
82.92708035322744 181.154303283551 -3.6576
82.92708035322744 181.154303283551 3.657599999999999
505.245741422314 -394.2742391901263 -3.6576
505.245741422314 -394.2742391901263 3.657599999999999
294.5460728383032 -448.7929953403997 -3.6576
294.5460728383032 -448.7929953403997 3.657599999999999
-610.7080070610056 16.96997770642101 -3.6576
-610.7080070610056 16.96997770642101 3.657599999999999
625.1738767143038 -391.8206625741463 -3.6576
625.1738767143038 -391.8206625741463 3.657599999999999
124.1650470759253 -456.8948636136219 -3.6576
124.1650470759253 -456.8948636136219 3.657599999999999
674.1090651366184 463.6093404482151 -3.6576
674.1090651366184 463.6093404482151 3.657599999999999
81.98169784131005 -390.9150800636933 -3.6576
81.98169784131005 -390.9150800636933 3.657599999999999
572.054319355579 389.1987071013626 -3.6576
572.054319355579 389.1987071013626 3.657599999999999
340.8125590103553 397.8924442720965 -3.6576
340.8125590103553 397.8924442720965 3.657599999999999
116.9552495050291 457.8093156786466 -3.6576
116.9552495050291 457.8093156786466 3.657599999999999
662.4559255306689 -453.777321238478 -3.6576
662.4559255306689 -453.777321238478 3.657599999999999
667.1484144671899 383.6116443654408 -3.6576
667.1484144671899 383.6116443654408 3.657599999999999
771.1226416054964 387.0547979569805 -3.6576
771.1226416054964 387.0547979569805 3.657599999999999
503.9009773664756 448.1578852004914 -3.6576
503.9009773664756 448.1578852004914 3.657599999999999
253.3318313447313 -393.0389412132448 -3.6576
253.3318313447313 -393.0389412132448 3.657599999999999
240.7643365943974 386.5486211631711 -3.6576
240.7643365943974 386.5486211631711 3.657599999999999
1461.633160667842 101.9953567730271 -3.6576
1461.633160667842 101.9953567730271 3.657599999999999
59.65073181996161 702.0423115691486 -3.6576
59.65073181996161 702.0423115691486 3.657599999999999
721.1435238176343 -695.791604856233 -3.6576
721.1435238176343 -695.791604856233 3.657599999999999
1148.361536424051 -12.5886109464679 -3.6576
1148.361536424051 -12.5886109464679 3.657599999999999
466.3081862334432 599.1019639883227 -3.6576
466.3081862334432 599.1019639883227 3.657599999999999
286.2221580039991 -612.1981244419597 -3.6576
286.2221580039991 -612.1981244419597 3.657599999999999
-9.421770410334489 97.36722485308904 -3.6576
-9.421770410334489 97.36722485308904 3.657599999999999
136.2021495932262 -199.8359262338338 -3.6576
136.2021495932262 -199.8359262338338 3.657599999999999
1429.644160497732 -168.9560882893985 -3.6576
1429.644160497732 -168.9560882893985 3.657599999999999
-586.1788731931798 213.9746293961398 -3.6576
-586.1788731931798 213.9746293961398 3.657599999999999
277.1064693992996 583.1785137899011 -3.6576
277.1064693992996 583.1785137899011 3.657599999999999
508.9628478206217 -530.4463646832025 -3.6576
508.9628478206217 -530.4463646832025 3.657599999999999
471.920591991727 -582.7510196290588 -3.6576
471.920591991727 -582.7510196290588 3.657599999999999
428.4591847503896 -540.9972432840104 -3.6576
428.4591847503896 -540.9972432840104 3.657599999999999
381.926251424382 534.1187149387943 -3.6576
381.926251424382 534.1187149387943 3.657599999999999
162.3116552050745 -600.4167428905611 -3.6576
162.3116552050745 -600.4167428905611 3.657599999999999
671.2189009506416 584.5082436282275 -3.6576
671.2189009506416 584.5082436282275 3.657599999999999
231.1099338575517 -246.033041087368 -3.6576
231.1099338575517 -246.033041087368 3.657599999999999
1127.965963095926 -656.1163118101047 -3.6576
1127.965963095926 -656.1163118101047 3.657599999999999
-329.6865041009327 657.8075881149465 -3.6576
-329.6865041009327 657.8075881149465 3.657599999999999
825.3136262839498 -402.4909442801442 -3.6576
825.3136262839498 -402.4909442801442 3.657599999999999
335.1286683720076 280.4198674303848 -3.6576
335.1286683720076 280.4198674303848 3.657599999999999
443.9566385772796 -215.4065290574205 -3.6576
443.9566385772796 -215.4065290574205 3.657599999999999
612.6633488796347 -625.8915174773924 -3.6576
612.6633488796347 -625.8915174773924 3.657599999999999
131.664394883391 633.1016202434039 -3.6576
131.664394883391 633.1016202434039 3.657599999999999
-61.74455037661517 -300.6040561794237 -3.6576
-61.74455037661517 -300.6040561794237 3.657599999999999
150.8657424417364 265.1151235037132 -3.6576
150.8657424417364 265.1151235037132 3.657599999999999
396.2003968997381 -275.8722286175272 -3.6576
396.2003968997381 -275.8722286175272 3.657599999999999
-386.6506794895575 -239.9953275356305 -3.6576
-386.6506794895575 -239.9953275356305 3.657599999999999
-582.9562410819088 -173.6935963196545 -3.6576
-582.9562410819088 -173.6935963196545 3.657599999999999
105.6101349935308 542.8602786398972 -3.6576
105.6101349935308 542.8602786398972 3.657599999999999
668.5655227447975 -561.5896796493549 -3.6576
668.5655227447975 -561.5896796493549 3.657599999999999
789.5042145376608 592.8142860126461 -3.6576
789.5042145376608 592.8142860126461 3.657599999999999
45.25929375709268 -601.7631702987849 -3.6576
45.25929375709268 -601.7631702987849 3.657599999999999
82.24906470840313 -245.4839682141199 -3.6576
82.24906470840313 -245.4839682141199 3.657599999999999
401.1227254676375 274.5201665652693 -3.6576
401.1227254676375 274.5201665652693 3.657599999999999
-2.620036163664395 -109.1055945497862 -3.6576
-2.620036163664395 -109.1055945497862 3.657599999999999
526.3208853634961 345.1597392129869 -3.6576
526.3208853634961 345.1597392129869 3.657599999999999
1132.127824735884 159.3225487284873 -3.6576
1132.127824735884 159.3225487284873 3.657599999999999
-179.7720725439226 -299.9973640294573 -3.6576
-179.7720725439226 -299.9973640294573 3.657599999999999
235.7480950290879 246.7582153922327 -3.6576
235.7480950290879 246.7582153922327 3.657599999999999
3 94 0 864
2569
2570
2571
2572
2573
2574
2575
2576
2577
2578
2579
2580
2593
2594
2595
2596
2597
2598
2599
2600
2601
2602
2603
2604
3025
3026
3027
3028
3029
3030
3031
3032
3033
3034
3035
3036
3073
3074
3075
3076
3077
3078
3079
3080
3081
3082
3083
3084
3121
3122
3123
3124
3125
3126
3127
3128
3129
3130
3131
3132
3133
3134
3135
3136
3137
3138
3139
3140
3141
3142
3143
3144
3145
3146
3147
3148
3149
3150
3151
3152
3153
3154
3155
3156
3157
3158
3159
3160
3161
3162
3163
3164
3165
3166
3167
3168
3169
3170
3171
3172
3173
3174
3175
3176
3177
3178
3179
3180
3181
3182
3183
3184
3185
3186
3187
3188
3189
3190
3191
3192
3193
3194
3195
3196
3197
3198
3199
3200
3201
3202
3203
3204
3205
3206
3207
3208
3209
3210
3211
3212
3213
3214
3215
3216
3217
3218
3219
3220
3221
3222
3223
3224
3225
3226
3227
3228
3229
3230
3231
3232
3233
3234
3235
3236
3237
3238
3239
3240
3241
3242
3243
3244
3245
3246
3247
3248
3249
3250
3251
3252
3253
3254
3255
3256
3257
3258
3259
3260
3261
3262
3263
3264
3265
3266
3267
3268
3269
3270
3271
3272
3273
3274
3275
3276
3277
3278
3279
3280
3281
3282
3283
3284
3285
3286
3287
3288
3289
3290
3291
3292
3293
3294
3295
3296
3297
3298
3299
3300
3301
3302
3303
3304
3305
3306
3307
3308
3309
3310
3311
3312
3313
3314
3315
3316
3317
3318
3319
3320
3321
3322
3323
3324
3325
3326
3327
3328
3329
3330
3331
3332
3333
3334
3335
3336
3337
3338
3339
3340
3341
3342
3343
3344
3345
3346
3347
3348
3349
3350
3351
3352
3353
3354
3355
3356
3357
3358
3359
3360
3361
3362
3363
3364
3365
3366
3367
3368
3369
3370
3371
3372
3373
3374
3375
3376
3377
3378
3379
3380
3381
3382
3383
3384
3385
3386
3387
3388
3389
3390
3391
3392
3393
3394
3395
3396
3397
3398
3399
3400
3401
3402
3403
3404
3405
3406
3407
3408
3409
3410
3411
3412
3413
3414
3415
3416
3417
3418
3419
3420
3421
3422
3423
3424
3425
3426
3427
3428
3429
3430
3431
3432
3433
3434
3435
3436
3437
3438
3439
3440
3441
3442
3443
3444
3445
3446
3447
3448
3449
3450
3451
3452
3453
3454
3455
3456
3457
3458
3459
3460
3461
3462
3463
3464
3465
3466
3467
3468
3469
3470
3471
3472
3473
3474
3475
3476
3477
3478
3479
3480
3481
3482
3483
3484
3485
3486
3487
3488
3489
3490
3491
3492
3493
3494
3495
3496
3497
3498
3499
3500
3501
3502
3503
3504
3505
3506
3507
3508
3509
3510
3511
3512
3513
3514
3515
3516
3517
3518
3519
3520
3521
3522
3523
3524
3525
3526
3527
3528
3945
3946
3947
3948
3949
3950
3951
3952
3953
3954
3955
3956
3957
3958
3959
3960
3961
3962
3963
3964
3965
3966
3967
3968
3969
3970
3971
3972
3973
3974
3975
3976
3977
3978
3979
3980
3981
3982
3983
3984
3985
3986
3987
3988
3989
3990
3991
3992
3993
3994
3995
3996
3997
3998
3999
4000
4001
4002
4003
4004
4005
4006
4007
4008
4009
4010
4011
4012
4013
4014
4015
4016
4017
4018
4019
4020
4021
4022
4023
4024
4025
4026
4027
4028
4029
4030
4031
4032
4033
4034
4035
4036
4037
4038
4039
4040
4041
4042
4043
4044
4045
4046
4047
4048
4049
4050
4051
4052
4053
4054
4055
4056
4057
4058
4059
4060
4061
4062
4063
4064
4065
4066
4067
4068
4069
4070
4071
4072
4073
4074
4075
4076
4077
4078
4079
4080
4081
4082
4083
4084
4085
4086
4087
4088
4089
4090
4091
4092
4093
4094
4095
4096
4097
4098
4099
4100
4101
4102
4103
4104
4105
4106
4107
4108
4109
4110
4111
4112
4113
4114
4115
4116
4117
4118
4119
4120
4121
4122
4123
4124
4125
4126
4127
4128
4129
4130
4131
4132
4133
4134
4135
4136
4137
4138
4139
4140
4141
4142
4143
4144
4145
4146
4147
4148
4149
4150
4151
4152
4153
4154
4155
4156
4157
4158
4159
4160
4161
4162
4163
4164
4165
4166
4167
4168
4169
4170
4171
4172
4173
4174
4175
4176
4177
4178
4179
4180
4181
4182
4183
4184
4185
4186
4187
4188
4189
4190
4191
4192
4193
4194
4195
4196
4197
4198
4199
4200
4201
4202
4203
4204
4205
4206
4207
4208
4209
4210
4211
4212
4213
4214
4215
4216
4217
4218
4219
4220
4221
4222
4223
4224
4225
4226
4227
4228
4229
4230
4231
4232
4233
4234
4235
4236
4237
4238
4239
4240
4241
4242
4243
4244
4245
4246
4247
4248
4249
4250
4251
4252
4253
4254
4255
4256
4257
4258
4259
4260
4261
4262
4263
4264
4265
4266
4267
4268
4269
4270
4271
4272
4273
4274
4275
4276
4277
4278
4279
4280
4281
4282
4283
4284
4285
4286
4287
4288
4289
4290
4291
4292
4293
4294
4295
4296
4297
4298
4299
4300
4301
4302
4303
4304
4305
4306
4307
4308
4309
4310
4311
4312
4313
4314
4315
4316
4317
4318
4319
4320
4321
4322
4323
4324
4325
4326
4327
4328
4329
4330
4331
4332
4333
4334
4335
4336
4337
4338
4339
4340
4341
4342
4343
4344
4345
4346
4347
4348
4349
4350
4351
4352
-0.2547514460861525 -423.3697820350692 0.307382035069202
-0.6623537169397289 -423.775382789744 0.7129827897439754
-1.31451733904401 -424.4243439860175 1.361943986017471
-2.357979173745936 -425.462681939197 2.400281939196986
-4.027518102777379 -427.1240226578245 4.061622657824448
-6.698780352883019 -429.7821677714622 6.719767771462188
-0.2547514460861525 -422.7550179649309 0.307382035069202
-0.6623537169397289 -422.349417210256 0.7129827897439754
-1.31451733904401 -421.7004560139825 1.361943986017471
-2.357979173745936 -420.662118060803 2.400281939196986
-4.027518102777379 -419.0007773421756 4.061622657824448
-6.698780352883019 -416.3426322285378 6.719767771462188
800.3547514460862 -423.3697820350692 0.307382035069202
800.7623537169397 -423.775382789744 0.7129827897439754
801.414517339044 -424.4243439860175 1.361943986017471
802.4579791737459 -425.462681939197 2.400281939196986
804.1275181027775 -427.1240226578245 4.061622657824448
806.798780352883 -429.7821677714622 6.719767771462188
800.3547514460862 -422.7550179649309 0.307382035069202
800.7623537169397 -422.349417210256 0.7129827897439754
801.414517339044 -421.7004560139825 1.361943986017471
802.4579791737459 -420.662118060803 2.400281939196986
804.1275181027775 -419.0007773421756 4.061622657824448
806.798780352883 -416.3426322285378 6.719767771462188
-0.2731733740245184 -423.166550575395 0.3109173839090638
-0.6666034882232053 -423.3017027916172 0.7284180353047531
-1.316601734206329 -423.5179257547701 1.378505802528263
-2.357161337826091 -423.8638684401046 2.417717843799355
-4.024483537763632 -424.417382132208 4.078064497369084
-6.694793220598003 -425.3030043679011 6.732015444021476
-0.2731733740245119 -422.9582494246049 0.310917383909062
-0.6666034882232017 -422.8230972083832 0.7284180353047529
-1.316601734206336 -422.6068742452298 1.37850580252823
-2.357161337826144 -422.2609315598958 2.417717843799291
-4.024483537763691 -421.7074178677904 4.078064497369009
-6.69479322059819 -420.821795632098 6.732015444021582
800.3731733740246 -423.1665505753951 0.31091738390866
800.3731733740244 -422.9582494246046 0.3109173839086474
800.7666034882233 -423.3017027916172 0.7284180353043457
800.7666034882232 -422.8230972083832 0.7284180353043133
801.4166017342059 -423.5179257547699 1.378505802527876
801.4166017342059 -422.60687424523 1.378505802527812
802.4571613378264 -423.8638684401052 2.417717843799238
802.4571613378262 -422.2609315598957 2.417717843799014
804.124483537763 -424.4173821322083 4.078064497368505
804.1244835377624 -421.7074178677905 4.078064497367781
806.7947932205975 -425.3030043679014 6.732015444021535
806.7947932205975 -420.8217956320979 6.732015444021292
22.61980577940432 -423.3697820350692 0.3073820350691809
45.49436300489509 -423.3697820350692 0.30738203506918
68.36892023038575 -423.3697820350692 0.3073820350691809
91.2434774558763 -423.3697820350692 0.3073820350691809
114.1180346813669 -423.3697820350692 0.3073820350691809
136.9925919068575 -423.3697820350692 0.3073820350691818
159.8671491323481 -423.3697820350692 0.30738203506918
182.7417063578387 -423.3697820350692 0.3073820350691809
205.6162635833294 -423.3697820350692 0.3073820350691809
228.49082080882 -423.3697820350692 0.3073820350691809
251.3653780343106 -423.3697820350692 0.3073820350691792
274.2399352598011 -423.3697820350692 0.3073820350691809
297.1144924852916 -423.3697820350692 0.3073820350691809
319.9890497107823 -423.3697820350692 0.30738203506918
342.8636069362728 -423.3697820350692 0.3073820350691827
365.7381641617634 -423.3697820350692 0.3073820350691818
388.612721387254 -423.3697820350692 0.3073820350691809
411.4872786127446 -423.3697820350692 0.3073820350691809
434.3618358382352 -423.3697820350692 0.30738203506918
457.2363930637257 -423.3697820350692 0.30738203506918
480.1109502892162 -423.3697820350692 0.3073820350691818
502.9855075147069 -423.3697820350692 0.3073820350691792
525.8600647401975 -423.3697820350692 0.3073820350691818
548.7346219656881 -423.3697820350692 0.3073820350691809
571.6091791911789 -423.3697820350692 0.3073820350691809
594.4837364166697 -423.3697820350692 0.3073820350691809
617.3582936421603 -423.3697820350692 0.30738203506918
640.2328508676512 -423.3697820350692 0.3073820350691792
663.1074080931418 -423.3697820350692 0.3073820350691818
685.9819653186327 -423.3697820350692 0.3073820350691809
708.8565225441234 -423.3697820350692 0.3073820350691809
731.7310797696141 -423.3697820350692 0.3073820350691809
754.6056369951048 -423.3697820350692 0.30738203506918
777.4801942205954 -423.3697820350692 0.30738203506918
22.23549506688539 -423.775382789744 0.712982789743954
45.13334385071033 -423.775382789744 0.712982789743954
68.03119263453556 -423.775382789744 0.712982789743954
90.92904141836061 -423.775382789744 0.7129827897439549
113.8268902021857 -423.775382789744 0.7129827897439558
136.7247389860108 -423.775382789744 0.7129827897439558
159.622587769836 -423.775382789744 0.7129827897439549
182.5204365536612 -423.775382789744 0.7129827897439558
205.4182853374862 -423.775382789744 0.7129827897439558
228.3161341213113 -423.775382789744 0.7129827897439549
251.2139829051364 -423.775382789744 0.7129827897439549
274.1118316889614 -423.775382789744 0.7129827897439549
297.0096804727865 -423.775382789744 0.712982789743954
319.9075292566117 -423.775382789744 0.7129827897439549
342.8053780404367 -423.775382789744 0.7129827897439549
365.7032268242617 -423.775382789744 0.7129827897439558
388.6010756080867 -423.775382789744 0.7129827897439549
411.4989243919118 -423.775382789744 0.7129827897439558
434.3967731757369 -423.775382789744 0.7129827897439549
457.2946219595619 -423.775382789744 0.712982789743954
480.192470743387 -423.775382789744 0.712982789743954
503.0903195272122 -423.775382789744 0.712982789743954
525.9881683110373 -423.775382789744 0.7129827897439549
548.8860170948624 -423.775382789744 0.7129827897439549
571.7838658786876 -423.775382789744 0.712982789743954
594.6817146625128 -423.775382789744 0.7129827897439558
617.5795634463381 -423.775382789744 0.7129827897439558
640.4774122301634 -423.775382789744 0.7129827897439558
663.3752610139886 -423.775382789744 0.7129827897439549
686.2731097978137 -423.775382789744 0.712982789743954
709.170958581639 -423.775382789744 0.712982789743954
732.0688073654642 -423.775382789744 0.7129827897439549
754.9666561492895 -423.775382789744 0.712982789743954
777.8645049331146 -423.775382789744 0.7129827897439549
21.62059793747267 -424.4243439860175 1.36194398601745
44.55571321398946 -424.4243439860175 1.361943986017451
67.4908284905062 -424.4243439860175 1.36194398601745
90.42594376702306 -424.4243439860175 1.36194398601745
113.3610590435398 -424.4243439860175 1.361943986017451
136.2961743200567 -424.4243439860175 1.36194398601745
159.2312895965734 -424.4243439860175 1.361943986017451
182.1664048730902 -424.4243439860175 1.361943986017451
205.101520149607 -424.4243439860175 1.361943986017451
228.0366354261238 -424.4243439860175 1.361943986017451
250.9717507026406 -424.4243439860175 1.361943986017451
273.9068659791573 -424.4243439860175 1.36194398601745
296.841981255674 -424.4243439860175 1.36194398601745
319.7770965321909 -424.4243439860175 1.361943986017451
342.7122118087075 -424.4243439860175 1.36194398601745
365.6473270852243 -424.4243439860175 1.36194398601745
388.582442361741 -424.4243439860175 1.361943986017451
411.5175576382577 -424.4243439860175 1.36194398601745
434.4526729147745 -424.4243439860175 1.36194398601745
457.3877881912912 -424.4243439860175 1.361943986017451
480.3229034678079 -424.4243439860175 1.361943986017451
503.2580187443248 -424.4243439860175 1.36194398601745
526.1931340208415 -424.4243439860175 1.36194398601745
549.1282492973585 -424.4243439860175 1.36194398601745
572.0633645738752 -424.4243439860175 1.361943986017451
594.9984798503922 -424.4243439860175 1.361943986017451
617.933595126909 -424.4243439860175 1.36194398601745
640.8687104034259 -424.4243439860175 1.361943986017451
663.8038256799426 -424.4243439860175 1.36194398601745
686.7389409564596 -424.4243439860175 1.361943986017451
709.6740562329766 -424.4243439860175 1.361943986017451
732.6091715094933 -424.4243439860175 1.36194398601745
755.5442867860103 -424.4243439860175 1.361943986017451
778.4794020625272 -424.4243439860175 1.361943986017451
20.63676249332514 -425.462681939197 2.400281939196967
43.63150416039656 -425.462681939197 2.400281939196965
66.62624582746759 -425.462681939197 2.400281939196965
89.62098749453872 -425.462681939197 2.400281939196965
112.61572916161 -425.462681939197 2.400281939196967
135.6104708286812 -425.462681939197 2.400281939196965
158.6052124957523 -425.462681939197 2.400281939196964
181.5999541628236 -425.462681939197 2.400281939196965
204.5946958298947 -425.462681939197 2.400281939196965
227.5894374969659 -425.462681939197 2.400281939196965
250.584179164037 -425.462681939197 2.400281939196965
273.5789208311082 -425.462681939197 2.400281939196965
296.5736624981793 -425.462681939197 2.400281939196965
319.5684041652505 -425.462681939197 2.400281939196965
342.5631458323216 -425.462681939197 2.400281939196965
365.5578874993928 -425.462681939197 2.400281939196965
388.5526291664638 -425.462681939197 2.400281939196965
411.547370833535 -425.462681939197 2.400281939196965
434.5421125006062 -425.462681939197 2.400281939196965
457.5368541676773 -425.462681939197 2.400281939196965
480.5315958347485 -425.462681939197 2.400281939196965
503.5263375018196 -425.462681939197 2.400281939196965
526.5210791688909 -425.462681939197 2.400281939196964
549.515820835962 -425.462681939197 2.400281939196965
572.5105625030333 -425.462681939197 2.400281939196965
595.5053041701046 -425.462681939197 2.400281939196965
618.5000458371759 -425.462681939197 2.400281939196965
641.4947875042471 -425.462681939197 2.400281939196965
664.4895291713184 -425.462681939197 2.400281939196965
687.4842708383896 -425.462681939197 2.400281939196965
710.479012505461 -425.462681939197 2.400281939196965
733.4737541725322 -425.462681939197 2.400281939196965
756.4684958396035 -425.462681939197 2.400281939196965
779.4632375066747 -425.462681939197 2.400281939196965
19.0626257888099 -427.1240226578245 4.061622657824428
42.15276968039711 -427.1240226578245 4.061622657824429
65.24291357198427 -427.1240226578245 4.061622657824429
88.33305746357172 -427.1240226578245 4.061622657824429
111.4232013551589 -427.1240226578245 4.061622657824429
134.5133452467464 -427.1240226578245 4.061622657824428
157.6034891383335 -427.1240226578245 4.061622657824429
180.6936330299208 -427.1240226578245 4.061622657824428
203.7837769215081 -427.1240226578245 4.061622657824429
226.8739208130954 -427.1240226578245 4.061622657824428
249.9640647046826 -427.1240226578245 4.061622657824429
273.0542085962698 -427.1240226578245 4.061622657824429
296.1443524878571 -427.1240226578245 4.061622657824428
319.2344963794443 -427.1240226578245 4.061622657824429
342.3246402710315 -427.1240226578245 4.061622657824429
365.4147841626187 -427.1240226578245 4.061622657824428
388.5049280542059 -427.1240226578245 4.061622657824429
411.5950719457932 -427.1240226578245 4.061622657824429
434.6852158373805 -427.1240226578245 4.061622657824428
457.7753597289677 -427.1240226578245 4.061622657824429
480.8655036205549 -427.1240226578245 4.061622657824429
503.9556475121422 -427.1240226578245 4.061622657824428
527.0457914037295 -427.1240226578245 4.061622657824428
550.1359352953168 -427.1240226578245 4.061622657824428
573.2260791869041 -427.1240226578245 4.061622657824428
596.3162230784915 -427.1240226578245 4.061622657824429
619.4063669700788 -427.1240226578245 4.061622657824428
642.4965108616661 -427.1240226578245 4.061622657824429
665.5866547532534 -427.1240226578245 4.061622657824428
688.6767986448408 -427.1240226578245 4.061622657824429
711.7669425364281 -427.1240226578245 4.061622657824429
734.8570864280154 -427.1240226578245 4.061622657824429
757.9472303196028 -427.1240226578245 4.061622657824429
781.0373742111901 -427.1240226578245 4.061622657824429
16.54400709585315 -429.7821677714622 6.719767771462168
39.78679454458933 -429.7821677714622 6.719767771462168
63.02958199332551 -429.7821677714622 6.719767771462167
86.27236944206169 -429.7821677714622 6.719767771462167
109.5151568907979 -429.7821677714622 6.719767771462167
132.757944339534 -429.7821677714622 6.719767771462168
156.0007317882702 -429.7821677714622 6.719767771462167
179.2435192370064 -429.7821677714622 6.719767771462168
202.4863066857426 -429.7821677714622 6.719767771462168
225.7290941344788 -429.7821677714622 6.719767771462168
248.971881583215 -429.7821677714622 6.719767771462168
272.2146690319511 -429.7821677714622 6.719767771462168
295.4574564806872 -429.7821677714622 6.719767771462167
318.7002439294234 -429.7821677714622 6.719767771462167
341.9430313781594 -429.7821677714622 6.719767771462168
365.1858188268956 -429.7821677714622 6.719767771462168
388.4286062756317 -429.7821677714622 6.719767771462168
411.6713937243679 -429.7821677714622 6.719767771462168
434.9141811731041 -429.7821677714622 6.719767771462168
458.1569686218402 -429.7821677714622 6.719767771462168
481.3997560705764 -429.7821677714622 6.719767771462167
504.6425435193125 -429.7821677714622 6.719767771462168
527.8853309680487 -429.7821677714622 6.719767771462168
551.1281184167849 -429.7821677714622 6.719767771462168
574.3709058655211 -429.7821677714622 6.719767771462168
597.6136933142573 -429.7821677714622 6.719767771462167
620.8564807629936 -429.7821677714622 6.719767771462168
644.0992682117297 -429.7821677714622 6.719767771462168
667.3420556604658 -429.7821677714622 6.719767771462168
690.584843109202 -429.7821677714622 6.719767771462168
713.8276305579382 -429.7821677714622 6.719767771462167
737.0704180066743 -429.7821677714622 6.719767771462168
760.3132054554105 -429.7821677714622 6.719767771462168
783.5559929041467 -429.7821677714622 6.719767771462168
22.61980577940432 -422.7550179649308 0.3073820350691809
45.49436300489509 -422.7550179649308 0.30738203506918
68.36892023038575 -422.7550179649308 0.3073820350691809
91.2434774558763 -422.7550179649308 0.3073820350691809
114.1180346813669 -422.7550179649308 0.3073820350691809
136.9925919068575 -422.7550179649308 0.3073820350691818
159.8671491323481 -422.7550179649308 0.30738203506918
182.7417063578387 -422.7550179649308 0.3073820350691809
205.6162635833294 -422.7550179649308 0.3073820350691809
228.49082080882 -422.7550179649308 0.3073820350691809
251.3653780343106 -422.7550179649308 0.3073820350691792
274.2399352598011 -422.7550179649308 0.3073820350691809
297.1144924852916 -422.7550179649308 0.3073820350691809
319.9890497107823 -422.7550179649308 0.30738203506918
342.8636069362728 -422.7550179649308 0.3073820350691827
365.7381641617634 -422.7550179649308 0.3073820350691818
388.612721387254 -422.7550179649308 0.3073820350691809
411.4872786127446 -422.7550179649308 0.3073820350691809
434.3618358382352 -422.7550179649308 0.30738203506918
457.2363930637257 -422.7550179649308 0.30738203506918
480.1109502892162 -422.7550179649308 0.3073820350691818
502.9855075147069 -422.7550179649308 0.3073820350691792
525.8600647401975 -422.7550179649308 0.3073820350691818
548.7346219656881 -422.7550179649308 0.3073820350691809
571.6091791911789 -422.7550179649308 0.3073820350691809
594.4837364166697 -422.7550179649308 0.3073820350691809
617.3582936421603 -422.7550179649308 0.30738203506918
640.2328508676512 -422.7550179649308 0.3073820350691792
663.1074080931418 -422.7550179649308 0.3073820350691818
685.9819653186327 -422.7550179649308 0.3073820350691809
708.8565225441234 -422.7550179649308 0.3073820350691809
731.7310797696141 -422.7550179649308 0.3073820350691809
754.6056369951048 -422.7550179649308 0.30738203506918
777.4801942205954 -422.7550179649308 0.30738203506918
22.23549506688539 -422.349417210256 0.712982789743954
45.13334385071033 -422.349417210256 0.712982789743954
68.03119263453556 -422.349417210256 0.712982789743954
90.92904141836061 -422.349417210256 0.7129827897439549
113.8268902021857 -422.349417210256 0.7129827897439558
136.7247389860108 -422.349417210256 0.7129827897439558
159.622587769836 -422.349417210256 0.7129827897439549
182.5204365536612 -422.349417210256 0.7129827897439558
205.4182853374862 -422.349417210256 0.7129827897439558
228.3161341213113 -422.349417210256 0.7129827897439549
251.2139829051364 -422.349417210256 0.7129827897439549
274.1118316889614 -422.349417210256 0.7129827897439549
297.0096804727865 -422.349417210256 0.712982789743954
319.9075292566117 -422.349417210256 0.7129827897439549
342.8053780404367 -422.349417210256 0.7129827897439549
365.7032268242617 -422.349417210256 0.7129827897439558
388.6010756080867 -422.349417210256 0.7129827897439549
411.4989243919118 -422.349417210256 0.7129827897439558
434.3967731757369 -422.349417210256 0.7129827897439549
457.2946219595619 -422.349417210256 0.712982789743954
480.192470743387 -422.349417210256 0.712982789743954
503.0903195272122 -422.349417210256 0.712982789743954
525.9881683110373 -422.349417210256 0.7129827897439549
548.8860170948624 -422.349417210256 0.7129827897439549
571.7838658786876 -422.349417210256 0.712982789743954
594.6817146625128 -422.349417210256 0.7129827897439558
617.5795634463381 -422.349417210256 0.7129827897439558
640.4774122301634 -422.349417210256 0.7129827897439558
663.3752610139886 -422.349417210256 0.7129827897439549
686.2731097978137 -422.349417210256 0.712982789743954
709.170958581639 -422.349417210256 0.712982789743954
732.0688073654642 -422.349417210256 0.7129827897439549
754.9666561492895 -422.349417210256 0.712982789743954
777.8645049331146 -422.349417210256 0.7129827897439549
21.62059793747267 -421.7004560139825 1.36194398601745
44.55571321398946 -421.7004560139825 1.361943986017451
67.4908284905062 -421.7004560139825 1.36194398601745
90.42594376702306 -421.7004560139825 1.36194398601745
113.3610590435398 -421.7004560139825 1.361943986017451
136.2961743200567 -421.7004560139825 1.36194398601745
159.2312895965734 -421.7004560139825 1.361943986017451
182.1664048730902 -421.7004560139825 1.361943986017451
205.101520149607 -421.7004560139825 1.361943986017451
228.0366354261238 -421.7004560139825 1.361943986017451
250.9717507026406 -421.7004560139825 1.361943986017451
273.9068659791573 -421.7004560139825 1.36194398601745
296.841981255674 -421.7004560139825 1.36194398601745
319.7770965321909 -421.7004560139825 1.361943986017451
342.7122118087075 -421.7004560139825 1.36194398601745
365.6473270852243 -421.7004560139825 1.36194398601745
388.582442361741 -421.7004560139825 1.361943986017451
411.5175576382577 -421.7004560139825 1.36194398601745
434.4526729147745 -421.7004560139825 1.36194398601745
457.3877881912912 -421.7004560139825 1.361943986017451
480.3229034678079 -421.7004560139825 1.361943986017451
503.2580187443248 -421.7004560139825 1.36194398601745
526.1931340208415 -421.7004560139825 1.36194398601745
549.1282492973585 -421.7004560139825 1.36194398601745
572.0633645738752 -421.7004560139825 1.361943986017451
594.9984798503922 -421.7004560139825 1.361943986017451
617.933595126909 -421.7004560139825 1.36194398601745
640.8687104034259 -421.7004560139825 1.361943986017451
663.8038256799426 -421.7004560139825 1.36194398601745
686.7389409564596 -421.7004560139825 1.361943986017451
709.6740562329766 -421.7004560139825 1.361943986017451
732.6091715094933 -421.7004560139825 1.36194398601745
755.5442867860103 -421.7004560139825 1.361943986017451
778.4794020625272 -421.7004560139825 1.361943986017451
20.63676249332514 -420.662118060803 2.400281939196967
43.63150416039656 -420.662118060803 2.400281939196965
66.62624582746759 -420.662118060803 2.400281939196965
89.62098749453872 -420.662118060803 2.400281939196965
112.61572916161 -420.662118060803 2.400281939196967
135.6104708286812 -420.662118060803 2.400281939196965
158.6052124957523 -420.662118060803 2.400281939196964
181.5999541628236 -420.662118060803 2.400281939196965
204.5946958298947 -420.662118060803 2.400281939196965
227.5894374969659 -420.662118060803 2.400281939196965
250.584179164037 -420.662118060803 2.400281939196965
273.5789208311082 -420.662118060803 2.400281939196965
296.5736624981793 -420.662118060803 2.400281939196965
319.5684041652505 -420.662118060803 2.400281939196965
342.5631458323216 -420.662118060803 2.400281939196965
365.5578874993928 -420.662118060803 2.400281939196965
388.5526291664638 -420.662118060803 2.400281939196965
411.547370833535 -420.662118060803 2.400281939196965
434.5421125006062 -420.662118060803 2.400281939196965
457.5368541676773 -420.662118060803 2.400281939196965
480.5315958347485 -420.662118060803 2.400281939196965
503.5263375018196 -420.662118060803 2.400281939196965
526.5210791688909 -420.662118060803 2.400281939196964
549.515820835962 -420.662118060803 2.400281939196965
572.5105625030333 -420.662118060803 2.400281939196965
595.5053041701046 -420.662118060803 2.400281939196965
618.5000458371759 -420.662118060803 2.400281939196965
641.4947875042471 -420.662118060803 2.400281939196965
664.4895291713184 -420.662118060803 2.400281939196965
687.4842708383896 -420.662118060803 2.400281939196965
710.479012505461 -420.662118060803 2.400281939196965
733.4737541725322 -420.662118060803 2.400281939196965
756.4684958396035 -420.662118060803 2.400281939196965
779.4632375066747 -420.662118060803 2.400281939196965
19.0626257888099 -419.0007773421756 4.061622657824428
42.15276968039711 -419.0007773421756 4.061622657824429
65.24291357198427 -419.0007773421756 4.061622657824429
88.33305746357172 -419.0007773421756 4.061622657824429
111.4232013551589 -419.0007773421756 4.061622657824429
134.5133452467464 -419.0007773421756 4.061622657824428
157.6034891383335 -419.0007773421756 4.061622657824429
180.6936330299208 -419.0007773421756 4.061622657824428
203.7837769215081 -419.0007773421756 4.061622657824429
226.8739208130954 -419.0007773421756 4.061622657824428
249.9640647046826 -419.0007773421756 4.061622657824429
273.0542085962698 -419.0007773421756 4.061622657824429
296.1443524878571 -419.0007773421756 4.061622657824428
319.2344963794443 -419.0007773421756 4.061622657824429
342.3246402710315 -419.0007773421756 4.061622657824429
365.4147841626187 -419.0007773421756 4.061622657824428
388.5049280542059 -419.0007773421756 4.061622657824429
411.5950719457932 -419.0007773421756 4.061622657824429
434.6852158373805 -419.0007773421756 4.061622657824428
457.7753597289677 -419.0007773421756 4.061622657824429
480.8655036205549 -419.0007773421756 4.061622657824429
503.9556475121422 -419.0007773421756 4.061622657824428
527.0457914037295 -419.0007773421756 4.061622657824428
550.1359352953168 -419.0007773421756 4.061622657824428
573.2260791869041 -419.0007773421756 4.061622657824428
596.3162230784915 -419.0007773421756 4.061622657824429
619.4063669700788 -419.0007773421756 4.061622657824428
642.4965108616661 -419.0007773421756 4.061622657824429
665.5866547532534 -419.0007773421756 4.061622657824428
688.6767986448408 -419.0007773421756 4.061622657824429
711.7669425364281 -419.0007773421756 4.061622657824429
734.8570864280154 -419.0007773421756 4.061622657824429
757.9472303196028 -419.0007773421756 4.061622657824429
781.0373742111901 -419.0007773421756 4.061622657824429
16.54400709585315 -416.3426322285378 6.719767771462168
39.78679454458933 -416.3426322285378 6.719767771462168
63.02958199332551 -416.3426322285378 6.719767771462167
86.27236944206169 -416.3426322285378 6.719767771462167
109.5151568907979 -416.3426322285378 6.719767771462167
132.757944339534 -416.3426322285378 6.719767771462168
156.0007317882702 -416.3426322285378 6.719767771462167
179.2435192370064 -416.3426322285378 6.719767771462168
202.4863066857426 -416.3426322285378 6.719767771462168
225.7290941344788 -416.3426322285378 6.719767771462168
248.971881583215 -416.3426322285378 6.719767771462168
272.2146690319511 -416.3426322285378 6.719767771462168
295.4574564806872 -416.3426322285378 6.719767771462167
318.7002439294234 -416.3426322285378 6.719767771462167
341.9430313781594 -416.3426322285378 6.719767771462168
365.1858188268956 -416.3426322285378 6.719767771462168
388.4286062756317 -416.3426322285378 6.719767771462168
411.6713937243679 -416.3426322285378 6.719767771462168
434.9141811731041 -416.3426322285378 6.719767771462168
458.1569686218402 -416.3426322285378 6.719767771462168
481.3997560705764 -416.3426322285378 6.719767771462167
504.6425435193125 -416.3426322285378 6.719767771462168
527.8853309680487 -416.3426322285378 6.719767771462168
551.1281184167849 -416.3426322285378 6.719767771462168
574.3709058655211 -416.3426322285378 6.719767771462168
597.6136933142573 -416.3426322285378 6.719767771462167
620.8564807629936 -416.3426322285378 6.719767771462168
644.0992682117297 -416.3426322285378 6.719767771462168
667.3420556604658 -416.3426322285378 6.719767771462168
690.584843109202 -416.3426322285378 6.719767771462168
713.8276305579382 -416.3426322285378 6.719767771462167
737.0704180066743 -416.3426322285378 6.719767771462168
760.3132054554105 -416.3426322285378 6.719767771462168
783.5559929041467 -416.3426322285378 6.719767771462168
22.60243653306244 -423.1665505753951 0.3109173839090311
22.23148813967525 -423.3017027916171 0.7284180353047204
21.61863265060532 -423.5179257547702 1.378505802528231
20.63753359576386 -423.8638684401045 2.417717843799332
19.06548695010855 -424.4173821322081 4.078064497369049
16.54776639200757 -425.3030043679009 6.732015444021458
22.60243653306244 -422.9582494246047 0.310917383909029
22.23148813967525 -422.8230972083833 0.7284180353047189
21.61863265060531 -422.6068742452294 1.378505802528197
20.6375335957638 -422.2609315598959 2.417717843799263
19.06548695010848 -421.7074178677902 4.078064497368956
16.54776639200739 -420.8217956320982 6.732015444021554
45.4780464401497 -423.166550575395 0.3109173839090187
45.12957976757355 -423.3017027916172 0.7284180353047087
44.55386703541708 -423.5179257547701 1.378505802528221
43.63222852935416 -423.8638684401046 2.417717843799327
42.15545743798068 -424.417382132208 4.078064497369034
39.79032600461319 -425.3030043679011 6.732015444021458
45.47804644014967 -422.9582494246048 0.3109173839090164
45.12957976757355 -422.8230972083833 0.7284180353047069
44.55386703541708 -422.60687424523 1.378505802528186
43.63222852935406 -422.2609315598958 2.417717843799253
42.15545743798057 -421.7074178677903 4.078064497368921
39.79032600461298 -420.8217956320982 6.732015444021548
68.35365634723684 -423.1665505753952 0.3109173839090082
68.02767139547214 -423.3017027916171 0.728418035304697
67.48910142022883 -423.5179257547701 1.378505802528209
66.62692346294409 -423.8638684401045 2.417717843799323
65.24542792585272 -424.417382132208 4.078064497369016
63.03288561721874 -425.3030043679011 6.732015444021461
68.35365634723678 -422.9582494246048 0.3109173839090054
68.02767139547213 -422.8230972083832 0.7284180353046938
67.48910142022882 -422.6068742452295 1.378505802528173
66.62692346294396 -422.2609315598958 2.417717843799245
65.24542792585262 -421.7074178677902 4.078064497368884
63.03288561721854 -420.8217956320981 6.73201544402154
91.2292662543239 -423.1665505753951 0.3109173839089968
90.92576302337049 -423.3017027916171 0.7284180353046863
90.42433580504063 -423.5179257547701 1.378505802528198
89.62161839653409 -423.8638684401045 2.417717843799321
88.33539841372507 -424.4173821322082 4.078064497368998
86.27544522982434 -425.3030043679012 6.732015444021462
91.2292662543239 -422.9582494246048 0.3109173839089936
90.92576302337049 -422.8230972083833 0.7284180353046823
90.42433580504063 -422.6068742452294 1.378505802528162
89.62161839653398 -422.2609315598958 2.417717843799237
88.33539841372503 -421.70741786779 4.078064497368849
86.27544522982423 -420.8217956320981 6.732015444021529
114.1048761614109 -423.1665505753951 0.3109173839089852
113.823854651269 -423.301702791617 0.7284180353046751
113.3595701898524 -423.5179257547701 1.378505802528188
112.6163133301243 -423.8638684401046 2.417717843799319
111.4253689015973 -424.417382132208 4.078064497368985
109.51800484243 -425.3030043679013 6.732015444021465
114.1048761614109 -422.9582494246048 0.3109173839089818
113.8238546512689 -422.8230972083833 0.7284180353046708
113.3595701898524 -422.6068742452298 1.37850580252815
112.6163133301242 -422.2609315598959 2.417717843799232
111.4253689015971 -421.7074178677902 4.078064497368813
109.5180048424298 -420.8217956320981 6.732015444021522
136.980486068498 -423.1665505753951 0.3109173839089744
136.7219462791674 -423.3017027916171 0.7284180353046636
136.2948045746643 -423.51792575477 1.378505802528176
135.6110082637143 -423.8638684401046 2.417717843799314
134.5153393894696 -424.4173821322079 4.078064497368966
132.7605644550355 -425.3030043679011 6.732015444021465
136.980486068498 -422.9582494246049 0.3109173839089708
136.7219462791674 -422.8230972083832 0.7284180353046579
136.2948045746643 -422.6068742452296 1.378505802528138
135.6110082637142 -422.2609315598957 2.417717843799223
134.5153393894695 -421.7074178677902 4.078064497368778
132.7605644550353 -420.8217956320982 6.732015444021515
159.8560959755852 -423.166550575395 0.3109173839089612
159.6200379070659 -423.3017027916171 0.7284180353046512
159.2300389594758 -423.51792575477 1.378505802528165
158.6057031973043 -423.8638684401046 2.41771784379931
157.6053098773417 -424.4173821322079 4.078064497368948
156.0031240676411 -425.3030043679011 6.732015444021469
159.856095975585 -422.9582494246047 0.3109173839089572
159.6200379070659 -422.8230972083832 0.7284180353046446
159.2300389594758 -422.60687424523 1.378505802528126
158.6057031973042 -422.2609315598957 2.417717843799214
157.6053098773414 -421.7074178677901 4.078064497368745
156.0031240676409 -420.8217956320981 6.732015444021505
182.7317058826722 -423.166550575395 0.3109173839089506
182.5181295349645 -423.3017027916171 0.7284180353046407
182.1652733442877 -423.5179257547702 1.378505802528155
181.6003981308945 -423.8638684401045 2.417717843799307
180.6952803652137 -424.417382132208 4.07806449736893
179.2456836802467 -425.3030043679012 6.73201544402147
182.7317058826721 -422.9582494246048 0.3109173839089462
182.5181295349645 -422.8230972083833 0.728418035304633
182.1652733442876 -422.6068742452299 1.378505802528115
181.6003981308943 -422.2609315598957 2.417717843799206
180.6952803652137 -421.7074178677902 4.07806449736871
179.2456836802466 -420.8217956320982 6.732015444021497
205.6073157897595 -423.1665505753953 0.3109173839089391
205.4162211628629 -423.3017027916171 0.7284180353046287
205.1005077290996 -423.5179257547702 1.378505802528143
204.5950930644843 -423.8638684401046 2.417717843799303
203.7852508530859 -424.417382132208 4.078064497368918
202.4882432928523 -425.3030043679013 6.732015444021473
205.6073157897593 -422.9582494246049 0.3109173839089344
205.4162211628629 -422.8230972083833 0.7284180353046206
205.1005077290995 -422.60687424523 1.378505802528102
204.5950930644843 -422.2609315598957 2.417717843799198
203.7852508530856 -421.7074178677902 4.078064497368675
202.4882432928522 -420.8217956320981 6.732015444021488
228.4829256968464 -423.1665505753951 0.3109173839089275
228.3143127907613 -423.3017027916171 0.7284180353046167
228.0357421139114 -423.5179257547703 1.378505802528132
227.5897879980746 -423.8638684401047 2.417717843799301
226.8752213409582 -424.4173821322082 4.078064497368898
225.730802905458 -425.3030043679011 6.732015444021473
228.4829256968463 -422.9582494246047 0.3109173839089225
228.3143127907612 -422.8230972083833 0.7284180353046068
228.0357421139113 -422.60687424523 1.378505802528091
227.5897879980745 -422.2609315598958 2.417717843799189
226.875221340958 -421.7074178677901 4.078064497368639
225.7308029054578 -420.8217956320982 6.73201544402148
251.3585356039336 -423.1665505753951 0.3109173839089139
251.2124044186598 -423.3017027916171 0.728418035304605
250.970976498723 -423.5179257547703 1.378505802528122
250.5844829316644 -423.8638684401047 2.417717843799297
249.9651918288303 -424.417382132208 4.078064497368885
248.9733625180635 -425.3030043679012 6.732015444021474
251.3585356039335 -422.9582494246047 0.3109173839089088
251.2124044186597 -422.8230972083833 0.7284180353045944
250.9709764987231 -422.6068742452301 1.378505802528079
250.5844829316643 -422.2609315598958 2.417717843799184
249.9651918288301 -421.7074178677901 4.078064497368604
248.9733625180634 -420.8217956320981 6.732015444021473
274.2341455110204 -423.166550575395 0.3109173839089042
274.1104960465582 -423.3017027916171 0.7284180353045931
273.9062108835348 -423.5179257547701 1.378505802528109
273.5791778652547 -423.8638684401048 2.417717843799294
273.0551623167026 -424.417382132208 4.078064497368866
272.2159221306692 -425.3030043679012 6.732015444021474
274.2341455110204 -422.9582494246048 0.3109173839088989
274.1104960465581 -422.8230972083833 0.728418035304582
273.9062108835348 -422.6068742452299 1.378505802528065
273.5791778652545 -422.2609315598959 2.417717843799174
273.0551623167023 -421.7074178677902 4.078064497368569
272.215922130669 -420.8217956320982 6.732015444021465
297.1097554181076 -423.1665505753951 0.3109173839088928
297.0085876744564 -423.3017027916171 0.7284180353045808
296.8414452683465 -423.5179257547701 1.378505802528099
296.5738727988447 -423.8638684401048 2.41771784379929
296.1451328045746 -424.417382132208 4.078064497368846
295.4584817432746 -425.3030043679013 6.732015444021476
297.1097554181076 -422.9582494246048 0.3109173839088869
297.0085876744564 -422.8230972083836 0.7284180353045685
296.8414452683465 -422.60687424523 1.378505802528054
296.5738727988444 -422.2609315598958 2.417717843799166
296.1451328045743 -421.7074178677901 4.078064497368536
295.4584817432743 -420.8217956320982 6.732015444021454
319.9853653251947 -423.166550575395 0.3109173839088804
319.9066793023552 -423.3017027916171 0.7284180353045702
319.7766796531583 -423.5179257547701 1.378505802528088
319.5685677324346 -423.8638684401047 2.417717843799287
319.2351032924468 -424.417382132208 4.078064497368834
318.7010413558802 -425.3030043679012 6.73201544402148
319.9853653251945 -422.9582494246049 0.3109173839088741
319.906679302355 -422.8230972083833 0.7284180353045567
319.7766796531581 -422.60687424523 1.378505802528043
319.5685677324345 -422.2609315598958 2.417717843799159
319.2351032924465 -421.7074178677901 4.078064497368501
318.7010413558801 -420.8217956320982 6.732015444021449
342.8609752322816 -423.166550575395 0.3109173839088715
342.8047709302535 -423.3017027916171 0.7284180353045587
342.7119140379698 -423.5179257547701 1.378505802528077
342.5632626660246 -423.8638684401048 2.417717843799283
342.325073780319 -424.4173821322081 4.078064497368817
341.9436009684859 -425.3030043679012 6.73201544402148
342.8609752322816 -422.9582494246049 0.3109173839088651
342.8047709302532 -422.8230972083833 0.7284180353045443
342.7119140379698 -422.6068742452302 1.37850580252803
342.5632626660245 -422.2609315598957 2.417717843799152
342.3250737803184 -421.7074178677902 4.078064497368464
341.9436009684857 -420.8217956320982 6.732015444021441
365.7365851393685 -423.1665505753951 0.3109173839088589
365.7028625581518 -423.3017027916171 0.7284180353045475
365.6471484227817 -423.5179257547703 1.378505802528065
365.5579575996146 -423.8638684401049 2.41771784379928
365.415044268191 -424.4173821322081 4.0780644973688
365.1861605810913 -425.3030043679012 6.732015444021483
365.7365851393685 -422.9582494246049 0.3109173839088524
365.7028625581518 -422.8230972083833 0.7284180353045323
365.6471484227817 -422.60687424523 1.378505802528019
365.5579575996144 -422.2609315598957 2.417717843799144
365.4150442681906 -421.7074178677902 4.07806449736843
365.1861605810913 -420.8217956320981 6.73201544402143
388.612195046456 -423.166550575395 0.3109173839088467
388.6009541860502 -423.3017027916171 0.728418035304535
388.5823828075933 -423.5179257547703 1.378505802528055
388.5526525332047 -423.8638684401048 2.417717843799276
388.5050147560631 -424.417382132208 4.078064497368785
388.4287201936968 -425.3030043679012 6.732015444021483
388.6121950464558 -422.9582494246049 0.3109173839088396
388.6009541860501 -422.8230972083833 0.728418035304519
388.5823828075933 -422.6068742452302 1.378505802528007
388.5526525332043 -422.2609315598958 2.417717843799136
388.505014756063 -421.7074178677901 4.078064497368394
388.4287201936967 -420.8217956320982 6.732015444021421
411.487804953543 -423.1665505753951 0.3109173839088352
411.4990458139484 -423.3017027916171 0.7284180353045238
411.5176171924051 -423.5179257547702 1.378505802528043
411.5473474667948 -423.8638684401048 2.417717843799273
411.5949852439352 -424.417382132208 4.078064497368768
411.6712798063022 -425.3030043679012 6.732015444021487
411.4878049535428 -422.9582494246048 0.3109173839088278
411.4990458139487 -422.8230972083832 0.7284180353045073
411.5176171924051 -422.6068742452301 1.378505802527995
411.5473474667945 -422.2609315598957 2.417717843799127
411.5949852439351 -421.7074178677902 4.078064497368359
411.6712798063022 -420.8217956320982 6.732015444021416
434.3634148606299 -423.166550575395 0.3109173839088228
434.397137441847 -423.3017027916171 0.7284180353045117
434.4528515772164 -423.5179257547701 1.378505802528032
434.5420424003846 -423.8638684401048 2.417717843799269
434.6849557318077 -424.4173821322083 4.078064497368749
434.9138394189081 -425.3030043679012 6.732015444021486
434.3634148606299 -422.9582494246048 0.3109173839088151
434.397137441847 -422.8230972083833 0.7284180353044941
434.4528515772164 -422.6068742452302 1.378505802527982
434.5420424003844 -422.2609315598958 2.41771784379912
434.6849557318072 -421.7074178677902 4.078064497368323
434.913839418908 -420.8217956320981 6.732015444021403
457.239024767717 -423.166550575395 0.3109173839088111
457.2952290697453 -423.3017027916172 0.7284180353044996
457.3880859620287 -423.5179257547703 1.378505802528023
457.5367373339748 -423.8638684401049 2.417717843799267
457.7749262196796 -424.4173821322083 4.078064497368735
458.1563990315133 -425.3030043679012 6.732015444021491
457.239024767717 -422.9582494246046 0.3109173839088031
457.2952290697453 -422.8230972083833 0.7284180353044803
457.3880859620287 -422.6068742452301 1.378505802527972
457.5367373339748 -422.2609315598959 2.417717843799111
457.7749262196792 -421.7074178677902 4.078064497368287
458.1563990315134 -420.8217956320982 6.732015444021398
480.1146346748041 -423.1665505753949 0.3109173839088014
480.1933206976438 -423.301702791617 0.7284180353044875
480.3233203468402 -423.5179257547701 1.378505802528011
480.5314322675649 -423.8638684401047 2.417717843799263
480.8648967075518 -424.4173821322082 4.078064497368717
481.3989586441193 -425.3030043679012 6.732015444021489
480.114634674804 -422.9582494246046 0.3109173839087931
480.1933206976436 -422.8230972083833 0.7284180353044679
480.3233203468401 -422.6068742452301 1.378505802527959
480.5314322675646 -422.2609315598958 2.417717843799104
480.8648967075512 -421.7074178677902 4.078064497368252
481.3989586441193 -420.8217956320982 6.732015444021389
502.990244581891 -423.1665505753951 0.3109173839087871
503.0914123255425 -423.3017027916172 0.7284180353044759
503.2585547316519 -423.5179257547702 1.378505802527999
503.5261272011547 -423.8638684401047 2.41771784379926
503.954867195424 -424.4173821322082 4.078064497368699
504.6415182567246 -425.3030043679012 6.732015444021493
502.9902445818911 -422.9582494246046 0.3109173839087787
503.0914123255424 -422.8230972083832 0.7284180353044555
503.2585547316521 -422.6068742452301 1.378505802527947
503.5261272011546 -422.2609315598958 2.417717843799096
503.9548671954238 -421.7074178677902 4.07806449736822
504.6415182567247 -420.8217956320981 6.73201544402138
525.865854488978 -423.166550575395 0.3109173839087783
525.9895039534406 -423.3017027916169 0.7284180353044651
526.1937891164641 -423.5179257547702 1.378505802527988
526.520822134745 -423.8638684401047 2.417717843799256
527.0448376832962 -424.4173821322083 4.078064497368685
527.8840778693301 -425.3030043679012 6.732015444021493
525.8658544889779 -422.9582494246046 0.3109173839087694
525.9895039534407 -422.8230972083832 0.7284180353044438
526.1937891164639 -422.60687424523 1.378505802527935
526.5208221347448 -422.2609315598958 2.417717843799087
527.0448376832957 -421.7074178677902 4.078064497368184
527.8840778693301 -420.8217956320982 6.732015444021373
548.7414643960653 -423.1665505753951 0.3109173839087659
548.8875955813394 -423.3017027916171 0.7284180353044536
549.1290235012756 -423.5179257547701 1.378505802527977
549.5155170683348 -423.8638684401047 2.417717843799252
550.1348081711685 -424.4173821322082 4.078064497368668
551.1266374819361 -425.3030043679012 6.732015444021497
548.7414643960653 -422.9582494246047 0.3109173839087567
548.8875955813389 -422.8230972083833 0.7284180353044309
549.1290235012755 -422.60687424523 1.378505802527923
549.5155170683347 -422.2609315598958 2.41771784379908
550.1348081711681 -421.7074178677902 4.07806449736815
551.1266374819359 -420.8217956320981 6.732015444021366
571.617074303153 -423.166550575395 0.3109173839087544
571.7856872092377 -423.3017027916172 0.7284180353044413
572.0642578860873 -423.5179257547703 1.378505802527968
572.510212001925 -423.863868440105 2.41771784379925
573.2247786590406 -424.4173821322083 4.07806449736865
574.3691970945412 -425.3030043679012 6.732015444021498
571.6170743031525 -422.9582494246046 0.3109173839087449
571.7856872092378 -422.8230972083833 0.7284180353044177
572.0642578860871 -422.6068742452301 1.378505802527911
572.5102120019251 -422.2609315598958 2.417717843799073
573.2247786590401 -421.7074178677902 4.078064497368113
574.3691970945412 -420.8217956320982 6.732015444021355
594.4926842102394 -423.166550575395 0.3109173839087427
594.6837788371361 -423.3017027916171 0.7284180353044309
594.9994922708994 -423.5179257547703 1.378505802527956
595.5049069355152 -423.863868440105 2.417717843799246
596.3147491469131 -424.4173821322083 4.078064497368636
597.6117567071472 -425.3030043679013 6.732015444021503
594.4926842102394 -422.9582494246044 0.310917383908733
594.6837788371358 -422.8230972083833 0.728418035304407
594.9994922708993 -422.60687424523 1.3785058025279
595.5049069355151 -422.2609315598958 2.417717843799065
596.3147491469126 -421.7074178677903 4.078064497368079
597.6117567071468 -420.8217956320982 6.73201544402135
617.3682941173273 -423.1665505753951 0.3109173839087303
617.5818704650349 -423.3017027916172 0.7284180353044195
617.9347266557111 -423.5179257547701 1.378505802527945
618.4996018691055 -423.8638684401051 2.417717843799243
619.404719634785 -424.4173821322082 4.078064497368619
620.8543163197529 -425.3030043679012 6.732015444021501
617.3682941173273 -422.9582494246046 0.3109173839087203
617.5818704650349 -422.8230972083833 0.7284180353043946
617.9347266557113 -422.6068742452301 1.378505802527888
618.4996018691055 -422.2609315598958 2.417717843799056
619.4047196347847 -421.7074178677901 4.078064497368042
620.8543163197528 -420.8217956320981 6.732015444021341
640.2439040244142 -423.1665505753952 0.3109173839087178
640.4799620929333 -423.3017027916172 0.7284180353044073
640.8699610405231 -423.5179257547701 1.378505802527934
641.4942968026953 -423.863868440105 2.41771784379924
642.4946901226571 -424.4173821322082 4.0780644973686
644.0968759323586 -425.3030043679012 6.732015444021505
640.2439040244143 -422.9582494246047 0.3109173839087075
640.4799620929333 -422.8230972083833 0.7284180353043817
640.869961040523 -422.6068742452301 1.378505802527876
641.4942968026952 -422.2609315598958 2.417717843799048
642.4946901226568 -421.7074178677902 4.078064497368007
644.0968759323586 -420.8217956320981 6.73201544402133
663.119513931501 -423.166550575395 0.3109173839087091
663.378053720832 -423.3017027916172 0.7284180353043949
663.8051954253347 -423.5179257547701 1.378505802527922
664.4889917362854 -423.8638684401051 2.417717843799236
665.5846606105296 -424.4173821322083 4.078064497368586
667.3394355449635 -425.3030043679012 6.732015444021504
663.119513931501 -422.9582494246046 0.3109173839086983
663.3780537208319 -422.8230972083833 0.7284180353043681
663.8051954253347 -422.60687424523 1.378505802527864
664.4889917362855 -422.2609315598958 2.41771784379904
665.5846606105291 -421.7074178677902 4.078064497367971
667.3394355449639 -420.8217956320982 6.732015444021323
685.9951238385884 -423.166550575395 0.3109173839086968
686.2761453487308 -423.3017027916171 0.7284180353043829
686.7404298101463 -423.5179257547703 1.378505802527911
687.4836866698757 -423.863868440105 2.417717843799233
688.6746310984018 -424.4173821322084 4.078064497368569
690.5819951575692 -425.3030043679013 6.732015444021505
685.9951238385883 -422.9582494246045 0.3109173839086857
686.2761453487308 -422.8230972083833 0.7284180353043547
686.7404298101465 -422.60687424523 1.378505802527852
687.4836866698753 -422.2609315598958 2.417717843799032
688.6746310984014 -421.7074178677902 4.078064497367937
690.5819951575692 -420.8217956320982 6.732015444021317
708.8707337456756 -423.1665505753951 0.3109173839086852
709.1742369766289 -423.3017027916172 0.7284180353043711
709.6756641949585 -423.5179257547701 1.378505802527901
710.4783816034659 -423.863868440105 2.41771784379923
711.764601586274 -424.4173821322082 4.07806449736855
713.8245547701752 -425.3030043679013 6.732015444021508
708.8707337456756 -422.9582494246046 0.3109173839086739
709.1742369766288 -422.8230972083832 0.7284180353043422
709.6756641949585 -422.6068742452301 1.37850580252784
710.4783816034659 -422.2609315598958 2.417717843799025
711.7646015862734 -421.7074178677902 4.078064497367904
713.8245547701747 -420.8217956320981 6.732015444021306
731.7463436527631 -423.1665505753951 0.3109173839086736
732.0723286045278 -423.3017027916172 0.7284180353043603
732.61089857977 -423.5179257547702 1.378505802527889
733.4730765370558 -423.8638684401049 2.417717843799227
734.8545720741462 -424.4173821322082 4.078064497368536
737.0671143827805 -425.3030043679014 6.732015444021507
731.7463436527629 -422.9582494246045 0.3109173839086619
732.0723286045279 -422.8230972083833 0.7284180353043306
732.61089857977 -422.60687424523 1.378505802527828
733.4730765370552 -422.2609315598957 2.417717843799017
734.8545720741457 -421.7074178677901 4.078064497367868
737.0671143827809 -420.8217956320981 6.732015444021298
754.6219535598507 -423.166550575395 0.3109173839086612
754.9704202324262 -423.3017027916173 0.7284180353043479
755.5461329645821 -423.5179257547701 1.378505802527879
756.4677714706463 -423.863868440105 2.417717843799223
757.9445425620186 -424.4173821322082 4.078064497368519
760.3096739953861 -425.3030043679011 6.73201544402151
754.6219535598502 -422.9582494246047 0.3109173839086494
754.9704202324262 -422.8230972083833 0.7284180353043173
755.5461329645819 -422.60687424523 1.378505802527817
756.4677714706463 -422.2609315598958 2.41771784379901
757.944542562018 -421.7074178677902 4.078064497367833
760.3096739953862 -420.8217956320981 6.73201544402129
777.4975634669379 -423.1665505753951 0.3109173839086497
777.8685118603249 -423.3017027916172 0.7284180353043374
778.4813673493938 -423.5179257547702 1.378505802527868
779.4624664042362 -423.863868440105 2.417717843799219
781.0345130498908 -424.4173821322082 4.078064497368504
783.552233607992 -425.3030043679014 6.732015444021512
777.4975634669372 -422.9582494246047 0.3109173839086375
777.8685118603242 -422.8230972083832 0.7284180353043054
778.4813673493942 -422.60687424523 1.378505802527804
779.4624664042362 -422.2609315598957 2.417717843799001
781.0345130498898 -421.7074178677902 4.078064497367797
783.5522336079921 -420.8217956320981 6.732015444021282
3 95 0 864
2581
2582
2583
2584
2585
2586
2587
2588
2589
2590
2591
2592
2605
2606
2607
2608
2609
2610
2611
2612
2613
2614
2615
2616
3049
3050
3051
3052
3053
3054
3055
3056
3057
3058
3059
3060
3097
3098
3099
3100
3101
3102
3103
3104
3105
3106
3107
3108
3529
3530
3531
3532
3533
3534
3535
3536
3537
3538
3539
3540
3541
3542
3543
3544
3545
3546
3547
3548
3549
3550
3551
3552
3553
3554
3555
3556
3557
3558
3559
3560
3561
3562
3563
3564
3565
3566
3567
3568
3569
3570
3571
3572
3573
3574
3575
3576
3577
3578
3579
3580
3581
3582
3583
3584
3585
3586
3587
3588
3589
3590
3591
3592
3593
3594
3595
3596
3597
3598
3599
3600
3601
3602
3603
3604
3605
3606
3607
3608
3609
3610
3611
3612
3613
3614
3615
3616
3617
3618
3619
3620
3621
3622
3623
3624
3625
3626
3627
3628
3629
3630
3631
3632
3633
3634
3635
3636
3637
3638
3639
3640
3641
3642
3643
3644
3645
3646
3647
3648
3649
3650
3651
3652
3653
3654
3655
3656
3657
3658
3659
3660
3661
3662
3663
3664
3665
3666
3667
3668
3669
3670
3671
3672
3673
3674
3675
3676
3677
3678
3679
3680
3681
3682
3683
3684
3685
3686
3687
3688
3689
3690
3691
3692
3693
3694
3695
3696
3697
3698
3699
3700
3701
3702
3703
3704
3705
3706
3707
3708
3709
3710
3711
3712
3713
3714
3715
3716
3717
3718
3719
3720
3721
3722
3723
3724
3725
3726
3727
3728
3729
3730
3731
3732
3733
3734
3735
3736
3737
3738
3739
3740
3741
3742
3743
3744
3745
3746
3747
3748
3749
3750
3751
3752
3753
3754
3755
3756
3757
3758
3759
3760
3761
3762
3763
3764
3765
3766
3767
3768
3769
3770
3771
3772
3773
3774
3775
3776
3777
3778
3779
3780
3781
3782
3783
3784
3785
3786
3787
3788
3789
3790
3791
3792
3793
3794
3795
3796
3797
3798
3799
3800
3801
3802
3803
3804
3805
3806
3807
3808
3809
3810
3811
3812
3813
3814
3815
3816
3817
3818
3819
3820
3821
3822
3823
3824
3825
3826
3827
3828
3829
3830
3831
3832
3833
3834
3835
3836
3837
3838
3839
3840
3841
3842
3843
3844
3845
3846
3847
3848
3849
3850
3851
3852
3853
3854
3855
3856
3857
3858
3859
3860
3861
3862
3863
3864
3865
3866
3867
3868
3869
3870
3871
3872
3873
3874
3875
3876
3877
3878
3879
3880
3881
3882
3883
3884
3885
3886
3887
3888
3889
3890
3891
3892
3893
3894
3895
3896
3897
3898
3899
3900
3901
3902
3903
3904
3905
3906
3907
3908
3909
3910
3911
3912
3913
3914
3915
3916
3917
3918
3919
3920
3921
3922
3923
3924
3925
3926
3927
3928
3929
3930
3931
3932
3933
3934
3935
3936
4353
4354
4355
4356
4357
4358
4359
4360
4361
4362
4363
4364
4365
4366
4367
4368
4369
4370
4371
4372
4373
4374
4375
4376
4377
4378
4379
4380
4381
4382
4383
4384
4385
4386
4387
4388
4389
4390
4391
4392
4393
4394
4395
4396
4397
4398
4399
4400
4401
4402
4403
4404
4405
4406
4407
4408
4409
4410
4411
4412
4413
4414
4415
4416
4417
4418
4419
4420
4421
4422
4423
4424
4425
4426
4427
4428
4429
4430
4431
4432
4433
4434
4435
4436
4437
4438
4439
4440
4441
4442
4443
4444
4445
4446
4447
4448
4449
4450
4451
4452
4453
4454
4455
4456
4457
4458
4459
4460
4461
4462
4463
4464
4465
4466
4467
4468
4469
4470
4471
4472
4473
4474
4475
4476
4477
4478
4479
4480
4481
4482
4483
4484
4485
4486
4487
4488
4489
4490
4491
4492
4493
4494
4495
4496
4497
4498
4499
4500
4501
4502
4503
4504
4505
4506
4507
4508
4509
4510
4511
4512
4513
4514
4515
4516
4517
4518
4519
4520
4521
4522
4523
4524
4525
4526
4527
4528
4529
4530
4531
4532
4533
4534
4535
4536
4537
4538
4539
4540
4541
4542
4543
4544
4545
4546
4547
4548
4549
4550
4551
4552
4553
4554
4555
4556
4557
4558
4559
4560
4561
4562
4563
4564
4565
4566
4567
4568
4569
4570
4571
4572
4573
4574
4575
4576
4577
4578
4579
4580
4581
4582
4583
4584
4585
4586
4587
4588
4589
4590
4591
4592
4593
4594
4595
4596
4597
4598
4599
4600
4601
4602
4603
4604
4605
4606
4607
4608
4609
4610
4611
4612
4613
4614
4615
4616
4617
4618
4619
4620
4621
4622
4623
4624
4625
4626
4627
4628
4629
4630
4631
4632
4633
4634
4635
4636
4637
4638
4639
4640
4641
4642
4643
4644
4645
4646
4647
4648
4649
4650
4651
4652
4653
4654
4655
4656
4657
4658
4659
4660
4661
4662
4663
4664
4665
4666
4667
4668
4669
4670
4671
4672
4673
4674
4675
4676
4677
4678
4679
4680
4681
4682
4683
4684
4685
4686
4687
4688
4689
4690
4691
4692
4693
4694
4695
4696
4697
4698
4699
4700
4701
4702
4703
4704
4705
4706
4707
4708
4709
4710
4711
4712
4713
4714
4715
4716
4717
4718
4719
4720
4721
4722
4723
4724
4725
4726
4727
4728
4729
4730
4731
4732
4733
4734
4735
4736
4737
4738
4739
4740
4741
4742
4743
4744
4745
4746
4747
4748
4749
4750
4751
4752
4753
4754
4755
4756
4757
4758
4759
4760
-0.2547514460861525 -422.7550179649309 -0.307382035069202
-0.6623537169397289 -422.349417210256 -0.7129827897439754
-1.31451733904401 -421.7004560139825 -1.361943986017471
-2.357979173745936 -420.662118060803 -2.400281939196986
-4.027518102777379 -419.0007773421756 -4.061622657824448
-6.698780352883019 -416.3426322285378 -6.719767771462188
-0.2547514460861525 -423.3697820350692 -0.307382035069202
-0.6623537169397289 -423.775382789744 -0.7129827897439754
-1.31451733904401 -424.4243439860175 -1.361943986017471
-2.357979173745936 -425.462681939197 -2.400281939196986
-4.027518102777379 -427.1240226578245 -4.061622657824448
-6.698780352883019 -429.7821677714622 -6.719767771462188
800.3547514460862 -422.7550179649309 -0.307382035069202
800.7623537169397 -422.349417210256 -0.7129827897439754
801.414517339044 -421.7004560139825 -1.361943986017471
802.4579791737459 -420.662118060803 -2.400281939196986
804.1275181027775 -419.0007773421756 -4.061622657824448
806.798780352883 -416.3426322285378 -6.719767771462188
800.3547514460862 -423.3697820350692 -0.307382035069202
800.7623537169397 -423.775382789744 -0.7129827897439754
801.414517339044 -424.4243439860175 -1.361943986017471
802.4579791737459 -425.462681939197 -2.400281939196986
804.1275181027775 -427.1240226578245 -4.061622657824448
806.798780352883 -429.7821677714622 -6.719767771462188
-0.2731733740245286 -422.9582494246048 -0.3109173839090766
-0.2731733740245244 -423.1665505753953 -0.3109173839090708
-0.6666034882232488 -422.8230972083829 -0.7284180353047766
-0.6666034882232349 -423.3017027916169 -0.7284180353047693
-1.31660173420638 -422.6068742452297 -1.37850580252829
-1.316601734206361 -423.5179257547695 -1.378505802528254
-2.357161337826188 -422.2609315598952 -2.417717843799408
-2.357161337826183 -423.8638684401043 -2.417717843799346
-4.02448353776377 -421.7074178677906 -4.078064497369224
-4.024483537763704 -424.4173821322087 -4.078064497369147
-6.694793220598337 -420.8217956320981 -6.732015444022368
-6.694793220598317 -425.3030043679016 -6.732015444022022
800.3731733740242 -422.9582494246046 -0.3109173839090276
800.7666034882235 -422.8230972083831 -0.7284180353046763
801.4166017342061 -422.60687424523 -1.378505802528317
802.4571613378253 -422.2609315598952 -2.417717843799302
804.1244835377631 -421.7074178677909 -4.078064497368687
806.794793220598 -420.8217956320981 -6.732015444021755
800.3731733740246 -423.1665505753951 -0.3109173839090376
800.7666034882236 -423.3017027916171 -0.7284180353047015
801.4166017342059 -423.5179257547699 -1.378505802528313
802.4571613378259 -423.8638684401046 -2.417717843799247
804.1244835377636 -424.4173821322087 -4.078064497368835
806.7947932205985 -425.3030043679017 -6.732015444021569
22.61980577940432 -423.3697820350692 -0.3073820350691809
45.49436300489509 -423.3697820350692 -0.30738203506918
68.36892023038575 -423.3697820350692 -0.3073820350691809
91.2434774558763 -423.3697820350692 -0.3073820350691809
114.1180346813669 -423.3697820350692 -0.3073820350691809
136.9925919068575 -423.3697820350692 -0.3073820350691818
159.8671491323481 -423.3697820350692 -0.30738203506918
182.7417063578387 -423.3697820350692 -0.3073820350691809
205.6162635833294 -423.3697820350692 -0.3073820350691809
228.49082080882 -423.3697820350692 -0.3073820350691809
251.3653780343106 -423.3697820350692 -0.3073820350691792
274.2399352598011 -423.3697820350692 -0.3073820350691809
297.1144924852916 -423.3697820350692 -0.3073820350691809
319.9890497107823 -423.3697820350692 -0.30738203506918
342.8636069362728 -423.3697820350692 -0.3073820350691827
365.7381641617634 -423.3697820350692 -0.3073820350691818
388.612721387254 -423.3697820350692 -0.3073820350691809
411.4872786127446 -423.3697820350692 -0.3073820350691809
434.3618358382352 -423.3697820350692 -0.30738203506918
457.2363930637257 -423.3697820350692 -0.30738203506918
480.1109502892162 -423.3697820350692 -0.3073820350691818
502.9855075147069 -423.3697820350692 -0.3073820350691792
525.8600647401975 -423.3697820350692 -0.3073820350691818
548.7346219656881 -423.3697820350692 -0.3073820350691809
571.6091791911789 -423.3697820350692 -0.3073820350691809
594.4837364166697 -423.3697820350692 -0.3073820350691809
617.3582936421603 -423.3697820350692 -0.30738203506918
640.2328508676512 -423.3697820350692 -0.3073820350691792
663.1074080931418 -423.3697820350692 -0.3073820350691818
685.9819653186327 -423.3697820350692 -0.3073820350691809
708.8565225441234 -423.3697820350692 -0.3073820350691809
731.7310797696141 -423.3697820350692 -0.3073820350691809
754.6056369951048 -423.3697820350692 -0.30738203506918
777.4801942205954 -423.3697820350692 -0.30738203506918
22.23549506688539 -423.775382789744 -0.712982789743954
45.13334385071033 -423.775382789744 -0.712982789743954
68.03119263453556 -423.775382789744 -0.712982789743954
90.92904141836061 -423.775382789744 -0.7129827897439549
113.8268902021857 -423.775382789744 -0.7129827897439558
136.7247389860108 -423.775382789744 -0.7129827897439558
159.622587769836 -423.775382789744 -0.7129827897439549
182.5204365536612 -423.775382789744 -0.7129827897439558
205.4182853374862 -423.775382789744 -0.7129827897439558
228.3161341213113 -423.775382789744 -0.7129827897439549
251.2139829051364 -423.775382789744 -0.7129827897439549
274.1118316889614 -423.775382789744 -0.7129827897439549
297.0096804727865 -423.775382789744 -0.712982789743954
319.9075292566117 -423.775382789744 -0.7129827897439549
342.8053780404367 -423.775382789744 -0.7129827897439549
365.7032268242617 -423.775382789744 -0.7129827897439558
388.6010756080867 -423.775382789744 -0.7129827897439549
411.4989243919118 -423.775382789744 -0.7129827897439558
434.3967731757369 -423.775382789744 -0.7129827897439549
457.2946219595619 -423.775382789744 -0.712982789743954
480.192470743387 -423.775382789744 -0.712982789743954
503.0903195272122 -423.775382789744 -0.712982789743954
525.9881683110373 -423.775382789744 -0.7129827897439549
548.8860170948624 -423.775382789744 -0.7129827897439549
571.7838658786876 -423.775382789744 -0.712982789743954
594.6817146625128 -423.775382789744 -0.7129827897439558
617.5795634463381 -423.775382789744 -0.7129827897439558
640.4774122301634 -423.775382789744 -0.7129827897439558
663.3752610139886 -423.775382789744 -0.7129827897439549
686.2731097978137 -423.775382789744 -0.712982789743954
709.170958581639 -423.775382789744 -0.712982789743954
732.0688073654642 -423.775382789744 -0.7129827897439549
754.9666561492895 -423.775382789744 -0.712982789743954
777.8645049331146 -423.775382789744 -0.7129827897439549
21.62059793747267 -424.4243439860175 -1.36194398601745
44.55571321398946 -424.4243439860175 -1.361943986017451
67.4908284905062 -424.4243439860175 -1.36194398601745
90.42594376702306 -424.4243439860175 -1.36194398601745
113.3610590435398 -424.4243439860175 -1.361943986017451
136.2961743200567 -424.4243439860175 -1.36194398601745
159.2312895965734 -424.4243439860175 -1.361943986017451
182.1664048730902 -424.4243439860175 -1.361943986017451
205.101520149607 -424.4243439860175 -1.361943986017451
228.0366354261238 -424.4243439860175 -1.361943986017451
250.9717507026406 -424.4243439860175 -1.361943986017451
273.9068659791573 -424.4243439860175 -1.36194398601745
296.841981255674 -424.4243439860175 -1.36194398601745
319.7770965321909 -424.4243439860175 -1.361943986017451
342.7122118087075 -424.4243439860175 -1.36194398601745
365.6473270852243 -424.4243439860175 -1.36194398601745
388.582442361741 -424.4243439860175 -1.361943986017451
411.5175576382577 -424.4243439860175 -1.36194398601745
434.4526729147745 -424.4243439860175 -1.36194398601745
457.3877881912912 -424.4243439860175 -1.361943986017451
480.3229034678079 -424.4243439860175 -1.361943986017451
503.2580187443248 -424.4243439860175 -1.36194398601745
526.1931340208415 -424.4243439860175 -1.36194398601745
549.1282492973585 -424.4243439860175 -1.36194398601745
572.0633645738752 -424.4243439860175 -1.361943986017451
594.9984798503922 -424.4243439860175 -1.361943986017451
617.933595126909 -424.4243439860175 -1.36194398601745
640.8687104034259 -424.4243439860175 -1.361943986017451
663.8038256799426 -424.4243439860175 -1.36194398601745
686.7389409564596 -424.4243439860175 -1.361943986017451
709.6740562329766 -424.4243439860175 -1.361943986017451
732.6091715094933 -424.4243439860175 -1.36194398601745
755.5442867860103 -424.4243439860175 -1.361943986017451
778.4794020625272 -424.4243439860175 -1.361943986017451
20.63676249332514 -425.462681939197 -2.400281939196967
43.63150416039656 -425.462681939197 -2.400281939196965
66.62624582746759 -425.462681939197 -2.400281939196965
89.62098749453872 -425.462681939197 -2.400281939196965
112.61572916161 -425.462681939197 -2.400281939196967
135.6104708286812 -425.462681939197 -2.400281939196965
158.6052124957523 -425.462681939197 -2.400281939196964
181.5999541628236 -425.462681939197 -2.400281939196965
204.5946958298947 -425.462681939197 -2.400281939196965
227.5894374969659 -425.462681939197 -2.400281939196965
250.584179164037 -425.462681939197 -2.400281939196965
273.5789208311082 -425.462681939197 -2.400281939196965
296.5736624981793 -425.462681939197 -2.400281939196965
319.5684041652505 -425.462681939197 -2.400281939196965
342.5631458323216 -425.462681939197 -2.400281939196965
365.5578874993928 -425.462681939197 -2.400281939196965
388.5526291664638 -425.462681939197 -2.400281939196965
411.547370833535 -425.462681939197 -2.400281939196965
434.5421125006062 -425.462681939197 -2.400281939196965
457.5368541676773 -425.462681939197 -2.400281939196965
480.5315958347485 -425.462681939197 -2.400281939196965
503.5263375018196 -425.462681939197 -2.400281939196965
526.5210791688909 -425.462681939197 -2.400281939196964
549.515820835962 -425.462681939197 -2.400281939196965
572.5105625030333 -425.462681939197 -2.400281939196965
595.5053041701046 -425.462681939197 -2.400281939196965
618.5000458371759 -425.462681939197 -2.400281939196965
641.4947875042471 -425.462681939197 -2.400281939196965
664.4895291713184 -425.462681939197 -2.400281939196965
687.4842708383896 -425.462681939197 -2.400281939196965
710.479012505461 -425.462681939197 -2.400281939196965
733.4737541725322 -425.462681939197 -2.400281939196965
756.4684958396035 -425.462681939197 -2.400281939196965
779.4632375066747 -425.462681939197 -2.400281939196965
19.0626257888099 -427.1240226578245 -4.061622657824428
42.15276968039711 -427.1240226578245 -4.061622657824429
65.24291357198427 -427.1240226578245 -4.061622657824429
88.33305746357172 -427.1240226578245 -4.061622657824429
111.4232013551589 -427.1240226578245 -4.061622657824429
134.5133452467464 -427.1240226578245 -4.061622657824428
157.6034891383335 -427.1240226578245 -4.061622657824429
180.6936330299208 -427.1240226578245 -4.061622657824428
203.7837769215081 -427.1240226578245 -4.061622657824429
226.8739208130954 -427.1240226578245 -4.061622657824428
249.9640647046826 -427.1240226578245 -4.061622657824429
273.0542085962698 -427.1240226578245 -4.061622657824429
296.1443524878571 -427.1240226578245 -4.061622657824428
319.2344963794443 -427.1240226578245 -4.061622657824429
342.3246402710315 -427.1240226578245 -4.061622657824429
365.4147841626187 -427.1240226578245 -4.061622657824428
388.5049280542059 -427.1240226578245 -4.061622657824429
411.5950719457932 -427.1240226578245 -4.061622657824429
434.6852158373805 -427.1240226578245 -4.061622657824428
457.7753597289677 -427.1240226578245 -4.061622657824429
480.8655036205549 -427.1240226578245 -4.061622657824429
503.9556475121422 -427.1240226578245 -4.061622657824428
527.0457914037295 -427.1240226578245 -4.061622657824428
550.1359352953168 -427.1240226578245 -4.061622657824428
573.2260791869041 -427.1240226578245 -4.061622657824428
596.3162230784915 -427.1240226578245 -4.061622657824429
619.4063669700788 -427.1240226578245 -4.061622657824428
642.4965108616661 -427.1240226578245 -4.061622657824429
665.5866547532534 -427.1240226578245 -4.061622657824428
688.6767986448408 -427.1240226578245 -4.061622657824429
711.7669425364281 -427.1240226578245 -4.061622657824429
734.8570864280154 -427.1240226578245 -4.061622657824429
757.9472303196028 -427.1240226578245 -4.061622657824429
781.0373742111901 -427.1240226578245 -4.061622657824429
16.54400709585315 -429.7821677714622 -6.719767771462168
39.78679454458933 -429.7821677714622 -6.719767771462168
63.02958199332551 -429.7821677714622 -6.719767771462167
86.27236944206169 -429.7821677714622 -6.719767771462167
109.5151568907979 -429.7821677714622 -6.719767771462167
132.757944339534 -429.7821677714622 -6.719767771462168
156.0007317882702 -429.7821677714622 -6.719767771462167
179.2435192370064 -429.7821677714622 -6.719767771462168
202.4863066857426 -429.7821677714622 -6.719767771462168
225.7290941344788 -429.7821677714622 -6.719767771462168
248.971881583215 -429.7821677714622 -6.719767771462168
272.2146690319511 -429.7821677714622 -6.719767771462168
295.4574564806872 -429.7821677714622 -6.719767771462167
318.7002439294234 -429.7821677714622 -6.719767771462167
341.9430313781594 -429.7821677714622 -6.719767771462168
365.1858188268956 -429.7821677714622 -6.719767771462168
388.4286062756317 -429.7821677714622 -6.719767771462168
411.6713937243679 -429.7821677714622 -6.719767771462168
434.9141811731041 -429.7821677714622 -6.719767771462168
458.1569686218402 -429.7821677714622 -6.719767771462168
481.3997560705764 -429.7821677714622 -6.719767771462167
504.6425435193125 -429.7821677714622 -6.719767771462168
527.8853309680487 -429.7821677714622 -6.719767771462168
551.1281184167849 -429.7821677714622 -6.719767771462168
574.3709058655211 -429.7821677714622 -6.719767771462168
597.6136933142573 -429.7821677714622 -6.719767771462167
620.8564807629936 -429.7821677714622 -6.719767771462168
644.0992682117297 -429.7821677714622 -6.719767771462168
667.3420556604658 -429.7821677714622 -6.719767771462168
690.584843109202 -429.7821677714622 -6.719767771462168
713.8276305579382 -429.7821677714622 -6.719767771462167
737.0704180066743 -429.7821677714622 -6.719767771462168
760.3132054554105 -429.7821677714622 -6.719767771462168
783.5559929041467 -429.7821677714622 -6.719767771462168
22.61980577940432 -422.7550179649308 -0.3073820350691809
45.49436300489509 -422.7550179649308 -0.30738203506918
68.36892023038575 -422.7550179649308 -0.3073820350691809
91.2434774558763 -422.7550179649308 -0.3073820350691809
114.1180346813669 -422.7550179649308 -0.3073820350691809
136.9925919068575 -422.7550179649308 -0.3073820350691818
159.8671491323481 -422.7550179649308 -0.30738203506918
182.7417063578387 -422.7550179649308 -0.3073820350691809
205.6162635833294 -422.7550179649308 -0.3073820350691809
228.49082080882 -422.7550179649308 -0.3073820350691809
251.3653780343106 -422.7550179649308 -0.3073820350691792
274.2399352598011 -422.7550179649308 -0.3073820350691809
297.1144924852916 -422.7550179649308 -0.3073820350691809
319.9890497107823 -422.7550179649308 -0.30738203506918
342.8636069362728 -422.7550179649308 -0.3073820350691827
365.7381641617634 -422.7550179649308 -0.3073820350691818
388.612721387254 -422.7550179649308 -0.3073820350691809
411.4872786127446 -422.7550179649308 -0.3073820350691809
434.3618358382352 -422.7550179649308 -0.30738203506918
457.2363930637257 -422.7550179649308 -0.30738203506918
480.1109502892162 -422.7550179649308 -0.3073820350691818
502.9855075147069 -422.7550179649308 -0.3073820350691792
525.8600647401975 -422.7550179649308 -0.3073820350691818
548.7346219656881 -422.7550179649308 -0.3073820350691809
571.6091791911789 -422.7550179649308 -0.3073820350691809
594.4837364166697 -422.7550179649308 -0.3073820350691809
617.3582936421603 -422.7550179649308 -0.30738203506918
640.2328508676512 -422.7550179649308 -0.3073820350691792
663.1074080931418 -422.7550179649308 -0.3073820350691818
685.9819653186327 -422.7550179649308 -0.3073820350691809
708.8565225441234 -422.7550179649308 -0.3073820350691809
731.7310797696141 -422.7550179649308 -0.3073820350691809
754.6056369951048 -422.7550179649308 -0.30738203506918
777.4801942205954 -422.7550179649308 -0.30738203506918
22.23549506688539 -422.349417210256 -0.712982789743954
45.13334385071033 -422.349417210256 -0.712982789743954
68.03119263453556 -422.349417210256 -0.712982789743954
90.92904141836061 -422.349417210256 -0.7129827897439549
113.8268902021857 -422.349417210256 -0.7129827897439558
136.7247389860108 -422.349417210256 -0.7129827897439558
159.622587769836 -422.349417210256 -0.7129827897439549
182.5204365536612 -422.349417210256 -0.7129827897439558
205.4182853374862 -422.349417210256 -0.7129827897439558
228.3161341213113 -422.349417210256 -0.7129827897439549
251.2139829051364 -422.349417210256 -0.7129827897439549
274.1118316889614 -422.349417210256 -0.7129827897439549
297.0096804727865 -422.349417210256 -0.712982789743954
319.9075292566117 -422.349417210256 -0.7129827897439549
342.8053780404367 -422.349417210256 -0.7129827897439549
365.7032268242617 -422.349417210256 -0.7129827897439558
388.6010756080867 -422.349417210256 -0.7129827897439549
411.4989243919118 -422.349417210256 -0.7129827897439558
434.3967731757369 -422.349417210256 -0.7129827897439549
457.2946219595619 -422.349417210256 -0.712982789743954
480.192470743387 -422.349417210256 -0.712982789743954
503.0903195272122 -422.349417210256 -0.712982789743954
525.9881683110373 -422.349417210256 -0.7129827897439549
548.8860170948624 -422.349417210256 -0.7129827897439549
571.7838658786876 -422.349417210256 -0.712982789743954
594.6817146625128 -422.349417210256 -0.7129827897439558
617.5795634463381 -422.349417210256 -0.7129827897439558
640.4774122301634 -422.349417210256 -0.7129827897439558
663.3752610139886 -422.349417210256 -0.7129827897439549
686.2731097978137 -422.349417210256 -0.712982789743954
709.170958581639 -422.349417210256 -0.712982789743954
732.0688073654642 -422.349417210256 -0.7129827897439549
754.9666561492895 -422.349417210256 -0.712982789743954
777.8645049331146 -422.349417210256 -0.7129827897439549
21.62059793747267 -421.7004560139825 -1.36194398601745
44.55571321398946 -421.7004560139825 -1.361943986017451
67.4908284905062 -421.7004560139825 -1.36194398601745
90.42594376702306 -421.7004560139825 -1.36194398601745
113.3610590435398 -421.7004560139825 -1.361943986017451
136.2961743200567 -421.7004560139825 -1.36194398601745
159.2312895965734 -421.7004560139825 -1.361943986017451
182.1664048730902 -421.7004560139825 -1.361943986017451
205.101520149607 -421.7004560139825 -1.361943986017451
228.0366354261238 -421.7004560139825 -1.361943986017451
250.9717507026406 -421.7004560139825 -1.361943986017451
273.9068659791573 -421.7004560139825 -1.36194398601745
296.841981255674 -421.7004560139825 -1.36194398601745
319.7770965321909 -421.7004560139825 -1.361943986017451
342.7122118087075 -421.7004560139825 -1.36194398601745
365.6473270852243 -421.7004560139825 -1.36194398601745
388.582442361741 -421.7004560139825 -1.361943986017451
411.5175576382577 -421.7004560139825 -1.36194398601745
434.4526729147745 -421.7004560139825 -1.36194398601745
457.3877881912912 -421.7004560139825 -1.361943986017451
480.3229034678079 -421.7004560139825 -1.361943986017451
503.2580187443248 -421.7004560139825 -1.36194398601745
526.1931340208415 -421.7004560139825 -1.36194398601745
549.1282492973585 -421.7004560139825 -1.36194398601745
572.0633645738752 -421.7004560139825 -1.361943986017451
594.9984798503922 -421.7004560139825 -1.361943986017451
617.933595126909 -421.7004560139825 -1.36194398601745
640.8687104034259 -421.7004560139825 -1.361943986017451
663.8038256799426 -421.7004560139825 -1.36194398601745
686.7389409564596 -421.7004560139825 -1.361943986017451
709.6740562329766 -421.7004560139825 -1.361943986017451
732.6091715094933 -421.7004560139825 -1.36194398601745
755.5442867860103 -421.7004560139825 -1.361943986017451
778.4794020625272 -421.7004560139825 -1.361943986017451
20.63676249332514 -420.662118060803 -2.400281939196967
43.63150416039656 -420.662118060803 -2.400281939196965
66.62624582746759 -420.662118060803 -2.400281939196965
89.62098749453872 -420.662118060803 -2.400281939196965
112.61572916161 -420.662118060803 -2.400281939196967
135.6104708286812 -420.662118060803 -2.400281939196965
158.6052124957523 -420.662118060803 -2.400281939196964
181.5999541628236 -420.662118060803 -2.400281939196965
204.5946958298947 -420.662118060803 -2.400281939196965
227.5894374969659 -420.662118060803 -2.400281939196965
250.584179164037 -420.662118060803 -2.400281939196965
273.5789208311082 -420.662118060803 -2.400281939196965
296.5736624981793 -420.662118060803 -2.400281939196965
319.5684041652505 -420.662118060803 -2.400281939196965
342.5631458323216 -420.662118060803 -2.400281939196965
365.5578874993928 -420.662118060803 -2.400281939196965
388.5526291664638 -420.662118060803 -2.400281939196965
411.547370833535 -420.662118060803 -2.400281939196965
434.5421125006062 -420.662118060803 -2.400281939196965
457.5368541676773 -420.662118060803 -2.400281939196965
480.5315958347485 -420.662118060803 -2.400281939196965
503.5263375018196 -420.662118060803 -2.400281939196965
526.5210791688909 -420.662118060803 -2.400281939196964
549.515820835962 -420.662118060803 -2.400281939196965
572.5105625030333 -420.662118060803 -2.400281939196965
595.5053041701046 -420.662118060803 -2.400281939196965
618.5000458371759 -420.662118060803 -2.400281939196965
641.4947875042471 -420.662118060803 -2.400281939196965
664.4895291713184 -420.662118060803 -2.400281939196965
687.4842708383896 -420.662118060803 -2.400281939196965
710.479012505461 -420.662118060803 -2.400281939196965
733.4737541725322 -420.662118060803 -2.400281939196965
756.4684958396035 -420.662118060803 -2.400281939196965
779.4632375066747 -420.662118060803 -2.400281939196965
19.0626257888099 -419.0007773421756 -4.061622657824428
42.15276968039711 -419.0007773421756 -4.061622657824429
65.24291357198427 -419.0007773421756 -4.061622657824429
88.33305746357172 -419.0007773421756 -4.061622657824429
111.4232013551589 -419.0007773421756 -4.061622657824429
134.5133452467464 -419.0007773421756 -4.061622657824428
157.6034891383335 -419.0007773421756 -4.061622657824429
180.6936330299208 -419.0007773421756 -4.061622657824428
203.7837769215081 -419.0007773421756 -4.061622657824429
226.8739208130954 -419.0007773421756 -4.061622657824428
249.9640647046826 -419.0007773421756 -4.061622657824429
273.0542085962698 -419.0007773421756 -4.061622657824429
296.1443524878571 -419.0007773421756 -4.061622657824428
319.2344963794443 -419.0007773421756 -4.061622657824429
342.3246402710315 -419.0007773421756 -4.061622657824429
365.4147841626187 -419.0007773421756 -4.061622657824428
388.5049280542059 -419.0007773421756 -4.061622657824429
411.5950719457932 -419.0007773421756 -4.061622657824429
434.6852158373805 -419.0007773421756 -4.061622657824428
457.7753597289677 -419.0007773421756 -4.061622657824429
480.8655036205549 -419.0007773421756 -4.061622657824429
503.9556475121422 -419.0007773421756 -4.061622657824428
527.0457914037295 -419.0007773421756 -4.061622657824428
550.1359352953168 -419.0007773421756 -4.061622657824428
573.2260791869041 -419.0007773421756 -4.061622657824428
596.3162230784915 -419.0007773421756 -4.061622657824429
619.4063669700788 -419.0007773421756 -4.061622657824428
642.4965108616661 -419.0007773421756 -4.061622657824429
665.5866547532534 -419.0007773421756 -4.061622657824428
688.6767986448408 -419.0007773421756 -4.061622657824429
711.7669425364281 -419.0007773421756 -4.061622657824429
734.8570864280154 -419.0007773421756 -4.061622657824429
757.9472303196028 -419.0007773421756 -4.061622657824429
781.0373742111901 -419.0007773421756 -4.061622657824429
16.54400709585315 -416.3426322285378 -6.719767771462168
39.78679454458933 -416.3426322285378 -6.719767771462168
63.02958199332551 -416.3426322285378 -6.719767771462167
86.27236944206169 -416.3426322285378 -6.719767771462167
109.5151568907979 -416.3426322285378 -6.719767771462167
132.757944339534 -416.3426322285378 -6.719767771462168
156.0007317882702 -416.3426322285378 -6.719767771462167
179.2435192370064 -416.3426322285378 -6.719767771462168
202.4863066857426 -416.3426322285378 -6.719767771462168
225.7290941344788 -416.3426322285378 -6.719767771462168
248.971881583215 -416.3426322285378 -6.719767771462168
272.2146690319511 -416.3426322285378 -6.719767771462168
295.4574564806872 -416.3426322285378 -6.719767771462167
318.7002439294234 -416.3426322285378 -6.719767771462167
341.9430313781594 -416.3426322285378 -6.719767771462168
365.1858188268956 -416.3426322285378 -6.719767771462168
388.4286062756317 -416.3426322285378 -6.719767771462168
411.6713937243679 -416.3426322285378 -6.719767771462168
434.9141811731041 -416.3426322285378 -6.719767771462168
458.1569686218402 -416.3426322285378 -6.719767771462168
481.3997560705764 -416.3426322285378 -6.719767771462167
504.6425435193125 -416.3426322285378 -6.719767771462168
527.8853309680487 -416.3426322285378 -6.719767771462168
551.1281184167849 -416.3426322285378 -6.719767771462168
574.3709058655211 -416.3426322285378 -6.719767771462168
597.6136933142573 -416.3426322285378 -6.719767771462167
620.8564807629936 -416.3426322285378 -6.719767771462168
644.0992682117297 -416.3426322285378 -6.719767771462168
667.3420556604658 -416.3426322285378 -6.719767771462168
690.584843109202 -416.3426322285378 -6.719767771462168
713.8276305579382 -416.3426322285378 -6.719767771462167
737.0704180066743 -416.3426322285378 -6.719767771462168
760.3132054554105 -416.3426322285378 -6.719767771462168
783.5559929041467 -416.3426322285378 -6.719767771462168
22.60243653306241 -422.9582494246049 -0.3109173839090542
22.23148813967521 -422.8230972083831 -0.7284180353047524
21.61863265060529 -422.6068742452294 -1.37850580252827
20.63753359576373 -422.260931559895 -2.417717843799385
19.06548695010842 -421.7074178677905 -4.078064497369189
16.54776639200726 -420.8217956320982 -6.732015444022332
22.60243653306244 -423.1665505753955 -0.3109173839090487
22.23148813967524 -423.3017027916169 -0.728418035304746
21.61863265060528 -423.5179257547697 -1.378505802528236
20.63753359576376 -423.8638684401043 -2.417717843799323
19.06548695010849 -424.4173821322088 -4.07806449736912
16.54776639200729 -425.3030043679017 -6.732015444021991
45.47804644014963 -422.9582494246048 -0.3109173839090521
45.12957976757349 -422.8230972083833 -0.72841803530475
44.55386703541706 -422.6068742452297 -1.378505802528273
43.63222852935395 -422.260931559895 -2.417717843799381
42.15545743798054 -421.7074178677906 -4.078064497369171
39.79032600461289 -420.8217956320983 -6.732015444022313
45.47804644014967 -423.166550575395 -0.310917383909047
45.12957976757355 -423.3017027916169 -0.7284180353047442
44.55386703541708 -423.5179257547695 -1.378505802528237
43.63222852935403 -423.8638684401044 -2.417717843799319
42.15545743798062 -424.4173821322087 -4.078064497369112
39.79032600461292 -425.3030043679017 -6.732015444021978
68.35365634723678 -422.9582494246048 -0.3109173839090513
68.0276713954721 -422.8230972083832 -0.7284180353047467
67.48910142022881 -422.6068742452297 -1.378505802528271
66.62692346294392 -422.260931559895 -2.417717843799377
65.2454279258526 -421.7074178677906 -4.078064497369157
63.03288561721848 -420.8217956320981 -6.732015444022293
68.35365634723678 -423.1665505753951 -0.3109173839090469
68.02767139547213 -423.3017027916168 -0.7284180353047423
67.48910142022879 -423.5179257547695 -1.378505802528238
66.62692346294391 -423.8638684401043 -2.417717843799316
65.24542792585271 -424.4173821322087 -4.078064497369101
63.03288561721851 -425.3030043679017 -6.732015444021966
91.2292662543238 -422.9582494246048 -0.3109173839090501
90.92576302337046 -422.8230972083832 -0.728418035304745
90.42433580504054 -422.6068742452295 -1.378505802528272
89.62161839653383 -422.260931559895 -2.417717843799375
88.3353984137249 -421.7074178677904 -4.078064497369143
86.27544522982413 -420.8217956320981 -6.732015444022275
91.2292662543239 -423.166550575395 -0.310917383909046
90.92576302337055 -423.3017027916168 -0.7284180353047414
90.42433580504063 -423.5179257547696 -1.37850580252824
89.62161839653398 -423.8638684401043 -2.417717843799313
88.33539841372514 -424.4173821322088 -4.078064497369094
86.27544522982423 -425.3030043679017 -6.732015444021952
114.1048761614108 -422.9582494246048 -0.3109173839090487
113.823854651269 -422.8230972083832 -0.7284180353047427
113.3595701898523 -422.6068742452296 -1.378505802528275
112.616313330124 -422.260931559895 -2.417717843799372
111.4253689015972 -421.7074178677904 -4.078064497369128
109.5180048424297 -420.8217956320982 -6.732015444022258
114.1048761614109 -423.1665505753951 -0.3109173839090449
113.823854651269 -423.3017027916168 -0.72841803530474
113.3595701898523 -423.5179257547696 -1.378505802528243
112.6163133301241 -423.8638684401043 -2.417717843799312
111.4253689015972 -424.4173821322087 -4.078064497369083
109.5180048424298 -425.3030043679017 -6.732015444021938
136.980486068498 -422.9582494246048 -0.3109173839090481
136.7219462791674 -422.8230972083832 -0.7284180353047396
136.2948045746643 -422.6068742452296 -1.378505802528274
135.611008263714 -422.2609315598949 -2.41771784379937
134.5153393894695 -421.7074178677904 -4.078064497369111
132.7605644550354 -420.8217956320982 -6.732015444022246
136.980486068498 -423.1665505753951 -0.310917383909045
136.7219462791674 -423.3017027916169 -0.7284180353047383
136.2948045746643 -423.5179257547695 -1.378505802528244
135.6110082637142 -423.8638684401044 -2.417717843799308
134.5153393894696 -424.4173821322087 -4.078064497369073
132.7605644550354 -425.3030043679017 -6.732015444021927
159.856095975585 -422.9582494246047 -0.310917383909045
159.6200379070659 -422.8230972083832 -0.7284180353047363
159.2300389594759 -422.6068742452297 -1.378505802528276
158.605703197304 -422.260931559895 -2.417717843799364
157.6053098773416 -421.7074178677905 -4.078064497369096
156.003124067641 -420.8217956320982 -6.732015444022227
159.8560959755852 -423.166550575395 -0.3109173839090423
159.620037907066 -423.3017027916168 -0.7284180353047356
159.2300389594758 -423.5179257547696 -1.378505802528246
158.6057031973041 -423.8638684401043 -2.417717843799304
157.6053098773417 -424.4173821322086 -4.078064497369065
156.003124067641 -425.3030043679016 -6.732015444021913
182.7317058826721 -422.9582494246048 -0.3109173839090445
182.5181295349645 -422.8230972083832 -0.728418035304734
182.1652733442878 -422.6068742452298 -1.378505802528277
181.6003981308939 -422.2609315598949 -2.417717843799362
180.6952803652137 -421.7074178677905 -4.078064497369082
179.2456836802466 -420.8217956320983 -6.732015444022212
182.7317058826722 -423.166550575395 -0.3109173839090423
182.5181295349646 -423.3017027916169 -0.7284180353047343
182.1652733442876 -423.5179257547697 -1.378505802528248
181.6003981308942 -423.8638684401042 -2.417717843799302
180.6952803652139 -424.4173821322087 -4.078064497369058
179.2456836802467 -425.3030043679017 -6.732015444021899
205.6073157897593 -422.9582494246047 -0.310917383909043
205.416221162863 -422.8230972083832 -0.7284180353047311
205.1005077290996 -422.6068742452297 -1.378505802528278
204.595093064484 -422.260931559895 -2.41771784379936
203.7852508530859 -421.7074178677904 -4.078064497369065
202.4882432928522 -420.8217956320981 -6.732015444022195
205.6073157897594 -423.1665505753951 -0.3109173839090412
205.416221162863 -423.3017027916169 -0.7284180353047326
205.1005077290995 -423.5179257547696 -1.37850580252825
204.5950930644842 -423.8638684401043 -2.417717843799299
203.7852508530861 -424.4173821322088 -4.078064497369049
202.4882432928523 -425.3030043679018 -6.732015444021889
228.4829256968463 -422.9582494246048 -0.3109173839090417
228.3143127907612 -422.8230972083832 -0.7284180353047278
228.0357421139113 -422.6068742452298 -1.378505802528278
227.5897879980742 -422.2609315598949 -2.417717843799356
226.8752213409581 -421.7074178677905 -4.07806449736905
225.7308029054578 -420.8217956320983 -6.732015444022176
228.4829256968463 -423.166550575395 -0.3109173839090403
228.3143127907613 -423.3017027916168 -0.7284180353047298
228.0357421139113 -423.5179257547697 -1.378505802528251
227.5897879980743 -423.8638684401043 -2.417717843799295
226.8752213409583 -424.4173821322088 -4.078064497369041
225.730802905458 -425.3030043679017 -6.732015444021874
251.3585356039334 -422.9582494246048 -0.3109173839090384
251.2124044186598 -422.8230972083832 -0.728418035304725
250.9709764987231 -422.60687424523 -1.37850580252828
250.584482931664 -422.260931559895 -2.417717843799355
249.9651918288303 -421.7074178677904 -4.078064497369036
248.9733625180633 -420.8217956320983 -6.732015444022156
251.3585356039336 -423.1665505753951 -0.3109173839090376
251.2124044186598 -423.3017027916168 -0.7284180353047276
250.970976498723 -423.5179257547697 -1.378505802528253
250.5844829316642 -423.8638684401045 -2.417717843799294
249.9651918288304 -424.4173821322087 -4.078064497369031
248.9733625180637 -425.3030043679016 -6.73201544402186
274.2341455110205 -422.9582494246049 -0.310917383909039
274.1104960465582 -422.8230972083832 -0.728418035304722
273.9062108835349 -422.60687424523 -1.378505802528278
273.5791778652542 -422.2609315598953 -2.417717843799349
273.0551623167024 -421.7074178677908 -4.078064497369018
272.215922130669 -420.8217956320982 -6.73201544402214
274.2341455110204 -423.1665505753949 -0.3109173839090383
274.1104960465581 -423.3017027916168 -0.7284180353047259
273.9062108835345 -423.5179257547696 -1.378505802528254
273.5791778652545 -423.8638684401046 -2.41771784379929
273.0551623167028 -424.4173821322087 -4.078064497369024
272.2159221306694 -425.3030043679016 -6.732015444021849
297.1097554181074 -422.9582494246048 -0.3109173839090373
297.0085876744566 -422.8230972083832 -0.7284180353047185
296.8414452683465 -422.60687424523 -1.378505802528279
296.5738727988441 -422.260931559895 -2.417717843799348
296.1451328045748 -421.7074178677906 -4.078064497369003
295.4584817432745 -420.8217956320983 -6.73201544402212
297.1097554181076 -423.166550575395 -0.3109173839090374
297.0085876744566 -423.3017027916168 -0.728418035304723
296.8414452683464 -423.5179257547696 -1.378505802528255
296.5738727988444 -423.8638684401044 -2.417717843799287
296.1451328045748 -424.4173821322087 -4.078064497369012
295.4584817432748 -425.3030043679017 -6.732015444021834
319.9853653251946 -422.9582494246049 -0.3109173839090351
319.9066793023551 -422.8230972083832 -0.7284180353047163
319.776679653158 -422.60687424523 -1.378505802528281
319.568567732434 -422.260931559895 -2.417717843799346
319.2351032924468 -421.7074178677908 -4.07806449736899
318.7010413558801 -420.8217956320983 -6.7320154440221
319.9853653251947 -423.166550575395 -0.3109173839090356
319.9066793023552 -423.3017027916169 -0.728418035304722
319.7766796531581 -423.5179257547696 -1.378505802528258
319.5685677324342 -423.8638684401043 -2.417717843799285
319.2351032924469 -424.4173821322087 -4.078064497369005
318.7010413558804 -425.3030043679017 -6.732015444021822
342.8609752322816 -422.9582494246048 -0.3109173839090365
342.8047709302534 -422.8230972083832 -0.7284180353047135
342.7119140379698 -422.60687424523 -1.378505802528281
342.5632626660241 -422.2609315598949 -2.417717843799342
342.3250737803189 -421.7074178677908 -4.078064497368972
341.9436009684856 -420.8217956320983 -6.732015444022087
342.8609752322816 -423.166550575395 -0.3109173839090374
342.8047709302534 -423.3017027916168 -0.7284180353047203
342.7119140379698 -423.5179257547696 -1.378505802528259
342.5632626660243 -423.8638684401043 -2.417717843799283
342.3250737803191 -424.4173821322088 -4.078064497368993
341.9436009684862 -425.3030043679016 -6.73201544402181
365.7365851393686 -422.9582494246047 -0.3109173839090341
365.702862558152 -422.8230972083832 -0.7284180353047114
365.6471484227817 -422.6068742452301 -1.378505802528281
365.557957599614 -422.2609315598949 -2.417717843799339
365.415044268191 -421.7074178677907 -4.078064497368959
365.1861605810914 -420.8217956320981 -6.732015444022069
365.7365851393685 -423.1665505753951 -0.3109173839090355
365.702862558152 -423.3017027916169 -0.7284180353047188
365.6471484227817 -423.5179257547698 -1.37850580252826
365.5579575996144 -423.8638684401044 -2.417717843799279
365.4150442681913 -424.4173821322088 -4.078064497368985
365.1861605810917 -425.3030043679017 -6.732015444021796
388.6121950464555 -422.9582494246047 -0.3109173839090318
388.6009541860502 -422.8230972083832 -0.7284180353047077
388.5823828075933 -422.6068742452302 -1.378505802528283
388.5526525332039 -422.2609315598949 -2.417717843799335
388.5050147560631 -421.7074178677906 -4.078064497368944
388.4287201936968 -420.8217956320983 -6.732015444022051
388.612195046456 -423.1665505753949 -0.3109173839090337
388.6009541860501 -423.3017027916169 -0.7284180353047162
388.5823828075933 -423.5179257547696 -1.378505802528263
388.5526525332043 -423.8638684401046 -2.417717843799276
388.5050147560634 -424.4173821322087 -4.078064497368977
388.4287201936971 -425.3030043679016 -6.732015444021783
411.4878049535427 -422.9582494246046 -0.3109173839090305
411.4990458139485 -422.8230972083832 -0.7284180353047056
411.5176171924051 -422.6068742452301 -1.378505802528283
411.5473474667941 -422.260931559895 -2.417717843799333
411.5949852439352 -421.7074178677907 -4.078064497368927
411.6712798063023 -420.8217956320982 -6.732015444022037
411.4878049535428 -423.1665505753951 -0.3109173839090327
411.4990458139487 -423.3017027916169 -0.7284180353047152
411.5176171924051 -423.5179257547697 -1.378505802528264
411.5473474667943 -423.8638684401046 -2.417717843799274
411.5949852439355 -424.4173821322087 -4.078064497368967
411.6712798063026 -425.3030043679017 -6.732015444021771
434.3634148606296 -422.9582494246046 -0.3109173839090281
434.3971374418472 -422.8230972083832 -0.7284180353047019
434.4528515772166 -422.6068742452301 -1.378505802528284
434.5420424003843 -422.260931559895 -2.417717843799331
434.6849557318076 -421.7074178677907 -4.078064497368912
434.9138394189083 -420.8217956320982 -6.73201544402202
434.3634148606299 -423.166550575395 -0.310917383909031
434.397137441847 -423.3017027916168 -0.7284180353047123
434.4528515772164 -423.5179257547698 -1.378505802528266
434.5420424003842 -423.8638684401046 -2.417717843799271
434.6849557318079 -424.4173821322087 -4.078064497368959
434.9138394189084 -425.3030043679016 -6.732015444021755
457.2390247677167 -422.9582494246046 -0.3109173839090267
457.2952290697459 -422.8230972083832 -0.7284180353046981
457.3880859620288 -422.60687424523 -1.378505802528285
457.5367373339739 -422.260931559895 -2.417717843799326
457.7749262196796 -421.7074178677906 -4.078064497368898
458.1563990315138 -420.8217956320981 -6.732015444022002
457.2390247677172 -423.166550575395 -0.3109173839090298
457.2952290697455 -423.3017027916169 -0.7284180353047095
457.3880859620287 -423.5179257547698 -1.378505802528269
457.5367373339743 -423.8638684401046 -2.417717843799269
457.7749262196799 -424.4173821322087 -4.078064497368948
458.1563990315138 -425.3030043679016 -6.732015444021746
480.1146346748039 -422.9582494246047 -0.3109173839090271
480.1933206976438 -422.8230972083832 -0.7284180353046954
480.3233203468402 -422.6068742452301 -1.378505802528286
480.531432267564 -422.260931559895 -2.417717843799324
480.8648967075515 -421.7074178677906 -4.07806449736888
481.3989586441193 -420.8217956320982 -6.732015444021981
480.114634674804 -423.1665505753949 -0.3109173839090307
480.193320697644 -423.3017027916168 -0.7284180353047077
480.3233203468401 -423.5179257547699 -1.378505802528269
480.5314322675644 -423.8638684401045 -2.417717843799265
480.8648967075521 -424.4173821322087 -4.078064497368941
481.3989586441199 -425.3030043679016 -6.73201544402173
502.9902445818906 -422.9582494246045 -0.310917383909023
503.0914123255424 -422.8230972083832 -0.7284180353046922
503.2585547316522 -422.6068742452301 -1.378505802528286
503.5261272011539 -422.260931559895 -2.417717843799321
503.9548671954243 -421.7074178677906 -4.078064497368866
504.6415182567247 -420.8217956320981 -6.732015444021966
502.9902445818911 -423.166550575395 -0.3109173839090272
503.0914123255426 -423.3017027916169 -0.7284180353047055
503.2585547316519 -423.5179257547699 -1.37850580252827
503.5261272011544 -423.8638684401046 -2.417717843799262
503.9548671954245 -424.4173821322087 -4.07806449736893
504.6415182567251 -425.3030043679016 -6.732015444021718
525.8658544889776 -422.9582494246046 -0.3109173839090244
525.9895039534408 -422.8230972083832 -0.7284180353046903
526.1937891164641 -422.6068742452301 -1.378505802528288
526.520822134744 -422.260931559895 -2.417717843799315
527.0448376832962 -421.7074178677908 -4.078064497368851
527.8840778693304 -420.8217956320983 -6.732015444021948
525.8658544889781 -423.166550575395 -0.3109173839090287
525.9895039534412 -423.3017027916168 -0.7284180353047045
526.1937891164639 -423.5179257547699 -1.378505802528272
526.5208221347445 -423.8638684401045 -2.417717843799258
527.0448376832964 -424.4173821322087 -4.078064497368923
527.8840778693308 -425.3030043679016 -6.732015444021707
548.741464396065 -422.9582494246047 -0.310917383909022
548.8875955813392 -422.8230972083832 -0.7284180353046878
549.1290235012756 -422.60687424523 -1.378505802528287
549.5155170683339 -422.260931559895 -2.417717843799315
550.1348081711685 -421.7074178677907 -4.078064497368834
551.1266374819364 -420.8217956320983 -6.73201544402193
548.7414643960653 -423.1665505753951 -0.3109173839090269
548.8875955813394 -423.3017027916169 -0.7284180353047023
549.1290235012755 -423.5179257547697 -1.378505802528274
549.5155170683347 -423.8638684401045 -2.417717843799256
550.1348081711687 -424.4173821322087 -4.078064497368914
551.1266374819363 -425.3030043679016 -6.732015444021693
571.6170743031527 -422.9582494246045 -0.3109173839090205
571.7856872092377 -422.8230972083832 -0.7284180353046837
572.0642578860877 -422.6068742452301 -1.37850580252829
572.5102120019239 -422.2609315598951 -2.417717843799311
573.2247786590406 -421.7074178677907 -4.078064497368819
574.3691970945416 -420.8217956320982 -6.732015444021913
571.617074303153 -423.1665505753949 -0.310917383909026
571.7856872092378 -423.3017027916169 -0.7284180353046997
572.0642578860871 -423.5179257547698 -1.378505802528276
572.5102120019251 -423.8638684401045 -2.417717843799255
573.2247786590408 -424.4173821322088 -4.078064497368906
574.3691970945421 -425.3030043679017 -6.732015444021682
594.4926842102395 -422.9582494246046 -0.3109173839090192
594.6837788371361 -422.8230972083832 -0.7284180353046825
594.9994922708996 -422.6068742452299 -1.378505802528291
595.5049069355143 -422.260931559895 -2.417717843799308
596.3147491469125 -421.7074178677908 -4.078064497368807
597.6117567071474 -420.8217956320982 -6.732015444021892
594.4926842102399 -423.166550575395 -0.3109173839090252
594.6837788371363 -423.3017027916168 -0.7284180353046996
594.9994922708993 -423.51792575477 -1.378505802528279
595.5049069355149 -423.8638684401046 -2.417717843799251
596.3147491469135 -424.4173821322088 -4.078064497368896
597.6117567071477 -425.3030043679016 -6.73201544402167
617.368294117327 -422.9582494246046 -0.3109173839090169
617.5818704650352 -422.8230972083832 -0.7284180353046796
617.9347266557114 -422.6068742452301 -1.37850580252829
618.4996018691045 -422.2609315598949 -2.417717843799305
619.4047196347848 -421.7074178677906 -4.078064497368787
620.8543163197534 -420.8217956320982 -6.732015444021878
617.3682941173273 -423.1665505753951 -0.3109173839090232
617.5818704650349 -423.3017027916169 -0.7284180353046976
617.9347266557113 -423.5179257547699 -1.378505802528279
618.499601869105 -423.8638684401046 -2.417717843799247
619.4047196347856 -424.4173821322087 -4.078064497368888
620.8543163197537 -425.3030043679016 -6.732015444021654
640.2439040244134 -422.9582494246047 -0.3109173839090145
640.4799620929331 -422.8230972083832 -0.7284180353046772
640.8699610405226 -422.6068742452301 -1.378505802528291
641.4942968026943 -422.260931559895 -2.417717843799303
642.4946901226573 -421.7074178677907 -4.078064497368774
644.0968759323586 -420.8217956320982 -6.73201544402186
640.2439040244143 -423.1665505753951 -0.3109173839090215
640.4799620929338 -423.3017027916169 -0.7284180353046956
640.869961040523 -423.5179257547699 -1.378505802528282
641.4942968026952 -423.8638684401045 -2.417717843799245
642.4946901226577 -424.4173821322086 -4.078064497368877
644.096875932359 -425.3030043679016 -6.732015444021643
663.1195139315007 -422.9582494246046 -0.3109173839090159
663.378053720832 -422.8230972083833 -0.728418035304673
663.8051954253347 -422.6068742452299 -1.378505802528291
664.4889917362843 -422.260931559895 -2.417717843799298
665.5846606105292 -421.7074178677906 -4.07806449736876
667.3394355449639 -420.8217956320982 -6.732015444021841
663.119513931501 -423.1665505753951 -0.3109173839090233
663.3780537208323 -423.3017027916169 -0.728418035304693
663.8051954253347 -423.5179257547698 -1.378505802528283
664.4889917362855 -423.8638684401046 -2.417717843799241
665.58466061053 -424.4173821322087 -4.07806449736887
667.3394355449643 -425.3030043679017 -6.732015444021629
685.9951238385878 -422.9582494246046 -0.3109173839090137
686.2761453487307 -422.8230972083832 -0.7284180353046696
686.7404298101465 -422.6068742452301 -1.378505802528293
687.4836866698744 -422.260931559895 -2.417717843799297
688.6746310984016 -421.7074178677906 -4.078064497368745
690.5819951575696 -420.8217956320982 -6.732015444021825
685.9951238385887 -423.1665505753951 -0.3109173839090215
686.2761453487308 -423.3017027916169 -0.72841803530469
686.7404298101465 -423.5179257547698 -1.378505802528285
687.4836866698753 -423.8638684401046 -2.41771784379924
688.6746310984023 -424.4173821322088 -4.07806449736886
690.5819951575701 -425.3030043679017 -6.732015444021616
708.8707337456761 -422.9582494246045 -0.3109173839090123
709.1742369766293 -422.8230972083831 -0.728418035304667
709.6756641949589 -422.6068742452301 -1.378505802528294
710.478381603465 -422.260931559895 -2.417717843799294
711.7646015862746 -421.7074178677907 -4.078064497368727
713.8245547701749 -420.8217956320982 -6.732015444021803
708.870733745676 -423.1665505753951 -0.3109173839090203
709.1742369766297 -423.3017027916172 -0.7284180353046882
709.6756641949585 -423.5179257547699 -1.378505802528287
710.4783816034654 -423.8638684401046 -2.417717843799236
711.7646015862748 -424.4173821322087 -4.078064497368852
713.8245547701756 -425.3030043679016 -6.732015444021604
731.746343652763 -422.9582494246044 -0.3109173839090107
732.0723286045278 -422.8230972083833 -0.7284180353046648
732.6108985797704 -422.60687424523 -1.378505802528293
733.4730765370543 -422.260931559895 -2.417717843799291
734.8545720741459 -421.7074178677907 -4.078064497368713
737.0671143827814 -420.8217956320982 -6.732015444021792
731.7463436527629 -423.1665505753951 -0.3109173839090194
732.0723286045284 -423.3017027916172 -0.7284180353046867
732.61089857977 -423.5179257547699 -1.378505802528288
733.4730765370552 -423.8638684401045 -2.417717843799235
734.8545720741466 -424.4173821322087 -4.078064497368842
737.0671143827818 -425.3030043679016 -6.732015444021589
754.6219535598502 -422.9582494246046 -0.3109173839090085
754.9704202324267 -422.8230972083833 -0.728418035304661
755.5461329645819 -422.6068742452301 -1.378505802528296
756.4677714706448 -422.2609315598949 -2.417717843799287
757.9445425620183 -421.7074178677908 -4.078064497368699
760.3096739953868 -420.8217956320981 -6.732015444021769
754.6219535598507 -423.166550575395 -0.3109173839090176
754.9704202324267 -423.3017027916173 -0.7284180353046841
755.5461329645819 -423.5179257547699 -1.37850580252829
756.4677714706459 -423.8638684401046 -2.417717843799232
757.9445425620189 -424.4173821322088 -4.078064497368834
760.3096739953871 -425.3030043679016 -6.732015444021575
777.4975634669369 -422.9582494246046 -0.3109173839090072
777.8685118603248 -422.8230972083832 -0.728418035304659
778.4813673493943 -422.60687424523 -1.378505802528297
779.4624664042354 -422.2609315598949 -2.417717843799285
781.0345130498912 -421.7074178677908 -4.078064497368681
783.5522336079927 -420.8217956320982 -6.732015444021757
777.4975634669381 -423.166550575395 -0.3109173839090166
777.8685118603247 -423.3017027916171 -0.7284180353046833
778.4813673493942 -423.5179257547702 -1.378505802528291
779.4624664042362 -423.8638684401046 -2.417717843799229
781.0345130498907 -424.4173821322087 -4.078064497368824
783.552233607993 -425.3030043679016 -6.732015444021566
3 96 0 432
3061
3062
3063
3064
3065
3066
3067
3068
3069
3070
3071
3072
3109
3110
3111
3112
3113
3114
3115
3116
3117
3118
3119
3120
4761
4762
4763
4764
4765
4766
4767
4768
4769
4770
4771
4772
4773
4774
4775
4776
4777
4778
4779
4780
4781
4782
4783
4784
4785
4786
4787
4788
4789
4790
4791
4792
4793
4794
4795
4796
4797
4798
4799
4800
4801
4802
4803
4804
4805
4806
4807
4808
4809
4810
4811
4812
4813
4814
4815
4816
4817
4818
4819
4820
4821
4822
4823
4824
4825
4826
4827
4828
4829
4830
4831
4832
4833
4834
4835
4836
4837
4838
4839
4840
4841
4842
4843
4844
4845
4846
4847
4848
4849
4850
4851
4852
4853
4854
4855
4856
4857
4858
4859
4860
4861
4862
4863
4864
4865
4866
4867
4868
4869
4870
4871
4872
4873
4874
4875
4876
4877
4878
4879
4880
4881
4882
4883
4884
4885
4886
4887
4888
4889
4890
4891
4892
4893
4894
4895
4896
4897
4898
4899
4900
4901
4902
4903
4904
4905
4906
4907
4908
4909
4910
4911
4912
4913
4914
4915
4916
4917
4918
4919
4920
4921
4922
4923
4924
4925
4926
4927
4928
4929
4930
4931
4932
4933
4934
4935
4936
4937
4938
4939
4940
4941
4942
4943
4944
4945
4946
4947
4948
4949
4950
4951
4952
4953
4954
4955
4956
4957
4958
4959
4960
4961
4962
4963
4964
4965
4966
4967
4968
4969
4970
4971
4972
4973
4974
4975
4976
4977
4978
4979
4980
4981
4982
4983
4984
4985
4986
4987
4988
4989
4990
4991
4992
4993
4994
4995
4996
4997
4998
4999
5000
5001
5002
5003
5004
5005
5006
5007
5008
5009
5010
5011
5012
5013
5014
5015
5016
5017
5018
5019
5020
5021
5022
5023
5024
5025
5026
5027
5028
5029
5030
5031
5032
5033
5034
5035
5036
5037
5038
5039
5040
5041
5042
5043
5044
5045
5046
5047
5048
5049
5050
5051
5052
5053
5054
5055
5056
5057
5058
5059
5060
5061
5062
5063
5064
5065
5066
5067
5068
5069
5070
5071
5072
5073
5074
5075
5076
5077
5078
5079
5080
5081
5082
5083
5084
5085
5086
5087
5088
5089
5090
5091
5092
5093
5094
5095
5096
5097
5098
5099
5100
5101
5102
5103
5104
5105
5106
5107
5108
5109
5110
5111
5112
5113
5114
5115
5116
5117
5118
5119
5120
5121
5122
5123
5124
5125
5126
5127
5128
5129
5130
5131
5132
5133
5134
5135
5136
5137
5138
5139
5140
5141
5142
5143
5144
5145
5146
5147
5148
5149
5150
5151
5152
5153
5154
5155
5156
5157
5158
5159
5160
5161
5162
5163
5164
5165
5166
5167
5168
-0.2731733740245866 -423.373317383909 -0.104150575395199
-0.6666034882233278 -423.7908180353046 -0.2393027916169767
-1.31660173420645 -424.4409058025282 -0.4555257547698735
-2.357161337826303 -425.4801178437992 -0.801468440104448
-4.024483537763595 -427.1404644973694 -1.354982132208652
-6.694793220598151 -429.7944154440218 -2.240604367901547
-0.2731733740245879 -423.373317383909 0.1041505753952036
-0.6666034882233511 -423.7908180353043 0.2393027916169805
-1.316601734206486 -424.4409058025283 0.45552575476988
-2.35716133782639 -425.4801178437995 0.8014684401044524
-4.024483537763759 -427.1404644973694 1.354982132208646
-6.694793220598688 -429.794415444022 2.240604367901552
800.3731733740245 -423.3733173839093 -0.1041505753952061
800.3731733740242 -423.3733173839091 0.1041505753951997
800.7666034882234 -423.7908180353052 -0.2393027916169851
800.7666034882234 -423.7908180353051 0.2393027916169783
801.4166017342067 -424.4409058025285 -0.4555257547698828
801.4166017342068 -424.4409058025283 0.4555257547698746
802.4571613378255 -425.480117843799 -0.8014684401044544
802.457161337825 -425.4801178437987 0.8014684401044506
804.1244835377636 -427.1404644973695 -1.354982132208651
804.124483537764 -427.1404644973695 1.354982132208641
806.7947932205992 -429.7944154440219 -2.240604367901553
806.794793220599 -429.7944154440215 2.24060436790155
22.60243653306237 -423.3733173839092 -0.1041505753951922
22.23148813967514 -423.7908180353044 -0.2393027916169698
21.61863265060523 -424.4409058025283 -0.455525754769867
20.63753359576362 -425.4801178437991 -0.8014684401044426
19.06548695010857 -427.1404644973695 -1.354982132208646
16.54776639200743 -429.7944154440218 -2.240604367901541
22.60243653306235 -423.3733173839092 0.1041505753951966
22.23148813967513 -423.7908180353039 0.2393027916169733
21.61863265060518 -424.4409058025284 0.4555257547698732
20.63753359576351 -425.4801178437995 0.8014684401044465
19.06548695010844 -427.1404644973692 1.35498213220864
16.54776639200691 -429.7944154440221 2.240604367901544
45.4780464401496 -423.3733173839094 -0.1041505753951921
45.12957976757343 -423.7908180353044 -0.2393027916169699
44.55386703541703 -424.4409058025282 -0.4555257547698671
43.6322285293539 -425.480117843799 -0.8014684401044418
42.15545743798071 -427.1404644973693 -1.354982132208646
39.79032600461311 -429.7944154440219 -2.240604367901544
45.4780464401496 -423.3733173839094 0.1041505753951961
45.12957976757345 -423.7908180353043 0.2393027916169733
44.55386703541699 -424.4409058025283 0.4555257547698732
43.63222852935375 -425.4801178437993 0.8014684401044462
42.15545743798057 -427.1404644973694 1.354982132208639
39.79032600461252 -429.7944154440219 2.240604367901545
68.35365634723672 -423.3733173839093 -0.1041505753951926
68.02767139547203 -423.7908180353045 -0.2393027916169702
67.48910142022878 -424.4409058025282 -0.4555257547698674
66.62692346294381 -425.480117843799 -0.8014684401044416
65.24542792585285 -427.1404644973694 -1.354982132208645
63.03288561721886 -429.7944154440217 -2.240604367901544
68.35365634723674 -423.3733173839093 0.1041505753951962
68.02767139547204 -423.7908180353042 0.2393027916169732
67.48910142022874 -424.4409058025283 0.4555257547698724
66.62692346294367 -425.4801178437995 0.801468440104445
65.24542792585272 -427.1404644973694 1.354982132208639
63.03288561721823 -429.7944154440219 2.240604367901545
91.22926625432378 -423.3733173839093 -0.1041505753951927
90.92576302337042 -423.7908180353045 -0.2393027916169705
90.42433580504066 -424.4409058025283 -0.4555257547698674
89.62161839653373 -425.4801178437991 -0.8014684401044415
88.3353984137252 -427.1404644973692 -1.354982132208646
86.27544522982446 -429.7944154440216 -2.240604367901543
91.22926625432378 -423.3733173839094 0.1041505753951961
90.92576302337038 -423.7908180353043 0.2393027916169734
90.42433580504061 -424.4409058025282 0.4555257547698723
89.62161839653365 -425.4801178437995 0.801468440104445
88.33539841372514 -427.1404644973693 1.354982132208639
86.27544522982394 -429.7944154440218 2.240604367901545
114.1048761614107 -423.3733173839092 -0.1041505753951931
113.8238546512689 -423.7908180353045 -0.2393027916169713
113.3595701898524 -424.4409058025282 -0.4555257547698685
112.6163133301239 -425.4801178437991 -0.8014684401044425
111.4253689015974 -427.1404644973695 -1.354982132208646
109.5180048424301 -429.7944154440216 -2.240604367901543
114.1048761614108 -423.3733173839092 0.1041505753951961
113.8238546512689 -423.7908180353043 0.2393027916169737
113.3595701898524 -424.4409058025284 0.4555257547698727
112.6163133301238 -425.4801178437996 0.8014684401044461
111.4253689015973 -427.1404644973692 1.354982132208639
109.5180048424296 -429.794415444022 2.240604367901545
136.9804860684978 -423.3733173839093 -0.1041505753951934
136.7219462791673 -423.7908180353048 -0.2393027916169717
136.2948045746643 -424.4409058025282 -0.4555257547698682
135.611008263714 -425.4801178437991 -0.801468440104443
134.5153393894697 -427.1404644973693 -1.354982132208647
132.7605644550357 -429.7944154440217 -2.240604367901542
136.9804860684979 -423.3733173839093 0.1041505753951963
136.7219462791673 -423.7908180353044 0.2393027916169736
136.2948045746644 -424.4409058025283 0.4555257547698723
135.6110082637138 -425.4801178437994 0.8014684401044456
134.5153393894695 -427.1404644973693 1.354982132208638
132.7605644550352 -429.7944154440218 2.240604367901545
159.856095975585 -423.3733173839092 -0.1041505753951931
159.6200379070659 -423.7908180353047 -0.2393027916169715
159.2300389594759 -424.4409058025282 -0.4555257547698683
158.6057031973039 -425.4801178437992 -0.8014684401044421
157.6053098773417 -427.1404644973694 -1.354982132208645
156.0031240676413 -429.7944154440218 -2.240604367901542
159.8560959755851 -423.3733173839093 0.1041505753951955
159.6200379070658 -423.7908180353043 0.2393027916169733
159.2300389594759 -424.4409058025283 0.4555257547698723
158.6057031973038 -425.4801178437993 0.8014684401044452
157.6053098773417 -427.1404644973693 1.354982132208638
156.0031240676409 -429.7944154440219 2.240604367901544
182.731705882672 -423.3733173839091 -0.1041505753951936
182.5181295349643 -423.7908180353047 -0.239302791616972
182.1652733442877 -424.4409058025282 -0.4555257547698688
181.6003981308941 -425.480117843799 -0.8014684401044428
180.6952803652141 -427.1404644973696 -1.354982132208647
179.245683680247 -429.7944154440216 -2.240604367901542
182.731705882672 -423.3733173839092 0.1041505753951957
182.5181295349643 -423.7908180353044 0.2393027916169735
182.1652733442877 -424.4409058025284 0.4555257547698721
181.6003981308939 -425.4801178437993 0.8014684401044452
180.6952803652139 -427.1404644973693 1.354982132208638
179.2456836802466 -429.794415444022 2.240604367901546
205.6073157897593 -423.3733173839093 -0.1041505753951937
205.4162211628627 -423.7908180353047 -0.239302791616972
205.1005077290996 -424.4409058025283 -0.4555257547698691
204.595093064484 -425.4801178437991 -0.8014684401044431
203.7852508530861 -427.1404644973693 -1.354982132208644
202.4882432928527 -429.7944154440216 -2.240604367901543
205.6073157897592 -423.3733173839094 0.1041505753951957
205.4162211628629 -423.7908180353044 0.2393027916169736
205.1005077290997 -424.4409058025283 0.4555257547698719
204.5950930644839 -425.4801178437992 0.801468440104445
203.7852508530861 -427.1404644973693 1.354982132208638
202.4882432928522 -429.7944154440219 2.240604367901544
228.4829256968462 -423.3733173839093 -0.104150575395194
228.3143127907611 -423.7908180353047 -0.2393027916169722
228.0357421139113 -424.4409058025281 -0.4555257547698695
227.5897879980741 -425.4801178437991 -0.801468440104443
226.8752213409584 -427.1404644973693 -1.354982132208647
225.7308029054582 -429.7944154440219 -2.240604367901542
228.4829256968464 -423.3733173839094 0.1041505753951955
228.3143127907611 -423.7908180353043 0.2393027916169731
228.0357421139114 -424.4409058025283 0.4555257547698717
227.589787998074 -425.4801178437992 0.801468440104445
226.8752213409584 -427.1404644973694 1.354982132208638
225.7308029054578 -429.7944154440219 2.240604367901545
251.3585356039334 -423.3733173839093 -0.1041505753951935
251.2124044186596 -423.7908180353046 -0.2393027916169726
250.970976498723 -424.4409058025282 -0.4555257547698697
250.584482931664 -425.4801178437992 -0.8014684401044436
249.9651918288305 -427.1404644973696 -1.354982132208645
248.973362518064 -429.7944154440218 -2.240604367901544
251.3585356039333 -423.3733173839092 0.1041505753951948
251.2124044186598 -423.7908180353045 0.239302791616973
250.9709764987232 -424.4409058025283 0.4555257547698716
250.5844829316639 -425.4801178437992 0.8014684401044452
249.9651918288307 -427.1404644973693 1.354982132208638
248.9733625180635 -429.7944154440219 2.240604367901545
274.2341455110204 -423.3733173839092 -0.1041505753951945
274.1104960465579 -423.7908180353047 -0.2393027916169728
273.9062108835348 -424.4409058025282 -0.4555257547698698
273.5791778652541 -425.480117843799 -0.8014684401044434
273.0551623167026 -427.1404644973692 -1.354982132208645
272.2159221306696 -429.7944154440218 -2.240604367901544
274.2341455110204 -423.3733173839094 0.1041505753951952
274.1104960465579 -423.7908180353045 0.239302791616973
273.9062108835348 -424.4409058025284 0.4555257547698713
273.579177865254 -425.4801178437991 0.8014684401044446
273.0551623167026 -427.1404644973692 1.354982132208638
272.2159221306692 -429.7944154440218 2.240604367901545
297.1097554181074 -423.3733173839092 -0.1041505753951947
297.0085876744564 -423.7908180353047 -0.2393027916169725
296.8414452683465 -424.4409058025283 -0.4555257547698697
296.5738727988441 -425.4801178437992 -0.8014684401044438
296.1451328045748 -427.1404644973696 -1.354982132208645
295.4584817432752 -429.7944154440219 -2.240604367901544
297.1097554181075 -423.3733173839092 0.1041505753951951
297.0085876744565 -423.7908180353045 0.2393027916169725
296.8414452683468 -424.4409058025283 0.4555257547698708
296.5738727988439 -425.4801178437993 0.8014684401044447
296.1451328045748 -427.1404644973693 1.354982132208637
295.4584817432748 -429.7944154440219 2.240604367901543
319.9853653251946 -423.3733173839094 -0.1041505753951945
319.906679302355 -423.7908180353046 -0.2393027916169731
319.7766796531586 -424.4409058025282 -0.4555257547698701
319.568567732434 -425.4801178437991 -0.8014684401044436
319.2351032924471 -427.1404644973695 -1.354982132208644
318.7010413558808 -429.7944154440219 -2.240604367901544
319.9853653251943 -423.3733173839094 0.1041505753951947
319.906679302355 -423.7908180353044 0.2393027916169728
319.7766796531583 -424.4409058025283 0.4555257547698712
319.5685677324339 -425.4801178437993 0.8014684401044451
319.235103292447 -427.1404644973694 1.354982132208637
318.7010413558804 -429.7944154440219 2.240604367901543
342.8609752322816 -423.3733173839093 -0.1041505753951956
342.8047709302532 -423.7908180353047 -0.2393027916169735
342.71191403797 -424.4409058025283 -0.4555257547698706
342.563262666024 -425.4801178437991 -0.8014684401044446
342.3250737803191 -427.1404644973695 -1.354982132208645
341.9436009684862 -429.7944154440219 -2.240604367901544
342.8609752322816 -423.3733173839092 0.1041505753951955
342.8047709302534 -423.7908180353045 0.2393027916169727
342.7119140379701 -424.4409058025284 0.4555257547698708
342.5632626660239 -425.4801178437991 0.8014684401044447
342.3250737803191 -427.1404644973693 1.354982132208638
341.9436009684861 -429.7944154440219 2.240604367901542
365.7365851393686 -423.3733173839092 -0.1041505753951955
365.702862558152 -423.7908180353046 -0.239302791616974
365.6471484227821 -424.4409058025283 -0.4555257547698706
365.5579575996142 -425.4801178437992 -0.8014684401044445
365.4150442681911 -427.1404644973695 -1.354982132208647
365.186160581092 -429.7944154440219 -2.240604367901544
365.7365851393683 -423.3733173839094 0.1041505753951952
365.7028625581518 -423.7908180353047 0.2393027916169732
365.6471484227818 -424.4409058025284 0.4555257547698704
365.557957599614 -425.4801178437993 0.8014684401044446
365.4150442681913 -427.1404644973694 1.354982132208636
365.1861605810916 -429.7944154440216 2.240604367901544
388.6121950464556 -423.3733173839092 -0.1041505753951955
388.6009541860502 -423.7908180353047 -0.2393027916169739
388.5823828075935 -424.4409058025283 -0.4555257547698712
388.5526525332036 -425.4801178437991 -0.8014684401044445
388.5050147560632 -427.1404644973695 -1.354982132208645
388.4287201936975 -429.7944154440217 -2.240604367901544
388.6121950464555 -423.3733173839092 0.1041505753951947
388.60095418605 -423.7908180353045 0.2393027916169726
388.5823828075938 -424.4409058025283 0.4555257547698709
388.5526525332035 -425.4801178437993 0.801468440104445
388.5050147560636 -427.1404644973692 1.354982132208637
388.4287201936968 -429.7944154440218 2.240604367901544
411.4878049535426 -423.3733173839094 -0.1041505753951957
411.4990458139484 -423.7908180353049 -0.2393027916169744
411.5176171924052 -424.4409058025283 -0.4555257547698711
411.5473474667938 -425.480117843799 -0.8014684401044445
411.5949852439356 -427.1404644973696 -1.354982132208645
411.6712798063031 -429.7944154440218 -2.240604367901544
411.4878049535427 -423.3733173839094 0.1041505753951947
411.4990458139487 -423.7908180353045 0.239302791616973
411.5176171924054 -424.4409058025282 0.4555257547698705
411.5473474667939 -425.4801178437992 0.801468440104445
411.5949852439356 -427.1404644973693 1.354982132208637
411.6712798063028 -429.7944154440216 2.240604367901543
434.3634148606296 -423.3733173839095 -0.1041505753951955
434.3971374418471 -423.7908180353049 -0.2393027916169743
434.4528515772168 -424.4409058025282 -0.4555257547698714
434.542042400384 -425.4801178437992 -0.8014684401044451
434.684955731808 -427.1404644973696 -1.354982132208647
434.9138394189091 -429.794415444022 -2.240604367901543
434.3634148606297 -423.3733173839092 0.1041505753951941
434.3971374418468 -423.7908180353045 0.2393027916169726
434.452851577217 -424.4409058025282 0.4555257547698702
434.5420424003837 -425.4801178437991 0.8014684401044448
434.6849557318083 -427.1404644973694 1.354982132208636
434.9138394189086 -429.7944154440216 2.240604367901543
457.2390247677168 -423.3733173839094 -0.1041505753951958
457.2952290697454 -423.7908180353048 -0.2393027916169744
457.388085962029 -424.4409058025284 -0.4555257547698721
457.5367373339742 -425.4801178437991 -0.8014684401044453
457.77492621968 -427.1404644973695 -1.354982132208645
458.1563990315148 -429.7944154440219 -2.240604367901544
457.2390247677166 -423.3733173839094 0.1041505753951941
457.2952290697455 -423.7908180353045 0.239302791616972
457.388085962029 -424.4409058025283 0.45552575476987
457.536737333974 -425.480117843799 0.8014684401044447
457.77492621968 -427.1404644973693 1.354982132208637
458.1563990315142 -429.7944154440216 2.240604367901543
480.1146346748038 -423.3733173839096 -0.1041505753951966
480.1933206976436 -423.7908180353049 -0.2393027916169746
480.3233203468404 -424.4409058025283 -0.4555257547698727
480.5314322675642 -425.4801178437991 -0.8014684401044447
480.864896707552 -427.1404644973696 -1.354982132208645
481.3989586441202 -429.7944154440219 -2.240604367901544
480.1146346748035 -423.3733173839095 0.1041505753951946
480.1933206976436 -423.7908180353044 0.2393027916169721
480.3233203468407 -424.4409058025282 0.45552575476987
480.5314322675639 -425.480117843799 0.8014684401044445
480.864896707552 -427.1404644973695 1.354982132208636
481.3989586441197 -429.7944154440216 2.240604367901543
502.9902445818911 -423.3733173839095 -0.1041505753951958
503.0914123255423 -423.7908180353049 -0.2393027916169748
503.2585547316523 -424.4409058025283 -0.4555257547698724
503.5261272011542 -425.4801178437991 -0.8014684401044454
503.9548671954247 -427.1404644973695 -1.354982132208645
504.6415182567258 -429.7944154440217 -2.240604367901544
502.9902445818909 -423.3733173839093 0.1041505753951935
503.0914123255422 -423.7908180353047 0.2393027916169721
503.2585547316525 -424.4409058025283 0.4555257547698698
503.5261272011539 -425.480117843799 0.8014684401044446
503.9548671954245 -427.1404644973692 1.354982132208636
504.6415182567254 -429.7944154440216 2.240604367901544
525.8658544889776 -423.3733173839094 -0.1041505753951969
525.9895039534406 -423.7908180353048 -0.2393027916169752
526.1937891164642 -424.4409058025282 -0.4555257547698726
526.5208221347439 -425.4801178437992 -0.8014684401044452
527.0448376832966 -427.1404644973696 -1.354982132208645
527.8840778693309 -429.7944154440219 -2.240604367901545
525.8658544889777 -423.3733173839092 0.1041505753951945
525.9895039534407 -423.7908180353047 0.2393027916169723
526.1937891164645 -424.4409058025282 0.4555257547698697
526.5208221347438 -425.4801178437989 0.8014684401044442
527.0448376832966 -427.1404644973694 1.354982132208637
527.8840778693311 -429.7944154440217 2.240604367901542
548.741464396065 -423.3733173839095 -0.1041505753951968
548.8875955813393 -423.7908180353049 -0.2393027916169755
549.129023501276 -424.4409058025281 -0.4555257547698728
549.5155170683342 -425.4801178437991 -0.8014684401044454
550.1348081711685 -427.1404644973696 -1.354982132208646
551.1266374819371 -429.7944154440218 -2.240604367901545
548.741464396065 -423.3733173839094 0.1041505753951939
548.8875955813393 -423.7908180353048 0.2393027916169723
549.1290235012759 -424.4409058025282 0.4555257547698693
549.5155170683333 -425.4801178437989 0.8014684401044443
550.1348081711689 -427.1404644973695 1.354982132208636
551.1266374819369 -429.7944154440216 2.240604367901543
571.6170743031523 -423.3733173839096 -0.1041505753951971
571.7856872092378 -423.790818035305 -0.2393027916169757
572.0642578860877 -424.4409058025283 -0.4555257547698737
572.5102120019243 -425.480117843799 -0.8014684401044463
573.224778659041 -427.1404644973695 -1.354982132208647
574.3691970945426 -429.7944154440219 -2.240604367901547
571.6170743031524 -423.3733173839094 0.1041505753951938
571.7856872092377 -423.7908180353048 0.2393027916169718
572.0642578860877 -424.4409058025282 0.4555257547698697
572.5102120019241 -425.4801178437991 0.8014684401044445
573.2247786590412 -427.1404644973695 1.354982132208637
574.3691970945422 -429.7944154440216 2.240604367901544
594.4926842102395 -423.3733173839095 -0.1041505753951973
594.6837788371361 -423.7908180353048 -0.2393027916169763
594.9994922709001 -424.4409058025285 -0.4555257547698737
595.5049069355146 -425.4801178437988 -0.8014684401044458
596.3147491469132 -427.1404644973695 -1.354982132208645
597.6117567071481 -429.7944154440218 -2.240604367901545
594.4926842102395 -423.3733173839093 0.1041505753951937
594.6837788371362 -423.7908180353047 0.2393027916169724
594.9994922709002 -424.4409058025283 0.4555257547698691
595.5049069355142 -425.4801178437991 0.8014684401044442
596.3147491469135 -427.1404644973695 1.354982132208636
597.6117567071482 -429.7944154440216 2.240604367901543
617.3682941173271 -423.3733173839096 -0.1041505753951971
617.5818704650349 -423.7908180353049 -0.2393027916169765
617.9347266557115 -424.4409058025283 -0.4555257547698737
618.4996018691047 -425.4801178437989 -0.8014684401044465
619.4047196347854 -427.1404644973695 -1.354982132208646
620.8543163197542 -429.7944154440218 -2.240604367901546
617.3682941173265 -423.3733173839094 0.1041505753951933
617.5818704650351 -423.7908180353048 0.2393027916169724
617.9347266557114 -424.4409058025284 0.455525754769869
618.4996018691047 -425.4801178437991 0.8014684401044443
619.4047196347858 -427.1404644973696 1.354982132208635
620.8543163197539 -429.7944154440216 2.240604367901544
640.2439040244142 -423.3733173839095 -0.1041505753951971
640.4799620929335 -423.7908180353049 -0.2393027916169767
640.8699610405235 -424.4409058025285 -0.4555257547698741
641.4942968026947 -425.4801178437989 -0.8014684401044462
642.494690122658 -427.1404644973695 -1.354982132208644
644.0968759323598 -429.7944154440218 -2.240604367901546
640.2439040244138 -423.3733173839093 0.104150575395193
640.4799620929334 -423.7908180353048 0.2393027916169723
640.8699610405235 -424.4409058025283 0.4555257547698692
641.4942968026944 -425.480117843799 0.8014684401044445
642.4946901226581 -427.1404644973695 1.354982132208635
644.0968759323595 -429.7944154440216 2.240604367901543
663.119513931501 -423.3733173839095 -0.1041505753951982
663.3780537208321 -423.7908180353049 -0.2393027916169768
663.8051954253356 -424.4409058025283 -0.4555257547698743
664.4889917362848 -425.4801178437989 -0.8014684401044466
665.5846606105302 -427.1404644973695 -1.354982132208646
667.3394355449651 -429.7944154440218 -2.240604367901546
663.119513931501 -423.3733173839094 0.1041505753951937
663.378053720832 -423.7908180353048 0.239302791616972
663.8051954253351 -424.4409058025283 0.4555257547698687
664.4889917362844 -425.4801178437989 0.8014684401044436
665.5846606105302 -427.1404644973695 1.354982132208634
667.3394355449651 -429.7944154440216 2.240604367901543
685.9951238385883 -423.3733173839094 -0.1041505753951982
686.2761453487306 -423.7908180353048 -0.2393027916169768
686.7404298101475 -424.4409058025284 -0.4555257547698748
687.4836866698752 -425.480117843799 -0.801468440104447
688.6746310984023 -427.1404644973696 -1.354982132208645
690.5819951575712 -429.7944154440219 -2.240604367901546
685.9951238385883 -423.3733173839092 0.1041505753951933
686.2761453487308 -423.7908180353047 0.2393027916169716
686.7404298101472 -424.4409058025283 0.4555257547698688
687.4836866698744 -425.4801178437988 0.8014684401044442
688.674631098403 -427.1404644973693 1.354982132208634
690.5819951575706 -429.7944154440216 2.240604367901543
708.870733745676 -423.3733173839095 -0.1041505753951983
709.1742369766298 -423.7908180353048 -0.239302791616977
709.6756641949593 -424.4409058025283 -0.4555257547698748
710.4783816034654 -425.4801178437991 -0.8014684401044472
711.764601586275 -427.1404644973696 -1.354982132208645
713.8245547701766 -429.7944154440219 -2.240604367901547
708.8707337456759 -423.3733173839093 0.1041505753951932
709.1742369766293 -423.7908180353049 0.2393027916169715
709.6756641949595 -424.4409058025283 0.4555257547698685
710.4783816034649 -425.4801178437991 0.8014684401044444
711.7646015862754 -427.1404644973694 1.354982132208635
713.8245547701761 -429.7944154440216 2.240604367901543
731.7463436527628 -423.3733173839095 -0.1041505753951986
732.0723286045276 -423.7908180353051 -0.2393027916169777
732.6108985797708 -424.4409058025285 -0.4555257547698753
733.4730765370549 -425.4801178437989 -0.8014684401044475
734.8545720741466 -427.1404644973695 -1.354982132208645
737.0671143827823 -429.7944154440217 -2.240604367901546
731.746343652763 -423.3733173839094 0.1041505753951931
732.0723286045279 -423.7908180353051 0.2393027916169717
732.6108985797708 -424.4409058025282 0.4555257547698684
733.4730765370545 -425.4801178437988 0.8014684401044438
734.8545720741469 -427.1404644973695 1.354982132208634
737.0671143827818 -429.7944154440214 2.240604367901544
754.6219535598502 -423.3733173839095 -0.1041505753951984
754.9704202324258 -423.7908180353049 -0.2393027916169775
755.5461329645825 -424.4409058025285 -0.4555257547698756
756.4677714706449 -425.4801178437988 -0.801468440104448
757.9445425620186 -427.1404644973695 -1.354982132208644
760.3096739953874 -429.7944154440219 -2.240604367901546
754.6219535598503 -423.3733173839093 0.1041505753951927
754.9704202324269 -423.790818035305 0.2393027916169715
755.5461329645829 -424.4409058025283 0.4555257547698682
756.4677714706448 -425.4801178437987 0.8014684401044441
757.9445425620196 -427.1404644973695 1.354982132208635
760.3096739953874 -429.7944154440213 2.240604367901544
777.4975634669372 -423.3733173839095 -0.1041505753951985
777.8685118603246 -423.7908180353051 -0.239302791616978
778.481367349395 -424.4409058025284 -0.4555257547698758
779.4624664042353 -425.4801178437989 -0.8014684401044474
781.0345130498919 -427.1404644973696 -1.354982132208645
783.5522336079939 -429.7944154440218 -2.240604367901548
777.4975634669368 -423.3733173839093 0.1041505753951925
777.8685118603249 -423.7908180353049 0.2393027916169716
778.4813673493951 -424.4409058025282 0.4555257547698685
779.4624664042354 -425.4801178437989 0.8014684401044443
781.0345130498924 -427.1404644973695 1.354982132208634
783.5522336079933 -429.7944154440215 2.240604367901544
3 97 0 432
3037
3038
3039
3040
3041
3042
3043
3044
3045
3046
3047
3048
3085
3086
3087
3088
3089
3090
3091
3092
3093
3094
3095
3096
5169
5170
5171
5172
5173
5174
5175
5176
5177
5178
5179
5180
5181
5182
5183
5184
5185
5186
5187
5188
5189
5190
5191
5192
5193
5194
5195
5196
5197
5198
5199
5200
5201
5202
5203
5204
5205
5206
5207
5208
5209
5210
5211
5212
5213
5214
5215
5216
5217
5218
5219
5220
5221
5222
5223
5224
5225
5226
5227
5228
5229
5230
5231
5232
5233
5234
5235
5236
5237
5238
5239
5240
5241
5242
5243
5244
5245
5246
5247
5248
5249
5250
5251
5252
5253
5254
5255
5256
5257
5258
5259
5260
5261
5262
5263
5264
5265
5266
5267
5268
5269
5270
5271
5272
5273
5274
5275
5276
5277
5278
5279
5280
5281
5282
5283
5284
5285
5286
5287
5288
5289
5290
5291
5292
5293
5294
5295
5296
5297
5298
5299
5300
5301
5302
5303
5304
5305
5306
5307
5308
5309
5310
5311
5312
5313
5314
5315
5316
5317
5318
5319
5320
5321
5322
5323
5324
5325
5326
5327
5328
5329
5330
5331
5332
5333
5334
5335
5336
5337
5338
5339
5340
5341
5342
5343
5344
5345
5346
5347
5348
5349
5350
5351
5352
5353
5354
5355
5356
5357
5358
5359
5360
5361
5362
5363
5364
5365
5366
5367
5368
5369
5370
5371
5372
5373
5374
5375
5376
5377
5378
5379
5380
5381
5382
5383
5384
5385
5386
5387
5388
5389
5390
5391
5392
5393
5394
5395
5396
5397
5398
5399
5400
5401
5402
5403
5404
5405
5406
5407
5408
5409
5410
5411
5412
5413
5414
5415
5416
5417
5418
5419
5420
5421
5422
5423
5424
5425
5426
5427
5428
5429
5430
5431
5432
5433
5434
5435
5436
5437
5438
5439
5440
5441
5442
5443
5444
5445
5446
5447
5448
5449
5450
5451
5452
5453
5454
5455
5456
5457
5458
5459
5460
5461
5462
5463
5464
5465
5466
5467
5468
5469
5470
5471
5472
5473
5474
5475
5476
5477
5478
5479
5480
5481
5482
5483
5484
5485
5486
5487
5488
5489
5490
5491
5492
5493
5494
5495
5496
5497
5498
5499
5500
5501
5502
5503
5504
5505
5506
5507
5508
5509
5510
5511
5512
5513
5514
5515
5516
5517
5518
5519
5520
5521
5522
5523
5524
5525
5526
5527
5528
5529
5530
5531
5532
5533
5534
5535
5536
5537
5538
5539
5540
5541
5542
5543
5544
5545
5546
5547
5548
5549
5550
5551
5552
5553
5554
5555
5556
5557
5558
5559
5560
5561
5562
5563
5564
5565
5566
5567
5568
5569
5570
5571
5572
5573
5574
5575
5576
-0.2731733740245454 -422.7514826160911 0.1041505753951999
-0.2731733740245335 -422.7514826160911 -0.104150575395204
-0.6666034882232572 -422.3339819646954 0.2393027916169774
-0.6666034882232212 -422.3339819646953 -0.2393027916169813
-1.316601734206361 -421.6838941974716 0.4555257547698746
-1.316601734206316 -421.6838941974721 -0.4555257547698802
-2.357161337825981 -420.6446821562006 0.8014684401044485
-2.357161337825906 -420.644682156201 -0.8014684401044535
-4.024483537763582 -418.984335502631 1.354982132208639
-4.024483537763552 -418.9843355026311 -1.354982132208655
-6.694793220598569 -416.3303845559793 2.240604367901545
-6.694793220598513 -416.3303845559793 -2.240604367901553
800.3731733740249 -422.7514826160912 0.1041505753951948
800.7666034882236 -422.3339819646955 0.2393027916169733
801.4166017342059 -421.6838941974715 0.4555257547698737
802.4571613378262 -420.6446821562002 0.8014684401044445
804.1244835377629 -418.9843355026308 1.354982132208635
806.7947932205998 -416.3303845559793 2.240604367901551
800.3731733740249 -422.7514826160912 -0.1041505753952011
800.7666034882236 -422.3339819646953 -0.2393027916169804
801.4166017342061 -421.6838941974715 -0.4555257547698788
802.4571613378262 -420.6446821562001 -0.8014684401044534
804.1244835377636 -418.9843355026306 -1.354982132208657
806.7947932205993 -416.3303845559782 -2.240604367901546
22.60243653306241 -422.7514826160911 0.1041505753951927
22.2314881396752 -422.3339819646956 0.2393027916169701
21.61863265060529 -421.6838941974717 0.4555257547698676
20.63753359576394 -420.6446821562006 0.8014684401044421
19.06548695010857 -418.984335502631 1.354982132208634
16.54776639200704 -416.3303845559793 2.240604367901539
22.60243653306243 -422.7514826160911 -0.104150575395197
22.23148813967523 -422.3339819646954 -0.2393027916169742
21.61863265060533 -421.683894197472 -0.4555257547698734
20.63753359576401 -420.6446821562011 -0.8014684401044475
19.06548695010862 -418.984335502631 -1.35498213220865
16.54776639200709 -416.3303845559793 -2.240604367901544
45.47804644014966 -422.751482616091 0.1041505753951923
45.12957976757352 -422.3339819646954 0.2393027916169699
44.55386703541708 -421.6838941974717 0.455525754769868
43.63222852935424 -420.6446821562005 0.801468440104442
42.15545743798064 -418.9843355026309 1.354982132208633
39.79032600461267 -416.3303845559793 2.24060436790154
45.47804644014969 -422.7514826160913 -0.1041505753951966
45.12957976757355 -422.3339819646954 -0.2393027916169743
44.55386703541711 -421.6838941974722 -0.4555257547698734
43.6322285293543 -420.6446821562009 -0.8014684401044474
42.15545743798076 -418.984335502631 -1.35498213220865
39.79032600461279 -416.3303845559793 -2.240604367901544
68.35365634723682 -422.7514826160908 0.1041505753951924
68.02767139547208 -422.3339819646953 0.2393027916169699
67.48910142022882 -421.6838941974715 0.4555257547698676
66.62692346294412 -420.6446821562005 0.8014684401044408
65.24542792585279 -418.9843355026309 1.354982132208633
63.03288561721842 -416.3303845559793 2.240604367901538
68.35365634723684 -422.751482616091 -0.1041505753951967
68.02767139547217 -422.3339819646953 -0.2393027916169742
67.48910142022886 -421.6838941974722 -0.4555257547698731
66.62692346294421 -420.6446821562009 -0.8014684401044463
65.24542792585292 -418.9843355026309 -1.354982132208649
63.0328856172185 -416.3303845559794 -2.240604367901545
91.22926625432389 -422.7514826160912 0.1041505753951922
90.92576302337051 -422.3339819646953 0.2393027916169701
90.42433580504064 -421.6838941974716 0.4555257547698673
89.6216183965342 -420.6446821562006 0.801468440104441
88.33539841372519 -418.984335502631 1.354982132208632
86.27544522982411 -416.3303845559792 2.240604367901539
91.22926625432389 -422.7514826160912 -0.1041505753951967
90.92576302337056 -422.3339819646953 -0.2393027916169744
90.42433580504064 -421.683894197472 -0.4555257547698727
89.6216183965342 -420.644682156201 -0.8014684401044463
88.33539841372526 -418.984335502631 -1.35498213220865
86.27544522982413 -416.3303845559792 -2.240604367901545
114.1048761614108 -422.7514826160909 0.1041505753951921
113.823854651269 -422.3339819646954 0.2393027916169704
113.3595701898523 -421.6838941974717 0.4555257547698681
112.6163133301243 -420.6446821562006 0.801468440104442
111.4253689015972 -418.984335502631 1.354982132208632
109.5180048424298 -416.3303845559792 2.240604367901541
114.1048761614109 -422.7514826160912 -0.1041505753951966
113.823854651269 -422.3339819646954 -0.2393027916169748
113.3595701898524 -421.6838941974722 -0.4555257547698734
112.6163133301244 -420.644682156201 -0.8014684401044476
111.4253689015974 -418.984335502631 -1.354982132208649
109.5180048424298 -416.3303845559791 -2.240604367901545
136.980486068498 -422.751482616091 0.1041505753951923
136.7219462791674 -422.3339819646952 0.2393027916169702
136.2948045746643 -421.6838941974715 0.4555257547698673
135.6110082637144 -420.6446821562006 0.8014684401044407
134.5153393894695 -418.984335502631 1.354982132208632
132.7605644550354 -416.3303845559794 2.24060436790154
136.9804860684981 -422.7514826160912 -0.1041505753951968
136.7219462791674 -422.3339819646952 -0.2393027916169749
136.2948045746644 -421.6838941974717 -0.4555257547698732
135.6110082637144 -420.644682156201 -0.8014684401044472
134.5153393894697 -418.984335502631 -1.35498213220865
132.7605644550354 -416.3303845559791 -2.240604367901545
159.8560959755851 -422.7514826160912 0.1041505753951915
159.620037907066 -422.3339819646952 0.2393027916169697
159.2300389594758 -421.6838941974717 0.455525754769868
158.6057031973043 -420.6446821562006 0.8014684401044405
157.6053098773417 -418.9843355026308 1.354982132208633
156.0031240676412 -416.3303845559793 2.24060436790154
159.8560959755852 -422.7514826160912 -0.1041505753951961
159.6200379070661 -422.3339819646953 -0.2393027916169743
159.230038959476 -421.6838941974721 -0.455525754769873
158.6057031973044 -420.644682156201 -0.8014684401044461
157.6053098773418 -418.9843355026309 -1.354982132208649
156.003124067641 -416.3303845559792 -2.240604367901543
182.7317058826721 -422.7514826160913 0.1041505753951917
182.5181295349645 -422.3339819646957 0.23930279161697
182.1652733442876 -421.6838941974717 0.4555257547698677
181.6003981308944 -420.6446821562006 0.8014684401044413
180.695280365214 -418.984335502631 1.354982132208632
179.2456836802469 -416.3303845559793 2.24060436790154
182.7317058826722 -422.7514826160913 -0.1041505753951964
182.5181295349645 -422.3339819646954 -0.2393027916169747
182.1652733442878 -421.6838941974717 -0.4555257547698733
181.6003981308945 -420.6446821562005 -0.8014684401044465
180.6952803652141 -418.984335502631 -1.35498213220865
179.2456836802469 -416.3303845559791 -2.240604367901545
205.6073157897594 -422.751482616091 0.1041505753951916
205.4162211628629 -422.3339819646953 0.2393027916169699
205.1005077290995 -421.6838941974717 0.4555257547698678
204.5950930644844 -420.6446821562006 0.8014684401044407
203.7852508530858 -418.9843355026309 1.354982132208632
202.4882432928525 -416.3303845559793 2.24060436790154
205.6073157897594 -422.7514826160913 -0.1041505753951963
205.416221162863 -422.3339819646953 -0.2393027916169746
205.1005077290996 -421.6838941974715 -0.4555257547698731
204.5950930644845 -420.6446821562006 -0.8014684401044465
203.7852508530861 -418.9843355026309 -1.35498213220865
202.4882432928525 -416.3303845559792 -2.240604367901543
228.4829256968464 -422.7514826160913 0.1041505753951913
228.3143127907612 -422.3339819646956 0.2393027916169692
228.0357421139112 -421.6838941974717 0.4555257547698679
227.5897879980745 -420.6446821562006 0.8014684401044401
226.8752213409582 -418.9843355026309 1.354982132208631
225.7308029054582 -416.3303845559793 2.24060436790154
228.4829256968465 -422.7514826160913 -0.1041505753951962
228.3143127907612 -422.3339819646953 -0.2393027916169743
228.0357421139113 -421.6838941974717 -0.4555257547698731
227.5897879980747 -420.6446821562007 -0.8014684401044466
226.8752213409585 -418.9843355026309 -1.354982132208649
225.7308029054582 -416.3303845559791 -2.240604367901543
251.3585356039335 -422.7514826160913 0.1041505753951906
251.2124044186597 -422.3339819646955 0.2393027916169693
250.970976498723 -421.6838941974717 0.4555257547698677
250.5844829316645 -420.6446821562006 0.8014684401044402
249.9651918288303 -418.9843355026309 1.354982132208633
248.9733625180639 -416.3303845559793 2.24060436790154
251.3585356039335 -422.7514826160913 -0.1041505753951955
251.2124044186597 -422.3339819646952 -0.2393027916169742
250.9709764987232 -421.6838941974717 -0.455525754769873
250.5844829316645 -420.6446821562006 -0.8014684401044472
249.9651918288306 -418.984335502631 -1.35498213220865
248.9733625180637 -416.3303845559792 -2.240604367901543
274.2341455110206 -422.7514826160913 0.1041505753951911
274.1104960465582 -422.3339819646955 0.2393027916169693
273.9062108835347 -421.6838941974715 0.4555257547698672
273.5791778652545 -420.6446821562006 0.8014684401044403
273.0551623167025 -418.984335502631 1.354982132208633
272.2159221306694 -416.3303845559793 2.240604367901541
274.2341455110206 -422.7514826160913 -0.104150575395196
274.1104960465582 -422.3339819646952 -0.2393027916169742
273.9062108835348 -421.6838941974717 -0.4555257547698725
273.5791778652546 -420.6446821562006 -0.8014684401044465
273.0551623167027 -418.984335502631 -1.354982132208649
272.2159221306694 -416.3303845559791 -2.240604367901543
297.1097554181076 -422.7514826160913 0.104150575395191
297.0085876744566 -422.3339819646955 0.2393027916169688
296.8414452683464 -421.6838941974715 0.4555257547698672
296.5738727988445 -420.6446821562006 0.8014684401044402
296.1451328045747 -418.9843355026309 1.354982132208631
295.4584817432752 -416.3303845559792 2.240604367901539
297.1097554181077 -422.7514826160913 -0.104150575395196
297.0085876744565 -422.3339819646952 -0.2393027916169739
296.8414452683466 -421.6838941974717 -0.4555257547698724
296.5738727988445 -420.6446821562006 -0.8014684401044465
296.145132804575 -418.9843355026309 -1.354982132208649
295.4584817432751 -416.3303845559788 -2.240604367901542
319.9853653251947 -422.7514826160912 0.1041505753951905
319.9066793023553 -422.3339819646956 0.2393027916169689
319.7766796531582 -421.6838941974715 0.4555257547698675
319.5685677324345 -420.6446821562007 0.8014684401044398
319.2351032924469 -418.9843355026309 1.354982132208631
318.7010413558806 -416.3303845559794 2.24060436790154
319.9853653251947 -422.7514826160912 -0.1041505753951956
319.9066793023553 -422.3339819646953 -0.2393027916169742
319.7766796531585 -421.6838941974717 -0.4555257547698731
319.5685677324345 -420.6446821562007 -0.8014684401044465
319.2351032924471 -418.9843355026308 -1.35498213220865
318.7010413558806 -416.330384555979 -2.240604367901542
342.8609752322818 -422.7514826160912 0.1041505753951912
342.8047709302534 -422.3339819646956 0.2393027916169689
342.7119140379699 -421.6838941974715 0.4555257547698672
342.5632626660246 -420.6446821562006 0.8014684401044394
342.3250737803189 -418.9843355026309 1.35498213220863
341.9436009684865 -416.3303845559793 2.240604367901539
342.8609752322818 -422.7514826160912 -0.1041505753951965
342.8047709302534 -422.3339819646953 -0.2393027916169741
342.7119140379699 -421.6838941974718 -0.4555257547698727
342.5632626660246 -420.6446821562005 -0.8014684401044464
342.3250737803191 -418.9843355026307 -1.354982132208649
341.9436009684861 -416.3303845559789 -2.240604367901542
365.7365851393687 -422.7514826160913 0.1041505753951909
365.7028625581518 -422.3339819646954 0.239302791616969
365.6471484227816 -421.6838941974715 0.4555257547698672
365.5579575996147 -420.6446821562007 0.8014684401044401
365.4150442681907 -418.984335502631 1.354982132208631
365.186160581092 -416.3303845559793 2.240604367901541
365.7365851393688 -422.7514826160913 -0.104150575395196
365.702862558152 -422.3339819646954 -0.2393027916169743
365.6471484227816 -421.6838941974717 -0.4555257547698726
365.5579575996147 -420.6446821562006 -0.8014684401044465
365.4150442681912 -418.9843355026308 -1.354982132208649
365.1861605810918 -416.3303845559789 -2.240604367901544
388.6121950464559 -422.7514826160912 0.1041505753951903
388.6009541860502 -422.3339819646956 0.2393027916169687
388.5823828075934 -421.6838941974715 0.4555257547698677
388.5526525332047 -420.6446821562007 0.8014684401044401
388.505014756063 -418.9843355026309 1.354982132208632
388.4287201936976 -416.3303845559794 2.240604367901541
388.612195046456 -422.7514826160912 -0.1041505753951956
388.60095418605 -422.3339819646953 -0.239302791616974
388.5823828075934 -421.6838941974717 -0.4555257547698729
388.5526525332044 -420.6446821562007 -0.8014684401044466
388.5050147560632 -418.9843355026306 -1.35498213220865
388.4287201936972 -416.3303845559789 -2.240604367901541
411.487804953543 -422.7514826160912 0.1041505753951903
411.4990458139487 -422.3339819646956 0.2393027916169688
411.517617192405 -421.6838941974715 0.455525754769867
411.5473474667946 -420.6446821562007 0.8014684401044398
411.5949852439352 -418.984335502631 1.35498213220863
411.6712798063032 -416.3303845559793 2.240604367901541
411.487804953543 -422.7514826160912 -0.1041505753951955
411.4990458139487 -422.3339819646953 -0.2393027916169744
411.517617192405 -421.6838941974718 -0.4555257547698725
411.5473474667946 -420.6446821562007 -0.8014684401044466
411.5949852439358 -418.9843355026308 -1.35498213220865
411.6712798063032 -416.3303845559789 -2.240604367901542
434.36341486063 -422.7514826160911 0.1041505753951898
434.3971374418472 -422.3339819646957 0.2393027916169684
434.4528515772164 -421.6838941974715 0.4555257547698669
434.5420424003847 -420.6446821562006 0.8014684401044396
434.6849557318077 -418.984335502631 1.354982132208631
434.9138394189091 -416.3303845559793 2.240604367901541
434.36341486063 -422.7514826160912 -0.1041505753951952
434.3971374418472 -422.3339819646953 -0.2393027916169739
434.4528515772167 -421.6838941974717 -0.4555257547698723
434.5420424003847 -420.6446821562006 -0.8014684401044464
434.684955731808 -418.9843355026308 -1.354982132208649
434.9138394189089 -416.3303845559789 -2.240604367901542
457.2390247677171 -422.7514826160912 0.1041505753951896
457.2952290697456 -422.3339819646956 0.2393027916169679
457.3880859620286 -421.6838941974715 0.4555257547698675
457.5367373339748 -420.6446821562006 0.8014684401044398
457.7749262196797 -418.984335502631 1.354982132208631
458.1563990315148 -416.3303845559793 2.240604367901541
457.2390247677171 -422.7514826160912 -0.1041505753951951
457.2952290697456 -422.3339819646954 -0.2393027916169737
457.3880859620288 -421.6838941974717 -0.4555257547698729
457.5367373339749 -420.6446821562006 -0.8014684401044466
457.7749262196801 -418.9843355026308 -1.35498213220865
458.1563990315142 -416.3303845559786 -2.240604367901541
480.1146346748039 -422.7514826160911 0.10415057539519
480.1933206976438 -422.3339819646955 0.2393027916169677
480.3233203468399 -421.6838941974716 0.4555257547698673
480.5314322675646 -420.6446821562007 0.801468440104439
480.8648967075517 -418.984335502631 1.35498213220863
481.3989586441204 -416.3303845559792 2.240604367901541
480.1146346748042 -422.7514826160912 -0.1041505753951956
480.193320697644 -422.3339819646953 -0.2393027916169737
480.3233203468401 -421.6838941974717 -0.4555257547698727
480.5314322675648 -420.6446821562006 -0.8014684401044465
480.8648967075521 -418.9843355026308 -1.35498213220865
481.3989586441201 -416.3303845559787 -2.240604367901541
502.9902445818913 -422.751482616091 0.104150575395189
503.0914123255426 -422.3339819646956 0.2393027916169677
503.2585547316522 -421.6838941974714 0.4555257547698669
503.5261272011546 -420.6446821562006 0.8014684401044394
503.9548671954241 -418.984335502631 1.35498213220863
504.6415182567258 -416.3303845559794 2.240604367901543
502.9902445818913 -422.751482616091 -0.1041505753951946
503.0914123255424 -422.3339819646953 -0.2393027916169737
503.2585547316523 -421.6838941974717 -0.4555257547698722
503.5261272011546 -420.6446821562005 -0.8014684401044466
503.9548671954248 -418.9843355026308 -1.35498213220865
504.6415182567255 -416.3303845559787 -2.240604367901541
525.865854488978 -422.7514826160912 0.1041505753951898
525.9895039534405 -422.3339819646954 0.2393027916169679
526.1937891164641 -421.6838941974716 0.4555257547698667
526.5208221347449 -420.6446821562006 0.8014684401044385
527.0448376832961 -418.984335502631 1.35498213220863
527.8840778693315 -416.3303845559793 2.240604367901542
525.8658544889778 -422.7514826160912 -0.1041505753951954
525.9895039534412 -422.3339819646952 -0.2393027916169738
526.193789116464 -421.6838941974717 -0.4555257547698722
526.5208221347448 -420.6446821562006 -0.8014684401044466
527.0448376832965 -418.9843355026308 -1.35498213220865
527.8840778693313 -416.3303845559786 -2.24060436790154
548.7414643960657 -422.7514826160911 0.1041505753951893
548.8875955813392 -422.3339819646955 0.2393027916169677
549.1290235012755 -421.6838941974717 0.4555257547698667
549.5155170683349 -420.6446821562007 0.8014684401044389
550.1348081711683 -418.9843355026309 1.35498213220863
551.1266374819373 -416.3303845559793 2.240604367901542
548.7414643960655 -422.7514826160912 -0.1041505753951951
548.8875955813392 -422.3339819646953 -0.2393027916169738
549.1290235012755 -421.6838941974717 -0.4555257547698721
549.5155170683347 -420.6446821562006 -0.8014684401044467
550.1348081711686 -418.9843355026307 -1.354982132208649
551.1266374819371 -416.3303845559787 -2.240604367901541
571.6170743031528 -422.7514826160912 0.1041505753951892
571.7856872092377 -422.3339819646956 0.2393027916169673
572.0642578860871 -421.6838941974716 0.4555257547698675
572.5102120019249 -420.6446821562006 0.8014684401044391
573.2247786590406 -418.9843355026309 1.35498213220863
574.369197094543 -416.3303845559793 2.240604367901543
571.6170743031528 -422.7514826160912 -0.104150575395195
571.7856872092377 -422.3339819646953 -0.2393027916169735
572.0642578860876 -421.6838941974717 -0.4555257547698724
572.5102120019247 -420.6446821562006 -0.8014684401044471
573.2247786590411 -418.9843355026307 -1.35498213220865
574.3691970945425 -416.3303845559787 -2.240604367901541
594.4926842102399 -422.7514826160912 0.1041505753951891
594.6837788371364 -422.3339819646956 0.2393027916169679
594.9994922708993 -421.6838941974715 0.4555257547698672
595.5049069355154 -420.6446821562008 0.8014684401044385
596.3147491469126 -418.984335502631 1.354982132208631
597.6117567071486 -416.3303845559793 2.240604367901541
594.49268421024 -422.7514826160912 -0.1041505753951949
594.6837788371364 -422.3339819646953 -0.2393027916169742
594.9994922708995 -421.6838941974718 -0.4555257547698723
595.504906935515 -420.6446821562002 -0.8014684401044464
596.3147491469135 -418.9843355026307 -1.354982132208651
597.6117567071482 -416.3303845559787 -2.240604367901539
617.3682941173272 -422.7514826160912 0.1041505753951887
617.581870465035 -422.3339819646955 0.2393027916169676
617.934726655711 -421.6838941974714 0.4555257547698668
618.4996018691056 -420.6446821562008 0.8014684401044385
619.4047196347849 -418.9843355026309 1.354982132208628
620.8543163197543 -416.3303845559793 2.240604367901542
617.3682941173272 -422.7514826160912 -0.1041505753951946
617.581870465035 -422.3339819646952 -0.2393027916169742
617.9347266557112 -421.6838941974716 -0.4555257547698723
618.4996018691056 -420.6446821562003 -0.8014684401044463
619.4047196347858 -418.9843355026308 -1.354982132208649
620.8543163197543 -416.3303845559785 -2.240604367901541
640.2439040244142 -422.7514826160912 0.1041505753951882
640.4799620929339 -422.3339819646956 0.2393027916169677
640.869961040523 -421.6838941974715 0.4555257547698677
641.4942968026952 -420.6446821562006 0.8014684401044385
642.4946901226572 -418.9843355026306 1.354982132208629
644.0968759323603 -416.3303845559792 2.240604367901542
640.2439040244142 -422.7514826160912 -0.1041505753951941
640.4799620929339 -422.3339819646953 -0.2393027916169739
640.8699610405232 -421.6838941974717 -0.4555257547698723
641.4942968026952 -420.6446821562001 -0.8014684401044467
642.4946901226577 -418.9843355026307 -1.35498213220865
644.0968759323598 -416.3303845559784 -2.24060436790154
663.1195139315015 -422.7514826160913 0.104150575395189
663.3780537208324 -422.3339819646954 0.2393027916169673
663.8051954253345 -421.6838941974715 0.4555257547698668
664.4889917362851 -420.6446821562007 0.8014684401044382
665.5846606105296 -418.9843355026308 1.354982132208629
667.3394355449656 -416.3303845559793 2.240604367901543
663.1195139315016 -422.7514826160912 -0.1041505753951949
663.3780537208324 -422.3339819646953 -0.2393027916169737
663.8051954253345 -421.6838941974716 -0.4555257547698717
664.4889917362854 -420.6446821562002 -0.8014684401044461
665.5846606105304 -418.9843355026305 -1.354982132208649
667.3394355449652 -416.3303845559785 -2.240604367901539
685.9951238385885 -422.7514826160911 0.1041505753951884
686.2761453487307 -422.3339819646956 0.2393027916169668
686.7404298101465 -421.6838941974715 0.4555257547698672
687.4836866698757 -420.6446821562006 0.8014684401044382
688.6746310984013 -418.984335502631 1.354982132208629
690.5819951575712 -416.3303845559793 2.240604367901542
685.9951238385884 -422.7514826160911 -0.1041505753951945
686.2761453487307 -422.3339819646954 -0.2393027916169735
686.7404298101469 -421.6838941974716 -0.4555257547698721
687.4836866698753 -420.6446821562001 -0.8014684401044468
688.6746310984024 -418.9843355026305 -1.354982132208651
690.581995157571 -416.3303845559784 -2.24060436790154
708.8707337456763 -422.7514826160912 0.1041505753951883
709.1742369766296 -422.3339819646956 0.2393027916169667
709.6756641949584 -421.6838941974715 0.455525754769867
710.4783816034658 -420.6446821562002 0.801468440104438
711.7646015862746 -418.984335502631 1.354982132208628
713.824554770177 -416.3303845559794 2.240604367901542
708.8707337456759 -422.7514826160912 -0.1041505753951945
709.1742369766291 -422.3339819646953 -0.2393027916169733
709.6756641949588 -421.6838941974718 -0.4555257547698723
710.4783816034658 -420.6446821562002 -0.8014684401044467
711.7646015862745 -418.9843355026305 -1.35498213220865
713.8245547701765 -416.3303845559784 -2.240604367901538
731.7463436527628 -422.7514826160912 0.1041505753951882
732.0723286045281 -422.3339819646954 0.2393027916169668
732.6108985797699 -421.6838941974715 0.4555257547698669
733.4730765370552 -420.6446821562002 0.8014684401044383
734.8545720741461 -418.9843355026308 1.354982132208628
737.0671143827828 -416.3303845559792 2.240604367901543
731.7463436527629 -422.7514826160912 -0.1041505753951944
732.0723286045281 -422.3339819646952 -0.2393027916169736
732.61089857977 -421.6838941974717 -0.4555257547698719
733.4730765370552 -420.6446821562002 -0.8014684401044466
734.8545720741465 -418.9843355026305 -1.35498213220865
737.0671143827823 -416.3303845559784 -2.240604367901539
754.6219535598512 -422.7514826160913 0.1041505753951877
754.9704202324264 -422.3339819646957 0.2393027916169665
755.5461329645821 -421.6838941974715 0.4555257547698671
756.4677714706457 -420.6446821562006 0.8014684401044383
757.9445425620185 -418.9843355026308 1.35498213220863
760.3096739953883 -416.3303845559793 2.240604367901542
754.6219535598508 -422.7514826160913 -0.104150575395194
754.9704202324264 -422.3339819646955 -0.2393027916169733
755.5461329645821 -421.6838941974716 -0.4555257547698723
756.4677714706462 -420.6446821562001 -0.8014684401044464
757.9445425620188 -418.9843355026305 -1.354982132208651
760.3096739953875 -416.3303845559784 -2.240604367901538
777.4975634669375 -422.751482616091 0.1041505753951876
777.868511860325 -422.3339819646956 0.2393027916169667
778.4813673493941 -421.6838941974716 0.455525754769867
779.4624664042362 -420.6446821562003 0.8014684401044379
781.034513049891 -418.984335502631 1.35498213220863
783.5522336079943 -416.3303845559793 2.240604367901544
777.4975634669379 -422.751482616091 -0.104150575395194
777.8685118603248 -422.3339819646953 -0.2393027916169737
778.4813673493946 -421.6838941974717 -0.4555257547698722
779.4624664042362 -420.6446821562002 -0.8014684401044467
781.0345130498908 -418.9843355026306 -1.354982132208652
783.5522336079939 -416.3303845559785 -2.240604367901539
3 98 0 24
5577
5578
5579
5580
5581
5582
5583
5584
5585
5586
5587
5588
5589
5590
5591
5592
5593
5594
5595
5596
5597
5598
5599
5600
-0.291595301962939 -423.1677285240927 -0.1053285378772724
-0.6708532595067885 -423.3068473916044 -0.2444474048647294
-1.318686129368746 -423.5234459088865 -0.4610459213082031
-2.356343501906386 -423.8696800056854 -0.8072800167649113
-4.021448972749881 -424.4228624207975 -1.360462429729826
-6.690806088313463 -425.3070867256723 -2.244686731169113
-0.2915953019629218 -422.9570714751795 -0.1053285371694095
-0.6708532595067609 -422.8179526076955 -0.2444474041837867
-1.318686129368715 -422.6013540904572 -0.461045920670363
-2.356343501906276 -422.2551199937296 -0.8072800161960141
-4.021448972749932 -421.7019375787303 -1.360462429271206
-6.690806088313659 -420.8177132740379 -2.244686730887035
-0.2915953019629416 -423.1677285248201 0.1053285371693981
-0.6708532595068056 -423.3068473923042 0.2444474041837654
-1.318686129368773 -423.5234459095423 0.4610459206703369
-2.356343501906441 -423.8696800062704 0.8072800161959609
-4.021448972749979 -424.4228624212687 1.360462429271057
-6.690806088313733 -425.3070867259624 2.244686730886292
-0.2915953019629244 -422.957071475907 0.1053285378772628
-0.6708532595067769 -422.8179526083952 0.2444474048647109
-1.318686129368743 -422.6013540911126 0.4610459213081785
-2.356343501906341 -422.2551199943144 0.8072800167648576
-4.021448972749979 -421.7019375792016 1.360462429729677
-6.690806088313826 -420.8177132743282 2.244686731168522
3 99 0 24
5601
5602
5603
5604
5605
5606
5607
5608
5609
5610
5611
5612
5613
5614
5615
5616
5617
5618
5619
5620
5621
5622
5623
5624
800.3915953019629 -423.1677285240928 -0.1053285378773887
800.7708532595075 -423.3068473916048 -0.2444474048648254
801.4186861293679 -423.5234459088868 -0.461045921308377
802.4563435019056 -423.8696800056852 -0.8072800167648889
804.1214489727491 -424.4228624207973 -1.360462429729811
806.7908060883144 -425.307086725672 -2.244686731168793
800.391595301962 -422.9570714751792 -0.1053285371695155
800.7708532595068 -422.8179526076959 -0.2444474041838686
801.4186861293678 -422.6013540904571 -0.4610459206705223
802.4563435019056 -422.255119993729 -0.8072800161960375
804.1214489727487 -421.7019375787302 -1.360462429271257
806.7908060883138 -420.8177132740373 -2.244686730886721
800.391595301963 -423.1677285248206 0.1053285371691358
800.7708532595072 -423.306847392305 0.2444474041835137
801.4186861293682 -423.5234459095427 0.461045920670056
802.4563435019058 -423.8696800062702 0.8072800161959128
804.1214489727491 -424.422862421269 1.36046242927077
806.7908060883138 -425.3070867259623 2.244686730886482
800.3915953019621 -422.957071475907 0.1053285378769981
800.770853259507 -422.8179526083956 0.2444474048644478
801.418686129368 -422.6013540911128 0.4610459213078889
802.456343501906 -422.2551199943139 0.8072800167647053
804.1214489727481 -421.7019375792016 1.360462429729032
806.7908060883138 -420.817713274328 2.244686731168535
3 179 0 864
5785
5786
5787
5788
5789
5790
5791
5792
5793
5794
5795
5796
5809
5810
5811
5812
5813
5814
5815
5816
5817
5818
5819
5820
6241
6242
6243
6244
6245
6246
6247
6248
6249
6250
6251
6252
6289
6290
6291
6292
6293
6294
6295
6296
6297
6298
6299
6300
6337
6338
6339
6340
6341
6342
6343
6344
6345
6346
6347
6348
6349
6350
6351
6352
6353
6354
6355
6356
6357
6358
6359
6360
6361
6362
6363
6364
6365
6366
6367
6368
6369
6370
6371
6372
6373
6374
6375
6376
6377
6378
6379
6380
6381
6382
6383
6384
6385
6386
6387
6388
6389
6390
6391
6392
6393
6394
6395
6396
6397
6398
6399
6400
6401
6402
6403
6404
6405
6406
6407
6408
6409
6410
6411
6412
6413
6414
6415
6416
6417
6418
6419
6420
6421
6422
6423
6424
6425
6426
6427
6428
6429
6430
6431
6432
6433
6434
6435
6436
6437
6438
6439
6440
6441
6442
6443
6444
6445
6446
6447
6448
6449
6450
6451
6452
6453
6454
6455
6456
6457
6458
6459
6460
6461
6462
6463
6464
6465
6466
6467
6468
6469
6470
6471
6472
6473
6474
6475
6476
6477
6478
6479
6480
6481
6482
6483
6484
6485
6486
6487
6488
6489
6490
6491
6492
6493
6494
6495
6496
6497
6498
6499
6500
6501
6502
6503
6504
6505
6506
6507
6508
6509
6510
6511
6512
6513
6514
6515
6516
6517
6518
6519
6520
6521
6522
6523
6524
6525
6526
6527
6528
6529
6530
6531
6532
6533
6534
6535
6536
6537
6538
6539
6540
6541
6542
6543
6544
6545
6546
6547
6548
6549
6550
6551
6552
6553
6554
6555
6556
6557
6558
6559
6560
6561
6562
6563
6564
6565
6566
6567
6568
6569
6570
6571
6572
6573
6574
6575
6576
6577
6578
6579
6580
6581
6582
6583
6584
6585
6586
6587
6588
6589
6590
6591
6592
6593
6594
6595
6596
6597
6598
6599
6600
6601
6602
6603
6604
6605
6606
6607
6608
6609
6610
6611
6612
6613
6614
6615
6616
6617
6618
6619
6620
6621
6622
6623
6624
6625
6626
6627
6628
6629
6630
6631
6632
6633
6634
6635
6636
6637
6638
6639
6640
6641
6642
6643
6644
6645
6646
6647
6648
6649
6650
6651
6652
6653
6654
6655
6656
6657
6658
6659
6660
6661
6662
6663
6664
6665
6666
6667
6668
6669
6670
6671
6672
6673
6674
6675
6676
6677
6678
6679
6680
6681
6682
6683
6684
6685
6686
6687
6688
6689
6690
6691
6692
6693
6694
6695
6696
6697
6698
6699
6700
6701
6702
6703
6704
6705
6706
6707
6708
6709
6710
6711
6712
6713
6714
6715
6716
6717
6718
6719
6720
6721
6722
6723
6724
6725
6726
6727
6728
6729
6730
6731
6732
6733
6734
6735
6736
6737
6738
6739
6740
6741
6742
6743
6744
7161
7162
7163
7164
7165
7166
7167
7168
7169
7170
7171
7172
7173
7174
7175
7176
7177
7178
7179
7180
7181
7182
7183
7184
7185
7186
7187
7188
7189
7190
7191
7192
7193
7194
7195
7196
7197
7198
7199
7200
7201
7202
7203
7204
7205
7206
7207
7208
7209
7210
7211
7212
7213
7214
7215
7216
7217
7218
7219
7220
7221
7222
7223
7224
7225
7226
7227
7228
7229
7230
7231
7232
7233
7234
7235
7236
7237
7238
7239
7240
7241
7242
7243
7244
7245
7246
7247
7248
7249
7250
7251
7252
7253
7254
7255
7256
7257
7258
7259
7260
7261
7262
7263
7264
7265
7266
7267
7268
7269
7270
7271
7272
7273
7274
7275
7276
7277
7278
7279
7280
7281
7282
7283
7284
7285
7286
7287
7288
7289
7290
7291
7292
7293
7294
7295
7296
7297
7298
7299
7300
7301
7302
7303
7304
7305
7306
7307
7308
7309
7310
7311
7312
7313
7314
7315
7316
7317
7318
7319
7320
7321
7322
7323
7324
7325
7326
7327
7328
7329
7330
7331
7332
7333
7334
7335
7336
7337
7338
7339
7340
7341
7342
7343
7344
7345
7346
7347
7348
7349
7350
7351
7352
7353
7354
7355
7356
7357
7358
7359
7360
7361
7362
7363
7364
7365
7366
7367
7368
7369
7370
7371
7372
7373
7374
7375
7376
7377
7378
7379
7380
7381
7382
7383
7384
7385
7386
7387
7388
7389
7390
7391
7392
7393
7394
7395
7396
7397
7398
7399
7400
7401
7402
7403
7404
7405
7406
7407
7408
7409
7410
7411
7412
7413
7414
7415
7416
7417
7418
7419
7420
7421
7422
7423
7424
7425
7426
7427
7428
7429
7430
7431
7432
7433
7434
7435
7436
7437
7438
7439
7440
7441
7442
7443
7444
7445
7446
7447
7448
7449
7450
7451
7452
7453
7454
7455
7456
7457
7458
7459
7460
7461
7462
7463
7464
7465
7466
7467
7468
7469
7470
7471
7472
7473
7474
7475
7476
7477
7478
7479
7480
7481
7482
7483
7484
7485
7486
7487
7488
7489
7490
7491
7492
7493
7494
7495
7496
7497
7498
7499
7500
7501
7502
7503
7504
7505
7506
7507
7508
7509
7510
7511
7512
7513
7514
7515
7516
7517
7518
7519
7520
7521
7522
7523
7524
7525
7526
7527
7528
7529
7530
7531
7532
7533
7534
7535
7536
7537
7538
7539
7540
7541
7542
7543
7544
7545
7546
7547
7548
7549
7550
7551
7552
7553
7554
7555
7556
7557
7558
7559
7560
7561
7562
7563
7564
7565
7566
7567
7568
-0.2547514460861525 422.7550179649309 0.307382035069202
-0.6623537169397289 422.349417210256 0.7129827897439754
-1.31451733904401 421.7004560139825 1.361943986017471
-2.357979173745936 420.662118060803 2.400281939196986
-4.027518102777379 419.0007773421756 4.061622657824448
-6.698780352883019 416.3426322285378 6.719767771462188
-0.2547514460861525 423.3697820350692 0.307382035069202
-0.6623537169397289 423.775382789744 0.7129827897439754
-1.31451733904401 424.4243439860175 1.361943986017471
-2.357979173745936 425.462681939197 2.400281939196986
-4.027518102777379 427.1240226578245 4.061622657824448
-6.698780352883019 429.7821677714622 6.719767771462188
800.3547514460862 422.7550179649309 0.307382035069202
800.7623537169397 422.349417210256 0.7129827897439754
801.414517339044 421.7004560139825 1.361943986017471
802.4579791737459 420.662118060803 2.400281939196986
804.1275181027775 419.0007773421756 4.061622657824448
806.798780352883 416.3426322285378 6.719767771462188
800.3547514460862 423.3697820350692 0.307382035069202
800.7623537169397 423.775382789744 0.7129827897439754
801.414517339044 424.4243439860175 1.361943986017471
802.4579791737459 425.462681939197 2.400281939196986
804.1275181027775 427.1240226578245 4.061622657824448
806.798780352883 429.7821677714622 6.719767771462188
-0.2731733740245256 422.9582494246049 0.3109173839090624
-0.6666034882232279 422.8230972083829 0.7284180353047587
-1.316601734206348 422.6068742452303 1.378505802528301
-2.357161337826133 422.2609315598953 2.417717843799352
-4.024483537763716 421.7074178677925 4.078064497369073
-6.69479322059837 420.8217956320988 6.732015444021725
-0.2731733740245272 423.1665505753953 0.310917383909063
-0.6666034882232258 423.3017027916168 0.7284180353047565
-1.316601734206355 423.5179257547696 1.378505802528295
-2.357161337826147 423.8638684401045 2.417717843799366
-4.024483537763703 424.4173821322092 4.078064497369104
-6.694793220598106 425.3030043679019 6.732015444022005
800.3731733740245 422.9582494246047 0.3109173839087737
800.3731733740249 423.1665505753954 0.3109173839087392
800.7666034882236 422.8230972083829 0.7284180353044966
800.7666034882237 423.3017027916169 0.7284180353044227
801.4166017342061 422.6068742452301 1.378505802528119
801.4166017342061 423.5179257547699 1.378505802528044
802.4571613378257 422.2609315598953 2.417717843799088
802.4571613378255 423.8638684401043 2.417717843798916
804.1244835377641 421.7074178677924 4.078064497369962
804.1244835377636 424.4173821322092 4.078064497369666
806.7947932205988 420.8217956320986 6.732015444022422
806.7947932205974 425.3030043679011 6.732015444021567
22.61980577940432 422.7550179649308 0.3073820350691809
45.49436300489509 422.7550179649308 0.30738203506918
68.36892023038575 422.7550179649308 0.3073820350691809
91.2434774558763 422.7550179649308 0.3073820350691809
114.1180346813669 422.7550179649308 0.3073820350691809
136.9925919068575 422.7550179649308 0.3073820350691818
159.8671491323481 422.7550179649308 0.30738203506918
182.7417063578387 422.7550179649308 0.3073820350691809
205.6162635833294 422.7550179649308 0.3073820350691809
228.49082080882 422.7550179649308 0.3073820350691809
251.3653780343106 422.7550179649308 0.3073820350691792
274.2399352598011 422.7550179649308 0.3073820350691809
297.1144924852916 422.7550179649308 0.3073820350691809
319.9890497107823 422.7550179649308 0.30738203506918
342.8636069362728 422.7550179649308 0.3073820350691827
365.7381641617634 422.7550179649308 0.3073820350691818
388.612721387254 422.7550179649308 0.3073820350691809
411.4872786127446 422.7550179649308 0.3073820350691809
434.3618358382352 422.7550179649308 0.30738203506918
457.2363930637257 422.7550179649308 0.30738203506918
480.1109502892162 422.7550179649308 0.3073820350691818
502.9855075147069 422.7550179649308 0.3073820350691792
525.8600647401975 422.7550179649308 0.3073820350691818
548.7346219656881 422.7550179649308 0.3073820350691809
571.6091791911789 422.7550179649308 0.3073820350691809
594.4837364166697 422.7550179649308 0.3073820350691809
617.3582936421603 422.7550179649308 0.30738203506918
640.2328508676512 422.7550179649308 0.3073820350691792
663.1074080931418 422.7550179649308 0.3073820350691818
685.9819653186327 422.7550179649308 0.3073820350691809
708.8565225441234 422.7550179649308 0.3073820350691809
731.7310797696141 422.7550179649308 0.3073820350691809
754.6056369951048 422.7550179649308 0.30738203506918
777.4801942205954 422.7550179649308 0.30738203506918
22.23549506688539 422.349417210256 0.712982789743954
45.13334385071033 422.349417210256 0.712982789743954
68.03119263453556 422.349417210256 0.712982789743954
90.92904141836061 422.349417210256 0.7129827897439549
113.8268902021857 422.349417210256 0.7129827897439558
136.7247389860108 422.349417210256 0.7129827897439558
159.622587769836 422.349417210256 0.7129827897439549
182.5204365536612 422.349417210256 0.7129827897439558
205.4182853374862 422.349417210256 0.7129827897439558
228.3161341213113 422.349417210256 0.7129827897439549
251.2139829051364 422.349417210256 0.7129827897439549
274.1118316889614 422.349417210256 0.7129827897439549
297.0096804727865 422.349417210256 0.712982789743954
319.9075292566117 422.349417210256 0.7129827897439549
342.8053780404367 422.349417210256 0.7129827897439549
365.7032268242617 422.349417210256 0.7129827897439558
388.6010756080867 422.349417210256 0.7129827897439549
411.4989243919118 422.349417210256 0.7129827897439558
434.3967731757369 422.349417210256 0.7129827897439549
457.2946219595619 422.349417210256 0.712982789743954
480.192470743387 422.349417210256 0.712982789743954
503.0903195272122 422.349417210256 0.712982789743954
525.9881683110373 422.349417210256 0.7129827897439549
548.8860170948624 422.349417210256 0.7129827897439549
571.7838658786876 422.349417210256 0.712982789743954
594.6817146625128 422.349417210256 0.7129827897439558
617.5795634463381 422.349417210256 0.7129827897439558
640.4774122301634 422.349417210256 0.7129827897439558
663.3752610139886 422.349417210256 0.7129827897439549
686.2731097978137 422.349417210256 0.712982789743954
709.170958581639 422.349417210256 0.712982789743954
732.0688073654642 422.349417210256 0.7129827897439549
754.9666561492895 422.349417210256 0.712982789743954
777.8645049331146 422.349417210256 0.7129827897439549
21.62059793747267 421.7004560139825 1.36194398601745
44.55571321398946 421.7004560139825 1.361943986017451
67.4908284905062 421.7004560139825 1.36194398601745
90.42594376702306 421.7004560139825 1.36194398601745
113.3610590435398 421.7004560139825 1.361943986017451
136.2961743200567 421.7004560139825 1.36194398601745
159.2312895965734 421.7004560139825 1.361943986017451
182.1664048730902 421.7004560139825 1.361943986017451
205.101520149607 421.7004560139825 1.361943986017451
228.0366354261238 421.7004560139825 1.361943986017451
250.9717507026406 421.7004560139825 1.361943986017451
273.9068659791573 421.7004560139825 1.36194398601745
296.841981255674 421.7004560139825 1.36194398601745
319.7770965321909 421.7004560139825 1.361943986017451
342.7122118087075 421.7004560139825 1.36194398601745
365.6473270852243 421.7004560139825 1.36194398601745
388.582442361741 421.7004560139825 1.361943986017451
411.5175576382577 421.7004560139825 1.36194398601745
434.4526729147745 421.7004560139825 1.36194398601745
457.3877881912912 421.7004560139825 1.361943986017451
480.3229034678079 421.7004560139825 1.361943986017451
503.2580187443248 421.7004560139825 1.36194398601745
526.1931340208415 421.7004560139825 1.36194398601745
549.1282492973585 421.7004560139825 1.36194398601745
572.0633645738752 421.7004560139825 1.361943986017451
594.9984798503922 421.7004560139825 1.361943986017451
617.933595126909 421.7004560139825 1.36194398601745
640.8687104034259 421.7004560139825 1.361943986017451
663.8038256799426 421.7004560139825 1.36194398601745
686.7389409564596 421.7004560139825 1.361943986017451
709.6740562329766 421.7004560139825 1.361943986017451
732.6091715094933 421.7004560139825 1.36194398601745
755.5442867860103 421.7004560139825 1.361943986017451
778.4794020625272 421.7004560139825 1.361943986017451
20.63676249332514 420.662118060803 2.400281939196967
43.63150416039656 420.662118060803 2.400281939196965
66.62624582746759 420.662118060803 2.400281939196965
89.62098749453872 420.662118060803 2.400281939196965
112.61572916161 420.662118060803 2.400281939196967
135.6104708286812 420.662118060803 2.400281939196965
158.6052124957523 420.662118060803 2.400281939196964
181.5999541628236 420.662118060803 2.400281939196965
204.5946958298947 420.662118060803 2.400281939196965
227.5894374969659 420.662118060803 2.400281939196965
250.584179164037 420.662118060803 2.400281939196965
273.5789208311082 420.662118060803 2.400281939196965
296.5736624981793 420.662118060803 2.400281939196965
319.5684041652505 420.662118060803 2.400281939196965
342.5631458323216 420.662118060803 2.400281939196965
365.5578874993928 420.662118060803 2.400281939196965
388.5526291664638 420.662118060803 2.400281939196965
411.547370833535 420.662118060803 2.400281939196965
434.5421125006062 420.662118060803 2.400281939196965
457.5368541676773 420.662118060803 2.400281939196965
480.5315958347485 420.662118060803 2.400281939196965
503.5263375018196 420.662118060803 2.400281939196965
526.5210791688909 420.662118060803 2.400281939196964
549.515820835962 420.662118060803 2.400281939196965
572.5105625030333 420.662118060803 2.400281939196965
595.5053041701046 420.662118060803 2.400281939196965
618.5000458371759 420.662118060803 2.400281939196965
641.4947875042471 420.662118060803 2.400281939196965
664.4895291713184 420.662118060803 2.400281939196965
687.4842708383896 420.662118060803 2.400281939196965
710.479012505461 420.662118060803 2.400281939196965
733.4737541725322 420.662118060803 2.400281939196965
756.4684958396035 420.662118060803 2.400281939196965
779.4632375066747 420.662118060803 2.400281939196965
19.0626257888099 419.0007773421756 4.061622657824428
42.15276968039711 419.0007773421756 4.061622657824429
65.24291357198427 419.0007773421756 4.061622657824429
88.33305746357172 419.0007773421756 4.061622657824429
111.4232013551589 419.0007773421756 4.061622657824429
134.5133452467464 419.0007773421756 4.061622657824428
157.6034891383335 419.0007773421756 4.061622657824429
180.6936330299208 419.0007773421756 4.061622657824428
203.7837769215081 419.0007773421756 4.061622657824429
226.8739208130954 419.0007773421756 4.061622657824428
249.9640647046826 419.0007773421756 4.061622657824429
273.0542085962698 419.0007773421756 4.061622657824429
296.1443524878571 419.0007773421756 4.061622657824428
319.2344963794443 419.0007773421756 4.061622657824429
342.3246402710315 419.0007773421756 4.061622657824429
365.4147841626187 419.0007773421756 4.061622657824428
388.5049280542059 419.0007773421756 4.061622657824429
411.5950719457932 419.0007773421756 4.061622657824429
434.6852158373805 419.0007773421756 4.061622657824428
457.7753597289677 419.0007773421756 4.061622657824429
480.8655036205549 419.0007773421756 4.061622657824429
503.9556475121422 419.0007773421756 4.061622657824428
527.0457914037295 419.0007773421756 4.061622657824428
550.1359352953168 419.0007773421756 4.061622657824428
573.2260791869041 419.0007773421756 4.061622657824428
596.3162230784915 419.0007773421756 4.061622657824429
619.4063669700788 419.0007773421756 4.061622657824428
642.4965108616661 419.0007773421756 4.061622657824429
665.5866547532534 419.0007773421756 4.061622657824428
688.6767986448408 419.0007773421756 4.061622657824429
711.7669425364281 419.0007773421756 4.061622657824429
734.8570864280154 419.0007773421756 4.061622657824429
757.9472303196028 419.0007773421756 4.061622657824429
781.0373742111901 419.0007773421756 4.061622657824429
16.54400709585315 416.3426322285378 6.719767771462168
39.78679454458933 416.3426322285378 6.719767771462168
63.02958199332551 416.3426322285378 6.719767771462167
86.27236944206169 416.3426322285378 6.719767771462167
109.5151568907979 416.3426322285378 6.719767771462167
132.757944339534 416.3426322285378 6.719767771462168
156.0007317882702 416.3426322285378 6.719767771462167
179.2435192370064 416.3426322285378 6.719767771462168
202.4863066857426 416.3426322285378 6.719767771462168
225.7290941344788 416.3426322285378 6.719767771462168
248.971881583215 416.3426322285378 6.719767771462168
272.2146690319511 416.3426322285378 6.719767771462168
295.4574564806872 416.3426322285378 6.719767771462167
318.7002439294234 416.3426322285378 6.719767771462167
341.9430313781594 416.3426322285378 6.719767771462168
365.1858188268956 416.3426322285378 6.719767771462168
388.4286062756317 416.3426322285378 6.719767771462168
411.6713937243679 416.3426322285378 6.719767771462168
434.9141811731041 416.3426322285378 6.719767771462168
458.1569686218402 416.3426322285378 6.719767771462168
481.3997560705764 416.3426322285378 6.719767771462167
504.6425435193125 416.3426322285378 6.719767771462168
527.8853309680487 416.3426322285378 6.719767771462168
551.1281184167849 416.3426322285378 6.719767771462168
574.3709058655211 416.3426322285378 6.719767771462168
597.6136933142573 416.3426322285378 6.719767771462167
620.8564807629936 416.3426322285378 6.719767771462168
644.0992682117297 416.3426322285378 6.719767771462168
667.3420556604658 416.3426322285378 6.719767771462168
690.584843109202 416.3426322285378 6.719767771462168
713.8276305579382 416.3426322285378 6.719767771462167
737.0704180066743 416.3426322285378 6.719767771462168
760.3132054554105 416.3426322285378 6.719767771462168
783.5559929041467 416.3426322285378 6.719767771462168
22.61980577940432 423.3697820350692 0.3073820350691809
45.49436300489509 423.3697820350692 0.30738203506918
68.36892023038575 423.3697820350692 0.3073820350691809
91.2434774558763 423.3697820350692 0.3073820350691809
114.1180346813669 423.3697820350692 0.3073820350691809
136.9925919068575 423.3697820350692 0.3073820350691818
159.8671491323481 423.3697820350692 0.30738203506918
182.7417063578387 423.3697820350692 0.3073820350691809
205.6162635833294 423.3697820350692 0.3073820350691809
228.49082080882 423.3697820350692 0.3073820350691809
251.3653780343106 423.3697820350692 0.3073820350691792
274.2399352598011 423.3697820350692 0.3073820350691809
297.1144924852916 423.3697820350692 0.3073820350691809
319.9890497107823 423.3697820350692 0.30738203506918
342.8636069362728 423.3697820350692 0.3073820350691827
365.7381641617634 423.3697820350692 0.3073820350691818
388.612721387254 423.3697820350692 0.3073820350691809
411.4872786127446 423.3697820350692 0.3073820350691809
434.3618358382352 423.3697820350692 0.30738203506918
457.2363930637257 423.3697820350692 0.30738203506918
480.1109502892162 423.3697820350692 0.3073820350691818
502.9855075147069 423.3697820350692 0.3073820350691792
525.8600647401975 423.3697820350692 0.3073820350691818
548.7346219656881 423.3697820350692 0.3073820350691809
571.6091791911789 423.3697820350692 0.3073820350691809
594.4837364166697 423.3697820350692 0.3073820350691809
617.3582936421603 423.3697820350692 0.30738203506918
640.2328508676512 423.3697820350692 0.3073820350691792
663.1074080931418 423.3697820350692 0.3073820350691818
685.9819653186327 423.3697820350692 0.3073820350691809
708.8565225441234 423.3697820350692 0.3073820350691809
731.7310797696141 423.3697820350692 0.3073820350691809
754.6056369951048 423.3697820350692 0.30738203506918
777.4801942205954 423.3697820350692 0.30738203506918
22.23549506688539 423.775382789744 0.712982789743954
45.13334385071033 423.775382789744 0.712982789743954
68.03119263453556 423.775382789744 0.712982789743954
90.92904141836061 423.775382789744 0.7129827897439549
113.8268902021857 423.775382789744 0.7129827897439558
136.7247389860108 423.775382789744 0.7129827897439558
159.622587769836 423.775382789744 0.7129827897439549
182.5204365536612 423.775382789744 0.7129827897439558
205.4182853374862 423.775382789744 0.7129827897439558
228.3161341213113 423.775382789744 0.7129827897439549
251.2139829051364 423.775382789744 0.7129827897439549
274.1118316889614 423.775382789744 0.7129827897439549
297.0096804727865 423.775382789744 0.712982789743954
319.9075292566117 423.775382789744 0.7129827897439549
342.8053780404367 423.775382789744 0.7129827897439549
365.7032268242617 423.775382789744 0.7129827897439558
388.6010756080867 423.775382789744 0.7129827897439549
411.4989243919118 423.775382789744 0.7129827897439558
434.3967731757369 423.775382789744 0.7129827897439549
457.2946219595619 423.775382789744 0.712982789743954
480.192470743387 423.775382789744 0.712982789743954
503.0903195272122 423.775382789744 0.712982789743954
525.9881683110373 423.775382789744 0.7129827897439549
548.8860170948624 423.775382789744 0.7129827897439549
571.7838658786876 423.775382789744 0.712982789743954
594.6817146625128 423.775382789744 0.7129827897439558
617.5795634463381 423.775382789744 0.7129827897439558
640.4774122301634 423.775382789744 0.7129827897439558
663.3752610139886 423.775382789744 0.7129827897439549
686.2731097978137 423.775382789744 0.712982789743954
709.170958581639 423.775382789744 0.712982789743954
732.0688073654642 423.775382789744 0.7129827897439549
754.9666561492895 423.775382789744 0.712982789743954
777.8645049331146 423.775382789744 0.7129827897439549
21.62059793747267 424.4243439860175 1.36194398601745
44.55571321398946 424.4243439860175 1.361943986017451
67.4908284905062 424.4243439860175 1.36194398601745
90.42594376702306 424.4243439860175 1.36194398601745
113.3610590435398 424.4243439860175 1.361943986017451
136.2961743200567 424.4243439860175 1.36194398601745
159.2312895965734 424.4243439860175 1.361943986017451
182.1664048730902 424.4243439860175 1.361943986017451
205.101520149607 424.4243439860175 1.361943986017451
228.0366354261238 424.4243439860175 1.361943986017451
250.9717507026406 424.4243439860175 1.361943986017451
273.9068659791573 424.4243439860175 1.36194398601745
296.841981255674 424.4243439860175 1.36194398601745
319.7770965321909 424.4243439860175 1.361943986017451
342.7122118087075 424.4243439860175 1.36194398601745
365.6473270852243 424.4243439860175 1.36194398601745
388.582442361741 424.4243439860175 1.361943986017451
411.5175576382577 424.4243439860175 1.36194398601745
434.4526729147745 424.4243439860175 1.36194398601745
457.3877881912912 424.4243439860175 1.361943986017451
480.3229034678079 424.4243439860175 1.361943986017451
503.2580187443248 424.4243439860175 1.36194398601745
526.1931340208415 424.4243439860175 1.36194398601745
549.1282492973585 424.4243439860175 1.36194398601745
572.0633645738752 424.4243439860175 1.361943986017451
594.9984798503922 424.4243439860175 1.361943986017451
617.933595126909 424.4243439860175 1.36194398601745
640.8687104034259 424.4243439860175 1.361943986017451
663.8038256799426 424.4243439860175 1.36194398601745
686.7389409564596 424.4243439860175 1.361943986017451
709.6740562329766 424.4243439860175 1.361943986017451
732.6091715094933 424.4243439860175 1.36194398601745
755.5442867860103 424.4243439860175 1.361943986017451
778.4794020625272 424.4243439860175 1.361943986017451
20.63676249332514 425.462681939197 2.400281939196967
43.63150416039656 425.462681939197 2.400281939196965
66.62624582746759 425.462681939197 2.400281939196965
89.62098749453872 425.462681939197 2.400281939196965
112.61572916161 425.462681939197 2.400281939196967
135.6104708286812 425.462681939197 2.400281939196965
158.6052124957523 425.462681939197 2.400281939196964
181.5999541628236 425.462681939197 2.400281939196965
204.5946958298947 425.462681939197 2.400281939196965
227.5894374969659 425.462681939197 2.400281939196965
250.584179164037 425.462681939197 2.400281939196965
273.5789208311082 425.462681939197 2.400281939196965
296.5736624981793 425.462681939197 2.400281939196965
319.5684041652505 425.462681939197 2.400281939196965
342.5631458323216 425.462681939197 2.400281939196965
365.5578874993928 425.462681939197 2.400281939196965
388.5526291664638 425.462681939197 2.400281939196965
411.547370833535 425.462681939197 2.400281939196965
434.5421125006062 425.462681939197 2.400281939196965
457.5368541676773 425.462681939197 2.400281939196965
480.5315958347485 425.462681939197 2.400281939196965
503.5263375018196 425.462681939197 2.400281939196965
526.5210791688909 425.462681939197 2.400281939196964
549.515820835962 425.462681939197 2.400281939196965
572.5105625030333 425.462681939197 2.400281939196965
595.5053041701046 425.462681939197 2.400281939196965
618.5000458371759 425.462681939197 2.400281939196965
641.4947875042471 425.462681939197 2.400281939196965
664.4895291713184 425.462681939197 2.400281939196965
687.4842708383896 425.462681939197 2.400281939196965
710.479012505461 425.462681939197 2.400281939196965
733.4737541725322 425.462681939197 2.400281939196965
756.4684958396035 425.462681939197 2.400281939196965
779.4632375066747 425.462681939197 2.400281939196965
19.0626257888099 427.1240226578245 4.061622657824428
42.15276968039711 427.1240226578245 4.061622657824429
65.24291357198427 427.1240226578245 4.061622657824429
88.33305746357172 427.1240226578245 4.061622657824429
111.4232013551589 427.1240226578245 4.061622657824429
134.5133452467464 427.1240226578245 4.061622657824428
157.6034891383335 427.1240226578245 4.061622657824429
180.6936330299208 427.1240226578245 4.061622657824428
203.7837769215081 427.1240226578245 4.061622657824429
226.8739208130954 427.1240226578245 4.061622657824428
249.9640647046826 427.1240226578245 4.061622657824429
273.0542085962698 427.1240226578245 4.061622657824429
296.1443524878571 427.1240226578245 4.061622657824428
319.2344963794443 427.1240226578245 4.061622657824429
342.3246402710315 427.1240226578245 4.061622657824429
365.4147841626187 427.1240226578245 4.061622657824428
388.5049280542059 427.1240226578245 4.061622657824429
411.5950719457932 427.1240226578245 4.061622657824429
434.6852158373805 427.1240226578245 4.061622657824428
457.7753597289677 427.1240226578245 4.061622657824429
480.8655036205549 427.1240226578245 4.061622657824429
503.9556475121422 427.1240226578245 4.061622657824428
527.0457914037295 427.1240226578245 4.061622657824428
550.1359352953168 427.1240226578245 4.061622657824428
573.2260791869041 427.1240226578245 4.061622657824428
596.3162230784915 427.1240226578245 4.061622657824429
619.4063669700788 427.1240226578245 4.061622657824428
642.4965108616661 427.1240226578245 4.061622657824429
665.5866547532534 427.1240226578245 4.061622657824428
688.6767986448408 427.1240226578245 4.061622657824429
711.7669425364281 427.1240226578245 4.061622657824429
734.8570864280154 427.1240226578245 4.061622657824429
757.9472303196028 427.1240226578245 4.061622657824429
781.0373742111901 427.1240226578245 4.061622657824429
16.54400709585315 429.7821677714622 6.719767771462168
39.78679454458933 429.7821677714622 6.719767771462168
63.02958199332551 429.7821677714622 6.719767771462167
86.27236944206169 429.7821677714622 6.719767771462167
109.5151568907979 429.7821677714622 6.719767771462167
132.757944339534 429.7821677714622 6.719767771462168
156.0007317882702 429.7821677714622 6.719767771462167
179.2435192370064 429.7821677714622 6.719767771462168
202.4863066857426 429.7821677714622 6.719767771462168
225.7290941344788 429.7821677714622 6.719767771462168
248.971881583215 429.7821677714622 6.719767771462168
272.2146690319511 429.7821677714622 6.719767771462168
295.4574564806872 429.7821677714622 6.719767771462167
318.7002439294234 429.7821677714622 6.719767771462167
341.9430313781594 429.7821677714622 6.719767771462168
365.1858188268956 429.7821677714622 6.719767771462168
388.4286062756317 429.7821677714622 6.719767771462168
411.6713937243679 429.7821677714622 6.719767771462168
434.9141811731041 429.7821677714622 6.719767771462168
458.1569686218402 429.7821677714622 6.719767771462168
481.3997560705764 429.7821677714622 6.719767771462167
504.6425435193125 429.7821677714622 6.719767771462168
527.8853309680487 429.7821677714622 6.719767771462168
551.1281184167849 429.7821677714622 6.719767771462168
574.3709058655211 429.7821677714622 6.719767771462168
597.6136933142573 429.7821677714622 6.719767771462167
620.8564807629936 429.7821677714622 6.719767771462168
644.0992682117297 429.7821677714622 6.719767771462168
667.3420556604658 429.7821677714622 6.719767771462168
690.584843109202 429.7821677714622 6.719767771462168
713.8276305579382 429.7821677714622 6.719767771462167
737.0704180066743 429.7821677714622 6.719767771462168
760.3132054554105 429.7821677714622 6.719767771462168
783.5559929041467 429.7821677714622 6.719767771462168
22.60243653306243 422.9582494246047 0.3109173839090331
22.23148813967524 422.823097208383 0.7284180353047301
21.61863265060531 422.6068742452304 1.378505802528275
20.6375335957638 422.2609315598954 2.417717843799325
19.0654869501085 421.7074178677925 4.07806449736908
16.54776639200725 420.8217956320987 6.732015444021725
22.60243653306244 423.1665505753955 0.3109173839090326
22.23148813967524 423.3017027916167 0.7284180353047256
21.6186326506053 423.5179257547697 1.378505802528267
20.63753359576378 423.8638684401045 2.417717843799332
19.0654869501085 424.4173821322093 4.078064497369102
16.54776639200746 425.3030043679019 6.732015444021973
45.47804644014967 422.9582494246048 0.310917383909024
45.12957976757355 422.823097208383 0.7284180353047229
44.55386703541708 422.6068742452305 1.378505802528271
43.6322285293541 422.2609315598953 2.417717843799315
42.15545743798067 421.7074178677926 4.078064497369105
39.79032600461291 420.8217956320988 6.732015444021746
45.4780464401497 423.166550575395 0.3109173839090226
45.12957976757355 423.3017027916167 0.7284180353047163
44.55386703541708 423.5179257547695 1.37850580252826
43.63222852935403 423.8638684401046 2.417717843799319
42.15545743798062 424.4173821322091 4.078064497369116
39.79032600461304 425.3030043679019 6.732015444021964
68.35365634723678 422.9582494246049 0.3109173839090166
68.02767139547214 422.8230972083829 0.7284180353047152
67.48910142022883 422.60687424523 1.378505802528265
66.62692346294398 422.2609315598953 2.417717843799307
65.24542792585275 421.7074178677925 4.078064497369129
63.03288561721851 420.8217956320987 6.732015444021763
68.35365634723684 423.1665505753951 0.3109173839090143
68.02767139547213 423.3017027916165 0.7284180353047067
67.48910142022882 423.5179257547695 1.378505802528253
66.62692346294391 423.8638684401043 2.417717843799306
65.24542792585271 424.4173821322092 4.078064497369133
63.0328856172186 425.303004367902 6.732015444021949
91.2292662543239 422.9582494246048 0.3109173839090085
90.92576302337055 422.823097208383 0.7284180353047085
90.42433580504063 422.6068742452304 1.37850580252826
89.62161839653398 422.2609315598953 2.417717843799302
88.33539841372513 421.7074178677923 4.078064497369154
86.27544522982417 420.8217956320986 6.732015444021785
91.2292662543239 423.1665505753955 0.3109173839090049
90.92576302337055 423.3017027916166 0.7284180353046978
90.42433580504063 423.5179257547696 1.378505802528247
89.62161839653398 423.8638684401045 2.417717843799293
88.33539841372514 424.4173821322092 4.078064497369147
86.27544522982429 425.3030043679019 6.732015444021938
114.1048761614109 422.9582494246048 0.3109173839090003
113.823854651269 422.8230972083829 0.7284180353047017
113.3595701898524 422.6068742452299 1.378505802528256
112.6163133301241 422.2609315598954 2.417717843799295
111.4253689015973 421.7074178677925 4.078064497369184
109.5180048424298 420.8217956320987 6.732015444021803
114.1048761614109 423.1665505753951 0.3109173839089956
113.823854651269 423.3017027916166 0.7284180353046894
113.3595701898524 423.5179257547696 1.378505802528239
112.616313330124 423.8638684401046 2.417717843799282
111.4253689015972 424.4173821322091 4.078064497369165
109.5180048424299 425.303004367902 6.732015444021924
136.980486068498 422.9582494246049 0.3109173839089928
136.7219462791676 422.8230972083829 0.7284180353046943
136.2948045746643 422.6068742452301 1.37850580252825
135.6110082637141 422.2609315598953 2.417717843799286
134.5153393894697 421.7074178677922 4.078064497369204
132.7605644550355 420.8217956320987 6.732015444021824
136.9804860684982 423.1665505753951 0.3109173839089874
136.7219462791674 423.3017027916167 0.7284180353046796
136.2948045746643 423.5179257547695 1.378505802528232
135.6110082637141 423.8638684401044 2.417717843799267
134.5153393894696 424.4173821322091 4.078064497369179
132.7605644550353 425.3030043679017 6.73201544402191
159.8560959755852 422.9582494246048 0.3109173839089828
159.620037907066 422.8230972083829 0.7284180353046859
159.2300389594759 422.60687424523 1.378505802528245
158.6057031973042 422.2609315598953 2.417717843799278
157.6053098773419 421.7074178677924 4.078064497369232
156.0031240676411 420.8217956320987 6.732015444021846
159.8560959755852 423.1665505753954 0.3109173839089763
159.620037907066 423.3017027916166 0.7284180353046694
159.2300389594759 423.5179257547696 1.378505802528225
158.6057031973041 423.8638684401045 2.417717843799255
157.6053098773417 424.4173821322091 4.078064497369196
156.003124067641 425.3030043679016 6.732015444021899
182.7317058826721 422.9582494246048 0.3109173839089754
182.5181295349645 422.823097208383 0.7284180353046793
182.1652733442877 422.6068742452305 1.37850580252824
181.6003981308943 422.2609315598953 2.417717843799271
180.6952803652139 421.7074178677923 4.078064497369257
179.2456836802467 420.8217956320987 6.732015444021864
182.7317058826722 423.1665505753955 0.310917383908968
182.5181295349646 423.3017027916167 0.7284180353046605
182.1652733442877 423.5179257547697 1.378505802528218
181.6003981308942 423.8638684401042 2.417717843799242
180.6952803652139 424.4173821322092 4.078064497369215
179.2456836802466 425.3030043679017 6.732015444021885
205.6073157897594 422.9582494246049 0.3109173839089673
205.416221162863 422.823097208383 0.7284180353046718
205.1005077290996 422.60687424523 1.378505802528235
204.5950930644841 422.2609315598953 2.417717843799262
203.7852508530861 421.7074178677923 4.078064497369284
202.4882432928523 420.8217956320987 6.732015444021886
205.6073157897594 423.1665505753951 0.3109173839089588
205.416221162863 423.3017027916167 0.7284180353046512
205.1005077290996 423.5179257547696 1.378505802528211
204.5950930644842 423.8638684401043 2.417717843799228
203.7852508530861 424.4173821322092 4.07806449736923
202.4882432928522 425.3030043679018 6.732015444021875
228.4829256968463 422.9582494246047 0.310917383908959
228.3143127907613 422.823097208383 0.7284180353046638
228.0357421139114 422.6068742452301 1.378505802528229
227.5897879980743 422.2609315598953 2.417717843799255
226.8752213409585 421.7074178677922 4.078064497369307
225.730802905458 420.8217956320987 6.732015444021902
228.4829256968465 423.1665505753954 0.3109173839089494
228.3143127907613 423.3017027916166 0.7284180353046406
228.0357421139113 423.5179257547699 1.378505802528204
227.5897879980742 423.8638684401043 2.417717843799215
226.8752213409583 424.4173821322092 4.078064497369247
225.730802905458 425.3030043679017 6.73201544402186
251.3585356039335 422.9582494246049 0.3109173839089488
251.2124044186598 422.823097208383 0.7284180353046561
250.9709764987231 422.6068742452306 1.378505802528225
250.5844829316642 422.2609315598954 2.417717843799247
249.9651918288305 421.7074178677924 4.078064497369333
248.9733625180637 420.8217956320987 6.732015444021922
251.3585356039336 423.1665505753951 0.3109173839089385
251.2124044186598 423.3017027916165 0.7284180353046312
250.9709764987231 423.51792575477 1.378505802528196
250.5844829316641 423.8638684401045 2.417717843799204
249.9651918288304 424.4173821322092 4.078064497369262
248.9733625180634 425.3030043679016 6.732015444021849
274.2341455110204 422.9582494246048 0.3109173839089424
274.1104960465582 422.8230972083829 0.7284180353046482
273.9062108835348 422.6068742452305 1.378505802528218
273.5791778652543 422.2609315598954 2.41771784379924
273.0551623167028 421.7074178677926 4.078064497369359
272.2159221306692 420.8217956320987 6.732015444021943
274.2341455110206 423.1665505753954 0.310917383908931
274.1104960465581 423.3017027916168 0.728418035304622
273.9062108835348 423.5179257547698 1.378505802528188
273.5791778652542 423.8638684401044 2.417717843799189
273.0551623167028 424.4173821322091 4.078064497369279
272.215922130669 425.3030043679016 6.732015444021838
297.1097554181076 422.9582494246047 0.3109173839089343
297.0085876744566 422.823097208383 0.7284180353046403
296.8414452683467 422.6068742452301 1.378505802528214
296.5738727988443 422.2609315598953 2.417717843799233
296.1451328045751 421.7074178677923 4.078064497369382
295.4584817432748 420.8217956320987 6.732015444021963
297.1097554181078 423.1665505753954 0.3109173839089217
297.0085876744566 423.3017027916168 0.7284180353046111
296.8414452683467 423.5179257547698 1.378505802528181
296.5738727988442 423.8638684401044 2.417717843799177
296.1451328045748 424.4173821322091 4.078064497369293
295.4584817432745 425.3030043679017 6.732015444021823
319.9853653251947 422.9582494246049 0.3109173839089251
319.9066793023552 422.823097208383 0.7284180353046337
319.7766796531584 422.6068742452301 1.378505802528209
319.5685677324342 422.2609315598954 2.417717843799224
319.2351032924472 421.7074178677925 4.07806449736941
318.7010413558804 420.8217956320987 6.732015444021984
319.9853653251947 423.1665505753955 0.3109173839089117
319.9066793023552 423.3017027916169 0.7284180353046029
319.7766796531583 423.5179257547698 1.378505802528174
319.5685677324342 423.8638684401043 2.417717843799164
319.2351032924469 424.4173821322092 4.078064497369311
318.7010413558801 425.3030043679017 6.732015444021811
342.8609752322816 422.9582494246048 0.3109173839089195
342.8047709302535 422.823097208383 0.7284180353046262
342.7119140379698 422.6068742452302 1.378505802528203
342.5632626660243 422.2609315598953 2.417717843799217
342.3250737803194 421.7074178677925 4.078064497369435
341.9436009684861 420.8217956320987 6.732015444022002
342.8609752322819 423.1665505753954 0.3109173839089051
342.8047709302534 423.3017027916166 0.7284180353045931
342.7119140379698 423.5179257547699 1.378505802528166
342.5632626660241 423.8638684401043 2.417717843799152
342.3250737803191 424.4173821322092 4.078064497369324
341.9436009684857 425.3030043679016 6.732015444021799
365.7365851393685 422.9582494246049 0.3109173839089102
365.7028625581518 422.823097208383 0.7284180353046195
365.6471484227817 422.6068742452301 1.378505802528198
365.5579575996144 422.2609315598953 2.41771784379921
365.4150442681915 421.7074178677923 4.078064497369461
365.1861605810917 420.8217956320986 6.732015444022023
365.7365851393687 423.1665505753951 0.3109173839088949
365.702862558152 423.3017027916167 0.7284180353045847
365.6471484227817 423.51792575477 1.378505802528159
365.5579575996142 423.8638684401044 2.417717843799139
365.4150442681913 424.4173821322092 4.078064497369343
365.1861605810913 425.3030043679015 6.732015444021785
388.612195046456 422.9582494246049 0.3109173839089013
388.6009541860502 422.823097208383 0.7284180353046114
388.5823828075935 422.6068742452302 1.378505802528193
388.5526525332042 422.2609315598953 2.417717843799201
388.5050147560636 421.7074178677921 4.078064497369485
388.4287201936973 420.8217956320987 6.732015444022045
388.612195046456 423.1665505753953 0.3109173839088849
388.6009541860501 423.3017027916169 0.7284180353045741
388.5823828075933 423.5179257547699 1.378505802528153
388.5526525332043 423.8638684401043 2.417717843799127
388.5050147560634 424.4173821322091 4.078064497369357
388.4287201936967 425.3030043679014 6.732015444021773
411.4878049535428 422.9582494246048 0.3109173839088931
411.4990458139486 422.8230972083829 0.7284180353046041
411.5176171924053 422.6068742452301 1.378505802528187
411.5473474667943 422.2609315598953 2.417717843799195
411.5949852439357 421.7074178677923 4.07806449736951
411.6712798063027 420.8217956320987 6.732015444022062
411.487804953543 423.1665505753956 0.3109173839088755
411.4990458139487 423.3017027916169 0.7284180353045655
411.5176171924051 423.51792575477 1.378505802528145
411.5473474667941 423.8638684401043 2.417717843799112
411.5949852439355 424.4173821322092 4.078064497369375
411.6712798063022 425.3030043679015 6.73201544402176
434.3634148606299 422.9582494246047 0.3109173839088839
434.3971374418475 422.823097208383 0.728418035304596
434.4528515772167 422.6068742452302 1.378505802528181
434.5420424003842 422.2609315598953 2.417717843799188
434.6849557318081 421.7074178677923 4.078064497369534
434.9138394189086 420.8217956320987 6.732015444022083
434.3634148606299 423.1665505753954 0.3109173839088654
434.3971374418472 423.3017027916168 0.728418035304555
434.4528515772167 423.5179257547698 1.378505802528138
434.5420424003842 423.8638684401043 2.4177178437991
434.6849557318079 424.4173821322091 4.078064497369389
434.913839418908 425.3030043679014 6.732015444021748
457.239024767717 422.9582494246047 0.3109173839088755
457.2952290697456 422.823097208383 0.7284180353045879
457.3880859620287 422.6068742452301 1.378505802528178
457.5367373339743 422.2609315598954 2.41771784379918
457.77492621968 421.7074178677922 4.078064497369563
458.1563990315142 420.8217956320987 6.732015444022106
457.2390247677172 423.1665505753954 0.3109173839088561
457.2952290697457 423.3017027916169 0.7284180353045447
457.3880859620287 423.5179257547698 1.378505802528132
457.5367373339743 423.8638684401043 2.417717843799088
457.7749262196799 424.4173821322092 4.078064497369406
458.1563990315134 425.3030043679014 6.732015444021735
480.1146346748041 422.9582494246048 0.3109173839088691
480.193320697644 422.823097208383 0.7284180353045803
480.3233203468402 422.6068742452301 1.378505802528173
480.5314322675644 422.2609315598953 2.417717843799173
480.8648967075525 421.7074178677923 4.078064497369588
481.3989586441199 420.8217956320988 6.732015444022122
480.1146346748042 423.1665505753953 0.3109173839088487
480.193320697644 423.3017027916168 0.728418035304535
480.3233203468401 423.5179257547699 1.378505802528124
480.5314322675642 423.8638684401043 2.417717843799075
480.8648967075521 424.4173821322092 4.078064497369421
481.3989586441193 425.3030043679014 6.732015444021723
502.990244581891 422.9582494246048 0.3109173839088582
503.0914123255427 422.8230972083829 0.7284180353045727
503.2585547316522 422.6068742452302 1.378505802528166
503.5261272011543 422.2609315598954 2.417717843799164
503.9548671954249 421.7074178677922 4.078064497369613
504.6415182567253 420.8217956320986 6.732015444022143
502.9902445818913 423.1665505753954 0.3109173839088368
503.0914123255426 423.3017027916169 0.7284180353045256
503.2585547316521 423.5179257547701 1.378505802528117
503.5261272011542 423.8638684401043 2.417717843799063
503.9548671954245 424.4173821322091 4.078064497369438
504.6415182567247 425.3030043679014 6.732015444021711
525.865854488978 422.9582494246048 0.3109173839088524
525.9895039534406 422.8230972083829 0.7284180353045659
526.1937891164641 422.6068742452301 1.378505802528161
526.5208221347445 422.2609315598953 2.417717843799156
527.0448376832969 421.7074178677923 4.078064497369637
527.8840778693308 420.8217956320987 6.732015444022161
525.8658544889781 423.1665505753955 0.3109173839088302
525.9895039534412 423.3017027916168 0.7284180353045167
526.1937891164639 423.5179257547699 1.378505802528109
526.5208221347443 423.8638684401043 2.417717843799048
527.0448376832964 424.4173821322091 4.078064497369453
527.8840778693299 425.3030043679014 6.7320154440217
548.7414643960653 422.9582494246049 0.3109173839088435
548.8875955813394 422.823097208383 0.7284180353045588
549.129023501276 422.60687424523 1.378505802528156
549.5155170683344 422.2609315598953 2.417717843799149
550.1348081711692 421.7074178677923 4.078064497369663
551.1266374819368 420.8217956320987 6.732015444022182
548.7414643960653 423.1665505753955 0.31091738390882
548.8875955813394 423.3017027916169 0.7284180353045073
549.1290235012759 423.51792575477 1.378505802528103
549.5155170683342 423.8638684401043 2.417717843799036
550.1348081711687 424.4173821322091 4.078064497369471
551.1266374819359 425.3030043679014 6.732015444021686
571.6170743031525 422.9582494246047 0.3109173839088353
571.7856872092377 422.823097208383 0.7284180353045505
572.0642578860873 422.6068742452301 1.378505802528151
572.5102120019245 422.2609315598954 2.417717843799142
573.224778659041 421.7074178677923 4.078064497369687
574.3691970945421 420.8217956320986 6.732015444022205
571.617074303153 423.1665505753954 0.3109173839088107
571.7856872092383 423.3017027916169 0.7284180353044968
572.0642578860871 423.51792575477 1.378505802528096
572.5102120019246 423.8638684401043 2.417717843799024
573.2247786590408 424.4173821322092 4.078064497369485
574.3691970945412 425.3030043679015 6.732015444021675
594.4926842102394 422.9582494246048 0.3109173839088269
594.6837788371363 422.823097208383 0.7284180353045442
594.9994922708996 422.6068742452301 1.378505802528147
595.5049069355146 422.2609315598953 2.417717843799134
596.314749146914 421.7074178677923 4.078064497369716
597.6117567071481 420.8217956320987 6.732015444022224
594.4926842102399 423.1665505753954 0.3109173839088016
594.6837788371363 423.3017027916168 0.7284180353044891
594.9994922708995 423.5179257547703 1.378505802528089
595.5049069355147 423.8638684401043 2.417717843799011
596.3147491469135 424.4173821322092 4.078064497369503
597.6117567071468 425.3030043679012 6.732015444021663
617.3682941173273 422.9582494246047 0.3109173839088178
617.5818704650353 422.823097208383 0.7284180353045367
617.9347266557111 422.60687424523 1.378505802528141
618.499601869105 422.2609315598953 2.417717843799127
619.4047196347859 421.7074178677922 4.078064497369738
620.8543163197538 420.8217956320987 6.732015444022243
617.3682941173273 423.1665505753955 0.3109173839087914
617.5818704650353 423.3017027916169 0.7284180353044795
617.9347266557113 423.5179257547701 1.378505802528081
618.499601869105 423.8638684401044 2.417717843798997
619.4047196347856 424.4173821322091 4.078064497369517
620.8543163197528 425.3030043679012 6.732015444021647
640.2439040244142 422.9582494246049 0.3109173839088086
640.4799620929338 422.8230972083829 0.7284180353045294
640.8699610405231 422.6068742452301 1.378505802528136
641.4942968026946 422.2609315598953 2.41771784379912
642.494690122658 421.7074178677922 4.078064497369765
644.0968759323595 420.8217956320986 6.732015444022261
640.2439040244147 423.1665505753956 0.3109173839087812
640.4799620929338 423.3017027916169 0.72841803530447
640.869961040523 423.5179257547701 1.378505802528074
641.4942968026947 423.8638684401043 2.417717843798984
642.4946901226577 424.4173821322091 4.078064497369534
644.0968759323581 425.3030043679012 6.732015444021636
663.119513931501 422.9582494246046 0.310917383908803
663.3780537208324 422.823097208383 0.7284180353045205
663.8051954253347 422.6068742452301 1.37850580252813
664.4889917362849 422.2609315598954 2.417717843799112
665.5846606105305 421.7074178677923 4.07806449736979
667.3394355449644 420.8217956320987 6.732015444022282
663.1195139315015 423.1665505753955 0.3109173839087747
663.3780537208323 423.3017027916169 0.7284180353044591
663.8051954253347 423.51792575477 1.378505802528066
664.488991736285 423.8638684401044 2.41771784379897
665.58466061053 424.4173821322092 4.078064497369549
667.3394355449639 425.3030043679012 6.732015444021625
685.9951238385884 422.9582494246045 0.310917383908794
686.2761453487308 422.823097208383 0.7284180353045125
686.7404298101468 422.6068742452301 1.378505802528125
687.4836866698748 422.2609315598954 2.417717843799104
688.6746310984028 421.7074178677923 4.078064497369816
690.5819951575705 420.8217956320987 6.732015444022305
685.9951238385887 423.1665505753955 0.3109173839087646
686.2761453487312 423.3017027916169 0.7284180353044493
686.7404298101469 423.51792575477 1.37850580252806
687.4836866698748 423.8638684401043 2.417717843798959
688.6746310984023 424.4173821322093 4.078064497369567
690.5819951575692 425.3030043679012 6.732015444021612
708.8707337456756 422.9582494246046 0.3109173839087858
709.1742369766293 422.8230972083829 0.7284180353045057
709.6756641949585 422.6068742452301 1.37850580252812
710.478381603465 422.2609315598953 2.417717843799096
711.7646015862749 421.7074178677922 4.07806449736984
713.8245547701761 420.8217956320987 6.732015444022322
708.870733745676 423.1665505753955 0.3109173839087552
709.1742369766297 423.3017027916169 0.7284180353044399
709.6756641949585 423.5179257547701 1.378505802528053
710.4783816034654 423.8638684401043 2.417717843798947
711.7646015862748 424.4173821322091 4.078064497369584
713.8245547701747 425.3030043679012 6.732015444021597
731.7463436527631 422.9582494246048 0.3109173839087775
732.0723286045278 422.823097208383 0.7284180353044989
732.61089857977 422.60687424523 1.378505802528114
733.4730765370549 422.2609315598953 2.41771784379909
734.8545720741475 421.7074178677922 4.078064497369865
737.0671143827814 420.8217956320986 6.732015444022342
731.7463436527634 423.1665505753955 0.3109173839087461
732.0723286045284 423.3017027916169 0.7284180353044309
732.61089857977 423.5179257547701 1.378505802528045
733.4730765370548 423.8638684401043 2.417717843798933
734.8545720741466 424.4173821322091 4.078064497369598
737.0671143827805 425.3030043679012 6.732015444021585
754.6219535598502 422.9582494246049 0.3109173839087684
754.9704202324267 422.823097208383 0.7284180353044905
755.5461329645821 422.60687424523 1.378505802528111
756.4677714706454 422.2609315598952 2.417717843799082
757.9445425620195 421.7074178677923 4.078064497369894
760.3096739953875 420.8217956320986 6.732015444022359
754.6219535598511 423.1665505753954 0.310917383908736
754.9704202324267 423.3017027916171 0.7284180353044207
755.5461329645819 423.5179257547699 1.378505802528039
756.4677714706454 423.8638684401043 2.417717843798921
757.9445425620189 424.4173821322092 4.078064497369616
760.3096739953862 425.3030043679012 6.732015444021571
777.4975634669374 422.9582494246047 0.3109173839087602
777.8685118603254 422.8230972083829 0.7284180353044839
778.4813673493943 422.60687424523 1.378505802528106
779.4624664042353 422.2609315598953 2.417717843799073
781.0345130498918 421.7074178677922 4.078064497369918
783.5522336079933 420.8217956320986 6.732015444022382
777.4975634669381 423.1665505753955 0.3109173839087266
777.8685118603252 423.3017027916169 0.728418035304412
778.4813673493946 423.5179257547702 1.378505802528031
779.4624664042353 423.8638684401043 2.417717843798908
781.0345130498907 424.4173821322091 4.07806449736963
783.5522336079921 425.3030043679012 6.732015444021562
3 180 0 864
5797
5798
5799
5800
5801
5802
5803
5804
5805
5806
5807
5808
5821
5822
5823
5824
5825
5826
5827
5828
5829
5830
5831
5832
6265
6266
6267
6268
6269
6270
6271
6272
6273
6274
6275
6276
6313
6314
6315
6316
6317
6318
6319
6320
6321
6322
6323
6324
6745
6746
6747
6748
6749
6750
6751
6752
6753
6754
6755
6756
6757
6758
6759
6760
6761
6762
6763
6764
6765
6766
6767
6768
6769
6770
6771
6772
6773
6774
6775
6776
6777
6778
6779
6780
6781
6782
6783
6784
6785
6786
6787
6788
6789
6790
6791
6792
6793
6794
6795
6796
6797
6798
6799
6800
6801
6802
6803
6804
6805
6806
6807
6808
6809
6810
6811
6812
6813
6814
6815
6816
6817
6818
6819
6820
6821
6822
6823
6824
6825
6826
6827
6828
6829
6830
6831
6832
6833
6834
6835
6836
6837
6838
6839
6840
6841
6842
6843
6844
6845
6846
6847
6848
6849
6850
6851
6852
6853
6854
6855
6856
6857
6858
6859
6860
6861
6862
6863
6864
6865
6866
6867
6868
6869
6870
6871
6872
6873
6874
6875
6876
6877
6878
6879
6880
6881
6882
6883
6884
6885
6886
6887
6888
6889
6890
6891
6892
6893
6894
6895
6896
6897
6898
6899
6900
6901
6902
6903
6904
6905
6906
6907
6908
6909
6910
6911
6912
6913
6914
6915
6916
6917
6918
6919
6920
6921
6922
6923
6924
6925
6926
6927
6928
6929
6930
6931
6932
6933
6934
6935
6936
6937
6938
6939
6940
6941
6942
6943
6944
6945
6946
6947
6948
6949
6950
6951
6952
6953
6954
6955
6956
6957
6958
6959
6960
6961
6962
6963
6964
6965
6966
6967
6968
6969
6970
6971
6972
6973
6974
6975
6976
6977
6978
6979
6980
6981
6982
6983
6984
6985
6986
6987
6988
6989
6990
6991
6992
6993
6994
6995
6996
6997
6998
6999
7000
7001
7002
7003
7004
7005
7006
7007
7008
7009
7010
7011
7012
7013
7014
7015
7016
7017
7018
7019
7020
7021
7022
7023
7024
7025
7026
7027
7028
7029
7030
7031
7032
7033
7034
7035
7036
7037
7038
7039
7040
7041
7042
7043
7044
7045
7046
7047
7048
7049
7050
7051
7052
7053
7054
7055
7056
7057
7058
7059
7060
7061
7062
7063
7064
7065
7066
7067
7068
7069
7070
7071
7072
7073
7074
7075
7076
7077
7078
7079
7080
7081
7082
7083
7084
7085
7086
7087
7088
7089
7090
7091
7092
7093
7094
7095
7096
7097
7098
7099
7100
7101
7102
7103
7104
7105
7106
7107
7108
7109
7110
7111
7112
7113
7114
7115
7116
7117
7118
7119
7120
7121
7122
7123
7124
7125
7126
7127
7128
7129
7130
7131
7132
7133
7134
7135
7136
7137
7138
7139
7140
7141
7142
7143
7144
7145
7146
7147
7148
7149
7150
7151
7152
7569
7570
7571
7572
7573
7574
7575
7576
7577
7578
7579
7580
7581
7582
7583
7584
7585
7586
7587
7588
7589
7590
7591
7592
7593
7594
7595
7596
7597
7598
7599
7600
7601
7602
7603
7604
7605
7606
7607
7608
7609
7610
7611
7612
7613
7614
7615
7616
7617
7618
7619
7620
7621
7622
7623
7624
7625
7626
7627
7628
7629
7630
7631
7632
7633
7634
7635
7636
7637
7638
7639
7640
7641
7642
7643
7644
7645
7646
7647
7648
7649
7650
7651
7652
7653
7654
7655
7656
7657
7658
7659
7660
7661
7662
7663
7664
7665
7666
7667
7668
7669
7670
7671
7672
7673
7674
7675
7676
7677
7678
7679
7680
7681
7682
7683
7684
7685
7686
7687
7688
7689
7690
7691
7692
7693
7694
7695
7696
7697
7698
7699
7700
7701
7702
7703
7704
7705
7706
7707
7708
7709
7710
7711
7712
7713
7714
7715
7716
7717
7718
7719
7720
7721
7722
7723
7724
7725
7726
7727
7728
7729
7730
7731
7732
7733
7734
7735
7736
7737
7738
7739
7740
7741
7742
7743
7744
7745
7746
7747
7748
7749
7750
7751
7752
7753
7754
7755
7756
7757
7758
7759
7760
7761
7762
7763
7764
7765
7766
7767
7768
7769
7770
7771
7772
7773
7774
7775
7776
7777
7778
7779
7780
7781
7782
7783
7784
7785
7786
7787
7788
7789
7790
7791
7792
7793
7794
7795
7796
7797
7798
7799
7800
7801
7802
7803
7804
7805
7806
7807
7808
7809
7810
7811
7812
7813
7814
7815
7816
7817
7818
7819
7820
7821
7822
7823
7824
7825
7826
7827
7828
7829
7830
7831
7832
7833
7834
7835
7836
7837
7838
7839
7840
7841
7842
7843
7844
7845
7846
7847
7848
7849
7850
7851
7852
7853
7854
7855
7856
7857
7858
7859
7860
7861
7862
7863
7864
7865
7866
7867
7868
7869
7870
7871
7872
7873
7874
7875
7876
7877
7878
7879
7880
7881
7882
7883
7884
7885
7886
7887
7888
7889
7890
7891
7892
7893
7894
7895
7896
7897
7898
7899
7900
7901
7902
7903
7904
7905
7906
7907
7908
7909
7910
7911
7912
7913
7914
7915
7916
7917
7918
7919
7920
7921
7922
7923
7924
7925
7926
7927
7928
7929
7930
7931
7932
7933
7934
7935
7936
7937
7938
7939
7940
7941
7942
7943
7944
7945
7946
7947
7948
7949
7950
7951
7952
7953
7954
7955
7956
7957
7958
7959
7960
7961
7962
7963
7964
7965
7966
7967
7968
7969
7970
7971
7972
7973
7974
7975
7976
-0.2547514460861525 423.3697820350692 -0.307382035069202
-0.6623537169397289 423.775382789744 -0.7129827897439754
-1.31451733904401 424.4243439860175 -1.361943986017471
-2.357979173745936 425.462681939197 -2.400281939196986
-4.027518102777379 427.1240226578245 -4.061622657824448
-6.698780352883019 429.7821677714622 -6.719767771462188
-0.2547514460861525 422.7550179649309 -0.307382035069202
-0.6623537169397289 422.349417210256 -0.7129827897439754
-1.31451733904401 421.7004560139825 -1.361943986017471
-2.357979173745936 420.662118060803 -2.400281939196986
-4.027518102777379 419.0007773421756 -4.061622657824448
-6.698780352883019 416.3426322285378 -6.719767771462188
800.3547514460862 423.3697820350692 -0.307382035069202
800.7623537169397 423.775382789744 -0.7129827897439754
801.414517339044 424.4243439860175 -1.361943986017471
802.4579791737459 425.462681939197 -2.400281939196986
804.1275181027775 427.1240226578245 -4.061622657824448
806.798780352883 429.7821677714622 -6.719767771462188
800.3547514460862 422.7550179649309 -0.307382035069202
800.7623537169397 422.349417210256 -0.7129827897439754
801.414517339044 421.7004560139825 -1.361943986017471
802.4579791737459 420.662118060803 -2.400281939196986
804.1275181027775 419.0007773421756 -4.061622657824448
806.798780352883 416.3426322285378 -6.719767771462188
-0.273173374024522 423.166550575395 -0.310917383909076
-0.2731733740245181 422.9582494246044 -0.3109173839090684
-0.6666034882232255 423.3017027916167 -0.7284180353047889
-0.666603488223218 422.8230972083828 -0.7284180353047706
-1.316601734206352 423.5179257547695 -1.378505802528319
-1.316601734206338 422.6068742452295 -1.378505802528281
-2.357161337826181 423.8638684401042 -2.417717843799475
-2.35716133782616 422.2609315598953 -2.417717843799412
-4.024483537763711 424.4173821322076 -4.078064497369391
-4.024483537763665 421.7074178677903 -4.078064497369271
-6.694793220598212 425.3030043679012 -6.732015444022433
-6.694793220598205 420.8217956320974 -6.732015444021998
800.3731733740244 423.1665505753953 -0.3109173839086292
800.7666034882238 423.3017027916172 -0.7284180353042952
801.4166017342054 423.5179257547695 -1.378505802527762
802.4571613378253 423.8638684401041 -2.41771784379896
804.1244835377624 424.4173821322082 -4.078064497367578
806.7947932205982 425.3030043679013 -6.7320154440219
800.3731733740244 422.9582494246048 -0.3109173839086327
800.7666034882234 422.823097208383 -0.7284180353043068
801.4166017342058 422.6068742452298 -1.378505802527773
802.4571613378262 422.2609315598955 -2.417717843799016
804.124483537762 421.7074178677905 -4.078064497367311
806.7947932205974 420.8217956320976 -6.732015444021472
22.61980577940432 422.7550179649308 -0.3073820350691809
45.49436300489509 422.7550179649308 -0.30738203506918
68.36892023038575 422.7550179649308 -0.3073820350691809
91.2434774558763 422.7550179649308 -0.3073820350691809
114.1180346813669 422.7550179649308 -0.3073820350691809
136.9925919068575 422.7550179649308 -0.3073820350691818
159.8671491323481 422.7550179649308 -0.30738203506918
182.7417063578387 422.7550179649308 -0.3073820350691809
205.6162635833294 422.7550179649308 -0.3073820350691809
228.49082080882 422.7550179649308 -0.3073820350691809
251.3653780343106 422.7550179649308 -0.3073820350691792
274.2399352598011 422.7550179649308 -0.3073820350691809
297.1144924852916 422.7550179649308 -0.3073820350691809
319.9890497107823 422.7550179649308 -0.30738203506918
342.8636069362728 422.7550179649308 -0.3073820350691827
365.7381641617634 422.7550179649308 -0.3073820350691818
388.612721387254 422.7550179649308 -0.3073820350691809
411.4872786127446 422.7550179649308 -0.3073820350691809
434.3618358382352 422.7550179649308 -0.30738203506918
457.2363930637257 422.7550179649308 -0.30738203506918
480.1109502892162 422.7550179649308 -0.3073820350691818
502.9855075147069 422.7550179649308 -0.3073820350691792
525.8600647401975 422.7550179649308 -0.3073820350691818
548.7346219656881 422.7550179649308 -0.3073820350691809
571.6091791911789 422.7550179649308 -0.3073820350691809
594.4837364166697 422.7550179649308 -0.3073820350691809
617.3582936421603 422.7550179649308 -0.30738203506918
640.2328508676512 422.7550179649308 -0.3073820350691792
663.1074080931418 422.7550179649308 -0.3073820350691818
685.9819653186327 422.7550179649308 -0.3073820350691809
708.8565225441234 422.7550179649308 -0.3073820350691809
731.7310797696141 422.7550179649308 -0.3073820350691809
754.6056369951048 422.7550179649308 -0.30738203506918
777.4801942205954 422.7550179649308 -0.30738203506918
22.23549506688539 422.349417210256 -0.712982789743954
45.13334385071033 422.349417210256 -0.712982789743954
68.03119263453556 422.349417210256 -0.712982789743954
90.92904141836061 422.349417210256 -0.7129827897439549
113.8268902021857 422.349417210256 -0.7129827897439558
136.7247389860108 422.349417210256 -0.7129827897439558
159.622587769836 422.349417210256 -0.7129827897439549
182.5204365536612 422.349417210256 -0.7129827897439558
205.4182853374862 422.349417210256 -0.7129827897439558
228.3161341213113 422.349417210256 -0.7129827897439549
251.2139829051364 422.349417210256 -0.7129827897439549
274.1118316889614 422.349417210256 -0.7129827897439549
297.0096804727865 422.349417210256 -0.712982789743954
319.9075292566117 422.349417210256 -0.7129827897439549
342.8053780404367 422.349417210256 -0.7129827897439549
365.7032268242617 422.349417210256 -0.7129827897439558
388.6010756080867 422.349417210256 -0.7129827897439549
411.4989243919118 422.349417210256 -0.7129827897439558
434.3967731757369 422.349417210256 -0.7129827897439549
457.2946219595619 422.349417210256 -0.712982789743954
480.192470743387 422.349417210256 -0.712982789743954
503.0903195272122 422.349417210256 -0.712982789743954
525.9881683110373 422.349417210256 -0.7129827897439549
548.8860170948624 422.349417210256 -0.7129827897439549
571.7838658786876 422.349417210256 -0.712982789743954
594.6817146625128 422.349417210256 -0.7129827897439558
617.5795634463381 422.349417210256 -0.7129827897439558
640.4774122301634 422.349417210256 -0.7129827897439558
663.3752610139886 422.349417210256 -0.7129827897439549
686.2731097978137 422.349417210256 -0.712982789743954
709.170958581639 422.349417210256 -0.712982789743954
732.0688073654642 422.349417210256 -0.7129827897439549
754.9666561492895 422.349417210256 -0.712982789743954
777.8645049331146 422.349417210256 -0.7129827897439549
21.62059793747267 421.7004560139825 -1.36194398601745
44.55571321398946 421.7004560139825 -1.361943986017451
67.4908284905062 421.7004560139825 -1.36194398601745
90.42594376702306 421.7004560139825 -1.36194398601745
113.3610590435398 421.7004560139825 -1.361943986017451
136.2961743200567 421.7004560139825 -1.36194398601745
159.2312895965734 421.7004560139825 -1.361943986017451
182.1664048730902 421.7004560139825 -1.361943986017451
205.101520149607 421.7004560139825 -1.361943986017451
228.0366354261238 421.7004560139825 -1.361943986017451
250.9717507026406 421.7004560139825 -1.361943986017451
273.9068659791573 421.7004560139825 -1.36194398601745
296.841981255674 421.7004560139825 -1.36194398601745
319.7770965321909 421.7004560139825 -1.361943986017451
342.7122118087075 421.7004560139825 -1.36194398601745
365.6473270852243 421.7004560139825 -1.36194398601745
388.582442361741 421.7004560139825 -1.361943986017451
411.5175576382577 421.7004560139825 -1.36194398601745
434.4526729147745 421.7004560139825 -1.36194398601745
457.3877881912912 421.7004560139825 -1.361943986017451
480.3229034678079 421.7004560139825 -1.361943986017451
503.2580187443248 421.7004560139825 -1.36194398601745
526.1931340208415 421.7004560139825 -1.36194398601745
549.1282492973585 421.7004560139825 -1.36194398601745
572.0633645738752 421.7004560139825 -1.361943986017451
594.9984798503922 421.7004560139825 -1.361943986017451
617.933595126909 421.7004560139825 -1.36194398601745
640.8687104034259 421.7004560139825 -1.361943986017451
663.8038256799426 421.7004560139825 -1.36194398601745
686.7389409564596 421.7004560139825 -1.361943986017451
709.6740562329766 421.7004560139825 -1.361943986017451
732.6091715094933 421.7004560139825 -1.36194398601745
755.5442867860103 421.7004560139825 -1.361943986017451
778.4794020625272 421.7004560139825 -1.361943986017451
20.63676249332514 420.662118060803 -2.400281939196967
43.63150416039656 420.662118060803 -2.400281939196965
66.62624582746759 420.662118060803 -2.400281939196965
89.62098749453872 420.662118060803 -2.400281939196965
112.61572916161 420.662118060803 -2.400281939196967
135.6104708286812 420.662118060803 -2.400281939196965
158.6052124957523 420.662118060803 -2.400281939196964
181.5999541628236 420.662118060803 -2.400281939196965
204.5946958298947 420.662118060803 -2.400281939196965
227.5894374969659 420.662118060803 -2.400281939196965
250.584179164037 420.662118060803 -2.400281939196965
273.5789208311082 420.662118060803 -2.400281939196965
296.5736624981793 420.662118060803 -2.400281939196965
319.5684041652505 420.662118060803 -2.400281939196965
342.5631458323216 420.662118060803 -2.400281939196965
365.5578874993928 420.662118060803 -2.400281939196965
388.5526291664638 420.662118060803 -2.400281939196965
411.547370833535 420.662118060803 -2.400281939196965
434.5421125006062 420.662118060803 -2.400281939196965
457.5368541676773 420.662118060803 -2.400281939196965
480.5315958347485 420.662118060803 -2.400281939196965
503.5263375018196 420.662118060803 -2.400281939196965
526.5210791688909 420.662118060803 -2.400281939196964
549.515820835962 420.662118060803 -2.400281939196965
572.5105625030333 420.662118060803 -2.400281939196965
595.5053041701046 420.662118060803 -2.400281939196965
618.5000458371759 420.662118060803 -2.400281939196965
641.4947875042471 420.662118060803 -2.400281939196965
664.4895291713184 420.662118060803 -2.400281939196965
687.4842708383896 420.662118060803 -2.400281939196965
710.479012505461 420.662118060803 -2.400281939196965
733.4737541725322 420.662118060803 -2.400281939196965
756.4684958396035 420.662118060803 -2.400281939196965
779.4632375066747 420.662118060803 -2.400281939196965
19.0626257888099 419.0007773421756 -4.061622657824428
42.15276968039711 419.0007773421756 -4.061622657824429
65.24291357198427 419.0007773421756 -4.061622657824429
88.33305746357172 419.0007773421756 -4.061622657824429
111.4232013551589 419.0007773421756 -4.061622657824429
134.5133452467464 419.0007773421756 -4.061622657824428
157.6034891383335 419.0007773421756 -4.061622657824429
180.6936330299208 419.0007773421756 -4.061622657824428
203.7837769215081 419.0007773421756 -4.061622657824429
226.8739208130954 419.0007773421756 -4.061622657824428
249.9640647046826 419.0007773421756 -4.061622657824429
273.0542085962698 419.0007773421756 -4.061622657824429
296.1443524878571 419.0007773421756 -4.061622657824428
319.2344963794443 419.0007773421756 -4.061622657824429
342.3246402710315 419.0007773421756 -4.061622657824429
365.4147841626187 419.0007773421756 -4.061622657824428
388.5049280542059 419.0007773421756 -4.061622657824429
411.5950719457932 419.0007773421756 -4.061622657824429
434.6852158373805 419.0007773421756 -4.061622657824428
457.7753597289677 419.0007773421756 -4.061622657824429
480.8655036205549 419.0007773421756 -4.061622657824429
503.9556475121422 419.0007773421756 -4.061622657824428
527.0457914037295 419.0007773421756 -4.061622657824428
550.1359352953168 419.0007773421756 -4.061622657824428
573.2260791869041 419.0007773421756 -4.061622657824428
596.3162230784915 419.0007773421756 -4.061622657824429
619.4063669700788 419.0007773421756 -4.061622657824428
642.4965108616661 419.0007773421756 -4.061622657824429
665.5866547532534 419.0007773421756 -4.061622657824428
688.6767986448408 419.0007773421756 -4.061622657824429
711.7669425364281 419.0007773421756 -4.061622657824429
734.8570864280154 419.0007773421756 -4.061622657824429
757.9472303196028 419.0007773421756 -4.061622657824429
781.0373742111901 419.0007773421756 -4.061622657824429
16.54400709585315 416.3426322285378 -6.719767771462168
39.78679454458933 416.3426322285378 -6.719767771462168
63.02958199332551 416.3426322285378 -6.719767771462167
86.27236944206169 416.3426322285378 -6.719767771462167
109.5151568907979 416.3426322285378 -6.719767771462167
132.757944339534 416.3426322285378 -6.719767771462168
156.0007317882702 416.3426322285378 -6.719767771462167
179.2435192370064 416.3426322285378 -6.719767771462168
202.4863066857426 416.3426322285378 -6.719767771462168
225.7290941344788 416.3426322285378 -6.719767771462168
248.971881583215 416.3426322285378 -6.719767771462168
272.2146690319511 416.3426322285378 -6.719767771462168
295.4574564806872 416.3426322285378 -6.719767771462167
318.7002439294234 416.3426322285378 -6.719767771462167
341.9430313781594 416.3426322285378 -6.719767771462168
365.1858188268956 416.3426322285378 -6.719767771462168
388.4286062756317 416.3426322285378 -6.719767771462168
411.6713937243679 416.3426322285378 -6.719767771462168
434.9141811731041 416.3426322285378 -6.719767771462168
458.1569686218402 416.3426322285378 -6.719767771462168
481.3997560705764 416.3426322285378 -6.719767771462167
504.6425435193125 416.3426322285378 -6.719767771462168
527.8853309680487 416.3426322285378 -6.719767771462168
551.1281184167849 416.3426322285378 -6.719767771462168
574.3709058655211 416.3426322285378 -6.719767771462168
597.6136933142573 416.3426322285378 -6.719767771462167
620.8564807629936 416.3426322285378 -6.719767771462168
644.0992682117297 416.3426322285378 -6.719767771462168
667.3420556604658 416.3426322285378 -6.719767771462168
690.584843109202 416.3426322285378 -6.719767771462168
713.8276305579382 416.3426322285378 -6.719767771462167
737.0704180066743 416.3426322285378 -6.719767771462168
760.3132054554105 416.3426322285378 -6.719767771462168
783.5559929041467 416.3426322285378 -6.719767771462168
22.61980577940432 423.3697820350692 -0.3073820350691809
45.49436300489509 423.3697820350692 -0.30738203506918
68.36892023038575 423.3697820350692 -0.3073820350691809
91.2434774558763 423.3697820350692 -0.3073820350691809
114.1180346813669 423.3697820350692 -0.3073820350691809
136.9925919068575 423.3697820350692 -0.3073820350691818
159.8671491323481 423.3697820350692 -0.30738203506918
182.7417063578387 423.3697820350692 -0.3073820350691809
205.6162635833294 423.3697820350692 -0.3073820350691809
228.49082080882 423.3697820350692 -0.3073820350691809
251.3653780343106 423.3697820350692 -0.3073820350691792
274.2399352598011 423.3697820350692 -0.3073820350691809
297.1144924852916 423.3697820350692 -0.3073820350691809
319.9890497107823 423.3697820350692 -0.30738203506918
342.8636069362728 423.3697820350692 -0.3073820350691827
365.7381641617634 423.3697820350692 -0.3073820350691818
388.612721387254 423.3697820350692 -0.3073820350691809
411.4872786127446 423.3697820350692 -0.3073820350691809
434.3618358382352 423.3697820350692 -0.30738203506918
457.2363930637257 423.3697820350692 -0.30738203506918
480.1109502892162 423.3697820350692 -0.3073820350691818
502.9855075147069 423.3697820350692 -0.3073820350691792
525.8600647401975 423.3697820350692 -0.3073820350691818
548.7346219656881 423.3697820350692 -0.3073820350691809
571.6091791911789 423.3697820350692 -0.3073820350691809
594.4837364166697 423.3697820350692 -0.3073820350691809
617.3582936421603 423.3697820350692 -0.30738203506918
640.2328508676512 423.3697820350692 -0.3073820350691792
663.1074080931418 423.3697820350692 -0.3073820350691818
685.9819653186327 423.3697820350692 -0.3073820350691809
708.8565225441234 423.3697820350692 -0.3073820350691809
731.7310797696141 423.3697820350692 -0.3073820350691809
754.6056369951048 423.3697820350692 -0.30738203506918
777.4801942205954 423.3697820350692 -0.30738203506918
22.23549506688539 423.775382789744 -0.712982789743954
45.13334385071033 423.775382789744 -0.712982789743954
68.03119263453556 423.775382789744 -0.712982789743954
90.92904141836061 423.775382789744 -0.7129827897439549
113.8268902021857 423.775382789744 -0.7129827897439558
136.7247389860108 423.775382789744 -0.7129827897439558
159.622587769836 423.775382789744 -0.7129827897439549
182.5204365536612 423.775382789744 -0.7129827897439558
205.4182853374862 423.775382789744 -0.7129827897439558
228.3161341213113 423.775382789744 -0.7129827897439549
251.2139829051364 423.775382789744 -0.7129827897439549
274.1118316889614 423.775382789744 -0.7129827897439549
297.0096804727865 423.775382789744 -0.712982789743954
319.9075292566117 423.775382789744 -0.7129827897439549
342.8053780404367 423.775382789744 -0.7129827897439549
365.7032268242617 423.775382789744 -0.7129827897439558
388.6010756080867 423.775382789744 -0.7129827897439549
411.4989243919118 423.775382789744 -0.7129827897439558
434.3967731757369 423.775382789744 -0.7129827897439549
457.2946219595619 423.775382789744 -0.712982789743954
480.192470743387 423.775382789744 -0.712982789743954
503.0903195272122 423.775382789744 -0.712982789743954
525.9881683110373 423.775382789744 -0.7129827897439549
548.8860170948624 423.775382789744 -0.7129827897439549
571.7838658786876 423.775382789744 -0.712982789743954
594.6817146625128 423.775382789744 -0.7129827897439558
617.5795634463381 423.775382789744 -0.7129827897439558
640.4774122301634 423.775382789744 -0.7129827897439558
663.3752610139886 423.775382789744 -0.7129827897439549
686.2731097978137 423.775382789744 -0.712982789743954
709.170958581639 423.775382789744 -0.712982789743954
732.0688073654642 423.775382789744 -0.7129827897439549
754.9666561492895 423.775382789744 -0.712982789743954
777.8645049331146 423.775382789744 -0.7129827897439549
21.62059793747267 424.4243439860175 -1.36194398601745
44.55571321398946 424.4243439860175 -1.361943986017451
67.4908284905062 424.4243439860175 -1.36194398601745
90.42594376702306 424.4243439860175 -1.36194398601745
113.3610590435398 424.4243439860175 -1.361943986017451
136.2961743200567 424.4243439860175 -1.36194398601745
159.2312895965734 424.4243439860175 -1.361943986017451
182.1664048730902 424.4243439860175 -1.361943986017451
205.101520149607 424.4243439860175 -1.361943986017451
228.0366354261238 424.4243439860175 -1.361943986017451
250.9717507026406 424.4243439860175 -1.361943986017451
273.9068659791573 424.4243439860175 -1.36194398601745
296.841981255674 424.4243439860175 -1.36194398601745
319.7770965321909 424.4243439860175 -1.361943986017451
342.7122118087075 424.4243439860175 -1.36194398601745
365.6473270852243 424.4243439860175 -1.36194398601745
388.582442361741 424.4243439860175 -1.361943986017451
411.5175576382577 424.4243439860175 -1.36194398601745
434.4526729147745 424.4243439860175 -1.36194398601745
457.3877881912912 424.4243439860175 -1.361943986017451
480.3229034678079 424.4243439860175 -1.361943986017451
503.2580187443248 424.4243439860175 -1.36194398601745
526.1931340208415 424.4243439860175 -1.36194398601745
549.1282492973585 424.4243439860175 -1.36194398601745
572.0633645738752 424.4243439860175 -1.361943986017451
594.9984798503922 424.4243439860175 -1.361943986017451
617.933595126909 424.4243439860175 -1.36194398601745
640.8687104034259 424.4243439860175 -1.361943986017451
663.8038256799426 424.4243439860175 -1.36194398601745
686.7389409564596 424.4243439860175 -1.361943986017451
709.6740562329766 424.4243439860175 -1.361943986017451
732.6091715094933 424.4243439860175 -1.36194398601745
755.5442867860103 424.4243439860175 -1.361943986017451
778.4794020625272 424.4243439860175 -1.361943986017451
20.63676249332514 425.462681939197 -2.400281939196967
43.63150416039656 425.462681939197 -2.400281939196965
66.62624582746759 425.462681939197 -2.400281939196965
89.62098749453872 425.462681939197 -2.400281939196965
112.61572916161 425.462681939197 -2.400281939196967
135.6104708286812 425.462681939197 -2.400281939196965
158.6052124957523 425.462681939197 -2.400281939196964
181.5999541628236 425.462681939197 -2.400281939196965
204.5946958298947 425.462681939197 -2.400281939196965
227.5894374969659 425.462681939197 -2.400281939196965
250.584179164037 425.462681939197 -2.400281939196965
273.5789208311082 425.462681939197 -2.400281939196965
296.5736624981793 425.462681939197 -2.400281939196965
319.5684041652505 425.462681939197 -2.400281939196965
342.5631458323216 425.462681939197 -2.400281939196965
365.5578874993928 425.462681939197 -2.400281939196965
388.5526291664638 425.462681939197 -2.400281939196965
411.547370833535 425.462681939197 -2.400281939196965
434.5421125006062 425.462681939197 -2.400281939196965
457.5368541676773 425.462681939197 -2.400281939196965
480.5315958347485 425.462681939197 -2.400281939196965
503.5263375018196 425.462681939197 -2.400281939196965
526.5210791688909 425.462681939197 -2.400281939196964
549.515820835962 425.462681939197 -2.400281939196965
572.5105625030333 425.462681939197 -2.400281939196965
595.5053041701046 425.462681939197 -2.400281939196965
618.5000458371759 425.462681939197 -2.400281939196965
641.4947875042471 425.462681939197 -2.400281939196965
664.4895291713184 425.462681939197 -2.400281939196965
687.4842708383896 425.462681939197 -2.400281939196965
710.479012505461 425.462681939197 -2.400281939196965
733.4737541725322 425.462681939197 -2.400281939196965
756.4684958396035 425.462681939197 -2.400281939196965
779.4632375066747 425.462681939197 -2.400281939196965
19.0626257888099 427.1240226578245 -4.061622657824428
42.15276968039711 427.1240226578245 -4.061622657824429
65.24291357198427 427.1240226578245 -4.061622657824429
88.33305746357172 427.1240226578245 -4.061622657824429
111.4232013551589 427.1240226578245 -4.061622657824429
134.5133452467464 427.1240226578245 -4.061622657824428
157.6034891383335 427.1240226578245 -4.061622657824429
180.6936330299208 427.1240226578245 -4.061622657824428
203.7837769215081 427.1240226578245 -4.061622657824429
226.8739208130954 427.1240226578245 -4.061622657824428
249.9640647046826 427.1240226578245 -4.061622657824429
273.0542085962698 427.1240226578245 -4.061622657824429
296.1443524878571 427.1240226578245 -4.061622657824428
319.2344963794443 427.1240226578245 -4.061622657824429
342.3246402710315 427.1240226578245 -4.061622657824429
365.4147841626187 427.1240226578245 -4.061622657824428
388.5049280542059 427.1240226578245 -4.061622657824429
411.5950719457932 427.1240226578245 -4.061622657824429
434.6852158373805 427.1240226578245 -4.061622657824428
457.7753597289677 427.1240226578245 -4.061622657824429
480.8655036205549 427.1240226578245 -4.061622657824429
503.9556475121422 427.1240226578245 -4.061622657824428
527.0457914037295 427.1240226578245 -4.061622657824428
550.1359352953168 427.1240226578245 -4.061622657824428
573.2260791869041 427.1240226578245 -4.061622657824428
596.3162230784915 427.1240226578245 -4.061622657824429
619.4063669700788 427.1240226578245 -4.061622657824428
642.4965108616661 427.1240226578245 -4.061622657824429
665.5866547532534 427.1240226578245 -4.061622657824428
688.6767986448408 427.1240226578245 -4.061622657824429
711.7669425364281 427.1240226578245 -4.061622657824429
734.8570864280154 427.1240226578245 -4.061622657824429
757.9472303196028 427.1240226578245 -4.061622657824429
781.0373742111901 427.1240226578245 -4.061622657824429
16.54400709585315 429.7821677714622 -6.719767771462168
39.78679454458933 429.7821677714622 -6.719767771462168
63.02958199332551 429.7821677714622 -6.719767771462167
86.27236944206169 429.7821677714622 -6.719767771462167
109.5151568907979 429.7821677714622 -6.719767771462167
132.757944339534 429.7821677714622 -6.719767771462168
156.0007317882702 429.7821677714622 -6.719767771462167
179.2435192370064 429.7821677714622 -6.719767771462168
202.4863066857426 429.7821677714622 -6.719767771462168
225.7290941344788 429.7821677714622 -6.719767771462168
248.971881583215 429.7821677714622 -6.719767771462168
272.2146690319511 429.7821677714622 -6.719767771462168
295.4574564806872 429.7821677714622 -6.719767771462167
318.7002439294234 429.7821677714622 -6.719767771462167
341.9430313781594 429.7821677714622 -6.719767771462168
365.1858188268956 429.7821677714622 -6.719767771462168
388.4286062756317 429.7821677714622 -6.719767771462168
411.6713937243679 429.7821677714622 -6.719767771462168
434.9141811731041 429.7821677714622 -6.719767771462168
458.1569686218402 429.7821677714622 -6.719767771462168
481.3997560705764 429.7821677714622 -6.719767771462167
504.6425435193125 429.7821677714622 -6.719767771462168
527.8853309680487 429.7821677714622 -6.719767771462168
551.1281184167849 429.7821677714622 -6.719767771462168
574.3709058655211 429.7821677714622 -6.719767771462168
597.6136933142573 429.7821677714622 -6.719767771462167
620.8564807629936 429.7821677714622 -6.719767771462168
644.0992682117297 429.7821677714622 -6.719767771462168
667.3420556604658 429.7821677714622 -6.719767771462168
690.584843109202 429.7821677714622 -6.719767771462168
713.8276305579382 429.7821677714622 -6.719767771462167
737.0704180066743 429.7821677714622 -6.719767771462168
760.3132054554105 429.7821677714622 -6.719767771462168
783.5559929041467 429.7821677714622 -6.719767771462168
22.60243653306243 423.1665505753951 -0.3109173839090422
22.23148813967524 423.3017027916167 -0.7284180353047532
21.6186326506053 423.5179257547697 -1.378505802528282
20.63753359576375 423.8638684401041 -2.417717843799441
19.06548695010845 424.4173821322076 -4.07806449736932
16.54776639200739 425.3030043679012 -6.7320154440224
22.60243653306244 422.9582494246044 -0.3109173839090349
22.23148813967524 422.823097208383 -0.7284180353047358
21.61863265060531 422.6068742452294 -1.378505802528246
20.63753359576378 422.2609315598954 -2.41771784379938
19.06548695010849 421.7074178677902 -4.078064497369198
16.54776639200738 420.8217956320977 -6.732015444021966
45.47804644014963 423.166550575395 -0.3109173839090286
45.12957976757355 423.3017027916168 -0.7284180353047398
44.55386703541703 423.5179257547696 -1.378505802528268
43.63222852935397 423.8638684401041 -2.417717843799426
42.15545743798057 424.4173821322076 -4.078064497369267
39.79032600461302 425.3030043679013 -6.732015444022384
45.47804644014967 422.9582494246046 -0.3109173839090217
45.12957976757355 422.8230972083829 -0.7284180353047229
44.55386703541708 422.6068742452295 -1.378505802528232
43.63222852935406 422.2609315598953 -2.417717843799368
42.15545743798056 421.7074178677903 -4.078064497369141
39.79032600461295 420.8217956320977 -6.73201544402195
68.35365634723678 423.1665505753951 -0.3109173839090167
68.02767139547215 423.3017027916167 -0.7284180353047254
67.48910142022878 423.5179257547697 -1.378505802528251
66.62692346294392 423.8638684401038 -2.417717843799409
65.2454279258526 424.4173821322076 -4.078064497369214
63.03288561721862 425.3030043679013 -6.732015444022368
68.35365634723678 422.9582494246044 -0.3109173839090101
68.02767139547213 422.8230972083827 -0.7284180353047094
67.48910142022879 422.6068742452295 -1.378505802528217
66.62692346294394 422.2609315598953 -2.417717843799355
65.2454279258526 421.7074178677902 -4.078064497369083
63.03288561721854 420.8217956320972 -6.732015444021934
91.2292662543238 423.166550575395 -0.3109173839090039
90.92576302337058 423.3017027916166 -0.7284180353047122
90.42433580504054 423.5179257547697 -1.378505802528235
89.62161839653383 423.8638684401041 -2.417717843799396
88.3353984137249 424.4173821322078 -4.078064497369164
86.27544522982424 425.3030043679012 -6.732015444022349
91.2292662543239 422.9582494246046 -0.3109173839089976
90.92576302337049 422.8230972083831 -0.7284180353046974
90.42433580504063 422.6068742452294 -1.378505802528203
89.62161839653398 422.2609315598953 -2.417717843799345
88.33539841372497 421.70741786779 -4.078064497369026
86.27544522982423 420.8217956320972 -6.73201544402192
114.1048761614108 423.1665505753951 -0.3109173839089912
113.823854651269 423.3017027916165 -0.7284180353046987
113.3595701898523 423.5179257547697 -1.378505802528221
112.616313330124 423.8638684401041 -2.417717843799381
111.4253689015971 424.4173821322075 -4.078064497369111
109.5180048424299 425.3030043679013 -6.732015444022336
114.1048761614109 422.9582494246046 -0.3109173839089852
113.823854651269 422.8230972083828 -0.728418035304685
113.3595701898524 422.6068742452294 -1.378505802528188
112.6163133301242 422.2609315598954 -2.417717843799337
111.4253689015971 421.7074178677902 -4.078064497368973
109.5180048424298 420.8217956320972 -6.732015444021906
136.980486068498 423.1665505753952 -0.3109173839089792
136.7219462791676 423.3017027916167 -0.7284180353046845
136.2948045746643 423.5179257547696 -1.378505802528203
135.611008263714 423.8638684401038 -2.417717843799367
134.5153393894695 424.4173821322075 -4.078064497369061
132.7605644550355 425.3030043679014 -6.732015444022324
136.980486068498 422.9582494246047 -0.3109173839089736
136.7219462791674 422.8230972083828 -0.7284180353046716
136.2948045746643 422.6068742452296 -1.378505802528174
135.6110082637142 422.2609315598953 -2.417717843799323
134.5153393894694 421.7074178677902 -4.078064497368916
132.7605644550353 420.8217956320973 -6.732015444021888
159.8560959755852 423.166550575395 -0.3109173839089648
159.620037907066 423.3017027916166 -0.7284180353046701
159.2300389594758 423.5179257547696 -1.378505802528189
158.605703197304 423.8638684401041 -2.417717843799349
157.6053098773415 424.4173821322078 -4.078064497369008
156.0031240676412 425.3030043679013 -6.732015444022305
159.856095975585 422.9582494246044 -0.3109173839089595
159.620037907066 422.823097208383 -0.7284180353046574
159.2300389594758 422.6068742452295 -1.37850580252816
158.6057031973042 422.2609315598953 -2.417717843799311
157.6053098773414 421.7074178677901 -4.078064497368858
156.0031240676409 420.8217956320976 -6.732015444021874
182.7317058826722 423.1665505753951 -0.3109173839089528
182.5181295349646 423.3017027916167 -0.7284180353046568
182.1652733442876 423.5179257547697 -1.378505802528173
181.6003981308939 423.8638684401038 -2.417717843799336
180.6952803652136 424.4173821322079 -4.078064497368954
179.2456836802467 425.3030043679012 -6.732015444022294
182.7317058826721 422.9582494246046 -0.3109173839089479
182.5181295349646 422.823097208383 -0.728418035304645
182.1652733442876 422.6068742452294 -1.378505802528145
181.6003981308943 422.2609315598953 -2.4177178437993
180.6952803652137 421.7074178677902 -4.078064497368802
179.2456836802465 420.8217956320977 -6.73201544402186
205.6073157897593 423.1665505753951 -0.3109173839089402
205.4162211628631 423.3017027916167 -0.7284180353046423
205.1005077290994 423.5179257547696 -1.378505802528157
204.595093064484 423.8638684401039 -2.417717843799322
203.7852508530858 424.4173821322078 -4.078064497368905
202.4882432928524 425.3030043679014 -6.73201544402228
205.6073157897593 422.9582494246047 -0.3109173839089353
205.4162211628629 422.8230972083828 -0.7284180353046318
205.1005077290995 422.6068742452295 -1.378505802528131
204.5950930644843 422.2609315598953 -2.417717843799288
203.7852508530856 421.7074178677902 -4.078064497368747
202.4882432928521 420.8217956320977 -6.732015444021846
228.4829256968465 423.166550575395 -0.3109173839089273
228.3143127907614 423.3017027916167 -0.7284180353046275
228.0357421139111 423.5179257547697 -1.37850580252814
227.5897879980742 423.8638684401038 -2.417717843799307
226.875221340958 424.4173821322078 -4.078064497368851
225.730802905458 425.3030043679012 -6.732015444022265
228.4829256968463 422.9582494246045 -0.3109173839089228
228.3143127907612 422.823097208383 -0.7284180353046179
228.0357421139113 422.6068742452296 -1.378505802528116
227.5897879980745 422.2609315598953 -2.417717843799276
226.8752213409579 421.7074178677901 -4.078064497368692
225.7308029054578 420.8217956320973 -6.732015444021831
251.3585356039335 423.1665505753951 -0.3109173839089128
251.2124044186599 423.3017027916165 -0.7284180353046136
250.970976498723 423.5179257547697 -1.378505802528125
250.584482931664 423.8638684401041 -2.417717843799292
249.9651918288301 424.4173821322077 -4.078064497368802
248.9733625180635 425.3030043679012 -6.732015444022245
251.3585356039335 422.9582494246044 -0.3109173839089086
251.2124044186598 422.823097208383 -0.7284180353046046
250.970976498723 422.6068742452296 -1.378505802528101
250.5844829316643 422.2609315598953 -2.417717843799267
249.96519182883 421.7074178677901 -4.078064497368636
248.9733625180633 420.8217956320977 -6.732015444021814
274.2341455110205 423.166550575395 -0.3109173839089018
274.1104960465585 423.3017027916165 -0.7284180353045995
273.9062108835346 423.5179257547697 -1.378505802528108
273.5791778652542 423.8638684401041 -2.417717843799276
273.0551623167021 424.4173821322078 -4.078064497368748
272.2159221306691 425.3030043679012 -6.732015444022233
274.2341455110204 422.9582494246046 -0.310917383908898
274.1104960465581 422.823097208383 -0.7284180353045914
273.9062108835345 422.6068742452294 -1.378505802528086
273.5791778652545 422.2609315598954 -2.417717843799254
273.0551623167021 421.7074178677902 -4.07806449736858
272.215922130669 420.8217956320977 -6.732015444021799
297.1097554181076 423.166550575395 -0.310917383908889
297.0085876744566 423.3017027916166 -0.7284180353045844
296.8414452683463 423.5179257547697 -1.378505802528092
296.5738727988441 423.8638684401041 -2.417717843799263
296.1451328045744 424.4173821322075 -4.078064497368698
295.4584817432748 425.3030043679013 -6.732015444022216
297.1097554181076 422.9582494246046 -0.3109173839088855
297.0085876744564 422.8230972083831 -0.7284180353045769
296.8414452683464 422.6068742452295 -1.378505802528072
296.5738727988444 422.2609315598953 -2.417717843799243
296.1451328045741 421.7074178677901 -4.078064497368525
295.4584817432743 420.8217956320977 -6.732015444021784
319.9853653251946 423.166550575395 -0.3109173839088752
319.9066793023553 423.3017027916167 -0.7284180353045715
319.776679653158 423.5179257547697 -1.378505802528077
319.568567732434 423.863868440104 -2.417717843799249
319.2351032924465 424.4173821322078 -4.078064497368645
318.7010413558803 425.3030043679013 -6.732015444022199
319.9853653251945 422.9582494246047 -0.3109173839088721
319.906679302355 422.823097208383 -0.7284180353045648
319.7766796531581 422.6068742452296 -1.378505802528058
319.5685677324345 422.2609315598953 -2.417717843799231
319.2351032924462 421.7074178677901 -4.078064497368469
318.7010413558801 420.8217956320977 -6.732015444021768
342.8609752322816 423.166550575395 -0.3109173839088653
342.8047709302537 423.3017027916165 -0.7284180353045572
342.7119140379696 423.5179257547695 -1.37850580252806
342.5632626660241 423.863868440104 -2.417717843799233
342.3250737803186 424.4173821322079 -4.078064497368592
341.9436009684858 425.3030043679012 -6.732015444022187
342.8609752322816 422.9582494246047 -0.3109173839088624
342.8047709302534 422.823097208383 -0.7284180353045515
342.7119140379698 422.6068742452297 -1.378505802528043
342.5632626660245 422.2609315598953 -2.417717843799221
342.3250737803184 421.7074178677902 -4.078064497368411
341.9436009684857 420.8217956320977 -6.732015444021753
365.7365851393686 423.1665505753953 -0.3109173839088516
365.702862558152 423.3017027916168 -0.7284180353045435
365.6471484227815 423.5179257547698 -1.378505802528044
365.557957599614 423.8638684401039 -2.41771784379922
365.4150442681908 424.4173821322078 -4.078064497368543
365.1861605810914 425.3030043679013 -6.732015444022172
365.7365851393685 422.9582494246047 -0.3109173839088492
365.7028625581518 422.823097208383 -0.728418035304539
365.6471484227815 422.6068742452296 -1.378505802528029
365.5579575996144 422.2609315598953 -2.41771784379921
365.4150442681906 421.7074178677902 -4.078064497368356
365.1861605810913 420.8217956320976 -6.732015444021739
388.612195046456 423.166550575395 -0.310917383908838
388.6009541860502 423.3017027916166 -0.7284180353045288
388.5823828075933 423.5179257547697 -1.378505802528029
388.5526525332039 423.8638684401039 -2.417717843799203
388.5050147560629 424.4173821322078 -4.078064497368489
388.4287201936968 425.3030043679013 -6.732015444022157
388.6121950464558 422.9582494246047 -0.3109173839088358
388.6009541860501 422.823097208383 -0.7284180353045252
388.582382807593 422.6068742452297 -1.378505802528014
388.5526525332043 422.2609315598953 -2.417717843799198
388.5050147560627 421.7074178677901 -4.078064497368302
388.4287201936964 420.8217956320977 -6.732015444021723
411.4878049535427 423.1665505753951 -0.3109173839088251
411.4990458139487 423.3017027916166 -0.7284180353045155
411.5176171924048 423.5179257547698 -1.378505802528012
411.5473474667941 423.8638684401039 -2.417717843799189
411.594985243935 424.4173821322079 -4.07806449736844
411.6712798063025 425.3030043679013 -6.73201544402214
411.4878049535428 422.9582494246046 -0.3109173839088233
411.4990458139487 422.823097208383 -0.7284180353045127
411.5176171924051 422.6068742452296 -1.378505802527999
411.5473474667945 422.2609315598953 -2.417717843799187
411.5949852439348 421.7074178677902 -4.078064497368246
411.6712798063022 420.8217956320977 -6.732015444021711
434.3634148606299 423.166550575395 -0.3109173839088115
434.3971374418474 423.3017027916168 -0.7284180353045008
434.4528515772161 423.5179257547697 -1.378505802527996
434.5420424003843 423.8638684401039 -2.417717843799175
434.6849557318074 424.417382132208 -4.078064497368386
434.9138394189085 425.3030043679013 -6.732015444022126
434.3634148606299 422.9582494246046 -0.31091738390881
434.397137441847 422.823097208383 -0.7284180353044987
434.4528515772162 422.6068742452297 -1.378505802527985
434.5420424003844 422.2609315598953 -2.417717843799177
434.684955731807 421.7074178677902 -4.078064497368188
434.913839418908 420.8217956320977 -6.732015444021691
457.239024767717 423.1665505753951 -0.3109173839087989
457.2952290697459 423.3017027916169 -0.7284180353044858
457.3880859620284 423.5179257547697 -1.378505802527981
457.5367373339741 423.8638684401039 -2.417717843799161
457.7749262196792 424.417382132208 -4.078064497368333
458.1563990315138 425.3030043679012 -6.732015444022112
457.239024767717 422.9582494246046 -0.3109173839087975
457.2952290697455 422.823097208383 -0.7284180353044843
457.3880859620287 422.6068742452296 -1.378505802527971
457.5367373339748 422.2609315598954 -2.417717843799164
457.774926219679 421.7074178677902 -4.078064497368131
458.1563990315134 420.8217956320977 -6.732015444021679
480.1146346748039 423.166550575395 -0.3109173839087879
480.193320697644 423.3017027916169 -0.7284180353044716
480.3233203468398 423.5179257547697 -1.378505802527965
480.531432267564 423.8638684401037 -2.417717843799144
480.8648967075511 424.4173821322079 -4.078064497368283
481.3989586441195 425.3030043679013 -6.732015444022091
480.114634674804 422.9582494246046 -0.3109173839087869
480.1933206976438 422.8230972083831 -0.728418035304471
480.3233203468401 422.6068742452296 -1.378505802527957
480.5314322675646 422.2609315598954 -2.417717843799153
480.8648967075512 421.7074178677902 -4.078064497368074
481.3989586441193 420.8217956320977 -6.732015444021663
502.9902445818911 423.166550575395 -0.3109173839087723
503.0914123255426 423.3017027916169 -0.7284180353044573
503.2585547316517 423.5179257547696 -1.378505802527948
503.5261272011539 423.8638684401038 -2.417717843799131
503.9548671954238 424.417382132208 -4.07806449736823
504.6415182567249 425.3030043679013 -6.73201544402208
502.9902445818911 422.9582494246046 -0.3109173839087718
503.0914123255424 422.823097208383 -0.7284180353044581
503.2585547316519 422.6068742452296 -1.378505802527942
503.5261272011546 422.2609315598953 -2.417717843799143
503.9548671954233 421.7074178677902 -4.078064497368021
504.6415182567247 420.8217956320977 -6.73201544402165
525.8658544889778 423.1665505753951 -0.3109173839087624
525.9895039534413 423.3017027916168 -0.7284180353044443
526.1937891164637 423.5179257547698 -1.378505802527932
526.520822134744 423.8638684401038 -2.417717843799115
527.0448376832958 424.417382132208 -4.07806449736818
527.8840778693304 425.3030043679012 -6.732015444022065
525.8658544889779 422.9582494246046 -0.3109173839087621
525.9895039534407 422.8230972083829 -0.7284180353044456
526.1937891164634 422.6068742452296 -1.378505802527926
526.5208221347448 422.2609315598953 -2.417717843799129
527.0448376832952 421.7074178677902 -4.078064497367964
527.8840778693299 420.8217956320977 -6.732015444021632
548.7414643960652 423.1665505753951 -0.3109173839087487
548.8875955813394 423.3017027916169 -0.7284180353044303
549.1290235012751 423.5179257547695 -1.378505802527916
549.5155170683339 423.8638684401039 -2.417717843799102
550.1348081711681 424.4173821322081 -4.078064497368127
551.1266374819364 425.3030043679012 -6.732015444022051
548.7414643960653 422.9582494246047 -0.3109173839087485
548.8875955813394 422.823097208383 -0.7284180353044323
549.1290235012755 422.6068742452296 -1.378505802527912
549.5155170683347 422.2609315598953 -2.417717843799119
550.1348081711678 421.7074178677902 -4.078064497367908
551.1266374819359 420.8217956320977 -6.732015444021618
571.6170743031527 423.166550575395 -0.3109173839087358
571.7856872092382 423.3017027916169 -0.7284180353044151
572.0642578860873 423.5179257547698 -1.378505802527902
572.5102120019239 423.8638684401038 -2.417717843799087
573.2247786590401 424.4173821322081 -4.078064497368077
574.3691970945421 425.3030043679012 -6.732015444022034
571.6170743031525 422.9582494246046 -0.3109173839087361
571.7856872092378 422.8230972083831 -0.7284180353044182
572.0642578860871 422.6068742452296 -1.378505802527899
572.5102120019251 422.2609315598953 -2.417717843799108
573.2247786590399 421.7074178677902 -4.07806449736785
574.3691970945412 420.8217956320977 -6.732015444021604
594.4926842102395 423.166550575395 -0.3109173839087232
594.6837788371365 423.3017027916168 -0.7284180353044027
594.9994922708989 423.5179257547698 -1.378505802527886
595.5049069355143 423.8638684401039 -2.417717843799072
596.3147491469125 424.417382132208 -4.078064497368025
597.6117567071476 425.3030043679013 -6.732015444022016
594.4926842102394 422.9582494246044 -0.3109173839087237
594.6837788371363 422.823097208383 -0.7284180353044065
594.9994922708993 422.6068742452296 -1.378505802527884
595.5049069355151 422.2609315598953 -2.417717843799096
596.3147491469122 421.7074178677903 -4.078064497367798
597.6117567071468 420.8217956320977 -6.732015444021592
617.3682941173272 423.1665505753952 -0.3109173839087093
617.5818704650352 423.3017027916171 -0.7284180353043883
617.934726655711 423.5179257547697 -1.378505802527868
618.4996018691045 423.8638684401039 -2.417717843799058
619.4047196347843 424.417382132208 -4.07806449736797
620.8543163197534 425.3030043679012 -6.732015444022005
617.3682941173273 422.9582494246048 -0.3109173839087103
617.5818704650349 422.823097208383 -0.7284180353043934
617.9347266557113 422.6068742452296 -1.378505802527869
618.4996018691055 422.2609315598953 -2.417717843799086
619.4047196347842 421.7074178677901 -4.07806449736774
620.8543163197528 420.8217956320976 -6.732015444021576
640.2439040244138 423.1665505753951 -0.3109173839086956
640.4799620929335 423.3017027916169 -0.7284180353043743
640.8699610405222 423.5179257547697 -1.378505802527854
641.4942968026943 423.8638684401038 -2.417717843799042
642.4946901226568 424.417382132208 -4.078064497367921
644.0968759323586 425.3030043679013 -6.732015444021988
640.2439040244143 422.9582494246049 -0.3109173839086971
640.4799620929333 422.823097208383 -0.7284180353043799
640.8699610405225 422.6068742452296 -1.378505802527854
641.4942968026952 422.2609315598954 -2.417717843799073
642.4946901226564 421.7074178677902 -4.078064497367683
644.0968759323581 420.8217956320977 -6.732015444021558
663.1195139315012 423.166550575395 -0.3109173839086857
663.3780537208324 423.3017027916169 -0.7284180353043594
663.8051954253342 423.5179257547696 -1.378505802527836
664.4889917362843 423.8638684401039 -2.417717843799026
665.5846606105288 424.4173821322081 -4.078064497367868
667.3394355449639 425.3030043679012 -6.732015444021973
663.119513931501 422.9582494246048 -0.3109173839086873
663.3780537208319 422.823097208383 -0.7284180353043661
663.8051954253344 422.6068742452295 -1.37850580252784
664.4889917362855 422.2609315598954 -2.417717843799062
665.5846606105287 421.7074178677902 -4.078064497367627
667.3394355449639 420.8217956320977 -6.732015444021544
685.9951238385883 423.1665505753951 -0.3109173839086721
686.2761453487311 423.3017027916169 -0.7284180353043446
686.740429810146 423.5179257547697 -1.378505802527822
687.4836866698744 423.8638684401039 -2.417717843799013
688.6746310984012 424.417382132208 -4.078064497367818
690.5819951575701 425.3030043679013 -6.73201544402196
685.9951238385883 422.9582494246047 -0.310917383908674
686.2761453487308 422.823097208383 -0.728418035304352
686.7404298101465 422.6068742452295 -1.378505802527826
687.4836866698753 422.2609315598956 -2.417717843799052
688.6746310984009 421.7074178677902 -4.078064497367574
690.5819951575692 420.8217956320977 -6.73201544402153
708.8707337456761 423.166550575395 -0.3109173839086593
709.1742369766298 423.3017027916169 -0.7284180353043304
709.675664194958 423.5179257547698 -1.378505802527806
710.478381603465 423.8638684401038 -2.417717843798997
711.7646015862741 424.417382132208 -4.078064497367764
713.8245547701754 425.3030043679013 -6.732015444021942
708.8707337456756 422.9582494246048 -0.3109173839086615
709.1742369766292 422.823097208383 -0.7284180353043387
709.6756641949585 422.6068742452296 -1.378505802527812
710.4783816034659 422.2609315598954 -2.417717843799039
711.7646015862734 421.7074178677902 -4.078064497367516
713.8245547701747 420.8217956320977 -6.732015444021512
731.746343652763 423.1665505753952 -0.3109173839086466
732.0723286045283 423.301702791617 -0.7284180353043175
732.6108985797695 423.5179257547698 -1.378505802527789
733.4730765370543 423.8638684401038 -2.417717843798984
734.8545720741455 424.417382132208 -4.078064497367711
737.0671143827814 425.3030043679012 -6.732015444021927
731.7463436527629 422.9582494246047 -0.310917383908649
732.0723286045279 422.823097208383 -0.7284180353043261
732.61089857977 422.60687424523 -1.378505802527796
733.4730765370552 422.2609315598955 -2.417717843799029
734.8545720741453 421.7074178677901 -4.07806449736746
737.0671143827805 420.8217956320976 -6.732015444021497
754.6219535598502 423.166550575395 -0.3109173839086329
754.9704202324267 423.3017027916172 -0.7284180353043022
755.5461329645815 423.5179257547696 -1.378505802527774
756.4677714706448 423.8638684401038 -2.417717843798969
757.9445425620179 424.4173821322079 -4.078064497367661
760.3096739953872 425.3030043679012 -6.732015444021911
754.6219535598502 422.9582494246049 -0.3109173839086358
754.9704202324267 422.823097208383 -0.7284180353043119
755.5461329645819 422.60687424523 -1.378505802527783
756.4677714706463 422.2609315598955 -2.417717843799019
757.9445425620175 421.7074178677902 -4.078064497367403
760.3096739953862 420.8217956320976 -6.732015444021482
777.4975634669369 423.1665505753951 -0.3109173839086202
777.8685118603253 423.3017027916172 -0.7284180353042891
778.4813673493938 423.5179257547697 -1.378505802527758
779.4624664042354 423.8638684401039 -2.417717843798955
781.0345130498903 424.417382132208 -4.078064497367608
783.5522336079927 425.3030043679012 -6.732015444021899
777.4975634669372 422.9582494246049 -0.3109173839086233
777.8685118603247 422.823097208383 -0.7284180353042996
778.4813673493942 422.6068742452295 -1.378505802527767
779.4624664042362 422.2609315598953 -2.417717843799006
781.0345130498898 421.7074178677902 -4.078064497367349
783.5522336079921 420.8217956320977 -6.73201544402147
3 181 0 432
6277
6278
6279
6280
6281
6282
6283
6284
6285
6286
6287
6288
6325
6326
6327
6328
6329
6330
6331
6332
6333
6334
6335
6336
7977
7978
7979
7980
7981
7982
7983
7984
7985
7986
7987
7988
7989
7990
7991
7992
7993
7994
7995
7996
7997
7998
7999
8000
8001
8002
8003
8004
8005
8006
8007
8008
8009
8010
8011
8012
8013
8014
8015
8016
8017
8018
8019
8020
8021
8022
8023
8024
8025
8026
8027
8028
8029
8030
8031
8032
8033
8034
8035
8036
8037
8038
8039
8040
8041
8042
8043
8044
8045
8046
8047
8048
8049
8050
8051
8052
8053
8054
8055
8056
8057
8058
8059
8060
8061
8062
8063
8064
8065
8066
8067
8068
8069
8070
8071
8072
8073
8074
8075
8076
8077
8078
8079
8080
8081
8082
8083
8084
8085
8086
8087
8088
8089
8090
8091
8092
8093
8094
8095
8096
8097
8098
8099
8100
8101
8102
8103
8104
8105
8106
8107
8108
8109
8110
8111
8112
8113
8114
8115
8116
8117
8118
8119
8120
8121
8122
8123
8124
8125
8126
8127
8128
8129
8130
8131
8132
8133
8134
8135
8136
8137
8138
8139
8140
8141
8142
8143
8144
8145
8146
8147
8148
8149
8150
8151
8152
8153
8154
8155
8156
8157
8158
8159
8160
8161
8162
8163
8164
8165
8166
8167
8168
8169
8170
8171
8172
8173
8174
8175
8176
8177
8178
8179
8180
8181
8182
8183
8184
8185
8186
8187
8188
8189
8190
8191
8192
8193
8194
8195
8196
8197
8198
8199
8200
8201
8202
8203
8204
8205
8206
8207
8208
8209
8210
8211
8212
8213
8214
8215
8216
8217
8218
8219
8220
8221
8222
8223
8224
8225
8226
8227
8228
8229
8230
8231
8232
8233
8234
8235
8236
8237
8238
8239
8240
8241
8242
8243
8244
8245
8246
8247
8248
8249
8250
8251
8252
8253
8254
8255
8256
8257
8258
8259
8260
8261
8262
8263
8264
8265
8266
8267
8268
8269
8270
8271
8272
8273
8274
8275
8276
8277
8278
8279
8280
8281
8282
8283
8284
8285
8286
8287
8288
8289
8290
8291
8292
8293
8294
8295
8296
8297
8298
8299
8300
8301
8302
8303
8304
8305
8306
8307
8308
8309
8310
8311
8312
8313
8314
8315
8316
8317
8318
8319
8320
8321
8322
8323
8324
8325
8326
8327
8328
8329
8330
8331
8332
8333
8334
8335
8336
8337
8338
8339
8340
8341
8342
8343
8344
8345
8346
8347
8348
8349
8350
8351
8352
8353
8354
8355
8356
8357
8358
8359
8360
8361
8362
8363
8364
8365
8366
8367
8368
8369
8370
8371
8372
8373
8374
8375
8376
8377
8378
8379
8380
8381
8382
8383
8384
-0.2731733740244561 422.7514826160913 -0.1041505753952038
-0.6666034882231118 422.3339819646951 -0.2393027916169819
-1.316601734206291 421.6838941974715 -0.4555257547698793
-2.357161337826102 420.6446821562006 -0.8014684401044507
-4.024483537763855 418.984335502631 -1.354982132208649
-6.694793220598771 416.3303845559786 -2.240604367901551
-0.2731733740244966 422.7514826160913 0.1041505753952015
-0.6666034882231964 422.3339819646953 0.23930279161698
-1.316601734206412 421.6838941974719 0.4555257547698776
-2.357161337826278 420.6446821562002 0.8014684401044494
-4.024483537764267 418.9843355026304 1.35498213220864
-6.694793220599396 416.3303845559788 2.240604367901544
800.3731733740249 422.7514826160915 -0.1041505753951968
800.373173374025 422.7514826160915 0.1041505753951999
800.7666034882234 422.3339819646955 -0.2393027916169774
800.7666034882235 422.3339819646954 0.2393027916169781
801.4166017342059 421.6838941974718 -0.4555257547698792
801.4166017342058 421.6838941974718 0.455525754769877
802.4571613378259 420.6446821562006 -0.8014684401044505
802.4571613378259 420.6446821562006 0.8014684401044526
804.1244835377636 418.9843355026306 -1.354982132208658
804.1244835377631 418.9843355026304 1.354982132208636
806.7947932205982 416.3303845559776 -2.24060436790155
806.7947932205984 416.3303845559785 2.24060436790155
22.60243653306249 422.7514826160912 -0.1041505753951966
22.23148813967535 422.3339819646951 -0.2393027916169747
21.61863265060536 421.6838941974715 -0.4555257547698726
20.63753359576382 420.6446821562006 -0.8014684401044453
19.06548695010833 418.984335502631 -1.354982132208645
16.54776639200681 416.3303845559786 -2.240604367901545
22.60243653306246 422.7514826160912 0.1041505753951946
22.23148813967527 422.3339819646953 0.2393027916169729
21.61863265060522 421.6838941974717 0.4555257547698707
20.63753359576365 420.6446821562002 0.8014684401044434
19.06548695010792 418.9843355026306 1.354982132208634
16.5477663920062 416.3303845559785 2.240604367901537
45.47804644014978 422.7514826160915 -0.1041505753951961
45.12957976757363 422.333981964695 -0.2393027916169745
44.55386703541715 421.6838941974717 -0.4555257547698724
43.63222852935409 420.6446821562005 -0.8014684401044445
42.15545743798049 418.9843355026312 -1.354982132208643
39.79032600461246 416.3303845559785 -2.240604367901546
45.47804644014972 422.7514826160913 0.1041505753951942
45.12957976757356 422.3339819646954 0.2393027916169728
44.55386703541702 421.6838941974718 0.4555257547698709
43.63222852935392 420.6446821562001 0.8014684401044435
42.15545743798003 418.9843355026304 1.354982132208634
39.79032600461181 416.3303845559786 2.240604367901537
68.35365634723689 422.7514826160913 -0.1041505753951962
68.02767139547225 422.3339819646952 -0.2393027916169744
67.48910142022889 421.6838941974717 -0.4555257547698723
66.62692346294403 420.6446821562005 -0.8014684401044443
65.24542792585262 418.9843355026309 -1.354982132208643
63.03288561721821 416.3303845559786 -2.240604367901545
68.35365634723685 422.751482616091 0.1041505753951944
68.02767139547215 422.3339819646954 0.2393027916169727
67.48910142022874 421.6838941974717 0.4555257547698705
66.62692346294384 420.6446821562001 0.8014684401044427
65.24542792585216 418.9843355026303 1.354982132208634
63.03288561721754 416.3303845559786 2.240604367901538
91.22926625432395 422.7514826160914 -0.1041505753951959
90.92576302337059 422.3339819646953 -0.2393027916169743
90.42433580504066 421.6838941974716 -0.4555257547698721
89.62161839653396 420.6446821562006 -0.8014684401044437
88.33539841372497 418.9843355026309 -1.354982132208643
86.27544522982377 416.3303845559786 -2.240604367901547
91.22926625432395 422.7514826160913 0.1041505753951943
90.92576302337055 422.3339819646952 0.239302791616973
90.42433580504056 421.6838941974717 0.4555257547698705
89.62161839653388 420.6446821562002 0.8014684401044427
88.33539841372458 418.9843355026302 1.354982132208634
86.27544522982321 416.3303845559786 2.240604367901539
114.1048761614109 422.7514826160914 -0.1041505753951959
113.823854651269 422.3339819646951 -0.2393027916169746
113.3595701898524 421.6838941974717 -0.4555257547698729
112.6163133301241 420.6446821562006 -0.8014684401044447
111.4253689015971 418.9843355026309 -1.354982132208645
109.5180048424294 416.3303845559785 -2.240604367901545
114.104876161411 422.7514826160912 0.1041505753951944
113.8238546512691 422.3339819646954 0.2393027916169734
113.3595701898523 421.6838941974718 0.4555257547698709
112.616313330124 420.6446821562001 0.8014684401044438
111.4253689015967 418.9843355026303 1.354982132208633
109.5180048424289 416.3303845559786 2.240604367901537
136.9804860684981 422.7514826160915 -0.1041505753951958
136.7219462791674 422.3339819646951 -0.2393027916169747
136.2948045746643 421.6838941974717 -0.4555257547698724
135.6110082637143 420.6446821562007 -0.8014684401044443
134.5153393894695 418.9843355026311 -1.354982132208646
132.760564455035 416.3303845559784 -2.240604367901544
136.9804860684981 422.7514826160913 0.1041505753951946
136.7219462791674 422.3339819646952 0.2393027916169732
136.2948045746643 421.6838941974718 0.4555257547698708
135.6110082637141 420.6446821562002 0.8014684401044434
134.5153393894689 418.9843355026302 1.354982132208633
132.7605644550345 416.3303845559788 2.240604367901538
159.8560959755851 422.7514826160914 -0.1041505753951951
159.6200379070661 422.3339819646952 -0.2393027916169741
159.2300389594758 421.6838941974717 -0.4555257547698723
158.6057031973042 420.6446821562006 -0.8014684401044434
157.6053098773415 418.9843355026309 -1.354982132208644
156.0031240676406 416.3303845559782 -2.240604367901544
159.8560959755852 422.7514826160912 0.1041505753951939
159.620037907066 422.3339819646955 0.2393027916169728
159.2300389594758 421.6838941974718 0.4555257547698708
158.6057031973041 420.6446821562002 0.801468440104443
157.6053098773411 418.9843355026301 1.354982132208633
156.0031240676402 416.3303845559785 2.240604367901537
182.7317058826721 422.7514826160915 -0.1041505753951952
182.5181295349645 422.3339819646952 -0.2393027916169744
182.1652733442877 421.6838941974717 -0.4555257547698723
181.6003981308943 420.6446821562006 -0.8014684401044442
180.6952803652138 418.984335502631 -1.354982132208645
179.2456836802463 416.3303845559784 -2.240604367901544
182.7317058826722 422.7514826160913 0.1041505753951942
182.5181295349645 422.3339819646955 0.2393027916169731
182.1652733442875 421.6838941974718 0.4555257547698708
181.6003981308942 420.6446821562002 0.801468440104443
180.6952803652134 418.9843355026303 1.354982132208632
179.2456836802459 416.3303845559786 2.240604367901539
205.6073157897596 422.7514826160915 -0.104150575395195
205.4162211628629 422.3339819646953 -0.239302791616974
205.1005077290996 421.6838941974715 -0.4555257547698726
204.5950930644843 420.6446821562005 -0.8014684401044448
203.7852508530858 418.984335502631 -1.354982132208644
202.488243292852 416.3303845559783 -2.240604367901545
205.6073157897596 422.7514826160913 0.1041505753951942
205.416221162863 422.3339819646954 0.2393027916169732
205.1005077290995 421.6838941974717 0.455525754769871
204.5950930644842 420.6446821562002 0.8014684401044432
203.7852508530854 418.9843355026303 1.354982132208633
202.4882432928516 416.3303845559786 2.240604367901538
228.4829256968465 422.7514826160916 -0.1041505753951948
228.3143127907612 422.3339819646953 -0.2393027916169737
228.0357421139112 421.6838941974717 -0.4555257547698726
227.5897879980743 420.6446821562006 -0.8014684401044438
226.8752213409582 418.984335502631 -1.354982132208647
225.7308029054575 416.3303845559784 -2.240604367901544
228.4829256968466 422.7514826160913 0.1041505753951941
228.3143127907612 422.3339819646955 0.2393027916169727
228.0357421139112 421.6838941974717 0.4555257547698708
227.5897879980743 420.6446821562003 0.8014684401044436
226.8752213409577 418.9843355026303 1.354982132208633
225.7308029054571 416.3303845559786 2.240604367901539
251.3585356039336 422.7514826160914 -0.104150575395194
251.2124044186597 422.3339819646952 -0.2393027916169737
250.9709764987229 421.6838941974716 -0.4555257547698728
250.5844829316642 420.6446821562006 -0.8014684401044445
249.9651918288304 418.9843355026309 -1.354982132208647
248.9733625180632 416.3303845559784 -2.240604367901546
251.3585356039336 422.7514826160915 0.1041505753951934
251.2124044186598 422.3339819646955 0.2393027916169726
250.970976498723 421.6838941974717 0.4555257547698707
250.5844829316643 420.6446821562001 0.8014684401044434
249.96519182883 418.9843355026302 1.354982132208633
248.9733625180628 416.3303845559786 2.24060436790154
274.2341455110206 422.7514826160915 -0.1041505753951945
274.1104960465581 422.3339819646952 -0.2393027916169735
273.9062108835348 421.6838941974717 -0.4555257547698723
273.5791778652545 420.6446821562006 -0.8014684401044438
273.0551623167026 418.984335502631 -1.354982132208647
272.2159221306689 416.3303845559784 -2.240604367901544
274.2341455110206 422.7514826160914 0.104150575395194
274.1104960465581 422.3339819646953 0.2393027916169727
273.9062108835346 421.6838941974717 0.4555257547698704
273.5791778652543 420.6446821562002 0.8014684401044433
273.055162316702 418.9843355026303 1.354982132208632
272.2159221306685 416.3303845559786 2.240604367901539
297.1097554181076 422.7514826160915 -0.1041505753951942
297.0085876744564 422.3339819646952 -0.239302791616973
296.8414452683463 421.6838941974717 -0.4555257547698719
296.5738727988443 420.6446821562006 -0.8014684401044438
296.1451328045748 418.984335502631 -1.354982132208646
295.4584817432743 416.3303845559783 -2.240604367901544
297.1097554181077 422.7514826160915 0.1041505753951939
297.0085876744566 422.3339819646953 0.2393027916169722
296.8414452683464 421.6838941974717 0.4555257547698704
296.5738727988443 420.6446821562001 0.8014684401044434
296.1451328045744 418.9843355026302 1.354982132208632
295.4584817432741 416.3303845559785 2.240604367901539
319.9853653251948 422.7514826160914 -0.1041505753951937
319.9066793023552 422.3339819646952 -0.2393027916169731
319.7766796531583 421.6838941974716 -0.4555257547698723
319.5685677324342 420.6446821562005 -0.8014684401044436
319.2351032924469 418.9843355026309 -1.354982132208646
318.70104135588 416.3303845559782 -2.240604367901544
319.9853653251948 422.7514826160914 0.1041505753951936
319.906679302355 422.3339819646954 0.2393027916169725
319.7766796531581 421.6838941974717 0.4555257547698707
319.5685677324344 420.6446821562003 0.8014684401044442
319.2351032924463 418.9843355026303 1.354982132208632
318.7010413558797 416.3303845559786 2.240604367901539
342.8609752322818 422.7514826160914 -0.1041505753951944
342.8047709302534 422.3339819646953 -0.2393027916169733
342.7119140379698 421.6838941974717 -0.4555257547698724
342.5632626660242 420.6446821562006 -0.8014684401044442
342.3250737803189 418.9843355026309 -1.354982132208647
341.9436009684853 416.3303845559781 -2.240604367901544
342.8609752322818 422.7514826160914 0.1041505753951945
342.8047709302534 422.3339819646953 0.2393027916169724
342.7119140379696 421.6838941974718 0.4555257547698703
342.5632626660243 420.6446821562002 0.8014684401044438
342.3250737803185 418.9843355026302 1.354982132208632
341.9436009684854 416.3303845559786 2.240604367901539
365.7365851393689 422.7514826160915 -0.1041505753951939
365.702862558152 422.3339819646953 -0.2393027916169733
365.6471484227816 421.6838941974718 -0.4555257547698723
365.5579575996147 420.6446821562005 -0.8014684401044441
365.4150442681911 418.9843355026308 -1.354982132208649
365.1861605810911 416.3303845559782 -2.240604367901544
365.7365851393687 422.7514826160917 0.1041505753951942
365.7028625581518 422.3339819646953 0.2393027916169727
365.6471484227814 421.6838941974718 0.4555257547698704
365.5579575996144 420.6446821562002 0.8014684401044442
365.4150442681906 418.9843355026302 1.354982132208631
365.1861605810909 416.3303845559786 2.24060436790154
388.6121950464558 422.7514826160914 -0.1041505753951935
388.6009541860502 422.3339819646952 -0.2393027916169728
388.5823828075933 421.6838941974716 -0.4555257547698726
388.5526525332041 420.6446821562005 -0.8014684401044436
388.5050147560632 418.9843355026307 -1.354982132208647
388.4287201936966 416.3303845559781 -2.240604367901544
388.612195046456 422.7514826160914 0.1041505753951939
388.60095418605 422.3339819646954 0.2393027916169723
388.5823828075931 421.6838941974717 0.4555257547698707
388.552652533204 420.6446821562005 0.8014684401044441
388.5050147560629 418.9843355026302 1.354982132208632
388.4287201936962 416.3303845559787 2.24060436790154
411.4878049535428 422.7514826160914 -0.1041505753951932
411.4990458139484 422.3339819646952 -0.2393027916169731
411.517617192405 421.6838941974717 -0.455525754769872
411.5473474667943 420.6446821562006 -0.8014684401044436
411.5949852439351 418.9843355026306 -1.354982132208648
411.6712798063022 416.3303845559782 -2.240604367901544
411.4878049535432 422.7514826160915 0.1041505753951938
411.4990458139487 422.3339819646952 0.2393027916169726
411.5176171924049 421.6838941974717 0.4555257547698705
411.5473474667943 420.6446821562006 0.8014684401044445
411.5949852439352 418.9843355026304 1.354982132208632
411.6712798063022 416.3303845559786 2.240604367901539
434.3634148606299 422.7514826160914 -0.1041505753951927
434.3971374418471 422.3339819646952 -0.2393027916169725
434.4528515772166 421.6838941974717 -0.4555257547698723
434.5420424003844 420.6446821562006 -0.8014684401044442
434.684955731808 418.9843355026307 -1.354982132208649
434.9138394189082 416.3303845559782 -2.240604367901543
434.3634148606302 422.7514826160914 0.1041505753951933
434.3971374418471 422.3339819646955 0.2393027916169721
434.4528515772165 421.6838941974717 0.4555257547698705
434.5420424003842 420.6446821562006 0.8014684401044444
434.6849557318073 418.9843355026302 1.354982132208631
434.9138394189079 416.3303845559786 2.240604367901541
457.2390247677171 422.7514826160914 -0.1041505753951925
457.2952290697454 422.3339819646954 -0.2393027916169722
457.3880859620285 421.6838941974717 -0.4555257547698726
457.5367373339744 420.6446821562006 -0.801468440104444
457.7749262196798 418.9843355026307 -1.354982132208649
458.1563990315138 416.3303845559782 -2.240604367901544
457.2390247677171 422.7514826160914 0.1041505753951933
457.2952290697455 422.3339819646955 0.2393027916169718
457.3880859620285 421.6838941974718 0.4555257547698705
457.5367373339747 420.6446821562006 0.8014684401044443
457.7749262196793 418.9843355026303 1.354982132208631
458.1563990315133 416.3303845559786 2.24060436790154
480.114634674804 422.7514826160914 -0.1041505753951929
480.1933206976436 422.3339819646953 -0.239302791616972
480.3233203468401 421.6838941974717 -0.4555257547698729
480.5314322675644 420.6446821562006 -0.8014684401044434
480.8648967075517 418.9843355026308 -1.354982132208648
481.3989586441193 416.3303845559778 -2.240604367901544
480.1146346748042 422.7514826160915 0.1041505753951939
480.1933206976438 422.3339819646952 0.2393027916169717
480.32332034684 421.6838941974718 0.4555257547698704
480.5314322675644 420.6446821562006 0.8014684401044445
480.8648967075513 418.9843355026303 1.354982132208631
481.3989586441193 416.3303845559787 2.24060436790154
502.9902445818913 422.7514826160914 -0.1041505753951917
503.0914123255423 422.3339819646953 -0.2393027916169719
503.2585547316519 421.6838941974717 -0.4555257547698722
503.5261272011546 420.6446821562005 -0.8014684401044436
503.9548671954242 418.9843355026308 -1.354982132208649
504.6415182567249 416.3303845559779 -2.240604367901544
502.9902445818914 422.7514826160915 0.1041505753951929
503.0914123255426 422.3339819646954 0.2393027916169717
503.2585547316518 421.6838941974718 0.4555257547698705
503.5261272011544 420.6446821562006 0.8014684401044446
503.9548671954238 418.9843355026302 1.354982132208631
504.6415182567247 416.3303845559787 2.240604367901542
525.865854488978 422.7514826160914 -0.1041505753951924
525.9895039534406 422.3339819646952 -0.2393027916169719
526.1937891164638 421.6838941974717 -0.4555257547698721
526.5208221347443 420.6446821562006 -0.8014684401044434
527.0448376832966 418.9843355026308 -1.354982132208649
527.88407786933 416.330384555978 -2.240604367901544
525.8658544889781 422.7514826160914 0.1041505753951939
525.9895039534407 422.3339819646953 0.2393027916169721
526.1937891164636 421.6838941974717 0.4555257547698706
526.5208221347444 420.6446821562007 0.8014684401044446
527.0448376832959 418.9843355026301 1.354982132208631
527.8840778693304 416.3303845559786 2.240604367901541
548.7414643960655 422.7514826160914 -0.1041505753951919
548.8875955813395 422.3339819646953 -0.2393027916169719
549.1290235012756 421.6838941974716 -0.4555257547698722
549.5155170683347 420.6446821562005 -0.8014684401044436
550.1348081711685 418.9843355026308 -1.354982132208649
551.1266374819362 416.330384555978 -2.240604367901543
548.7414643960657 422.7514826160915 0.1041505753951934
548.8875955813393 422.3339819646955 0.2393027916169719
549.1290235012755 421.6838941974718 0.45552575476987
549.5155170683342 420.6446821562006 0.8014684401044447
550.1348081711679 418.9843355026303 1.354982132208631
551.1266374819364 416.3303845559784 2.240604367901541
571.6170743031528 422.7514826160915 -0.1041505753951918
571.7856872092378 422.3339819646953 -0.2393027916169715
572.0642578860873 421.6838941974715 -0.4555257547698728
572.5102120019247 420.6446821562006 -0.8014684401044441
573.2247786590406 418.9843355026307 -1.35498213220865
574.3691970945417 416.3303845559778 -2.240604367901545
571.6170743031529 422.7514826160915 0.1041505753951934
571.7856872092377 422.3339819646955 0.2393027916169715
572.0642578860873 421.6838941974718 0.4555257547698706
572.5102120019245 420.6446821562006 0.8014684401044454
573.2247786590403 418.9843355026303 1.354982132208631
574.3691970945417 416.3303845559786 2.240604367901542
594.49268421024 422.7514826160914 -0.1041505753951917
594.6837788371361 422.3339819646952 -0.2393027916169718
594.9994922708992 421.6838941974717 -0.4555257547698723
595.504906935515 420.6446821562006 -0.8014684401044436
596.3147491469132 418.9843355026308 -1.354982132208649
597.6117567071476 416.330384555978 -2.240604367901544
594.49268421024 422.7514826160914 0.1041505753951933
594.6837788371364 422.3339819646954 0.2393027916169722
594.9994922708995 421.6838941974717 0.4555257547698705
595.5049069355149 420.6446821562008 0.8014684401044446
596.3147491469126 418.9843355026302 1.35498213220863
597.6117567071473 416.3303845559785 2.240604367901541
617.3682941173275 422.7514826160914 -0.1041505753951911
617.5818704650349 422.3339819646953 -0.2393027916169718
617.9347266557111 421.6838941974716 -0.4555257547698724
618.4996018691052 420.6446821562005 -0.8014684401044443
619.4047196347854 418.9843355026307 -1.35498213220865
620.8543163197533 416.3303845559778 -2.240604367901544
617.368294117327 422.7514826160914 0.104150575395193
617.5818704650351 422.3339819646955 0.2393027916169721
617.934726655711 421.6838941974719 0.4555257547698701
618.4996018691052 420.6446821562007 0.8014684401044452
619.4047196347854 418.9843355026302 1.354982132208629
620.8543163197535 416.3303845559784 2.240604367901542
640.2439040244146 422.7514826160914 -0.1041505753951906
640.4799620929335 422.3339819646956 -0.2393027916169715
640.8699610405231 421.6838941974717 -0.4555257547698723
641.4942968026947 420.6446821562006 -0.8014684401044435
642.494690122658 418.9843355026307 -1.354982132208649
644.0968759323589 416.3303845559777 -2.240604367901544
640.2439040244147 422.7514826160915 0.1041505753951927
640.4799620929336 422.3339819646955 0.239302791616972
640.8699610405226 421.6838941974717 0.4555257547698706
641.4942968026953 420.6446821562006 0.8014684401044454
642.4946901226574 418.9843355026303 1.35498213220863
644.096875932359 416.3303845559784 2.240604367901541
663.1195139315015 422.7514826160914 -0.1041505753951913
663.3780537208321 422.3339819646953 -0.2393027916169712
663.8051954253347 421.6838941974716 -0.4555257547698723
664.4889917362852 420.6446821562006 -0.8014684401044435
665.58466061053 418.9843355026308 -1.354982132208651
667.3394355449642 416.3303845559777 -2.240604367901544
663.1195139315015 422.7514826160916 0.1041505753951935
663.3780537208324 422.3339819646953 0.2393027916169717
663.8051954253347 421.6838941974717 0.45552575476987
664.4889917362854 420.6446821562007 0.801468440104445
665.5846606105296 418.9843355026303 1.35498213220863
667.3394355449642 416.3303845559784 2.240604367901542
685.9951238385887 422.7514826160914 -0.1041505753951909
686.2761453487306 422.3339819646954 -0.2393027916169708
686.740429810147 421.6838941974716 -0.4555257547698724
687.4836866698756 420.6446821562006 -0.8014684401044438
688.6746310984023 418.9843355026308 -1.35498213220865
690.5819951575703 416.3303845559776 -2.240604367901545
685.9951238385887 422.7514826160914 0.1041505753951932
686.2761453487308 422.3339819646955 0.2393027916169713
686.7404298101463 421.6838941974716 0.4555257547698706
687.4836866698753 420.6446821562008 0.8014684401044451
688.6746310984021 418.9843355026303 1.35498213220863
690.5819951575702 416.3303845559785 2.240604367901541
708.8707337456765 422.7514826160914 -0.1041505753951906
709.1742369766298 422.3339819646955 -0.2393027916169708
709.6756641949588 421.6838941974717 -0.4555257547698721
710.4783816034659 420.6446821562007 -0.8014684401044436
711.764601586275 418.9843355026307 -1.354982132208651
713.8245547701757 416.3303845559776 -2.240604367901545
708.8707337456764 422.7514826160914 0.1041505753951931
709.1742369766293 422.3339819646955 0.2393027916169712
709.6756641949586 421.6838941974719 0.4555257547698705
710.4783816034653 420.6446821562006 0.8014684401044457
711.7646015862745 418.9843355026304 1.35498213220863
713.8245547701756 416.3303845559785 2.240604367901541
731.7463436527628 422.7514826160914 -0.1041505753951905
732.0723286045276 422.3339819646954 -0.239302791616971
732.6108985797699 421.6838941974717 -0.4555257547698724
733.4730765370554 420.6446821562005 -0.801468440104444
734.8545720741466 418.9843355026307 -1.354982132208651
737.0671143827814 416.3303845559777 -2.240604367901545
731.7463436527635 422.7514826160914 0.1041505753951931
732.0723286045284 422.3339819646953 0.2393027916169714
732.6108985797699 421.6838941974716 0.4555257547698702
733.4730765370554 420.6446821562006 0.8014684401044456
734.8545720741459 418.9843355026302 1.354982132208629
737.0671143827814 416.3303845559784 2.240604367901544
754.6219535598507 422.7514826160915 -0.1041505753951899
754.9704202324258 422.3339819646954 -0.2393027916169705
755.5461329645816 421.6838941974717 -0.4555257547698724
756.4677714706454 420.6446821562006 -0.8014684401044444
757.9445425620186 418.9843355026307 -1.354982132208651
760.3096739953864 416.3303845559777 -2.240604367901544
754.6219535598512 422.7514826160915 0.1041505753951929
754.9704202324269 422.3339819646955 0.2393027916169713
755.5461329645819 421.6838941974718 0.4555257547698704
756.4677714706457 420.6446821562008 0.8014684401044458
757.9445425620187 418.9843355026303 1.354982132208629
760.3096739953864 416.3303845559784 2.240604367901544
777.4975634669377 422.7514826160913 -0.1041505753951896
777.8685118603246 422.3339819646953 -0.2393027916169707
778.4813673493941 421.6838941974717 -0.4555257547698724
779.4624664042362 420.6446821562005 -0.8014684401044438
781.0345130498919 418.9843355026307 -1.354982132208652
783.552233607993 416.3303845559776 -2.240604367901544
777.4975634669372 422.7514826160913 0.1041505753951927
777.8685118603249 422.3339819646954 0.2393027916169714
778.4813673493942 421.6838941974717 0.4555257547698707
779.4624664042364 420.6446821562007 0.8014684401044461
781.0345130498915 418.9843355026304 1.354982132208629
783.5522336079929 416.3303845559785 2.240604367901544
3 182 0 432
6253
6254
6255
6256
6257
6258
6259
6260
6261
6262
6263
6264
6301
6302
6303
6304
6305
6306
6307
6308
6309
6310
6311
6312
8385
8386
8387
8388
8389
8390
8391
8392
8393
8394
8395
8396
8397
8398
8399
8400
8401
8402
8403
8404
8405
8406
8407
8408
8409
8410
8411
8412
8413
8414
8415
8416
8417
8418
8419
8420
8421
8422
8423
8424
8425
8426
8427
8428
8429
8430
8431
8432
8433
8434
8435
8436
8437
8438
8439
8440
8441
8442
8443
8444
8445
8446
8447
8448
8449
8450
8451
8452
8453
8454
8455
8456
8457
8458
8459
8460
8461
8462
8463
8464
8465
8466
8467
8468
8469
8470
8471
8472
8473
8474
8475
8476
8477
8478
8479
8480
8481
8482
8483
8484
8485
8486
8487
8488
8489
8490
8491
8492
8493
8494
8495
8496
8497
8498
8499
8500
8501
8502
8503
8504
8505
8506
8507
8508
8509
8510
8511
8512
8513
8514
8515
8516
8517
8518
8519
8520
8521
8522
8523
8524
8525
8526
8527
8528
8529
8530
8531
8532
8533
8534
8535
8536
8537
8538
8539
8540
8541
8542
8543
8544
8545
8546
8547
8548
8549
8550
8551
8552
8553
8554
8555
8556
8557
8558
8559
8560
8561
8562
8563
8564
8565
8566
8567
8568
8569
8570
8571
8572
8573
8574
8575
8576
8577
8578
8579
8580
8581
8582
8583
8584
8585
8586
8587
8588
8589
8590
8591
8592
8593
8594
8595
8596
8597
8598
8599
8600
8601
8602
8603
8604
8605
8606
8607
8608
8609
8610
8611
8612
8613
8614
8615
8616
8617
8618
8619
8620
8621
8622
8623
8624
8625
8626
8627
8628
8629
8630
8631
8632
8633
8634
8635
8636
8637
8638
8639
8640
8641
8642
8643
8644
8645
8646
8647
8648
8649
8650
8651
8652
8653
8654
8655
8656
8657
8658
8659
8660
8661
8662
8663
8664
8665
8666
8667
8668
8669
8670
8671
8672
8673
8674
8675
8676
8677
8678
8679
8680
8681
8682
8683
8684
8685
8686
8687
8688
8689
8690
8691
8692
8693
8694
8695
8696
8697
8698
8699
8700
8701
8702
8703
8704
8705
8706
8707
8708
8709
8710
8711
8712
8713
8714
8715
8716
8717
8718
8719
8720
8721
8722
8723
8724
8725
8726
8727
8728
8729
8730
8731
8732
8733
8734
8735
8736
8737
8738
8739
8740
8741
8742
8743
8744
8745
8746
8747
8748
8749
8750
8751
8752
8753
8754
8755
8756
8757
8758
8759
8760
8761
8762
8763
8764
8765
8766
8767
8768
8769
8770
8771
8772
8773
8774
8775
8776
8777
8778
8779
8780
8781
8782
8783
8784
8785
8786
8787
8788
8789
8790
8791
8792
-0.2731733740246168 423.3733173839089 0.1041505753952036
-0.2731733740246275 423.3733173839088 -0.1041505753951981
-0.6666034882232877 423.7908180353044 0.2393027916169793
-0.6666034882233112 423.7908180353047 -0.239302791616979
-1.316601734206361 424.4409058025283 0.4555257547698772
-1.316601734206396 424.4409058025282 -0.4555257547698783
-2.357161337826271 425.4801178437989 0.8014684401044496
-2.357161337826405 425.4801178437993 -0.8014684401044502
-4.024483537763734 427.1404644973687 1.354982132208643
-4.024483537763976 427.1404644973692 -1.354982132208647
-6.694793220598664 429.7944154440211 2.240604367901547
-6.694793220598853 429.7944154440215 -2.240604367901549
800.3731733740242 423.3733173839088 0.1041505753952103
800.7666034882234 423.7908180353046 0.239302791616982
801.4166017342059 424.4409058025278 0.4555257547698806
802.4571613378262 425.4801178437991 0.8014684401044534
804.1244835377631 427.1404644973683 1.354982132208648
806.7947932205979 429.7944154440213 2.240604367901553
800.3731733740246 423.373317383909 -0.1041505753951874
800.7666034882235 423.7908180353046 -0.2393027916169707
801.4166017342062 424.4409058025281 -0.4555257547698708
802.4571613378266 425.4801178437994 -0.8014684401044474
804.1244835377634 427.1404644973686 -1.354982132208641
806.7947932205977 429.7944154440211 -2.240604367901541
22.60243653306233 423.373317383909 0.1041505753951968
22.23148813967518 423.7908180353043 0.2393027916169722
21.61863265060529 424.4409058025284 0.4555257547698705
20.63753359576366 425.480117843799 0.8014684401044434
19.06548695010843 427.1404644973686 1.354982132208637
16.5477663920069 429.7944154440212 2.240604367901541
22.60243653306233 423.373317383909 -0.1041505753951908
22.23148813967515 423.7908180353047 -0.2393027916169717
21.61863265060526 424.4409058025282 -0.4555257547698712
20.63753359576354 425.4801178437993 -0.801468440104444
19.06548695010821 427.1404644973691 -1.354982132208641
16.5477663920067 429.7944154440214 -2.240604367901541
45.47804644014955 423.373317383909 0.1041505753951968
45.12957976757346 423.7908180353046 0.2393027916169721
44.55386703541708 424.4409058025284 0.4555257547698709
43.63222852935395 425.480117843799 0.8014684401044433
42.15545743798052 427.1404644973687 1.354982132208638
39.79032600461247 429.7944154440212 2.240604367901542
45.47804644014958 423.3733173839091 -0.1041505753951902
45.12957976757346 423.7908180353048 -0.2393027916169715
44.55386703541706 424.4409058025282 -0.4555257547698712
43.63222852935387 425.4801178437993 -0.8014684401044438
42.15545743798035 427.1404644973692 -1.354982132208641
39.79032600461236 429.7944154440215 -2.240604367901541
68.35365634723665 423.3733173839091 0.1041505753951972
68.02767139547203 423.7908180353042 0.2393027916169723
67.48910142022882 424.4409058025283 0.4555257547698705
66.62692346294389 425.480117843799 0.8014684401044426
65.24542792585265 427.1404644973687 1.354982132208638
63.03288561721816 429.7944154440212 2.24060436790154
68.35365634723672 423.373317383909 -0.1041505753951902
68.02767139547205 423.7908180353047 -0.2393027916169712
67.48910142022881 424.4409058025281 -0.4555257547698706
66.62692346294381 425.4801178437994 -0.8014684401044427
65.2454279258525 427.1404644973692 -1.35498213220864
63.03288561721805 429.7944154440214 -2.240604367901541
91.22926625432378 423.373317383909 0.1041505753951974
90.92576302337045 423.7908180353043 0.2393027916169728
90.42433580504064 424.4409058025283 0.4555257547698704
89.62161839653392 425.4801178437988 0.8014684401044432
88.33539841372502 427.1404644973687 1.354982132208638
86.27544522982389 429.7944154440211 2.240604367901539
91.22926625432378 423.373317383909 -0.1041505753951898
90.92576302337045 423.7908180353048 -0.2393027916169713
90.42433580504064 424.4409058025281 -0.45552575476987
89.62161839653386 425.4801178437993 -0.8014684401044427
88.33539841372486 427.1404644973692 -1.35498213220864
86.27544522982367 429.7944154440214 -2.240604367901539
114.1048761614107 423.3733173839088 0.1041505753951976
113.8238546512689 423.7908180353045 0.2393027916169731
113.3595701898523 424.4409058025284 0.4555257547698712
112.616313330124 425.4801178437991 0.8014684401044442
111.4253689015971 427.1404644973687 1.354982132208637
109.5180048424294 429.7944154440213 2.240604367901541
114.1048761614108 423.3733173839088 -0.1041505753951896
113.8238546512689 423.7908180353048 -0.2393027916169713
113.3595701898523 424.4409058025282 -0.4555257547698708
112.616313330124 425.4801178437995 -0.8014684401044441
111.425368901597 427.1404644973691 -1.35498213220864
109.5180048424292 429.7944154440216 -2.240604367901541
136.9804860684979 423.373317383909 0.1041505753951981
136.7219462791674 423.7908180353043 0.2393027916169733
136.2948045746643 424.4409058025281 0.4555257547698708
135.6110082637141 425.480117843799 0.8014684401044434
134.5153393894694 427.1404644973687 1.354982132208637
132.760564455035 429.7944154440212 2.240604367901542
136.980486068498 423.373317383909 -0.1041505753951896
136.7219462791674 423.7908180353046 -0.2393027916169712
136.2948045746643 424.4409058025281 -0.4555257547698701
135.6110082637141 425.4801178437993 -0.8014684401044432
134.5153393894694 427.1404644973691 -1.35498213220864
132.7605644550349 429.7944154440213 -2.240604367901541
159.8560959755849 423.373317383909 0.1041505753951976
159.6200379070659 423.7908180353046 0.239302791616973
159.2300389594758 424.4409058025281 0.4555257547698713
158.6057031973041 425.4801178437988 0.8014684401044432
157.6053098773416 427.1404644973687 1.354982132208638
156.0031240676407 429.7944154440211 2.240604367901542
159.856095975585 423.373317383909 -0.1041505753951887
159.6200379070659 423.7908180353048 -0.2393027916169704
159.2300389594759 424.4409058025282 -0.4555257547698699
158.6057031973041 425.4801178437992 -0.8014684401044421
157.6053098773415 427.1404644973691 -1.35498213220864
156.0031240676405 429.7944154440213 -2.24060436790154
182.7317058826719 423.3733173839089 0.1041505753951981
182.5181295349644 423.7908180353045 0.2393027916169734
182.1652733442876 424.4409058025282 0.4555257547698714
181.6003981308942 425.480117843799 0.801468440104444
180.6952803652139 427.1404644973687 1.354982132208638
179.2456836802463 429.7944154440211 2.240604367901541
182.7317058826721 423.3733173839089 -0.1041505753951887
182.5181295349645 423.7908180353048 -0.2393027916169706
182.1652733442878 424.4409058025282 -0.45552575476987
181.6003981308942 425.4801178437994 -0.801468440104443
180.6952803652138 427.1404644973691 -1.354982132208639
179.2456836802463 429.7944154440214 -2.24060436790154
205.6073157897592 423.3733173839091 0.1041505753951984
205.4162211628629 423.7908180353043 0.2393027916169735
205.1005077290995 424.4409058025282 0.4555257547698713
204.5950930644843 425.480117843799 0.8014684401044434
203.7852508530858 427.1404644973684 1.354982132208638
202.488243292852 429.7944154440214 2.240604367901541
205.6073157897593 423.3733173839091 -0.1041505753951883
205.4162211628629 423.7908180353045 -0.2393027916169704
205.1005077290996 424.4409058025279 -0.4555257547698698
204.5950930644843 425.4801178437995 -0.8014684401044425
203.7852508530859 427.1404644973689 -1.35498213220864
202.4882432928519 429.7944154440216 -2.24060436790154
228.4829256968462 423.3733173839091 0.1041505753951985
228.3143127907611 423.7908180353045 0.239302791616973
228.0357421139112 424.440905802528 0.4555257547698714
227.5897879980743 425.4801178437989 0.8014684401044432
226.8752213409582 427.1404644973684 1.354982132208638
225.7308029054575 429.7944154440212 2.240604367901541
228.4829256968463 423.3733173839091 -0.1041505753951881
228.3143127907612 423.7908180353048 -0.2393027916169699
228.0357421139113 424.440905802528 -0.4555257547698696
227.5897879980745 425.4801178437994 -0.8014684401044426
226.8752213409581 427.1404644973688 -1.354982132208639
225.7308029054575 429.7944154440214 -2.240604367901539
251.3585356039333 423.373317383909 0.104150575395198
251.2124044186596 423.7908180353045 0.2393027916169733
250.970976498723 424.4409058025281 0.4555257547698717
250.5844829316643 425.4801178437993 0.8014684401044437
249.9651918288303 427.1404644973686 1.354982132208639
248.9733625180632 429.7944154440211 2.240604367901541
251.3585356039334 423.3733173839091 -0.1041505753951871
251.2124044186597 423.7908180353047 -0.2393027916169697
250.9709764987231 424.4409058025281 -0.4555257547698692
250.5844829316643 425.4801178437995 -0.8014684401044427
249.9651918288303 427.1404644973688 -1.354982132208639
248.973362518063 429.7944154440213 -2.24060436790154
274.2341455110204 423.3733173839091 0.1041505753951989
274.110496046558 423.7908180353045 0.2393027916169733
273.9062108835347 424.4409058025282 0.4555257547698712
273.5791778652544 425.4801178437992 0.8014684401044443
273.0551623167025 427.1404644973684 1.35498213220864
272.2159221306687 429.7944154440211 2.240604367901543
274.2341455110204 423.3733173839091 -0.1041505753951875
274.1104960465582 423.7908180353047 -0.2393027916169694
273.9062108835348 424.4409058025283 -0.4555257547698685
273.5791778652544 425.4801178437993 -0.8014684401044425
273.0551623167025 427.1404644973688 -1.354982132208639
272.2159221306686 429.7944154440213 -2.24060436790154
297.1097554181073 423.373317383909 0.1041505753951991
297.0085876744565 423.7908180353046 0.239302791616973
296.8414452683464 424.4409058025282 0.4555257547698712
296.5738727988443 425.4801178437993 0.8014684401044446
296.1451328045747 427.1404644973684 1.354982132208638
295.4584817432745 429.7944154440211 2.240604367901541
297.1097554181075 423.373317383909 -0.1041505753951872
297.0085876744563 423.7908180353048 -0.2393027916169688
296.8414452683466 424.4409058025282 -0.4555257547698682
296.5738727988444 425.4801178437994 -0.8014684401044421
296.1451328045746 427.1404644973688 -1.354982132208638
295.4584817432743 429.7944154440214 -2.240604367901539
319.9853653251945 423.3733173839091 0.1041505753951989
319.906679302355 423.7908180353045 0.2393027916169735
319.7766796531582 424.4409058025279 0.4555257547698719
319.5685677324343 425.4801178437993 0.8014684401044443
319.2351032924469 427.1404644973684 1.354982132208639
318.7010413558797 429.7944154440211 2.240604367901541
319.9853653251947 423.3733173839091 -0.1041505753951866
319.906679302355 423.7908180353045 -0.2393027916169689
319.7766796531585 424.440905802528 -0.4555257547698686
319.5685677324345 425.4801178437994 -0.8014684401044421
319.2351032924466 427.1404644973688 -1.354982132208639
318.7010413558798 429.7944154440214 -2.240604367901538
342.8609752322816 423.3733173839091 0.1041505753952001
342.8047709302532 423.7908180353045 0.2393027916169735
342.7119140379699 424.4409058025279 0.4555257547698717
342.5632626660246 425.4801178437993 0.8014684401044438
342.3250737803189 427.1404644973685 1.354982132208639
341.9436009684856 429.7944154440212 2.240604367901541
342.8609752322816 423.373317383909 -0.1041505753951872
342.8047709302534 423.7908180353045 -0.2393027916169685
342.7119140379699 424.4409058025282 -0.4555257547698683
342.5632626660246 425.4801178437995 -0.801468440104442
342.3250737803189 427.140464497369 -1.354982132208639
341.9436009684854 429.7944154440214 -2.240604367901539
365.7365851393682 423.3733173839091 0.1041505753952
365.7028625581518 423.7908180353045 0.239302791616974
365.6471484227816 424.4409058025279 0.4555257547698717
365.5579575996145 425.4801178437993 0.8014684401044445
365.415044268191 427.1404644973686 1.354982132208639
365.1861605810911 429.7944154440211 2.240604367901543
365.7365851393686 423.3733173839091 -0.1041505753951866
365.7028625581518 423.7908180353045 -0.2393027916169687
365.6471484227816 424.4409058025279 -0.4555257547698677
365.5579575996147 425.4801178437995 -0.8014684401044421
365.415044268191 427.140464497369 -1.354982132208639
365.1861605810909 429.7944154440214 -2.240604367901538
388.6121950464554 423.373317383909 0.1041505753951998
388.6009541860502 423.7908180353045 0.2393027916169738
388.5823828075934 424.4409058025279 0.4555257547698726
388.5526525332042 425.4801178437992 0.8014684401044445
388.505014756063 427.1404644973684 1.354982132208641
388.4287201936967 429.7944154440211 2.240604367901542
388.6121950464557 423.373317383909 -0.104150575395186
388.60095418605 423.7908180353045 -0.2393027916169682
388.5823828075934 424.4409058025281 -0.455525754769868
388.5526525332042 425.4801178437993 -0.8014684401044422
388.505014756063 427.1404644973689 -1.354982132208638
388.4287201936963 429.7944154440214 -2.240604367901537
411.4878049535426 423.3733173839088 0.1041505753952001
411.4990458139485 423.7908180353046 0.2393027916169741
411.517617192405 424.4409058025279 0.4555257547698719
411.5473474667943 425.4801178437993 0.8014684401044447
411.5949852439354 427.1404644973684 1.354982132208639
411.6712798063023 429.7944154440212 2.240604367901542
411.4878049535426 423.373317383909 -0.1041505753951856
411.4990458139484 423.7908180353047 -0.2393027916169683
411.5176171924052 424.4409058025282 -0.4555257547698674
411.5473474667946 425.4801178437993 -0.8014684401044422
411.5949852439355 427.140464497369 -1.354982132208639
411.6712798063023 429.7944154440214 -2.240604367901537
434.3634148606296 423.373317383909 0.1041505753952
434.397137441847 423.7908180353046 0.2393027916169739
434.4528515772164 424.4409058025281 0.4555257547698718
434.5420424003847 425.4801178437993 0.801468440104445
434.6849557318077 427.1404644973686 1.35498213220864
434.913839418908 429.7944154440211 2.240604367901542
434.3634148606298 423.3733173839089 -0.1041505753951851
434.397137441847 423.7908180353045 -0.2393027916169677
434.4528515772167 424.4409058025282 -0.4555257547698672
434.5420424003847 425.4801178437994 -0.801468440104442
434.6849557318076 427.140464497369 -1.354982132208637
434.913839418908 429.7944154440214 -2.240604367901537
457.2390247677166 423.373317383909 0.1041505753952001
457.2952290697456 423.7908180353045 0.2393027916169737
457.3880859620286 424.4409058025278 0.4555257547698723
457.5367373339746 425.4801178437992 0.8014684401044456
457.7749262196797 427.1404644973684 1.35498213220864
458.1563990315134 429.7944154440211 2.240604367901542
457.2390247677171 423.373317383909 -0.1041505753951847
457.2952290697456 423.7908180353046 -0.2393027916169671
457.3880859620288 424.4409058025278 -0.4555257547698673
457.5367373339749 425.4801178437995 -0.8014684401044417
457.7749262196797 427.1404644973688 -1.354982132208638
458.1563990315133 429.7944154440214 -2.240604367901537
480.1146346748035 423.3733173839091 0.1041505753952009
480.1933206976436 423.7908180353045 0.2393027916169737
480.3233203468399 424.4409058025279 0.4555257547698727
480.5314322675646 425.4801178437992 0.8014684401044452
480.8648967075517 427.1404644973685 1.354982132208639
481.398958644119 429.7944154440211 2.240604367901543
480.1146346748039 423.3733173839091 -0.104150575395185
480.193320697644 423.7908180353045 -0.2393027916169669
480.3233203468401 424.4409058025279 -0.4555257547698669
480.5314322675648 425.4801178437994 -0.8014684401044416
480.8648967075519 427.140464497369 -1.354982132208637
481.3989586441192 429.7944154440212 -2.240604367901536
502.9902445818909 423.373317383909 0.1041505753952001
503.0914123255424 423.7908180353045 0.2393027916169739
503.2585547316522 424.4409058025279 0.4555257547698722
503.5261272011546 425.4801178437992 0.8014684401044456
503.9548671954241 427.1404644973685 1.35498213220864
504.6415182567246 429.7944154440211 2.240604367901545
502.9902445818911 423.373317383909 -0.1041505753951838
503.0914123255424 423.7908180353045 -0.2393027916169667
503.2585547316523 424.4409058025279 -0.4555257547698665
503.5261272011546 425.4801178437994 -0.8014684401044413
503.9548671954243 427.1404644973688 -1.354982132208638
504.6415182567243 429.7944154440211 -2.240604367901537
525.8658544889776 423.373317383909 0.1041505753952013
525.9895039534405 423.7908180353045 0.2393027916169742
526.1937891164641 424.4409058025279 0.4555257547698723
526.5208221347449 425.4801178437993 0.8014684401044447
527.0448376832964 427.1404644973686 1.354982132208641
527.8840778693301 429.7944154440212 2.240604367901544
525.8658544889778 423.373317383909 -0.1041505753951844
525.9895039534412 423.7908180353045 -0.2393027916169667
526.193789116464 424.4409058025282 -0.4555257547698662
526.5208221347448 425.4801178437993 -0.8014684401044413
527.0448376832962 427.1404644973688 -1.354982132208637
527.8840778693302 429.7944154440212 -2.240604367901537
548.7414643960652 423.3733173839088 0.1041505753952011
548.8875955813392 423.7908180353047 0.2393027916169742
549.1290235012755 424.4409058025279 0.4555257547698721
549.5155170683349 425.4801178437993 0.8014684401044451
550.1348081711685 427.1404644973684 1.35498213220864
551.126637481936 429.7944154440211 2.240604367901544
548.7414643960655 423.3733173839092 -0.1041505753951838
548.8875955813392 423.7908180353048 -0.2393027916169664
549.1290235012755 424.4409058025279 -0.4555257547698659
549.5155170683352 425.4801178437994 -0.8014684401044414
550.1348081711684 427.1404644973688 -1.354982132208636
551.1266374819357 429.7944154440211 -2.240604367901535
571.6170743031523 423.3733173839088 0.1041505753952014
571.7856872092377 423.7908180353046 0.239302791616974
572.0642578860871 424.4409058025279 0.455525754769873
572.5102120019249 425.4801178437992 0.8014684401044457
573.2247786590406 427.1404644973684 1.354982132208641
574.3691970945416 429.7944154440211 2.240604367901545
571.6170743031523 423.3733173839091 -0.1041505753951835
571.7856872092377 423.7908180353046 -0.2393027916169659
572.0642578860876 424.4409058025282 -0.455525754769866
572.5102120019252 425.4801178437994 -0.8014684401044417
573.2247786590407 427.1404644973686 -1.354982132208638
574.3691970945412 429.7944154440212 -2.240604367901535
594.4926842102394 423.373317383909 0.1041505753952016
594.6837788371362 423.7908180353046 0.2393027916169748
594.9994922708993 424.4409058025279 0.455525754769873
595.5049069355151 425.4801178437993 0.8014684401044456
596.3147491469131 427.1404644973684 1.354982132208642
597.6117567071473 429.7944154440212 2.240604367901543
594.4926842102395 423.3733173839092 -0.1041505753951832
594.6837788371364 423.7908180353045 -0.2393027916169663
594.9994922708997 424.4409058025282 -0.4555257547698659
595.5049069355152 425.4801178437994 -0.8014684401044411
596.3147491469131 427.1404644973686 -1.354982132208637
597.6117567071473 429.7944154440211 -2.240604367901535
617.3682941173267 423.3733173839088 0.1041505753952015
617.581870465035 423.7908180353046 0.2393027916169748
617.934726655711 424.4409058025279 0.4555257547698726
618.4996018691052 425.4801178437992 0.8014684401044456
619.4047196347854 427.1404644973684 1.35498213220864
620.8543163197529 429.7944154440211 2.240604367901544
617.3682941173272 423.3733173839093 -0.1041505753951827
617.581870465035 423.7908180353047 -0.2393027916169662
617.9347266557112 424.4409058025279 -0.4555257547698656
618.4996018691056 425.4801178437993 -0.801468440104441
619.4047196347854 427.1404644973686 -1.354982132208636
620.8543163197529 429.7944154440211 -2.240604367901535
640.2439040244137 423.3733173839088 0.1041505753952014
640.4799620929334 423.7908180353046 0.239302791616975
640.869961040523 424.4409058025279 0.4555257547698737
641.4942968026952 425.4801178437992 0.8014684401044456
642.4946901226574 427.1404644973682 1.354982132208642
644.0968759323584 429.7944154440214 2.240604367901544
640.2439040244142 423.3733173839092 -0.1041505753951819
640.4799620929336 423.7908180353046 -0.2393027916169657
640.8699610405232 424.4409058025281 -0.4555257547698657
641.4942968026954 425.4801178437992 -0.801468440104441
642.4946901226573 427.1404644973686 -1.354982132208635
644.0968759323584 429.7944154440212 -2.240604367901535
663.119513931501 423.3733173839091 0.1041505753952024
663.378053720832 423.7908180353044 0.2393027916169748
663.8051954253345 424.4409058025279 0.4555257547698726
664.4889917362851 425.4801178437992 0.8014684401044457
665.5846606105298 427.1404644973682 1.354982132208641
667.3394355449637 429.7944154440214 2.240604367901545
663.1195139315012 423.3733173839094 -0.1041505753951826
663.378053720832 423.7908180353045 -0.2393027916169653
663.8051954253348 424.4409058025279 -0.4555257547698651
664.4889917362858 425.4801178437992 -0.8014684401044407
665.5846606105299 427.1404644973687 -1.354982132208635
667.3394355449639 429.7944154440212 -2.240604367901536
685.995123838588 423.3733173839088 0.1041505753952023
686.2761453487307 423.7908180353045 0.2393027916169744
686.7404298101465 424.4409058025278 0.4555257547698734
687.4836866698757 425.4801178437992 0.8014684401044462
688.6746310984017 427.1404644973682 1.354982132208641
690.5819951575698 429.7944154440213 2.240604367901546
685.9951238385884 423.3733173839092 -0.1041505753951819
686.2761453487307 423.7908180353045 -0.2393027916169649
686.7404298101469 424.4409058025279 -0.455525754769865
687.4836866698757 425.4801178437993 -0.8014684401044411
688.674631098402 427.1404644973686 -1.354982132208636
690.5819951575692 429.7944154440212 -2.240604367901535
708.8707337456763 423.3733173839087 0.1041505753952025
709.1742369766291 423.7908180353045 0.2393027916169746
709.6756641949584 424.4409058025279 0.4555257547698734
710.4783816034658 425.4801178437993 0.801468440104446
711.7646015862746 427.1404644973682 1.354982132208641
713.8245547701752 429.7944154440214 2.240604367901544
708.8707337456759 423.3733173839092 -0.1041505753951817
709.1742369766291 423.7908180353045 -0.2393027916169645
709.6756641949588 424.4409058025282 -0.455525754769865
710.4783816034662 425.4801178437996 -0.8014684401044414
711.7646015862745 427.1404644973687 -1.354982132208635
713.8245547701752 429.7944154440212 -2.240604367901533
731.7463436527623 423.3733173839088 0.1041505753952027
732.0723286045277 423.7908180353045 0.2393027916169748
732.6108985797699 424.4409058025279 0.4555257547698731
733.4730765370552 425.4801178437992 0.8014684401044463
734.8545720741461 427.1404644973683 1.354982132208641
737.067114382781 429.7944154440214 2.240604367901546
731.7463436527629 423.3733173839093 -0.1041505753951814
732.0723286045277 423.7908180353045 -0.2393027916169646
732.6108985797705 424.4409058025279 -0.4555257547698646
733.4730765370557 425.4801178437995 -0.8014684401044408
734.8545720741465 427.1404644973686 -1.354982132208635
737.0671143827809 429.7944154440211 -2.240604367901535
754.6219535598503 423.3733173839088 0.1041505753952026
754.9704202324264 423.7908180353045 0.2393027916169747
755.5461329645821 424.4409058025279 0.4555257547698738
756.4677714706457 425.4801178437992 0.8014684401044463
757.9445425620185 427.1404644973682 1.354982132208642
760.3096739953864 429.7944154440211 2.240604367901546
754.6219535598503 423.3733173839093 -0.1041505753951808
754.9704202324264 423.7908180353045 -0.239302791616964
755.5461329645821 424.4409058025279 -0.4555257547698648
756.4677714706467 425.4801178437995 -0.8014684401044406
757.9445425620188 427.1404644973686 -1.354982132208636
760.3096739953866 429.7944154440212 -2.240604367901533
777.4975634669366 423.3733173839087 0.1041505753952028
777.868511860325 423.7908180353045 0.2393027916169751
778.4813673493941 424.4409058025279 0.4555257547698736
779.4624664042362 425.4801178437992 0.8014684401044467
781.034513049891 427.1404644973683 1.354982132208642
783.5522336079924 429.7944154440214 2.240604367901546
777.4975634669379 423.3733173839092 -0.1041505753951805
777.8685118603248 423.7908180353045 -0.2393027916169642
778.4813673493946 424.4409058025281 -0.4555257547698644
779.4624664042362 425.4801178437994 -0.801468440104441
781.0345130498908 427.1404644973685 -1.354982132208636
783.5522336079925 429.7944154440212 -2.240604367901534
3 183 0 24
8793
8794
8795
8796
8797
8798
8799
8800
8801
8802
8803
8804
8805
8806
8807
8808
8809
8810
8811
8812
8813
8814
8815
8816
-0.2915953019628815 422.9570714756992 -0.1053285376225048
-0.6708532595066709 422.8179526081948 -0.2444474046196521
-1.318686129368657 422.601354090925 -0.4610459210786345
-2.356343501906418 422.2551199941469 -0.8072800165601831
-4.021448972750197 421.7019375790672 -1.360462429564819
-6.690806088314039 420.8177132742445 -2.244686731067422
-0.2915953019629418 423.1677285245011 -0.1053285374276182
-0.6708532595067414 423.306847391997 -0.2444474044321862
-1.318686129368704 423.5234459092544 -0.4610459209030422
-2.356343501906539 423.8696800060135 -0.8072800164035752
-4.021448972750266 424.4228624210617 -1.360462429438601
-6.690806088313982 425.3070867258346 -2.244686730989902
-0.2915953019629072 422.9570714754986 0.1053285374276097
-0.6708532595067221 422.817952608002 0.2444474044321612
-1.318686129368729 422.601354090745 0.4610459209030336
-2.356343501906482 422.2551199939854 0.8072800164034771
-4.021448972750409 421.7019375789376 1.360462429438328
-6.690806088314448 420.8177132741648 2.244686730989428
-0.2915953019629497 423.1677285243009 0.1053285376224978
-0.6708532595067538 423.306847391804 0.2444474046196312
-1.318686129368721 423.5234459090737 0.4610459210786361
-2.356343501906496 423.869680005852 0.8072800165601112
-4.021448972750238 424.4228624209317 1.360462429564595
-6.690806088314028 425.3070867257548 2.244686731067186
3 184 0 24
8817
8818
8819
8820
8821
8822
8823
8824
8825
8826
8827
8828
8829
8830
8831
8832
8833
8834
8835
8836
8837
8838
8839
8840
800.3915953019624 422.9570714756992 -0.1053285376223024
800.7708532595066 422.8179526081952 -0.2444474046194246
801.4186861293674 422.6013540909255 -0.4610459210783538
802.4563435019061 422.2551199941469 -0.8072800165600061
804.1214489727482 421.701937579067 -1.360462429563221
806.7908060883126 420.8177132742436 -2.244686731066835
800.3915953019629 423.1677285245014 -0.105328537427419
800.7708532595068 423.3068473919975 -0.2444474044319612
801.4186861293668 423.5234459092547 -0.461045920902749
802.4563435019056 423.8696800060135 -0.8072800164033797
804.1214489727482 424.4228624210616 -1.360462429437203
806.7908060883125 425.307086725834 -2.244686730989687
800.3915953019625 422.9570714754987 0.1053285374275637
800.7708532595072 422.8179526080024 0.2444474044321406
801.4186861293673 422.6013540907447 0.4610459209030825
802.4563435019058 422.2551199939858 0.8072800164034366
804.1214489727487 421.7019375789374 1.36046242943957
806.7908060883129 420.8177132741648 2.244686730990075
800.3915953019621 423.1677285243009 0.1053285376224348
800.770853259507 423.3068473918045 0.2444474046195744
801.4186861293671 423.5234459090738 0.4610459210786564
802.4563435019055 423.8696800058521 0.8072800165599864
804.1214489727481 424.4228624209318 1.360462429565577
806.7908060883125 425.3070867257543 2.244686731067078
$EndNodes
$Elements
44 10173 1 10173
0 17 15 1
2672 2409 
0 21 15 1
2673 2413 
0 102 15 1
6423 5625 
0 106 15 1
6424 5629 
1 20 1 35
2674 2409 2425 
2675 2425 2426 
2676 2426 2427 
2677 2427 2428 
2678 2428 2429 
2679 2429 2430 
2680 2430 2431 
2681 2431 2432 
2682 2432 2433 
2683 2433 2434 
2684 2434 2435 
2685 2435 2436 
2686 2436 2437 
2687 2437 2438 
2688 2438 2439 
2689 2439 2440 
2690 2440 2441 
2691 2441 2442 
2692 2442 2443 
2693 2443 2444 
2694 2444 2445 
2695 2445 2446 
2696 2446 2447 
2697 2447 2448 
2698 2448 2449 
2699 2449 2450 
2700 2450 2451 
2701 2451 2452 
2702 2452 2453 
2703 2453 2454 
2704 2454 2455 
2705 2455 2456 
2706 2456 2457 
2707 2457 2458 
2708 2458 2413 
1 105 1 35
6425 5625 5641 
6426 5641 5642 
6427 5642 5643 
6428 5643 5644 
6429 5644 5645 
6430 5645 5646 
6431 5646 5647 
6432 5647 5648 
6433 5648 5649 
6434 5649 5650 
6435 5650 5651 
6436 5651 5652 
6437 5652 5653 
6438 5653 5654 
6439 5654 5655 
6440 5655 5656 
6441 5656 5657 
6442 5657 5658 
6443 5658 5659 
6444 5659 5660 
6445 5660 5661 
6446 5661 5662 
6447 5662 5663 
6448 5663 5664 
6449 5664 5665 
6450 5665 5666 
6451 5666 5667 
6452 5667 5668 
6453 5668 5669 
6454 5669 5670 
6455 5670 5671 
6456 5671 5672 
6457 5672 5673 
6458 5673 5674 
6459 5674 5629 
2 1 2 8
1 87 632 88 
2 632 87 6 
3 633 160 159 
4 160 633 11 
5 635 124 123 
6 124 635 5 
7 195 634 196 
8 634 195 12 
2 1 3 507
17 473 564 404 610 
18 770 31 616 539 
19 787 425 636 400 
20 409 447 491 429 
21 580 537 397 421 
22 579 536 399 420 
23 421 582 482 674 
24 420 581 473 626 
25 456 583 474 631 
26 433 427 516 492 
27 434 425 515 493 
28 649 553 533 438 
29 648 554 534 440 
30 718 430 431 565 
31 592 497 437 511 
32 520 430 718 483 
33 572 495 428 499 
34 543 461 482 582 
35 519 680 503 455 
36 728 557 460 639 
37 479 426 464 506 
38 541 609 394 663 
39 431 430 807 496 
40 618 35 34 778 
41 449 694 477 538 
42 639 460 433 734 
43 617 49 48 779 
44 448 573 631 463 
45 508 454 502 669 
46 509 455 503 668 
47 660 570 448 463 
48 433 460 610 404 
49 568 488 441 517 
50 427 749 426 479 
51 436 494 435 796 
52 436 810 428 495 
53 533 456 422 684 
54 534 457 423 683 
55 406 574 541 395 
56 542 581 420 399 
57 423 809 546 398 
58 804 450 521 490 
59 543 582 421 397 
60 573 396 666 422 
61 404 628 427 433 
62 579 451 607 536 
63 580 452 608 537 
64 629 393 638 555 
65 432 499 428 791 
66 438 802 437 497 
67 512 498 803 439 
68 561 472 800 459 
69 502 454 626 535 
70 514 447 660 474 
71 682 551 608 452 
72 681 552 607 451 
73 534 554 505 457 
74 533 553 504 456 
75 771 598 41 4 
76 772 597 27 2 
77 797 636 425 434 
78 454 508 451 579 
79 455 509 452 580 
80 637 556 555 395 
81 778 542 399 618 
82 424 787 400 777 
83 589 412 774 578 
84 779 543 397 617 
85 558 480 424 490 
86 417 577 26 588 
87 718 429 528 483 
88 462 408 753 435 
89 631 474 660 463 
90 395 687 565 406 
91 440 534 475 624 
92 792 426 749 556 
93 509 459 682 452 
94 508 458 681 451 
95 608 52 51 789 
96 607 38 37 788 
97 169 168 722 545 
98 61 60 721 544 
99 185 184 719 548 
100 564 629 628 404 
101 571 393 629 564 
102 69 68 706 549 
103 177 176 707 550 
104 806 394 575 563 
105 455 674 675 519 
106 514 590 491 447 
107 576 408 462 675 
108 586 577 775 416 
109 598 589 40 41 
110 597 588 26 27 
111 583 10 158 664 
112 538 798 546 449 
113 410 605 28 3 
114 415 606 42 1 
115 418 782 417 588 
116 415 1 25 586 
117 410 3 39 585 
118 76 547 671 77 
119 625 533 684 476 
120 485 523 484 445 
121 487 522 486 446 
122 637 401 792 556 
123 471 801 419 458 
124 589 578 39 40 
125 2 38 607 552 
126 4 52 608 551 
127 482 461 575 576 
128 540 8 122 623 
129 457 540 795 630 
130 533 625 802 438 
131 498 440 624 803 
132 770 778 34 33 
133 103 560 673 104 
134 48 47 756 779 
135 540 635 123 8 
136 583 633 159 10 
137 442 713 418 793 
138 626 454 579 420 
139 400 637 395 541 
140 616 566 666 396 
141 615 567 667 398 
142 589 598 794 413 
143 588 597 793 418 
144 409 638 393 570 
145 545 466 699 486 
146 544 465 700 484 
147 485 467 747 549 
148 487 468 746 550 
149 580 421 674 455 
150 432 596 712 524 
151 578 774 699 411 
152 411 585 39 578 
153 26 577 586 25 
154 193 192 725 561 
155 473 581 571 564 
156 810 574 791 428 
157 747 467 526 659 
158 746 468 525 658 
159 115 558 695 116 
160 498 512 698 593 
161 492 516 702 594 
162 493 515 701 591 
163 553 649 161 11 
164 554 648 53 5 
165 450 584 691 521 
166 680 653 125 9 
167 570 660 447 409 
168 31 770 33 32 
169 99 559 676 100 
170 772 681 458 419 
171 771 682 459 414 
172 517 441 800 472 
173 518 442 801 471 
174 84 562 678 85 
175 566 616 31 30 
176 567 615 45 44 
177 475 667 567 688 
178 476 666 566 689 
179 36 661 788 37 
180 50 662 789 51 
181 669 6 86 679 
182 393 571 448 570 
183 562 458 508 678 
184 541 407 753 609 
185 587 450 804 403 
186 450 587 795 478 
187 555 402 628 629 
188 775 715 485 445 
189 518 489 713 442 
190 470 714 441 488 
191 774 446 486 699 
192 775 445 484 700 
193 510 668 634 12 
194 398 667 683 423 
195 400 636 401 637 
196 721 614 465 544 
197 722 613 466 545 
198 720 612 469 547 
199 719 611 470 548 
200 587 403 806 563 
201 429 665 638 409 
202 695 558 490 600 
203 675 462 532 519 
204 548 670 186 185 
205 573 422 456 631 
206 461 543 477 694 
207 560 103 102 672 
208 457 505 635 540 
209 196 634 680 9 
210 555 556 749 402 
211 489 518 686 569 
212 470 488 670 548 
213 469 489 671 547 
214 707 601 487 550 
215 706 602 485 549 
216 710 545 486 603 
217 711 544 484 604 
218 511 437 786 466 
219 541 574 810 407 
220 513 443 781 469 
221 525 468 784 444 
222 526 467 783 443 
223 427 628 402 749 
224 561 677 194 193 
225 805 431 531 501 
226 439 465 614 512 
227 615 398 546 798 
228 444 470 611 742 
229 624 475 688 606 
230 625 476 689 605 
231 449 575 461 694 
232 577 417 715 775 
233 537 662 617 397 
234 536 661 618 399 
235 188 187 751 568 
236 718 565 687 405 
237 753 408 776 609 
238 435 500 532 462 
239 30 29 689 566 
240 44 43 688 567 
241 620 480 558 724 
242 619 479 559 723 
243 575 776 408 576 
244 79 569 686 80 
245 459 510 677 561 
246 622 472 561 725 
247 458 562 726 471 
248 396 808 539 616 
249 693 599 483 528 
250 778 770 539 481 
251 422 666 476 684 
252 534 683 667 475 
253 555 638 665 405 
254 568 685 189 188 
255 457 630 809 423 
256 704 522 487 601 
257 705 523 485 602 
258 427 479 619 516 
259 425 480 620 515 
260 708 604 484 523 
261 709 603 486 522 
262 479 506 676 559 
263 692 520 483 599 
264 786 437 802 717 
265 785 439 803 716 
266 696 600 490 521 
267 726 621 518 471 
268 136 572 727 137 
269 7 557 728 89 
270 636 797 792 401 
271 431 805 406 565 
272 610 460 557 535 
273 135 690 572 136 
274 448 571 773 808 
275 784 412 780 444 
276 783 782 781 443 
277 464 560 672 506 
278 464 507 673 560 
279 449 546 809 453 
280 809 630 795 453 
281 414 794 598 771 
282 419 793 597 772 
283 545 710 170 169 
284 544 711 62 61 
285 542 773 571 581 
286 405 687 395 555 
287 576 675 674 482 
288 501 432 791 805 
289 425 787 424 480 
290 541 663 777 400 
291 29 28 605 689 
292 43 42 606 688 
293 714 794 800 441 
294 535 626 473 610 
295 477 756 799 538 
296 575 449 453 563 
297 773 542 778 481 
298 456 504 633 583 
299 756 477 543 779 
300 605 410 802 625 
301 606 415 803 624 
302 547 76 75 720 
303 682 771 4 551 
304 681 772 2 552 
305 558 115 114 724 
306 559 99 98 723 
307 562 84 83 726 
308 11 633 504 553 
309 5 635 505 554 
310 432 524 627 499 
311 623 478 795 540 
312 434 493 654 527 
313 550 746 178 177 
314 549 747 70 69 
315 459 509 668 510 
316 120 691 584 121 
317 121 584 623 122 
318 508 669 679 678 
319 444 742 656 525 
320 443 513 657 526 
321 431 496 651 531 
322 798 538 799 615 
323 585 411 786 717 
324 586 416 785 716 
325 435 494 646 529 
326 436 495 642 530 
327 436 530 641 494 
328 429 491 643 528 
329 433 492 640 734 
330 438 497 644 649 
331 440 498 645 648 
332 435 529 647 500 
333 474 583 664 514 
334 150 692 599 151 
335 434 527 655 507 
336 589 413 780 412 
337 569 79 78 750 
338 151 599 693 152 
339 519 532 653 680 
340 426 792 797 464 
341 448 808 396 573 
342 155 733 590 156 
343 156 590 766 157 
344 117 600 696 118 
345 164 163 731 592 
346 56 55 732 593 
347 109 739 591 110 
348 93 735 594 94 
349 116 695 600 117 
350 35 618 661 36 
351 49 617 662 50 
352 146 738 595 147 
353 94 594 702 95 
354 165 164 592 697 
355 57 56 593 698 
356 110 591 701 111 
357 147 595 703 148 
358 68 67 602 706 
359 176 175 601 707 
360 175 174 704 601 
361 67 66 705 602 
362 171 170 710 603 
363 63 62 711 604 
364 172 171 603 709 
365 64 63 604 708 
366 88 632 790 7 
367 141 596 737 142 
368 140 712 596 141 
369 7 790 535 557 
370 490 424 777 804 
371 671 489 569 750 
372 670 488 568 751 
373 563 453 795 587 
374 661 536 607 788 
375 662 537 608 789 
376 430 520 703 807 
377 435 753 407 796 
378 46 45 615 799 
379 585 717 802 410 
380 586 716 803 415 
381 434 507 464 797 
382 439 785 700 465 
383 444 780 714 470 
384 489 469 781 713 
385 485 715 783 467 
386 487 446 784 468 
387 572 690 769 495 
388 168 167 613 722 
389 60 59 614 721 
390 184 183 611 719 
391 74 612 720 75 
392 183 182 742 611 
393 73 743 612 74 
394 167 166 759 613 
395 59 58 758 614 
396 442 793 419 801 
397 459 800 794 414 
398 47 46 799 756 
399 97 619 723 98 
400 113 620 724 114 
401 627 727 572 499 
402 82 621 726 83 
403 192 191 622 725 
404 96 757 619 97 
405 112 768 620 113 
406 81 764 621 82 
407 191 190 763 622 
408 429 718 405 665 
409 575 394 609 776 
410 137 727 627 138 
411 138 627 762 139 
412 663 403 804 777 
413 90 639 734 91 
414 89 728 639 90 
415 134 133 729 642 
416 154 643 733 155 
417 133 132 641 729 
418 132 131 740 641 
419 162 161 649 644 
420 54 53 648 645 
421 163 162 644 731 
422 55 54 645 732 
423 91 734 640 92 
424 92 640 735 93 
425 129 128 647 730 
426 128 127 741 647 
427 143 650 736 144 
428 142 737 650 143 
429 144 736 651 145 
430 145 651 738 146 
431 130 129 730 646 
432 131 130 646 740 
433 153 765 643 154 
434 126 125 653 652 
435 127 126 652 741 
436 107 745 654 108 
437 108 654 739 109 
438 106 655 745 107 
439 134 642 495 769 
440 574 406 805 791 
441 182 181 656 742 
442 181 180 748 656 
443 73 72 744 657 
444 105 752 655 106 
445 179 178 746 658 
446 180 179 658 748 
447 71 70 747 659 
448 72 71 659 744 
449 646 494 641 740 
450 403 663 394 806 
451 652 500 647 741 
452 531 650 737 501 
453 590 514 664 766 
454 187 186 670 751 
455 77 671 750 78 
456 592 511 759 697 
457 104 673 752 105 
458 101 754 672 102 
459 100 676 754 101 
460 12 194 677 510 
461 85 678 679 86 
462 676 506 672 754 
463 643 491 590 733 
464 654 493 591 739 
465 645 498 593 732 
466 644 497 592 731 
467 640 492 594 735 
468 651 496 595 738 
469 539 808 773 481 
470 190 189 685 763 
471 80 686 764 81 
472 6 669 502 632 
473 157 766 664 158 
474 450 478 623 584 
475 134 769 690 135 
476 703 595 496 807 
477 432 501 737 596 
478 119 760 691 120 
479 673 507 655 752 
480 149 761 692 150 
481 152 693 765 153 
482 118 696 760 119 
483 95 702 757 96 
484 58 57 698 758 
485 166 165 697 759 
486 148 703 761 149 
487 174 173 767 704 
488 66 65 755 705 
489 111 701 768 112 
490 173 172 709 767 
491 65 64 708 755 
492 139 762 712 140 
493 668 503 680 634 
494 466 786 411 699 
495 775 700 785 416 
496 568 517 763 685 
497 774 412 784 446 
498 782 783 715 417 
499 794 714 780 413 
500 782 418 713 781 
501 703 520 692 761 
502 705 755 708 523 
503 704 767 709 522 
504 696 521 691 760 
505 436 796 407 810 
506 73 657 513 743 
507 466 613 759 511 
508 698 512 614 758 
509 469 612 743 513 
510 702 516 619 757 
511 701 515 620 768 
512 535 790 632 502 
513 686 518 621 764 
514 472 622 763 517 
515 712 762 627 524 
516 693 528 643 765 
517 642 729 641 530 
518 647 529 646 730 
519 650 531 651 736 
520 500 652 653 532 
521 654 745 655 527 
522 657 744 659 526 
523 656 748 658 525 
2 2 3 12
524 1 25 811 197 
525 197 811 812 198 
526 198 812 201 13 
527 25 26 813 811 
528 811 813 814 812 
529 812 814 202 201 
530 26 27 815 813 
531 813 815 816 814 
532 814 816 203 202 
533 27 2 199 815 
534 815 199 200 816 
535 816 200 14 203 
2 3 3 36
536 3 204 817 28 
537 204 205 818 817 
538 205 15 206 818 
539 28 817 819 29 
540 817 818 820 819 
541 818 206 207 820 
542 29 819 821 30 
543 819 820 822 821 
544 820 207 208 822 
545 30 821 823 31 
546 821 822 824 823 
547 822 208 209 824 
548 31 823 825 32 
549 823 824 826 825 
550 824 209 210 826 
551 32 825 827 33 
552 825 826 828 827 
553 826 210 211 828 
554 33 827 829 34 
555 827 828 830 829 
556 828 211 212 830 
557 34 829 831 35 
558 829 830 832 831 
559 830 212 213 832 
560 35 831 833 36 
561 831 832 834 833 
562 832 213 214 834 
563 36 833 835 37 
564 833 834 836 835 
565 834 214 215 836 
566 37 835 837 38 
567 835 836 838 837 
568 836 215 216 838 
569 38 837 199 2 
570 837 838 200 199 
571 838 216 14 200 
2 4 3 12
572 3 39 839 204 
573 204 839 840 205 
574 205 840 219 15 
575 39 40 841 839 
576 839 841 842 840 
577 840 842 220 219 
578 40 41 843 841 
579 841 843 844 842 
580 842 844 221 220 
581 41 4 217 843 
582 843 217 218 844 
583 844 218 16 221 
2 5 3 36
584 1 197 845 42 
585 197 198 846 845 
586 198 13 222 846 
587 42 845 847 43 
588 845 846 848 847 
589 846 222 223 848 
590 43 847 849 44 
591 847 848 850 849 
592 848 223 224 850 
593 44 849 851 45 
594 849 850 852 851 
595 850 224 225 852 
596 45 851 853 46 
597 851 852 854 853 
598 852 225 226 854 
599 46 853 855 47 
600 853 854 856 855 
601 854 226 227 856 
602 47 855 857 48 
603 855 856 858 857 
604 856 227 228 858 
605 48 857 859 49 
606 857 858 860 859 
607 858 228 229 860 
608 49 859 861 50 
609 859 860 862 861 
610 860 229 230 862 
611 50 861 863 51 
612 861 862 864 863 
613 862 230 231 864 
614 51 863 865 52 
615 863 864 866 865 
616 864 231 232 866 
617 52 865 217 4 
618 865 866 218 217 
619 866 232 16 218 
2 14 2 8
9 273 1394 274 
10 1394 273 18 
11 1395 354 353 
12 354 1395 23 
13 1397 312 311 
14 312 1397 17 
15 391 1396 392 
16 1396 391 24 
2 14 3 507
620 1235 1326 1166 1372 
621 1532 209 1378 1301 
622 1549 1187 1398 1162 
623 1171 1209 1253 1191 
624 1342 1299 1159 1183 
625 1341 1298 1161 1182 
626 1183 1344 1244 1436 
627 1182 1343 1235 1388 
628 1218 1345 1236 1393 
629 1195 1189 1278 1254 
630 1196 1187 1277 1255 
631 1411 1315 1295 1200 
632 1410 1316 1296 1202 
633 1480 1192 1193 1327 
634 1354 1259 1199 1273 
635 1282 1192 1480 1245 
636 1334 1257 1190 1261 
637 1305 1223 1244 1344 
638 1281 1442 1265 1217 
639 1490 1319 1222 1401 
640 1241 1188 1226 1268 
641 1303 1371 1156 1425 
642 1193 1192 1569 1258 
643 1380 213 212 1540 
644 1211 1456 1239 1300 
645 1401 1222 1195 1496 
646 1379 229 228 1541 
647 1210 1335 1393 1225 
648 1270 1216 1264 1431 
649 1271 1217 1265 1430 
650 1422 1332 1210 1225 
651 1195 1222 1372 1166 
652 1330 1250 1203 1279 
653 1189 1511 1188 1241 
654 1198 1256 1197 1558 
655 1198 1572 1190 1257 
656 1295 1218 1184 1446 
657 1296 1219 1185 1445 
658 1168 1336 1303 1157 
659 1304 1343 1182 1161 
660 1185 1571 1308 1160 
661 1566 1212 1283 1252 
662 1305 1344 1183 1159 
663 1335 1158 1428 1184 
664 1166 1390 1189 1195 
665 1341 1213 1369 1298 
666 1342 1214 1370 1299 
667 1391 1155 1400 1317 
668 1194 1261 1190 1553 
669 1200 1564 1199 1259 
670 1274 1260 1565 1201 
671 1323 1234 1562 1221 
672 1264 1216 1388 1297 
673 1276 1209 1422 1236 
674 1444 1313 1370 1214 
675 1443 1314 1369 1213 
676 1296 1316 1267 1219 
677 1295 1315 1266 1218 
678 1533 1360 221 16 
679 1534 1359 203 14 
680 1559 1398 1187 1196 
681 1216 1270 1213 1341 
682 1217 1271 1214 1342 
683 1399 1318 1317 1157 
684 1540 1304 1161 1380 
685 1186 1549 1162 1539 
686 1351 1174 1536 1340 
687 1541 1305 1159 1379 
688 1320 1242 1186 1252 
689 1179 1339 202 1350 
690 1480 1191 1290 1245 
691 1224 1170 1515 1197 
692 1393 1236 1422 1225 
693 1157 1449 1327 1168 
694 1202 1296 1237 1386 
695 1554 1188 1511 1318 
696 1271 1221 1444 1214 
697 1270 1220 1443 1213 
698 1370 232 231 1551 
699 1369 216 215 1550 
700 365 364 1484 1307 
701 245 244 1483 1306 
702 381 380 1481 1310 
703 1326 1391 1390 1166 
704 1333 1155 1391 1326 
705 253 252 1468 1311 
706 373 372 1469 1312 
707 1568 1156 1337 1325 
708 1217 1436 1437 1281 
709 1276 1352 1253 1209 
710 1338 1170 1224 1437 
711 1348 1339 1537 1178 
712 1360 1351 220 221 
713 1359 1350 202 203 
714 1345 22 350 1426 
715 1300 1560 1308 1211 
716 1172 1367 206 15 
717 1177 1368 222 13 
718 1180 1544 1179 1350 
719 1177 13 201 1348 
720 1172 15 219 1347 
721 260 1309 1433 261 
722 1387 1295 1446 1238 
723 1247 1285 1246 1207 
724 1249 1284 1248 1208 
725 1399 1163 1554 1318 
726 1233 1563 1181 1220 
727 1351 1340 219 220 
728 14 216 1369 1314 
729 16 232 1370 1313 
730 1244 1223 1337 1338 
731 1302 20 310 1385 
732 1219 1302 1557 1392 
733 1295 1387 1564 1200 
734 1260 1202 1386 1565 
735 1532 1540 212 211 
736 291 1322 1435 292 
737 228 227 1518 1541 
738 1302 1397 311 20 
739 1345 1395 353 22 
740 1204 1475 1180 1555 
741 1388 1216 1341 1182 
742 1162 1399 1157 1303 
743 1378 1328 1428 1158 
744 1377 1329 1429 1160 
745 1351 1360 1556 1175 
746 1350 1359 1555 1180 
747 1171 1400 1155 1332 
748 1307 1228 1461 1248 
749 1306 1227 1462 1246 
750 1247 1229 1509 1311 
751 1249 1230 1508 1312 
752 1342 1183 1436 1217 
753 1194 1358 1474 1286 
754 1340 1536 1461 1173 
755 1173 1347 219 1340 
756 202 1339 1348 201 
757 389 388 1487 1323 
758 1235 1343 1333 1326 
759 1572 1336 1553 1190 
760 1509 1229 1288 1421 
761 1508 1230 1287 1420 
762 303 1320 1457 304 
763 1260 1274 1460 1355 
764 1254 1278 1464 1356 
765 1255 1277 1463 1353 
766 1315 1411 357 23 
767 1316 1410 237 17 
768 1212 1346 1453 1283 
769 1442 1415 317 21 
770 1332 1422 1209 1171 
771 209 1532 211 210 
772 287 1321 1438 288 
773 1534 1443 1220 1181 
774 1533 1444 1221 1176 
775 1279 1203 1562 1234 
776 1280 1204 1563 1233 
777 268 1324 1440 269 
778 1328 1378 209 208 
779 1329 1377 225 224 
780 1237 1429 1329 1450 
781 1238 1428 1328 1451 
782 214 1423 1550 215 
783 230 1424 1551 231 
784 1431 18 270 1441 
785 1155 1333 1210 1332 
786 1324 1220 1270 1440 
787 1303 1169 1515 1371 
788 1349 1212 1566 1165 
789 1212 1349 1557 1240 
790 1317 1164 1390 1391 
791 1537 1477 1247 1207 
792 1280 1251 1475 1204 
793 1232 1476 1203 1250 
794 1536 1208 1248 1461 
795 1537 1207 1246 1462 
796 1272 1430 1396 24 
797 1160 1429 1445 1185 
798 1162 1398 1163 1399 
799 1483 1376 1227 1306 
800 1484 1375 1228 1307 
801 1482 1374 1231 1309 
802 1481 1373 1232 1310 
803 1349 1165 1568 1325 
804 1191 1427 1400 1171 
805 1457 1320 1252 1362 
806 1437 1224 1294 1281 
807 1310 1432 382 381 
808 1335 1184 1218 1393 
809 1223 1305 1239 1456 
810 1322 291 290 1434 
811 1219 1267 1397 1302 
812 392 1396 1442 21 
813 1317 1318 1511 1164 
814 1251 1280 1448 1331 
815 1232 1250 1432 1310 
816 1231 1251 1433 1309 
817 1469 1363 1249 1312 
818 1468 1364 1247 1311 
819 1472 1307 1248 1365 
820 1473 1306 1246 1366 
821 1273 1199 1548 1228 
822 1303 1336 1572 1169 
823 1275 1205 1543 1231 
824 1287 1230 1546 1206 
825 1288 1229 1545 1205 
826 1189 1390 1164 1511 
827 1323 1439 390 389 
828 1567 1193 1293 1263 
829 1201 1227 1376 1274 
830 1377 1160 1308 1560 
831 1206 1232 1373 1504 
832 1386 1237 1450 1368 
833 1387 1238 1451 1367 
834 1211 1337 1223 1456 
835 1339 1179 1477 1537 
836 1299 1424 1379 1159 
837 1298 1423 1380 1161 
838 384 383 1513 1330 
839 1480 1327 1449 1167 
840 1515 1170 1538 1371 
841 1197 1262 1294 1224 
842 208 207 1451 1328 
843 224 223 1450 1329 
844 1382 1242 1320 1486 
845 1381 1241 1321 1485 
846 1337 1538 1170 1338 
847 263 1331 1448 264 
848 1221 1272 1439 1323 
849 1384 1234 1323 1487 
850 1220 1324 1488 1233 
851 1158 1570 1301 1378 
852 1455 1361 1245 1290 
853 1540 1532 1301 1243 
854 1184 1428 1238 1446 
855 1296 1445 1429 1237 
856 1317 1400 1427 1167 
857 1330 1447 385 384 
858 1219 1392 1571 1185 
859 1466 1284 1249 1363 
860 1467 1285 1247 1364 
861 1189 1241 1381 1278 
862 1187 1242 1382 1277 
863 1470 1366 1246 1285 
864 1471 1365 1248 1284 
865 1241 1268 1438 1321 
866 1454 1282 1245 1361 
867 1548 1199 1564 1479 
868 1547 1201 1565 1478 
869 1458 1362 1252 1283 
870 1488 1383 1280 1233 
871 328 1334 1489 329 
872 19 1319 1490 277 
873 1398 1559 1554 1163 
874 1193 1567 1168 1327 
875 1372 1222 1319 1297 
876 327 1452 1334 328 
877 1210 1333 1535 1570 
878 1546 1174 1542 1206 
879 1545 1544 1543 1205 
880 1226 1322 1434 1268 
881 1226 1269 1435 1322 
882 1211 1308 1571 1215 
883 1571 1392 1557 1215 
884 1176 1556 1360 1533 
885 1181 1555 1359 1534 
886 1307 1472 366 365 
887 1306 1473 246 245 
888 1304 1535 1333 1343 
889 1167 1449 1157 1317 
890 1338 1437 1436 1244 
891 1263 1194 1553 1567 
892 1187 1549 1186 1242 
893 1303 1425 1539 1162 
894 207 206 1367 1451 
895 223 222 1368 1450 
896 1476 1556 1562 1203 
897 1297 1388 1235 1372 
898 1239 1518 1561 1300 
899 1337 1211 1215 1325 
900 1535 1304 1540 1243 
901 1218 1266 1395 1345 
902 1518 1239 1305 1541 
903 1367 1172 1564 1387 
904 1368 1177 1565 1386 
905 1309 260 259 1482 
906 1444 1533 16 1313 
907 1443 1534 14 1314 
908 1320 303 302 1486 
909 1321 287 286 1485 
910 1324 268 267 1488 
911 23 1395 1266 1315 
912 17 1397 1267 1316 
913 1194 1286 1389 1261 
914 1385 1240 1557 1302 
915 1196 1255 1416 1289 
916 1312 1508 374 373 
917 1311 1509 254 253 
918 1221 1271 1430 1272 
919 308 1453 1346 309 
920 309 1346 1385 310 
921 1270 1431 1441 1440 
922 1206 1504 1418 1287 
923 1205 1275 1419 1288 
924 1193 1258 1413 1293 
925 1560 1300 1561 1377 
926 1347 1173 1548 1479 
927 1348 1178 1547 1478 
928 1197 1256 1408 1291 
929 1198 1257 1404 1292 
930 1198 1292 1403 1256 
931 1191 1253 1405 1290 
932 1195 1254 1402 1496 
933 1200 1259 1406 1411 
934 1202 1260 1407 1410 
935 1197 1291 1409 1262 
936 1236 1345 1426 1276 
937 342 1454 1361 343 
938 1196 1289 1417 1269 
939 1351 1175 1542 1174 
940 1331 263 262 1512 
941 343 1361 1455 344 
942 1281 1294 1415 1442 
943 1188 1554 1559 1226 
944 1210 1570 1158 1335 
945 347 1495 1352 348 
946 348 1352 1528 349 
947 305 1362 1458 306 
948 360 359 1493 1354 
949 240 239 1494 1355 
950 297 1501 1353 298 
951 281 1497 1356 282 
952 304 1457 1362 305 
953 213 1380 1423 214 
954 229 1379 1424 230 
955 338 1500 1357 339 
956 282 1356 1464 283 
957 361 360 1354 1459 
958 241 240 1355 1460 
959 298 1353 1463 299 
960 339 1357 1465 340 
961 252 251 1364 1468 
962 372 371 1363 1469 
963 371 370 1466 1363 
964 251 250 1467 1364 
965 367 366 1472 1365 
966 247 246 1473 1366 
967 368 367 1365 1471 
968 248 247 1366 1470 
969 274 1394 1552 19 
970 333 1358 1499 334 
971 332 1474 1358 333 
972 19 1552 1297 1319 
973 1252 1186 1539 1566 
974 1433 1251 1331 1512 
975 1432 1250 1330 1513 
976 1325 1215 1557 1349 
977 1423 1298 1369 1550 
978 1424 1299 1370 1551 
979 1192 1282 1465 1569 
980 1197 1515 1169 1558 
981 226 225 1377 1561 
982 1347 1479 1564 1172 
983 1348 1478 1565 1177 
984 1196 1269 1226 1559 
985 1201 1547 1462 1227 
986 1206 1542 1476 1232 
987 1251 1231 1543 1475 
988 1247 1477 1545 1229 
989 1249 1208 1546 1230 
990 1334 1452 1531 1257 
991 364 363 1375 1484 
992 244 243 1376 1483 
993 380 379 1373 1481 
994 258 1374 1482 259 
995 379 378 1504 1373 
996 257 1505 1374 258 
997 363 362 1521 1375 
998 243 242 1520 1376 
999 1204 1555 1181 1563 
1000 1221 1562 1556 1176 
1001 227 226 1561 1518 
1002 285 1381 1485 286 
1003 301 1382 1486 302 
1004 1389 1489 1334 1261 
1005 266 1383 1488 267 
1006 388 387 1384 1487 
1007 284 1519 1381 285 
1008 300 1530 1382 301 
1009 265 1526 1383 266 
1010 387 386 1525 1384 
1011 1191 1480 1167 1427 
1012 1337 1156 1371 1538 
1013 329 1489 1389 330 
1014 330 1389 1524 331 
1015 1425 1165 1566 1539 
1016 278 1401 1496 279 
1017 277 1490 1401 278 
1018 326 325 1491 1404 
1019 346 1405 1495 347 
1020 325 324 1403 1491 
1021 324 323 1502 1403 
1022 358 357 1411 1406 
1023 238 237 1410 1407 
1024 359 358 1406 1493 
1025 239 238 1407 1494 
1026 279 1496 1402 280 
1027 280 1402 1497 281 
1028 321 320 1409 1492 
1029 320 319 1503 1409 
1030 335 1412 1498 336 
1031 334 1499 1412 335 
1032 336 1498 1413 337 
1033 337 1413 1500 338 
1034 322 321 1492 1408 
1035 323 322 1408 1502 
1036 345 1527 1405 346 
1037 318 317 1415 1414 
1038 319 318 1414 1503 
1039 295 1507 1416 296 
1040 296 1416 1501 297 
1041 294 1417 1507 295 
1042 326 1404 1257 1531 
1043 1336 1168 1567 1553 
1044 378 377 1418 1504 
1045 377 376 1510 1418 
1046 257 256 1506 1419 
1047 293 1514 1417 294 
1048 375 374 1508 1420 
1049 376 375 1420 1510 
1050 255 254 1509 1421 
1051 256 255 1421 1506 
1052 1408 1256 1403 1502 
1053 1165 1425 1156 1568 
1054 1414 1262 1409 1503 
1055 1293 1412 1499 1263 
1056 1352 1276 1426 1528 
1057 383 382 1432 1513 
1058 261 1433 1512 262 
1059 1354 1273 1521 1459 
1060 292 1435 1514 293 
1061 289 1516 1434 290 
1062 288 1438 1516 289 
1063 24 390 1439 1272 
1064 269 1440 1441 270 
1065 1438 1268 1434 1516 
1066 1405 1253 1352 1495 
1067 1416 1255 1353 1501 
1068 1407 1260 1355 1494 
1069 1406 1259 1354 1493 
1070 1402 1254 1356 1497 
1071 1413 1258 1357 1500 
1072 1301 1570 1535 1243 
1073 386 385 1447 1525 
1074 264 1448 1526 265 
1075 18 1431 1264 1394 
1076 349 1528 1426 350 
1077 1212 1240 1385 1346 
1078 326 1531 1452 327 
1079 1465 1357 1258 1569 
1080 1194 1263 1499 1358 
1081 307 1522 1453 308 
1082 1435 1269 1417 1514 
1083 341 1523 1454 342 
1084 344 1455 1527 345 
1085 306 1458 1522 307 
1086 283 1464 1519 284 
1087 242 241 1460 1520 
1088 362 361 1459 1521 
1089 340 1465 1523 341 
1090 370 369 1529 1466 
1091 250 249 1517 1467 
1092 299 1463 1530 300 
1093 369 368 1471 1529 
1094 249 248 1470 1517 
1095 331 1524 1474 332 
1096 1430 1265 1442 1396 
1097 1228 1548 1173 1461 
1098 1537 1462 1547 1178 
1099 1330 1279 1525 1447 
1100 1536 1174 1546 1208 
1101 1544 1545 1477 1179 
1102 1556 1476 1542 1175 
1103 1544 1180 1475 1543 
1104 1465 1282 1454 1523 
1105 1467 1517 1470 1285 
1106 1466 1529 1471 1284 
1107 1458 1283 1453 1522 
1108 1198 1558 1169 1572 
1109 257 1419 1275 1505 
1110 1228 1375 1521 1273 
1111 1460 1274 1376 1520 
1112 1231 1374 1505 1275 
1113 1464 1278 1381 1519 
1114 1463 1277 1382 1530 
1115 1297 1552 1394 1264 
1116 1448 1280 1383 1526 
1117 1234 1384 1525 1279 
1118 1474 1524 1389 1286 
1119 1455 1290 1405 1527 
1120 1404 1491 1403 1292 
1121 1409 1291 1408 1492 
1122 1412 1293 1413 1498 
1123 1262 1414 1415 1294 
1124 1416 1507 1417 1289 
1125 1419 1506 1421 1288 
1126 1418 1510 1420 1287 
2 16 3 105
2709 2409 2425 2617 2417 
2710 2417 2617 2618 2418 
2711 2418 2618 2459 2410 
2712 2425 2426 2619 2617 
2713 2617 2619 2620 2618 
2714 2618 2620 2460 2459 
2715 2426 2427 2621 2619 
2716 2619 2621 2622 2620 
2717 2620 2622 2461 2460 
2718 2427 2428 2623 2621 
2719 2621 2623 2624 2622 
2720 2622 2624 2462 2461 
2721 2428 2429 2625 2623 
2722 2623 2625 2626 2624 
2723 2624 2626 2463 2462 
2724 2429 2430 2627 2625 
2725 2625 2627 2628 2626 
2726 2626 2628 2464 2463 
2727 2430 2431 2629 2627 
2728 2627 2629 2630 2628 
2729 2628 2630 2465 2464 
2730 2431 2432 2631 2629 
2731 2629 2631 2632 2630 
2732 2630 2632 2466 2465 
2733 2432 2433 2633 2631 
2734 2631 2633 2634 2632 
2735 2632 2634 2467 2466 
2736 2433 2434 2635 2633 
2737 2633 2635 2636 2634 
2738 2634 2636 2468 2467 
2739 2434 2435 2637 2635 
2740 2635 2637 2638 2636 
2741 2636 2638 2469 2468 
2742 2435 2436 2639 2637 
2743 2637 2639 2640 2638 
2744 2638 2640 2470 2469 
2745 2436 2437 2641 2639 
2746 2639 2641 2642 2640 
2747 2640 2642 2471 2470 
2748 2437 2438 2643 2641 
2749 2641 2643 2644 2642 
2750 2642 2644 2472 2471 
2751 2438 2439 2645 2643 
2752 2643 2645 2646 2644 
2753 2644 2646 2473 2472 
2754 2439 2440 2647 2645 
2755 2645 2647 2648 2646 
2756 2646 2648 2474 2473 
2757 2440 2441 2649 2647 
2758 2647 2649 2650 2648 
2759 2648 2650 2475 2474 
2760 2441 2442 2651 2649 
2761 2649 2651 2652 2650 
2762 2650 2652 2476 2475 
2763 2442 2443 2653 2651 
2764 2651 2653 2654 2652 
2765 2652 2654 2477 2476 
2766 2443 2444 2655 2653 
2767 2653 2655 2656 2654 
2768 2654 2656 2478 2477 
2769 2444 2445 2657 2655 
2770 2655 2657 2658 2656 
2771 2656 2658 2479 2478 
2772 2445 2446 2659 2657 
2773 2657 2659 2660 2658 
2774 2658 2660 2480 2479 
2775 2446 2447 2661 2659 
2776 2659 2661 2662 2660 
2777 2660 2662 2481 2480 
2778 2447 2448 2663 2661 
2779 2661 2663 2664 2662 
2780 2662 2664 2482 2481 
2781 2448 2449 2665 2663 
2782 2663 2665 2666 2664 
2783 2664 2666 2483 2482 
2784 2449 2450 2667 2665 
2785 2665 2667 2668 2666 
2786 2666 2668 2484 2483 
2787 2450 2451 2669 2667 
2788 2667 2669 2670 2668 
2789 2668 2670 2485 2484 
2790 2451 2452 2671 2669 
2791 2669 2671 2672 2670 
2792 2670 2672 2486 2485 
2793 2452 2453 2673 2671 
2794 2671 2673 2674 2672 
2795 2672 2674 2487 2486 
2796 2453 2454 2675 2673 
2797 2673 2675 2676 2674 
2798 2674 2676 2488 2487 
2799 2454 2455 2677 2675 
2800 2675 2677 2678 2676 
2801 2676 2678 2489 2488 
2802 2455 2456 2679 2677 
2803 2677 2679 2680 2678 
2804 2678 2680 2490 2489 
2805 2456 2457 2681 2679 
2806 2679 2681 2682 2680 
2807 2680 2682 2491 2490 
2808 2457 2458 2683 2681 
2809 2681 2683 2684 2682 
2810 2682 2684 2492 2491 
2811 2458 2413 2493 2683 
2812 2683 2493 2494 2684 
2813 2684 2494 2414 2492 
2 17 3 105
2814 2410 2459 2685 2419 
2815 2419 2685 2686 2420 
2816 2420 2686 2495 2411 
2817 2459 2460 2687 2685 
2818 2685 2687 2688 2686 
2819 2686 2688 2496 2495 
2820 2460 2461 2689 2687 
2821 2687 2689 2690 2688 
2822 2688 2690 2497 2496 
2823 2461 2462 2691 2689 
2824 2689 2691 2692 2690 
2825 2690 2692 2498 2497 
2826 2462 2463 2693 2691 
2827 2691 2693 2694 2692 
2828 2692 2694 2499 2498 
2829 2463 2464 2695 2693 
2830 2693 2695 2696 2694 
2831 2694 2696 2500 2499 
2832 2464 2465 2697 2695 
2833 2695 2697 2698 2696 
2834 2696 2698 2501 2500 
2835 2465 2466 2699 2697 
2836 2697 2699 2700 2698 
2837 2698 2700 2502 2501 
2838 2466 2467 2701 2699 
2839 2699 2701 2702 2700 
2840 2700 2702 2503 2502 
2841 2467 2468 2703 2701 
2842 2701 2703 2704 2702 
2843 2702 2704 2504 2503 
2844 2468 2469 2705 2703 
2845 2703 2705 2706 2704 
2846 2704 2706 2505 2504 
2847 2469 2470 2707 2705 
2848 2705 2707 2708 2706 
2849 2706 2708 2506 2505 
2850 2470 2471 2709 2707 
2851 2707 2709 2710 2708 
2852 2708 2710 2507 2506 
2853 2471 2472 2711 2709 
2854 2709 2711 2712 2710 
2855 2710 2712 2508 2507 
2856 2472 2473 2713 2711 
2857 2711 2713 2714 2712 
2858 2712 2714 2509 2508 
2859 2473 2474 2715 2713 
2860 2713 2715 2716 2714 
2861 2714 2716 2510 2509 
2862 2474 2475 2717 2715 
2863 2715 2717 2718 2716 
2864 2716 2718 2511 2510 
2865 2475 2476 2719 2717 
2866 2717 2719 2720 2718 
2867 2718 2720 2512 2511 
2868 2476 2477 2721 2719 
2869 2719 2721 2722 2720 
2870 2720 2722 2513 2512 
2871 2477 2478 2723 2721 
2872 2721 2723 2724 2722 
2873 2722 2724 2514 2513 
2874 2478 2479 2725 2723 
2875 2723 2725 2726 2724 
2876 2724 2726 2515 2514 
2877 2479 2480 2727 2725 
2878 2725 2727 2728 2726 
2879 2726 2728 2516 2515 
2880 2480 2481 2729 2727 
2881 2727 2729 2730 2728 
2882 2728 2730 2517 2516 
2883 2481 2482 2731 2729 
2884 2729 2731 2732 2730 
2885 2730 2732 2518 2517 
2886 2482 2483 2733 2731 
2887 2731 2733 2734 2732 
2888 2732 2734 2519 2518 
2889 2483 2484 2735 2733 
2890 2733 2735 2736 2734 
2891 2734 2736 2520 2519 
2892 2484 2485 2737 2735 
2893 2735 2737 2738 2736 
2894 2736 2738 2521 2520 
2895 2485 2486 2739 2737 
2896 2737 2739 2740 2738 
2897 2738 2740 2522 2521 
2898 2486 2487 2741 2739 
2899 2739 2741 2742 2740 
2900 2740 2742 2523 2522 
2901 2487 2488 2743 2741 
2902 2741 2743 2744 2742 
2903 2742 2744 2524 2523 
2904 2488 2489 2745 2743 
2905 2743 2745 2746 2744 
2906 2744 2746 2525 2524 
2907 2489 2490 2747 2745 
2908 2745 2747 2748 2746 
2909 2746 2748 2526 2525 
2910 2490 2491 2749 2747 
2911 2747 2749 2750 2748 
2912 2748 2750 2527 2526 
2913 2491 2492 2751 2749 
2914 2749 2751 2752 2750 
2915 2750 2752 2528 2527 
2916 2492 2414 2529 2751 
2917 2751 2529 2530 2752 
2918 2752 2530 2415 2528 
2 18 3 105
2919 2411 2495 2753 2421 
2920 2421 2753 2754 2422 
2921 2422 2754 2531 2412 
2922 2495 2496 2755 2753 
2923 2753 2755 2756 2754 
2924 2754 2756 2532 2531 
2925 2496 2497 2757 2755 
2926 2755 2757 2758 2756 
2927 2756 2758 2533 2532 
2928 2497 2498 2759 2757 
2929 2757 2759 2760 2758 
2930 2758 2760 2534 2533 
2931 2498 2499 2761 2759 
2932 2759 2761 2762 2760 
2933 2760 2762 2535 2534 
2934 2499 2500 2763 2761 
2935 2761 2763 2764 2762 
2936 2762 2764 2536 2535 
2937 2500 2501 2765 2763 
2938 2763 2765 2766 2764 
2939 2764 2766 2537 2536 
2940 2501 2502 2767 2765 
2941 2765 2767 2768 2766 
2942 2766 2768 2538 2537 
2943 2502 2503 2769 2767 
2944 2767 2769 2770 2768 
2945 2768 2770 2539 2538 
2946 2503 2504 2771 2769 
2947 2769 2771 2772 2770 
2948 2770 2772 2540 2539 
2949 2504 2505 2773 2771 
2950 2771 2773 2774 2772 
2951 2772 2774 2541 2540 
2952 2505 2506 2775 2773 
2953 2773 2775 2776 2774 
2954 2774 2776 2542 2541 
2955 2506 2507 2777 2775 
2956 2775 2777 2778 2776 
2957 2776 2778 2543 2542 
2958 2507 2508 2779 2777 
2959 2777 2779 2780 2778 
2960 2778 2780 2544 2543 
2961 2508 2509 2781 2779 
2962 2779 2781 2782 2780 
2963 2780 2782 2545 2544 
2964 2509 2510 2783 2781 
2965 2781 2783 2784 2782 
2966 2782 2784 2546 2545 
2967 2510 2511 2785 2783 
2968 2783 2785 2786 2784 
2969 2784 2786 2547 2546 
2970 2511 2512 2787 2785 
2971 2785 2787 2788 2786 
2972 2786 2788 2548 2547 
2973 2512 2513 2789 2787 
2974 2787 2789 2790 2788 
2975 2788 2790 2549 2548 
2976 2513 2514 2791 2789 
2977 2789 2791 2792 2790 
2978 2790 2792 2550 2549 
2979 2514 2515 2793 2791 
2980 2791 2793 2794 2792 
2981 2792 2794 2551 2550 
2982 2515 2516 2795 2793 
2983 2793 2795 2796 2794 
2984 2794 2796 2552 2551 
2985 2516 2517 2797 2795 
2986 2795 2797 2798 2796 
2987 2796 2798 2553 2552 
2988 2517 2518 2799 2797 
2989 2797 2799 2800 2798 
2990 2798 2800 2554 2553 
2991 2518 2519 2801 2799 
2992 2799 2801 2802 2800 
2993 2800 2802 2555 2554 
2994 2519 2520 2803 2801 
2995 2801 2803 2804 2802 
2996 2802 2804 2556 2555 
2997 2520 2521 2805 2803 
2998 2803 2805 2806 2804 
2999 2804 2806 2557 2556 
3000 2521 2522 2807 2805 
3001 2805 2807 2808 2806 
3002 2806 2808 2558 2557 
3003 2522 2523 2809 2807 
3004 2807 2809 2810 2808 
3005 2808 2810 2559 2558 
3006 2523 2524 2811 2809 
3007 2809 2811 2812 2810 
3008 2810 2812 2560 2559 
3009 2524 2525 2813 2811 
3010 2811 2813 2814 2812 
3011 2812 2814 2561 2560 
3012 2525 2526 2815 2813 
3013 2813 2815 2816 2814 
3014 2814 2816 2562 2561 
3015 2526 2527 2817 2815 
3016 2815 2817 2818 2816 
3017 2816 2818 2563 2562 
3018 2527 2528 2819 2817 
3019 2817 2819 2820 2818 
3020 2818 2820 2564 2563 
3021 2528 2415 2565 2819 
3022 2819 2565 2566 2820 
3023 2820 2566 2416 2564 
2 19 3 105
3024 2412 2531 2821 2423 
3025 2423 2821 2822 2424 
3026 2424 2822 2425 2409 
3027 2531 2532 2823 2821 
3028 2821 2823 2824 2822 
3029 2822 2824 2426 2425 
3030 2532 2533 2825 2823 
3031 2823 2825 2826 2824 
3032 2824 2826 2427 2426 
3033 2533 2534 2827 2825 
3034 2825 2827 2828 2826 
3035 2826 2828 2428 2427 
3036 2534 2535 2829 2827 
3037 2827 2829 2830 2828 
3038 2828 2830 2429 2428 
3039 2535 2536 2831 2829 
3040 2829 2831 2832 2830 
3041 2830 2832 2430 2429 
3042 2536 2537 2833 2831 
3043 2831 2833 2834 2832 
3044 2832 2834 2431 2430 
3045 2537 2538 2835 2833 
3046 2833 2835 2836 2834 
3047 2834 2836 2432 2431 
3048 2538 2539 2837 2835 
3049 2835 2837 2838 2836 
3050 2836 2838 2433 2432 
3051 2539 2540 2839 2837 
3052 2837 2839 2840 2838 
3053 2838 2840 2434 2433 
3054 2540 2541 2841 2839 
3055 2839 2841 2842 2840 
3056 2840 2842 2435 2434 
3057 2541 2542 2843 2841 
3058 2841 2843 2844 2842 
3059 2842 2844 2436 2435 
3060 2542 2543 2845 2843 
3061 2843 2845 2846 2844 
3062 2844 2846 2437 2436 
3063 2543 2544 2847 2845 
3064 2845 2847 2848 2846 
3065 2846 2848 2438 2437 
3066 2544 2545 2849 2847 
3067 2847 2849 2850 2848 
3068 2848 2850 2439 2438 
3069 2545 2546 2851 2849 
3070 2849 2851 2852 2850 
3071 2850 2852 2440 2439 
3072 2546 2547 2853 2851 
3073 2851 2853 2854 2852 
3074 2852 2854 2441 2440 
3075 2547 2548 2855 2853 
3076 2853 2855 2856 2854 
3077 2854 2856 2442 2441 
3078 2548 2549 2857 2855 
3079 2855 2857 2858 2856 
3080 2856 2858 2443 2442 
3081 2549 2550 2859 2857 
3082 2857 2859 2860 2858 
3083 2858 2860 2444 2443 
3084 2550 2551 2861 2859 
3085 2859 2861 2862 2860 
3086 2860 2862 2445 2444 
3087 2551 2552 2863 2861 
3088 2861 2863 2864 2862 
3089 2862 2864 2446 2445 
3090 2552 2553 2865 2863 
3091 2863 2865 2866 2864 
3092 2864 2866 2447 2446 
3093 2553 2554 2867 2865 
3094 2865 2867 2868 2866 
3095 2866 2868 2448 2447 
3096 2554 2555 2869 2867 
3097 2867 2869 2870 2868 
3098 2868 2870 2449 2448 
3099 2555 2556 2871 2869 
3100 2869 2871 2872 2870 
3101 2870 2872 2450 2449 
3102 2556 2557 2873 2871 
3103 2871 2873 2874 2872 
3104 2872 2874 2451 2450 
3105 2557 2558 2875 2873 
3106 2873 2875 2876 2874 
3107 2874 2876 2452 2451 
3108 2558 2559 2877 2875 
3109 2875 2877 2878 2876 
3110 2876 2878 2453 2452 
3111 2559 2560 2879 2877 
3112 2877 2879 2880 2878 
3113 2878 2880 2454 2453 
3114 2560 2561 2881 2879 
3115 2879 2881 2882 2880 
3116 2880 2882 2455 2454 
3117 2561 2562 2883 2881 
3118 2881 2883 2884 2882 
3119 2882 2884 2456 2455 
3120 2562 2563 2885 2883 
3121 2883 2885 2886 2884 
3122 2884 2886 2457 2456 
3123 2563 2564 2887 2885 
3124 2885 2887 2888 2886 
3125 2886 2888 2458 2457 
3126 2564 2416 2567 2887 
3127 2887 2567 2568 2888 
3128 2888 2568 2413 2458 
2 58 3 105
3129 17 312 2889 237 
3130 237 2889 2890 238 
3131 238 2890 2891 239 
3132 239 2891 2892 240 
3133 240 2892 2893 241 
3134 241 2893 2894 242 
3135 242 2894 2895 243 
3136 243 2895 2896 244 
3137 244 2896 2897 245 
3138 245 2897 2898 246 
3139 246 2898 2899 247 
3140 247 2899 2900 248 
3141 248 2900 2901 249 
3142 249 2901 2902 250 
3143 250 2902 2903 251 
3144 251 2903 2904 252 
3145 252 2904 2905 253 
3146 253 2905 2906 254 
3147 254 2906 2907 255 
3148 255 2907 2908 256 
3149 256 2908 2909 257 
3150 257 2909 2910 258 
3151 258 2910 2911 259 
3152 259 2911 2912 260 
3153 260 2912 2913 261 
3154 261 2913 2914 262 
3155 262 2914 2915 263 
3156 263 2915 2916 264 
3157 264 2916 2917 265 
3158 265 2917 2918 266 
3159 266 2918 2919 267 
3160 267 2919 2920 268 
3161 268 2920 2921 269 
3162 269 2921 2922 270 
3163 270 2922 273 18 
3164 312 311 2923 2889 
3165 2889 2923 2924 2890 
3166 2890 2924 2925 2891 
3167 2891 2925 2926 2892 
3168 2892 2926 2927 2893 
3169 2893 2927 2928 2894 
3170 2894 2928 2929 2895 
3171 2895 2929 2930 2896 
3172 2896 2930 2931 2897 
3173 2897 2931 2932 2898 
3174 2898 2932 2933 2899 
3175 2899 2933 2934 2900 
3176 2900 2934 2935 2901 
3177 2901 2935 2936 2902 
3178 2902 2936 2937 2903 
3179 2903 2937 2938 2904 
3180 2904 2938 2939 2905 
3181 2905 2939 2940 2906 
3182 2906 2940 2941 2907 
3183 2907 2941 2942 2908 
3184 2908 2942 2943 2909 
3185 2909 2943 2944 2910 
3186 2910 2944 2945 2911 
3187 2911 2945 2946 2912 
3188 2912 2946 2947 2913 
3189 2913 2947 2948 2914 
3190 2914 2948 2949 2915 
3191 2915 2949 2950 2916 
3192 2916 2950 2951 2917 
3193 2917 2951 2952 2918 
3194 2918 2952 2953 2919 
3195 2919 2953 2954 2920 
3196 2920 2954 2955 2921 
3197 2921 2955 2956 2922 
3198 2922 2956 274 273 
3199 311 20 310 2923 
3200 2923 310 309 2924 
3201 2924 309 308 2925 
3202 2925 308 307 2926 
3203 2926 307 306 2927 
3204 2927 306 305 2928 
3205 2928 305 304 2929 
3206 2929 304 303 2930 
3207 2930 303 302 2931 
3208 2931 302 301 2932 
3209 2932 301 300 2933 
3210 2933 300 299 2934 
3211 2934 299 298 2935 
3212 2935 298 297 2936 
3213 2936 297 296 2937 
3214 2937 296 295 2938 
3215 2938 295 294 2939 
3216 2939 294 293 2940 
3217 2940 293 292 2941 
3218 2941 292 291 2942 
3219 2942 291 290 2943 
3220 2943 290 289 2944 
3221 2944 289 288 2945 
3222 2945 288 287 2946 
3223 2946 287 286 2947 
3224 2947 286 285 2948 
3225 2948 285 284 2949 
3226 2949 284 283 2950 
3227 2950 283 282 2951 
3228 2951 282 281 2952 
3229 2952 281 280 2953 
3230 2953 280 279 2954 
3231 2954 279 278 2955 
3232 2955 278 277 2956 
3233 2956 277 19 274 
2 59 3 105
3234 8 123 2957 122 
3235 122 2957 2958 121 
3236 121 2958 2959 120 
3237 120 2959 2960 119 
3238 119 2960 2961 118 
3239 118 2961 2962 117 
3240 117 2962 2963 116 
3241 116 2963 2964 115 
3242 115 2964 2965 114 
3243 114 2965 2966 113 
3244 113 2966 2967 112 
3245 112 2967 2968 111 
3246 111 2968 2969 110 
3247 110 2969 2970 109 
3248 109 2970 2971 108 
3249 108 2971 2972 107 
3250 107 2972 2973 106 
3251 106 2973 2974 105 
3252 105 2974 2975 104 
3253 104 2975 2976 103 
3254 103 2976 2977 102 
3255 102 2977 2978 101 
3256 101 2978 2979 100 
3257 100 2979 2980 99 
3258 99 2980 2981 98 
3259 98 2981 2982 97 
3260 97 2982 2983 96 
3261 96 2983 2984 95 
3262 95 2984 2985 94 
3263 94 2985 2986 93 
3264 93 2986 2987 92 
3265 92 2987 2988 91 
3266 91 2988 2989 90 
3267 90 2989 2990 89 
3268 89 2990 88 7 
3269 123 124 2991 2957 
3270 2957 2991 2992 2958 
3271 2958 2992 2993 2959 
3272 2959 2993 2994 2960 
3273 2960 2994 2995 2961 
3274 2961 2995 2996 2962 
3275 2962 2996 2997 2963 
3276 2963 2997 2998 2964 
3277 2964 2998 2999 2965 
3278 2965 2999 3000 2966 
3279 2966 3000 3001 2967 
3280 2967 3001 3002 2968 
3281 2968 3002 3003 2969 
3282 2969 3003 3004 2970 
3283 2970 3004 3005 2971 
3284 2971 3005 3006 2972 
3285 2972 3006 3007 2973 
3286 2973 3007 3008 2974 
3287 2974 3008 3009 2975 
3288 2975 3009 3010 2976 
3289 2976 3010 3011 2977 
3290 2977 3011 3012 2978 
3291 2978 3012 3013 2979 
3292 2979 3013 3014 2980 
3293 2980 3014 3015 2981 
3294 2981 3015 3016 2982 
3295 2982 3016 3017 2983 
3296 2983 3017 3018 2984 
3297 2984 3018 3019 2985 
3298 2985 3019 3020 2986 
3299 2986 3020 3021 2987 
3300 2987 3021 3022 2988 
3301 2988 3022 3023 2989 
3302 2989 3023 3024 2990 
3303 2990 3024 87 88 
3304 124 5 53 2991 
3305 2991 53 54 2992 
3306 2992 54 55 2993 
3307 2993 55 56 2994 
3308 2994 56 57 2995 
3309 2995 57 58 2996 
3310 2996 58 59 2997 
3311 2997 59 60 2998 
3312 2998 60 61 2999 
3313 2999 61 62 3000 
3314 3000 62 63 3001 
3315 3001 63 64 3002 
3316 3002 64 65 3003 
3317 3003 65 66 3004 
3318 3004 66 67 3005 
3319 3005 67 68 3006 
3320 3006 68 69 3007 
3321 3007 69 70 3008 
3322 3008 70 71 3009 
3323 3009 71 72 3010 
3324 3010 72 73 3011 
3325 3011 73 74 3012 
3326 3012 74 75 3013 
3327 3013 75 76 3014 
3328 3014 76 77 3015 
3329 3015 77 78 3016 
3330 3016 78 79 3017 
3331 3017 79 80 3018 
3332 3018 80 81 3019 
3333 3019 81 82 3020 
3334 3020 82 83 3021 
3335 3021 83 84 3022 
3336 3022 84 85 3023 
3337 3023 85 86 3024 
3338 3024 86 6 87 
2 86 3 9
3339 2412 2423 3937 2422 
3340 2422 3937 3938 2421 
3341 2421 3938 2420 2411 
3342 2423 2424 3939 3937 
3343 3937 3939 3940 3938 
3344 3938 3940 2419 2420 
3345 2424 2409 2417 3939 
3346 3939 2417 2418 3940 
3347 3940 2418 2410 2419 
2 87 3 9
3348 2416 2567 3941 2566 
3349 2566 3941 3942 2565 
3350 2565 3942 2530 2415 
3351 2567 2568 3943 3941 
3352 3941 3943 3944 3942 
3353 3942 3944 2529 2530 
3354 2568 2413 2493 3943 
3355 3943 2493 2494 3944 
3356 3944 2494 2414 2529 
2 101 3 105
6460 5625 5641 5833 5633 
6461 5633 5833 5834 5634 
6462 5634 5834 5675 5626 
6463 5641 5642 5835 5833 
6464 5833 5835 5836 5834 
6465 5834 5836 5676 5675 
6466 5642 5643 5837 5835 
6467 5835 5837 5838 5836 
6468 5836 5838 5677 5676 
6469 5643 5644 5839 5837 
6470 5837 5839 5840 5838 
6471 5838 5840 5678 5677 
6472 5644 5645 5841 5839 
6473 5839 5841 5842 5840 
6474 5840 5842 5679 5678 
6475 5645 5646 5843 5841 
6476 5841 5843 5844 5842 
6477 5842 5844 5680 5679 
6478 5646 5647 5845 5843 
6479 5843 5845 5846 5844 
6480 5844 5846 5681 5680 
6481 5647 5648 5847 5845 
6482 5845 5847 5848 5846 
6483 5846 5848 5682 5681 
6484 5648 5649 5849 5847 
6485 5847 5849 5850 5848 
6486 5848 5850 5683 5682 
6487 5649 5650 5851 5849 
6488 5849 5851 5852 5850 
6489 5850 5852 5684 5683 
6490 5650 5651 5853 5851 
6491 5851 5853 5854 5852 
6492 5852 5854 5685 5684 
6493 5651 5652 5855 5853 
6494 5853 5855 5856 5854 
6495 5854 5856 5686 5685 
6496 5652 5653 5857 5855 
6497 5855 5857 5858 5856 
6498 5856 5858 5687 5686 
6499 5653 5654 5859 5857 
6500 5857 5859 5860 5858 
6501 5858 5860 5688 5687 
6502 5654 5655 5861 5859 
6503 5859 5861 5862 5860 
6504 5860 5862 5689 5688 
6505 5655 5656 5863 5861 
6506 5861 5863 5864 5862 
6507 5862 5864 5690 5689 
6508 5656 5657 5865 5863 
6509 5863 5865 5866 5864 
6510 5864 5866 5691 5690 
6511 5657 5658 5867 5865 
6512 5865 5867 5868 5866 
6513 5866 5868 5692 5691 
6514 5658 5659 5869 5867 
6515 5867 5869 5870 5868 
6516 5868 5870 5693 5692 
6517 5659 5660 5871 5869 
6518 5869 5871 5872 5870 
6519 5870 5872 5694 5693 
6520 5660 5661 5873 5871 
6521 5871 5873 5874 5872 
6522 5872 5874 5695 5694 
6523 5661 5662 5875 5873 
6524 5873 5875 5876 5874 
6525 5874 5876 5696 5695 
6526 5662 5663 5877 5875 
6527 5875 5877 5878 5876 
6528 5876 5878 5697 5696 
6529 5663 5664 5879 5877 
6530 5877 5879 5880 5878 
6531 5878 5880 5698 5697 
6532 5664 5665 5881 5879 
6533 5879 5881 5882 5880 
6534 5880 5882 5699 5698 
6535 5665 5666 5883 5881 
6536 5881 5883 5884 5882 
6537 5882 5884 5700 5699 
6538 5666 5667 5885 5883 
6539 5883 5885 5886 5884 
6540 5884 5886 5701 5700 
6541 5667 5668 5887 5885 
6542 5885 5887 5888 5886 
6543 5886 5888 5702 5701 
6544 5668 5669 5889 5887 
6545 5887 5889 5890 5888 
6546 5888 5890 5703 5702 
6547 5669 5670 5891 5889 
6548 5889 5891 5892 5890 
6549 5890 5892 5704 5703 
6550 5670 5671 5893 5891 
6551 5891 5893 5894 5892 
6552 5892 5894 5705 5704 
6553 5671 5672 5895 5893 
6554 5893 5895 5896 5894 
6555 5894 5896 5706 5705 
6556 5672 5673 5897 5895 
6557 5895 5897 5898 5896 
6558 5896 5898 5707 5706 
6559 5673 5674 5899 5897 
6560 5897 5899 5900 5898 
6561 5898 5900 5708 5707 
6562 5674 5629 5709 5899 
6563 5899 5709 5710 5900 
6564 5900 5710 5630 5708 
2 102 3 105
6565 5626 5675 5901 5635 
6566 5635 5901 5902 5636 
6567 5636 5902 5711 5627 
6568 5675 5676 5903 5901 
6569 5901 5903 5904 5902 
6570 5902 5904 5712 5711 
6571 5676 5677 5905 5903 
6572 5903 5905 5906 5904 
6573 5904 5906 5713 5712 
6574 5677 5678 5907 5905 
6575 5905 5907 5908 5906 
6576 5906 5908 5714 5713 
6577 5678 5679 5909 5907 
6578 5907 5909 5910 5908 
6579 5908 5910 5715 5714 
6580 5679 5680 5911 5909 
6581 5909 5911 5912 5910 
6582 5910 5912 5716 5715 
6583 5680 5681 5913 5911 
6584 5911 5913 5914 5912 
6585 5912 5914 5717 5716 
6586 5681 5682 5915 5913 
6587 5913 5915 5916 5914 
6588 5914 5916 5718 5717 
6589 5682 5683 5917 5915 
6590 5915 5917 5918 5916 
6591 5916 5918 5719 5718 
6592 5683 5684 5919 5917 
6593 5917 5919 5920 5918 
6594 5918 5920 5720 5719 
6595 5684 5685 5921 5919 
6596 5919 5921 5922 5920 
6597 5920 5922 5721 5720 
6598 5685 5686 5923 5921 
6599 5921 5923 5924 5922 
6600 5922 5924 5722 5721 
6601 5686 5687 5925 5923 
6602 5923 5925 5926 5924 
6603 5924 5926 5723 5722 
6604 5687 5688 5927 5925 
6605 5925 5927 5928 5926 
6606 5926 5928 5724 5723 
6607 5688 5689 5929 5927 
6608 5927 5929 5930 5928 
6609 5928 5930 5725 5724 
6610 5689 5690 5931 5929 
6611 5929 5931 5932 5930 
6612 5930 5932 5726 5725 
6613 5690 5691 5933 5931 
6614 5931 5933 5934 5932 
6615 5932 5934 5727 5726 
6616 5691 5692 5935 5933 
6617 5933 5935 5936 5934 
6618 5934 5936 5728 5727 
6619 5692 5693 5937 5935 
6620 5935 5937 5938 5936 
6621 5936 5938 5729 5728 
6622 5693 5694 5939 5937 
6623 5937 5939 5940 5938 
6624 5938 5940 5730 5729 
6625 5694 5695 5941 5939 
6626 5939 5941 5942 5940 
6627 5940 5942 5731 5730 
6628 5695 5696 5943 5941 
6629 5941 5943 5944 5942 
6630 5942 5944 5732 5731 
6631 5696 5697 5945 5943 
6632 5943 5945 5946 5944 
6633 5944 5946 5733 5732 
6634 5697 5698 5947 5945 
6635 5945 5947 5948 5946 
6636 5946 5948 5734 5733 
6637 5698 5699 5949 5947 
6638 5947 5949 5950 5948 
6639 5948 5950 5735 5734 
6640 5699 5700 5951 5949 
6641 5949 5951 5952 5950 
6642 5950 5952 5736 5735 
6643 5700 5701 5953 5951 
6644 5951 5953 5954 5952 
6645 5952 5954 5737 5736 
6646 5701 5702 5955 5953 
6647 5953 5955 5956 5954 
6648 5954 5956 5738 5737 
6649 5702 5703 5957 5955 
6650 5955 5957 5958 5956 
6651 5956 5958 5739 5738 
6652 5703 5704 5959 5957 
6653 5957 5959 5960 5958 
6654 5958 5960 5740 5739 
6655 5704 5705 5961 5959 
6656 5959 5961 5962 5960 
6657 5960 5962 5741 5740 
6658 5705 5706 5963 5961 
6659 5961 5963 5964 5962 
6660 5962 5964 5742 5741 
6661 5706 5707 5965 5963 
6662 5963 5965 5966 5964 
6663 5964 5966 5743 5742 
6664 5707 5708 5967 5965 
6665 5965 5967 5968 5966 
6666 5966 5968 5744 5743 
6667 5708 5630 5745 5967 
6668 5967 5745 5746 5968 
6669 5968 5746 5631 5744 
2 103 3 105
6670 5627 5711 5969 5637 
6671 5637 5969 5970 5638 
6672 5638 5970 5747 5628 
6673 5711 5712 5971 5969 
6674 5969 5971 5972 5970 
6675 5970 5972 5748 5747 
6676 5712 5713 5973 5971 
6677 5971 5973 5974 5972 
6678 5972 5974 5749 5748 
6679 5713 5714 5975 5973 
6680 5973 5975 5976 5974 
6681 5974 5976 5750 5749 
6682 5714 5715 5977 5975 
6683 5975 5977 5978 5976 
6684 5976 5978 5751 5750 
6685 5715 5716 5979 5977 
6686 5977 5979 5980 5978 
6687 5978 5980 5752 5751 
6688 5716 5717 5981 5979 
6689 5979 5981 5982 5980 
6690 5980 5982 5753 5752 
6691 5717 5718 5983 5981 
6692 5981 5983 5984 5982 
6693 5982 5984 5754 5753 
6694 5718 5719 5985 5983 
6695 5983 5985 5986 5984 
6696 5984 5986 5755 5754 
6697 5719 5720 5987 5985 
6698 5985 5987 5988 5986 
6699 5986 5988 5756 5755 
6700 5720 5721 5989 5987 
6701 5987 5989 5990 5988 
6702 5988 5990 5757 5756 
6703 5721 5722 5991 5989 
6704 5989 5991 5992 5990 
6705 5990 5992 5758 5757 
6706 5722 5723 5993 5991 
6707 5991 5993 5994 5992 
6708 5992 5994 5759 5758 
6709 5723 5724 5995 5993 
6710 5993 5995 5996 5994 
6711 5994 5996 5760 5759 
6712 5724 5725 5997 5995 
6713 5995 5997 5998 5996 
6714 5996 5998 5761 5760 
6715 5725 5726 5999 5997 
6716 5997 5999 6000 5998 
6717 5998 6000 5762 5761 
6718 5726 5727 6001 5999 
6719 5999 6001 6002 6000 
6720 6000 6002 5763 5762 
6721 5727 5728 6003 6001 
6722 6001 6003 6004 6002 
6723 6002 6004 5764 5763 
6724 5728 5729 6005 6003 
6725 6003 6005 6006 6004 
6726 6004 6006 5765 5764 
6727 5729 5730 6007 6005 
6728 6005 6007 6008 6006 
6729 6006 6008 5766 5765 
6730 5730 5731 6009 6007 
6731 6007 6009 6010 6008 
6732 6008 6010 5767 5766 
6733 5731 5732 6011 6009 
6734 6009 6011 6012 6010 
6735 6010 6012 5768 5767 
6736 5732 5733 6013 6011 
6737 6011 6013 6014 6012 
6738 6012 6014 5769 5768 
6739 5733 5734 6015 6013 
6740 6013 6015 6016 6014 
6741 6014 6016 5770 5769 
6742 5734 5735 6017 6015 
6743 6015 6017 6018 6016 
6744 6016 6018 5771 5770 
6745 5735 5736 6019 6017 
6746 6017 6019 6020 6018 
6747 6018 6020 5772 5771 
6748 5736 5737 6021 6019 
6749 6019 6021 6022 6020 
6750 6020 6022 5773 5772 
6751 5737 5738 6023 6021 
6752 6021 6023 6024 6022 
6753 6022 6024 5774 5773 
6754 5738 5739 6025 6023 
6755 6023 6025 6026 6024 
6756 6024 6026 5775 5774 
6757 5739 5740 6027 6025 
6758 6025 6027 6028 6026 
6759 6026 6028 5776 5775 
6760 5740 5741 6029 6027 
6761 6027 6029 6030 6028 
6762 6028 6030 5777 5776 
6763 5741 5742 6031 6029 
6764 6029 6031 6032 6030 
6765 6030 6032 5778 5777 
6766 5742 5743 6033 6031 
6767 6031 6033 6034 6032 
6768 6032 6034 5779 5778 
6769 5743 5744 6035 6033 
6770 6033 6035 6036 6034 
6771 6034 6036 5780 5779 
6772 5744 5631 5781 6035 
6773 6035 5781 5782 6036 
6774 6036 5782 5632 5780 
2 104 3 105
6775 5628 5747 6037 5639 
6776 5639 6037 6038 5640 
6777 5640 6038 5641 5625 
6778 5747 5748 6039 6037 
6779 6037 6039 6040 6038 
6780 6038 6040 5642 5641 
6781 5748 5749 6041 6039 
6782 6039 6041 6042 6040 
6783 6040 6042 5643 5642 
6784 5749 5750 6043 6041 
6785 6041 6043 6044 6042 
6786 6042 6044 5644 5643 
6787 5750 5751 6045 6043 
6788 6043 6045 6046 6044 
6789 6044 6046 5645 5644 
6790 5751 5752 6047 6045 
6791 6045 6047 6048 6046 
6792 6046 6048 5646 5645 
6793 5752 5753 6049 6047 
6794 6047 6049 6050 6048 
6795 6048 6050 5647 5646 
6796 5753 5754 6051 6049 
6797 6049 6051 6052 6050 
6798 6050 6052 5648 5647 
6799 5754 5755 6053 6051 
6800 6051 6053 6054 6052 
6801 6052 6054 5649 5648 
6802 5755 5756 6055 6053 
6803 6053 6055 6056 6054 
6804 6054 6056 5650 5649 
6805 5756 5757 6057 6055 
6806 6055 6057 6058 6056 
6807 6056 6058 5651 5650 
6808 5757 5758 6059 6057 
6809 6057 6059 6060 6058 
6810 6058 6060 5652 5651 
6811 5758 5759 6061 6059 
6812 6059 6061 6062 6060 
6813 6060 6062 5653 5652 
6814 5759 5760 6063 6061 
6815 6061 6063 6064 6062 
6816 6062 6064 5654 5653 
6817 5760 5761 6065 6063 
6818 6063 6065 6066 6064 
6819 6064 6066 5655 5654 
6820 5761 5762 6067 6065 
6821 6065 6067 6068 6066 
6822 6066 6068 5656 5655 
6823 5762 5763 6069 6067 
6824 6067 6069 6070 6068 
6825 6068 6070 5657 5656 
6826 5763 5764 6071 6069 
6827 6069 6071 6072 6070 
6828 6070 6072 5658 5657 
6829 5764 5765 6073 6071 
6830 6071 6073 6074 6072 
6831 6072 6074 5659 5658 
6832 5765 5766 6075 6073 
6833 6073 6075 6076 6074 
6834 6074 6076 5660 5659 
6835 5766 5767 6077 6075 
6836 6075 6077 6078 6076 
6837 6076 6078 5661 5660 
6838 5767 5768 6079 6077 
6839 6077 6079 6080 6078 
6840 6078 6080 5662 5661 
6841 5768 5769 6081 6079 
6842 6079 6081 6082 6080 
6843 6080 6082 5663 5662 
6844 5769 5770 6083 6081 
6845 6081 6083 6084 6082 
6846 6082 6084 5664 5663 
6847 5770 5771 6085 6083 
6848 6083 6085 6086 6084 
6849 6084 6086 5665 5664 
6850 5771 5772 6087 6085 
6851 6085 6087 6088 6086 
6852 6086 6088 5666 5665 
6853 5772 5773 6089 6087 
6854 6087 6089 6090 6088 
6855 6088 6090 5667 5666 
6856 5773 5774 6091 6089 
6857 6089 6091 6092 6090 
6858 6090 6092 5668 5667 
6859 5774 5775 6093 6091 
6860 6091 6093 6094 6092 
6861 6092 6094 5669 5668 
6862 5775 5776 6095 6093 
6863 6093 6095 6096 6094 
6864 6094 6096 5670 5669 
6865 5776 5777 6097 6095 
6866 6095 6097 6098 6096 
6867 6096 6098 5671 5670 
6868 5777 5778 6099 6097 
6869 6097 6099 6100 6098 
6870 6098 6100 5672 5671 
6871 5778 5779 6101 6099 
6872 6099 6101 6102 6100 
6873 6100 6102 5673 5672 
6874 5779 5780 6103 6101 
6875 6101 6103 6104 6102 
6876 6102 6104 5674 5673 
6877 5780 5632 5783 6103 
6878 6103 5783 5784 6104 
6879 6104 5784 5629 5674 
2 143 3 105
6880 21 392 6105 317 
6881 317 6105 6106 318 
6882 318 6106 6107 319 
6883 319 6107 6108 320 
6884 320 6108 6109 321 
6885 321 6109 6110 322 
6886 322 6110 6111 323 
6887 323 6111 6112 324 
6888 324 6112 6113 325 
6889 325 6113 6114 326 
6890 326 6114 6115 327 
6891 327 6115 6116 328 
6892 328 6116 6117 329 
6893 329 6117 6118 330 
6894 330 6118 6119 331 
6895 331 6119 6120 332 
6896 332 6120 6121 333 
6897 333 6121 6122 334 
6898 334 6122 6123 335 
6899 335 6123 6124 336 
6900 336 6124 6125 337 
6901 337 6125 6126 338 
6902 338 6126 6127 339 
6903 339 6127 6128 340 
6904 340 6128 6129 341 
6905 341 6129 6130 342 
6906 342 6130 6131 343 
6907 343 6131 6132 344 
6908 344 6132 6133 345 
6909 345 6133 6134 346 
6910 346 6134 6135 347 
6911 347 6135 6136 348 
6912 348 6136 6137 349 
6913 349 6137 6138 350 
6914 350 6138 353 22 
6915 392 391 6139 6105 
6916 6105 6139 6140 6106 
6917 6106 6140 6141 6107 
6918 6107 6141 6142 6108 
6919 6108 6142 6143 6109 
6920 6109 6143 6144 6110 
6921 6110 6144 6145 6111 
6922 6111 6145 6146 6112 
6923 6112 6146 6147 6113 
6924 6113 6147 6148 6114 
6925 6114 6148 6149 6115 
6926 6115 6149 6150 6116 
6927 6116 6150 6151 6117 
6928 6117 6151 6152 6118 
6929 6118 6152 6153 6119 
6930 6119 6153 6154 6120 
6931 6120 6154 6155 6121 
6932 6121 6155 6156 6122 
6933 6122 6156 6157 6123 
6934 6123 6157 6158 6124 
6935 6124 6158 6159 6125 
6936 6125 6159 6160 6126 
6937 6126 6160 6161 6127 
6938 6127 6161 6162 6128 
6939 6128 6162 6163 6129 
6940 6129 6163 6164 6130 
6941 6130 6164 6165 6131 
6942 6131 6165 6166 6132 
6943 6132 6166 6167 6133 
6944 6133 6167 6168 6134 
6945 6134 6168 6169 6135 
6946 6135 6169 6170 6136 
6947 6136 6170 6171 6137 
6948 6137 6171 6172 6138 
6949 6138 6172 354 353 
6950 391 24 390 6139 
6951 6139 390 389 6140 
6952 6140 389 388 6141 
6953 6141 388 387 6142 
6954 6142 387 386 6143 
6955 6143 386 385 6144 
6956 6144 385 384 6145 
6957 6145 384 383 6146 
6958 6146 383 382 6147 
6959 6147 382 381 6148 
6960 6148 381 380 6149 
6961 6149 380 379 6150 
6962 6150 379 378 6151 
6963 6151 378 377 6152 
6964 6152 377 376 6153 
6965 6153 376 375 6154 
6966 6154 375 374 6155 
6967 6155 374 373 6156 
6968 6156 373 372 6157 
6969 6157 372 371 6158 
6970 6158 371 370 6159 
6971 6159 370 369 6160 
6972 6160 369 368 6161 
6973 6161 368 367 6162 
6974 6162 367 366 6163 
6975 6163 366 365 6164 
6976 6164 365 364 6165 
6977 6165 364 363 6166 
6978 6166 363 362 6167 
6979 6167 362 361 6168 
6980 6168 361 360 6169 
6981 6169 360 359 6170 
6982 6170 359 358 6171 
6983 6171 358 357 6172 
6984 6172 357 23 354 
2 144 3 105
6985 12 195 6173 194 
6986 194 6173 6174 193 
6987 193 6174 6175 192 
6988 192 6175 6176 191 
6989 191 6176 6177 190 
6990 190 6177 6178 189 
6991 189 6178 6179 188 
6992 188 6179 6180 187 
6993 187 6180 6181 186 
6994 186 6181 6182 185 
6995 185 6182 6183 184 
6996 184 6183 6184 183 
6997 183 6184 6185 182 
6998 182 6185 6186 181 
6999 181 6186 6187 180 
7000 180 6187 6188 179 
7001 179 6188 6189 178 
7002 178 6189 6190 177 
7003 177 6190 6191 176 
7004 176 6191 6192 175 
7005 175 6192 6193 174 
7006 174 6193 6194 173 
7007 173 6194 6195 172 
7008 172 6195 6196 171 
7009 171 6196 6197 170 
7010 170 6197 6198 169 
7011 169 6198 6199 168 
7012 168 6199 6200 167 
7013 167 6200 6201 166 
7014 166 6201 6202 165 
7015 165 6202 6203 164 
7016 164 6203 6204 163 
7017 163 6204 6205 162 
7018 162 6205 6206 161 
7019 161 6206 160 11 
7020 195 196 6207 6173 
7021 6173 6207 6208 6174 
7022 6174 6208 6209 6175 
7023 6175 6209 6210 6176 
7024 6176 6210 6211 6177 
7025 6177 6211 6212 6178 
7026 6178 6212 6213 6179 
7027 6179 6213 6214 6180 
7028 6180 6214 6215 6181 
7029 6181 6215 6216 6182 
7030 6182 6216 6217 6183 
7031 6183 6217 6218 6184 
7032 6184 6218 6219 6185 
7033 6185 6219 6220 6186 
7034 6186 6220 6221 6187 
7035 6187 6221 6222 6188 
7036 6188 6222 6223 6189 
7037 6189 6223 6224 6190 
7038 6190 6224 6225 6191 
7039 6191 6225 6226 6192 
7040 6192 6226 6227 6193 
7041 6193 6227 6228 6194 
7042 6194 6228 6229 6195 
7043 6195 6229 6230 6196 
7044 6196 6230 6231 6197 
7045 6197 6231 6232 6198 
7046 6198 6232 6233 6199 
7047 6199 6233 6234 6200 
7048 6200 6234 6235 6201 
7049 6201 6235 6236 6202 
7050 6202 6236 6237 6203 
7051 6203 6237 6238 6204 
7052 6204 6238 6239 6205 
7053 6205 6239 6240 6206 
7054 6206 6240 159 160 
7055 196 9 125 6207 
7056 6207 125 126 6208 
7057 6208 126 127 6209 
7058 6209 127 128 6210 
7059 6210 128 129 6211 
7060 6211 129 130 6212 
7061 6212 130 131 6213 
7062 6213 131 132 6214 
7063 6214 132 133 6215 
7064 6215 133 134 6216 
7065 6216 134 135 6217 
7066 6217 135 136 6218 
7067 6218 136 137 6219 
7068 6219 137 138 6220 
7069 6220 138 139 6221 
7070 6221 139 140 6222 
7071 6222 140 141 6223 
7072 6223 141 142 6224 
7073 6224 142 143 6225 
7074 6225 143 144 6226 
7075 6226 144 145 6227 
7076 6227 145 146 6228 
7077 6228 146 147 6229 
7078 6229 147 148 6230 
7079 6230 148 149 6231 
7080 6231 149 150 6232 
7081 6232 150 151 6233 
7082 6233 151 152 6234 
7083 6234 152 153 6235 
7084 6235 153 154 6236 
7085 6236 154 155 6237 
7086 6237 155 156 6238 
7087 6238 156 157 6239 
7088 6239 157 158 6240 
7089 6240 158 10 159 
2 171 3 9
7090 5628 5639 7153 5638 
7091 5638 7153 7154 5637 
7092 5637 7154 5636 5627 
7093 5639 5640 7155 7153 
7094 7153 7155 7156 7154 
7095 7154 7156 5635 5636 
7096 5640 5625 5633 7155 
7097 7155 5633 5634 7156 
7098 7156 5634 5626 5635 
2 172 3 9
7099 5632 5783 7157 5782 
7100 5782 7157 7158 5781 
7101 5781 7158 5746 5631 
7102 5783 5784 7159 7157 
7103 7157 7159 7160 7158 
7104 7158 7160 5745 5746 
7105 5784 5629 5709 7159 
7106 7159 5709 5710 7160 
7107 7160 5710 5630 5745 
3 1 5 1521
1127 404 610 473 564 1595 2007 1733 1915 
1128 1595 2007 1733 1915 1596 2008 1734 1916 
1129 1596 2008 1734 1916 1166 1372 1235 1326 
1130 616 539 770 31 2019 1865 2327 823 
1131 2019 1865 2327 823 2020 1866 2328 824 
1132 2020 1866 2328 824 1378 1301 1532 209 
1133 636 400 787 425 2059 1587 2361 1637 
1134 2059 1587 2361 1637 2060 1588 2362 1638 
1135 2060 1588 2362 1638 1398 1162 1549 1187 
1136 491 429 409 447 1769 1645 1605 1681 
1137 1769 1645 1605 1681 1770 1646 1606 1682 
1138 1770 1646 1606 1682 1253 1191 1171 1209 
1139 397 421 580 537 1581 1629 1947 1861 
1140 1581 1629 1947 1861 1582 1630 1948 1862 
1141 1582 1630 1948 1862 1159 1183 1342 1299 
1142 399 420 579 536 1585 1627 1945 1859 
1143 1585 1627 1945 1859 1586 1628 1946 1860 
1144 1586 1628 1946 1860 1161 1182 1341 1298 
1145 482 674 421 582 1751 2135 1629 1951 
1146 1751 2135 1629 1951 1752 2136 1630 1952 
1147 1752 2136 1630 1952 1244 1436 1183 1344 
1148 473 626 420 581 1733 2039 1627 1949 
1149 1733 2039 1627 1949 1734 2040 1628 1950 
1150 1734 2040 1628 1950 1235 1388 1182 1343 
1151 474 631 456 583 1735 2049 1699 1953 
1152 1735 2049 1699 1953 1736 2050 1700 1954 
1153 1736 2050 1700 1954 1236 1393 1218 1345 
1154 516 492 433 427 1819 1771 1653 1641 
1155 1819 1771 1653 1641 1820 1772 1654 1642 
1156 1820 1772 1654 1642 1278 1254 1195 1189 
1157 515 493 434 425 1817 1773 1655 1637 
1158 1817 1773 1655 1637 1818 1774 1656 1638 
1159 1818 1774 1656 1638 1277 1255 1196 1187 
1160 533 438 649 553 1853 1663 2085 1893 
1161 1853 1663 2085 1893 1854 1664 2086 1894 
1162 1854 1664 2086 1894 1295 1200 1411 1315 
1163 534 440 648 554 1855 1667 2083 1895 
1164 1855 1667 2083 1895 1856 1668 2084 1896 
1165 1856 1668 2084 1896 1296 1202 1410 1316 
1166 431 565 718 430 1649 1917 2223 1647 
1167 1649 1917 2223 1647 1650 1918 2224 1648 
1168 1650 1918 2224 1648 1193 1327 1480 1192 
1169 437 511 592 497 1661 1809 1971 1781 
1170 1661 1809 1971 1781 1662 1810 1972 1782 
1171 1662 1810 1972 1782 1199 1273 1354 1259 
1172 718 483 520 430 2223 1753 1827 1647 
1173 2223 1753 1827 1647 2224 1754 1828 1648 
1174 2224 1754 1828 1648 1480 1245 1282 1192 
1175 428 499 572 495 1643 1785 1931 1777 
1176 1643 1785 1931 1777 1644 1786 1932 1778 
1177 1644 1786 1932 1778 1190 1261 1334 1257 
1178 482 582 543 461 1751 1951 1873 1709 
1179 1751 1951 1873 1709 1752 1952 1874 1710 
1180 1752 1952 1874 1710 1244 1344 1305 1223 
1181 503 455 519 680 1793 1697 1825 2147 
1182 1793 1697 1825 2147 1794 1698 1826 2148 
1183 1794 1698 1826 2148 1265 1217 1281 1442 
1184 460 639 728 557 1707 2065 2243 1901 
1185 1707 2065 2243 1901 1708 2066 2244 1902 
1186 1708 2066 2244 1902 1222 1401 1490 1319 
1187 464 506 479 426 1715 1799 1745 1639 
1188 1715 1799 1745 1639 1716 1800 1746 1640 
1189 1716 1800 1746 1640 1226 1268 1241 1188 
1190 394 663 541 609 1575 2113 1869 2005 
1191 1575 2113 1869 2005 1576 2114 1870 2006 
1192 1576 2114 1870 2006 1156 1425 1303 1371 
1193 807 496 431 430 2401 1779 1649 1647 
1194 2401 1779 1649 1647 2402 1780 1650 1648 
1195 2402 1780 1650 1648 1569 1258 1193 1192 
1196 34 778 618 35 829 2343 2023 831 
1197 829 2343 2023 831 830 2344 2024 832 
1198 830 2344 2024 832 212 1540 1380 213 
1199 477 538 449 694 1741 1863 1685 2175 
1200 1741 1863 1685 2175 1742 1864 1686 2176 
1201 1742 1864 1686 2176 1239 1300 1211 1456 
1202 433 734 639 460 1653 2255 2065 1707 
1203 1653 2255 2065 1707 1654 2256 2066 1708 
1204 1654 2256 2066 1708 1195 1496 1401 1222 
1205 48 779 617 49 857 2345 2021 859 
1206 857 2345 2021 859 858 2346 2022 860 
1207 858 2346 2022 860 228 1541 1379 229 
1208 631 463 448 573 2049 1713 1683 1933 
1209 2049 1713 1683 1933 2050 1714 1684 1934 
1210 2050 1714 1684 1934 1393 1225 1210 1335 
1211 502 669 508 454 1791 2125 1803 1695 
1212 1791 2125 1803 1695 1792 2126 1804 1696 
1213 1792 2126 1804 1696 1264 1431 1270 1216 
1214 503 668 509 455 1793 2123 1805 1697 
1215 1793 2123 1805 1697 1794 2124 1806 1698 
1216 1794 2124 1806 1698 1265 1430 1271 1217 
1217 448 463 660 570 1683 1713 2107 1927 
1218 1683 1713 2107 1927 1684 1714 2108 1928 
1219 1684 1714 2108 1928 1210 1225 1422 1332 
1220 610 404 433 460 2007 1595 1653 1707 
1221 2007 1595 1653 1707 2008 1596 1654 1708 
1222 2008 1596 1654 1708 1372 1166 1195 1222 
1223 441 517 568 488 1669 1821 1923 1763 
1224 1669 1821 1923 1763 1670 1822 1924 1764 
1225 1670 1822 1924 1764 1203 1279 1330 1250 
1226 426 479 427 749 1639 1745 1641 2285 
1227 1639 1745 1641 2285 1640 1746 1642 2286 
1228 1640 1746 1642 2286 1188 1241 1189 1511 
1229 435 796 436 494 1657 2379 1659 1775 
1230 1657 2379 1659 1775 1658 2380 1660 1776 
1231 1658 2380 1660 1776 1197 1558 1198 1256 
1232 428 495 436 810 1643 1777 1659 2407 
1233 1643 1777 1659 2407 1644 1778 1660 2408 
1234 1644 1778 1660 2408 1190 1257 1198 1572 
1235 422 684 533 456 1631 2155 1853 1699 
1236 1631 2155 1853 1699 1632 2156 1854 1700 
1237 1632 2156 1854 1700 1184 1446 1295 1218 
1238 423 683 534 457 1633 2153 1855 1701 
1239 1633 2153 1855 1701 1634 2154 1856 1702 
1240 1634 2154 1856 1702 1185 1445 1296 1219 
1241 541 395 406 574 1869 1577 1599 1935 
1242 1869 1577 1599 1935 1870 1578 1600 1936 
1243 1870 1578 1600 1936 1303 1157 1168 1336 
1244 420 399 542 581 1627 1585 1871 1949 
1245 1627 1585 1871 1949 1628 1586 1872 1950 
1246 1628 1586 1872 1950 1182 1161 1304 1343 
1247 546 398 423 809 1879 1583 1633 2405 
1248 1879 1583 1633 2405 1880 1584 1634 2406 
1249 1880 1584 1634 2406 1308 1160 1185 1571 
1250 521 490 804 450 1829 1767 2395 1687 
1251 1829 1767 2395 1687 1830 1768 2396 1688 
1252 1830 1768 2396 1688 1283 1252 1566 1212 
1253 421 397 543 582 1629 1581 1873 1951 
1254 1629 1581 1873 1951 1630 1582 1874 1952 
1255 1630 1582 1874 1952 1183 1159 1305 1344 
1256 666 422 573 396 2119 1631 1933 1579 
1257 2119 1631 1933 1579 2120 1632 1934 1580 
1258 2120 1632 1934 1580 1428 1184 1335 1158 
1259 427 433 404 628 1641 1653 1595 2043 
1260 1641 1653 1595 2043 1642 1654 1596 2044 
1261 1642 1654 1596 2044 1189 1195 1166 1390 
1262 607 536 579 451 2001 1859 1945 1689 
1263 2001 1859 1945 1689 2002 1860 1946 1690 
1264 2002 1860 1946 1690 1369 1298 1341 1213 
1265 608 537 580 452 2003 1861 1947 1691 
1266 2003 1861 1947 1691 2004 1862 1948 1692 
1267 2004 1862 1948 1692 1370 1299 1342 1214 
1268 638 555 629 393 2063 1897 2045 1573 
1269 2063 1897 2045 1573 2064 1898 2046 1574 
1270 2064 1898 2046 1574 1400 1317 1391 1155 
1271 428 791 432 499 1643 2369 1651 1785 
1272 1643 2369 1651 1785 1644 2370 1652 1786 
1273 1644 2370 1652 1786 1190 1553 1194 1261 
1274 437 497 438 802 1661 1781 1663 2391 
1275 1661 1781 1663 2391 1662 1782 1664 2392 
1276 1662 1782 1664 2392 1199 1259 1200 1564 
1277 803 439 512 498 2393 1665 1811 1783 
1278 2393 1665 1811 1783 2394 1666 1812 1784 
1279 2394 1666 1812 1784 1565 1201 1274 1260 
1280 800 459 561 472 2387 1705 1909 1731 
1281 2387 1705 1909 1731 2388 1706 1910 1732 
1282 2388 1706 1910 1732 1562 1221 1323 1234 
1283 626 535 502 454 2039 1857 1791 1695 
1284 2039 1857 1791 1695 2040 1858 1792 1696 
1285 2040 1858 1792 1696 1388 1297 1264 1216 
1286 660 474 514 447 2107 1735 1815 1681 
1287 2107 1735 1815 1681 2108 1736 1816 1682 
1288 2108 1736 1816 1682 1422 1236 1276 1209 
1289 608 452 682 551 2003 1691 2151 1889 
1290 2003 1691 2151 1889 2004 1692 2152 1890 
1291 2004 1692 2152 1890 1370 1214 1444 1313 
1292 607 451 681 552 2001 1689 2149 1891 
1293 2001 1689 2149 1891 2002 1690 2150 1892 
1294 2002 1690 2150 1892 1369 1213 1443 1314 
1295 505 457 534 554 1797 1701 1855 1895 
1296 1797 1701 1855 1895 1798 1702 1856 1896 
1297 1798 1702 1856 1896 1267 1219 1296 1316 
1298 504 456 533 553 1795 1699 1853 1893 
1299 1795 1699 1853 1893 1796 1700 1854 1894 
1300 1796 1700 1854 1894 1266 1218 1295 1315 
1301 41 4 771 598 843 217 2329 1983 
1302 843 217 2329 1983 844 218 2330 1984 
1303 844 218 2330 1984 221 16 1533 1360 
1304 27 2 772 597 815 199 2331 1981 
1305 815 199 2331 1981 816 200 2332 1982 
1306 816 200 2332 1982 203 14 1534 1359 
1307 425 434 797 636 1637 1655 2381 2059 
1308 1637 1655 2381 2059 1638 1656 2382 2060 
1309 1638 1656 2382 2060 1187 1196 1559 1398 
1310 451 579 454 508 1689 1945 1695 1803 
1311 1689 1945 1695 1803 1690 1946 1696 1804 
1312 1690 1946 1696 1804 1213 1341 1216 1270 
1313 452 580 455 509 1691 1947 1697 1805 
1314 1691 1947 1697 1805 1692 1948 1698 1806 
1315 1692 1948 1698 1806 1214 1342 1217 1271 
1316 555 395 637 556 1897 1577 2061 1899 
1317 1897 1577 2061 1899 1898 1578 2062 1900 
1318 1898 1578 2062 1900 1317 1157 1399 1318 
1319 399 618 778 542 1585 2023 2343 1871 
1320 1585 2023 2343 1871 1586 2024 2344 1872 
1321 1586 2024 2344 1872 1161 1380 1540 1304 
1322 400 777 424 787 1587 2341 1635 2361 
1323 1587 2341 1635 2361 1588 2342 1636 2362 
1324 1588 2342 1636 2362 1162 1539 1186 1549 
1325 774 578 589 412 2335 1943 1965 1611 
1326 2335 1943 1965 1611 2336 1944 1966 1612 
1327 2336 1944 1966 1612 1536 1340 1351 1174 
1328 397 617 779 543 1581 2021 2345 1873 
1329 1581 2021 2345 1873 1582 2022 2346 1874 
1330 1582 2022 2346 1874 1159 1379 1541 1305 
1331 424 490 558 480 1635 1767 1903 1747 
1332 1635 1767 1903 1747 1636 1768 1904 1748 
1333 1636 1768 1904 1748 1186 1252 1320 1242 
1334 26 588 417 577 813 1963 1621 1941 
1335 813 1963 1621 1941 814 1964 1622 1942 
1336 814 1964 1622 1942 202 1350 1179 1339 
1337 528 483 718 429 1843 1753 2223 1645 
1338 1843 1753 2223 1645 1844 1754 2224 1646 
1339 1844 1754 2224 1646 1290 1245 1480 1191 
1340 753 435 462 408 2293 1657 1711 1603 
1341 2293 1657 1711 1603 2294 1658 1712 1604 
1342 2294 1658 1712 1604 1515 1197 1224 1170 
1343 660 463 631 474 2107 1713 2049 1735 
1344 2107 1713 2049 1735 2108 1714 2050 1736 
1345 2108 1714 2050 1736 1422 1225 1393 1236 
1346 565 406 395 687 1917 1599 1577 2161 
1347 1917 1599 1577 2161 1918 1600 1578 2162 
1348 1918 1600 1578 2162 1327 1168 1157 1449 
1349 475 624 440 534 1737 2035 1667 1855 
1350 1737 2035 1667 1855 1738 2036 1668 1856 
1351 1738 2036 1668 1856 1237 1386 1202 1296 
1352 749 556 792 426 2285 1899 2371 1639 
1353 2285 1899 2371 1639 2286 1900 2372 1640 
1354 2286 1900 2372 1640 1511 1318 1554 1188 
1355 682 452 509 459 2151 1691 1805 1705 
1356 2151 1691 1805 1705 2152 1692 1806 1706 
1357 2152 1692 1806 1706 1444 1214 1271 1221 
1358 681 451 508 458 2149 1689 1803 1703 
1359 2149 1689 1803 1703 2150 1690 1804 1704 
1360 2150 1690 1804 1704 1443 1213 1270 1220 
1361 51 789 608 52 863 2365 2003 865 
1362 863 2365 2003 865 864 2366 2004 866 
1363 864 2366 2004 866 231 1551 1370 232 
1364 37 788 607 38 835 2363 2001 837 
1365 835 2363 2001 837 836 2364 2002 838 
1366 836 2364 2002 838 215 1550 1369 216 
1367 722 545 169 168 2231 1877 1099 1097 
1368 2231 1877 1099 1097 2232 1878 1100 1098 
1369 2232 1878 1100 1098 1484 1307 365 364 
1370 721 544 61 60 2229 1875 883 881 
1371 2229 1875 883 881 2230 1876 884 882 
1372 2230 1876 884 882 1483 1306 245 244 
1373 719 548 185 184 2225 1883 1131 1129 
1374 2225 1883 1131 1129 2226 1884 1132 1130 
1375 2226 1884 1132 1130 1481 1310 381 380 
1376 628 404 564 629 2043 1595 1915 2045 
1377 2043 1595 1915 2045 2044 1596 1916 2046 
1378 2044 1596 1916 2046 1390 1166 1326 1391 
1379 629 564 571 393 2045 1915 1929 1573 
1380 2045 1915 1929 1573 2046 1916 1930 1574 
1381 2046 1916 1930 1574 1391 1326 1333 1155 
1382 706 549 69 68 2199 1885 899 897 
1383 2199 1885 899 897 2200 1886 900 898 
1384 2200 1886 900 898 1468 1311 253 252 
1385 707 550 177 176 2201 1887 1115 1113 
1386 2201 1887 1115 1113 2202 1888 1116 1114 
1387 2202 1888 1116 1114 1469 1312 373 372 
1388 575 563 806 394 1937 1913 2399 1575 
1389 1937 1913 2399 1575 1938 1914 2400 1576 
1390 1938 1914 2400 1576 1337 1325 1568 1156 
1391 675 519 455 674 2137 1825 1697 2135 
1392 2137 1825 1697 2135 2138 1826 1698 2136 
1393 2138 1826 1698 2136 1437 1281 1217 1436 
1394 491 447 514 590 1769 1681 1815 1967 
1395 1769 1681 1815 1967 1770 1682 1816 1968 
1396 1770 1682 1816 1968 1253 1209 1276 1352 
1397 462 675 576 408 1711 2137 1939 1603 
1398 1711 2137 1939 1603 1712 2138 1940 1604 
1399 1712 2138 1940 1604 1224 1437 1338 1170 
1400 775 416 586 577 2337 1619 1959 1941 
1401 2337 1619 1959 1941 2338 1620 1960 1942 
1402 2338 1620 1960 1942 1537 1178 1348 1339 
1403 40 41 598 589 841 843 1983 1965 
1404 841 843 1983 1965 842 844 1984 1966 
1405 842 844 1984 1966 220 221 1360 1351 
1406 26 27 597 588 813 815 1981 1963 
1407 813 815 1981 1963 814 816 1982 1964 
1408 814 816 1982 1964 202 203 1359 1350 
1409 158 664 583 10 1077 2115 1953 315 
1410 1077 2115 1953 315 1078 2116 1954 316 
1411 1078 2116 1954 316 350 1426 1345 22 
1412 546 449 538 798 1879 1685 1863 2383 
1413 1879 1685 1863 2383 1880 1686 1864 2384 
1414 1880 1686 1864 2384 1308 1211 1300 1560 
1415 28 3 410 605 817 204 1607 1997 
1416 817 204 1607 1997 818 205 1608 1998 
1417 818 205 1608 1998 206 15 1172 1367 
1418 42 1 415 606 845 197 1617 1999 
1419 845 197 1617 1999 846 198 1618 2000 
1420 846 198 1618 2000 222 13 1177 1368 
1421 417 588 418 782 1621 1963 1623 2351 
1422 1621 1963 1623 2351 1622 1964 1624 2352 
1423 1622 1964 1624 2352 1179 1350 1180 1544 
1424 25 586 415 1 811 1959 1617 197 
1425 811 1959 1617 197 812 1960 1618 198 
1426 812 1960 1618 198 201 1348 1177 13 
1427 39 585 410 3 839 1957 1607 204 
1428 839 1957 1607 204 840 1958 1608 205 
1429 840 1958 1608 205 219 1347 1172 15 
1430 671 77 76 547 2129 915 913 1881 
1431 2129 915 913 1881 2130 916 914 1882 
1432 2130 916 914 1882 1433 261 260 1309 
1433 684 476 625 533 2155 1739 2037 1853 
1434 2155 1739 2037 1853 2156 1740 2038 1854 
1435 2156 1740 2038 1854 1446 1238 1387 1295 
1436 484 445 485 523 1755 1677 1757 1833 
1437 1755 1677 1757 1833 1756 1678 1758 1834 
1438 1756 1678 1758 1834 1246 1207 1247 1285 
1439 486 446 487 522 1759 1679 1761 1831 
1440 1759 1679 1761 1831 1760 1680 1762 1832 
1441 1760 1680 1762 1832 1248 1208 1249 1284 
1442 792 556 637 401 2371 1899 2061 1589 
1443 2371 1899 2061 1589 2372 1900 2062 1590 
1444 2372 1900 2062 1590 1554 1318 1399 1163 
1445 419 458 471 801 1625 1703 1729 2389 
1446 1625 1703 1729 2389 1626 1704 1730 2390 
1447 1626 1704 1730 2390 1181 1220 1233 1563 
1448 39 40 589 578 839 841 1965 1943 
1449 839 841 1965 1943 840 842 1966 1944 
1450 840 842 1966 1944 219 220 1351 1340 
1451 607 552 2 38 2001 1891 199 837 
1452 2001 1891 199 837 2002 1892 200 838 
1453 2002 1892 200 838 1369 1314 14 216 
1454 608 551 4 52 2003 1889 217 865 
1455 2003 1889 217 865 2004 1890 218 866 
1456 2004 1890 218 866 1370 1313 16 232 
1457 575 576 482 461 1937 1939 1751 1709 
1458 1937 1939 1751 1709 1938 1940 1752 1710 
1459 1938 1940 1752 1710 1337 1338 1244 1223 
1460 122 623 540 8 1005 2033 1867 275 
1461 1005 2033 1867 275 1006 2034 1868 276 
1462 1006 2034 1868 276 310 1385 1302 20 
1463 795 630 457 540 2377 2047 1701 1867 
1464 2377 2047 1701 1867 2378 2048 1702 1868 
1465 2378 2048 1702 1868 1557 1392 1219 1302 
1466 802 438 533 625 2391 1663 1853 2037 
1467 2391 1663 1853 2037 2392 1664 1854 2038 
1468 2392 1664 1854 2038 1564 1200 1295 1387 
1469 624 803 498 440 2035 2393 1783 1667 
1470 2035 2393 1783 1667 2036 2394 1784 1668 
1471 2036 2394 1784 1668 1386 1565 1260 1202 
1472 34 33 770 778 829 827 2327 2343 
1473 829 827 2327 2343 830 828 2328 2344 
1474 830 828 2328 2344 212 211 1532 1540 
1475 673 104 103 560 2133 969 967 1907 
1476 2133 969 967 1907 2134 970 968 1908 
1477 2134 970 968 1908 1435 292 291 1322 
1478 756 779 48 47 2299 2345 857 855 
1479 2299 2345 857 855 2300 2346 858 856 
1480 2300 2346 858 856 1518 1541 228 227 
1481 123 8 540 635 1007 275 1867 2057 
1482 1007 275 1867 2057 1008 276 1868 2058 
1483 1008 276 1868 2058 311 20 1302 1397 
1484 159 10 583 633 1079 315 1953 2053 
1485 1079 315 1953 2053 1080 316 1954 2054 
1486 1080 316 1954 2054 353 22 1345 1395 
1487 418 793 442 713 1623 2373 1671 2213 
1488 1623 2373 1671 2213 1624 2374 1672 2214 
1489 1624 2374 1672 2214 1180 1555 1204 1475 
1490 579 420 626 454 1945 1627 2039 1695 
1491 1945 1627 2039 1695 1946 1628 2040 1696 
1492 1946 1628 2040 1696 1341 1182 1388 1216 
1493 395 541 400 637 1577 1869 1587 2061 
1494 1577 1869 1587 2061 1578 1870 1588 2062 
1495 1578 1870 1588 2062 1157 1303 1162 1399 
1496 666 396 616 566 2119 1579 2019 1919 
1497 2119 1579 2019 1919 2120 1580 2020 1920 
1498 2120 1580 2020 1920 1428 1158 1378 1328 
1499 667 398 615 567 2121 1583 2017 1921 
1500 2121 1583 2017 1921 2122 1584 2018 1922 
1501 2122 1584 2018 1922 1429 1160 1377 1329 
1502 794 413 589 598 2375 1613 1965 1983 
1503 2375 1613 1965 1983 2376 1614 1966 1984 
1504 2376 1614 1966 1984 1556 1175 1351 1360 
1505 793 418 588 597 2373 1623 1963 1981 
1506 2373 1623 1963 1981 2374 1624 1964 1982 
1507 2374 1624 1964 1982 1555 1180 1350 1359 
1508 393 570 409 638 1573 1927 1605 2063 
1509 1573 1927 1605 2063 1574 1928 1606 2064 
1510 1574 1928 1606 2064 1155 1332 1171 1400 
1511 699 486 545 466 2185 1759 1877 1719 
1512 2185 1759 1877 1719 2186 1760 1878 1720 
1513 2186 1760 1878 1720 1461 1248 1307 1228 
1514 700 484 544 465 2187 1755 1875 1717 
1515 2187 1755 1875 1717 2188 1756 1876 1718 
1516 2188 1756 1876 1718 1462 1246 1306 1227 
1517 747 549 485 467 2281 1885 1757 1721 
1518 2281 1885 1757 1721 2282 1886 1758 1722 
1519 2282 1886 1758 1722 1509 1311 1247 1229 
1520 746 550 487 468 2279 1887 1761 1723 
1521 2279 1887 1761 1723 2280 1888 1762 1724 
1522 2280 1888 1762 1724 1508 1312 1249 1230 
1523 674 455 580 421 2135 1697 1947 1629 
1524 2135 1697 1947 1629 2136 1698 1948 1630 
1525 2136 1698 1948 1630 1436 1217 1342 1183 
1526 712 524 432 596 2211 1835 1651 1979 
1527 2211 1835 1651 1979 2212 1836 1652 1980 
1528 2212 1836 1652 1980 1474 1286 1194 1358 
1529 699 411 578 774 2185 1609 1943 2335 
1530 2185 1609 1943 2335 2186 1610 1944 2336 
1531 2186 1610 1944 2336 1461 1173 1340 1536 
1532 39 578 411 585 839 1943 1609 1957 
1533 839 1943 1609 1957 840 1944 1610 1958 
1534 840 1944 1610 1958 219 1340 1173 1347 
1535 586 25 26 577 1959 811 813 1941 
1536 1959 811 813 1941 1960 812 814 1942 
1537 1960 812 814 1942 1348 201 202 1339 
1538 725 561 193 192 2237 1909 1147 1145 
1539 2237 1909 1147 1145 2238 1910 1148 1146 
1540 2238 1910 1148 1146 1487 1323 389 388 
1541 571 564 473 581 1929 1915 1733 1949 
1542 1929 1915 1733 1949 1930 1916 1734 1950 
1543 1930 1916 1734 1950 1333 1326 1235 1343 
1544 791 428 810 574 2369 1643 2407 1935 
1545 2369 1643 2407 1935 2370 1644 2408 1936 
1546 2370 1644 2408 1936 1553 1190 1572 1336 
1547 526 659 747 467 1839 2105 2281 1721 
1548 1839 2105 2281 1721 1840 2106 2282 1722 
1549 1840 2106 2282 1722 1288 1421 1509 1229 
1550 525 658 746 468 1837 2103 2279 1723 
1551 1837 2103 2279 1723 1838 2104 2280 1724 
1552 1838 2104 2280 1724 1287 1420 1508 1230 
1553 695 116 115 558 2177 993 991 1903 
1554 2177 993 991 1903 2178 994 992 1904 
1555 2178 994 992 1904 1457 304 303 1320 
1556 698 593 498 512 2183 1973 1783 1811 
1557 2183 1973 1783 1811 2184 1974 1784 1812 
1558 2184 1974 1784 1812 1460 1355 1260 1274 
1559 702 594 492 516 2191 1975 1771 1819 
1560 2191 1975 1771 1819 2192 1976 1772 1820 
1561 2192 1976 1772 1820 1464 1356 1254 1278 
1562 701 591 493 515 2189 1969 1773 1817 
1563 2189 1969 1773 1817 2190 1970 1774 1818 
1564 2190 1970 1774 1818 1463 1353 1255 1277 
1565 161 11 553 649 1083 351 1893 2085 
1566 1083 351 1893 2085 1084 352 1894 2086 
1567 1084 352 1894 2086 357 23 1315 1411 
1568 53 5 554 648 867 233 1895 2083 
1569 867 233 1895 2083 868 234 1896 2084 
1570 868 234 1896 2084 237 17 1316 1410 
1571 691 521 450 584 2169 1829 1687 1955 
1572 2169 1829 1687 1955 2170 1830 1688 1956 
1573 2170 1830 1688 1956 1453 1283 1212 1346 
1574 125 9 680 653 1011 313 2147 2093 
1575 1011 313 2147 2093 1012 314 2148 2094 
1576 1012 314 2148 2094 317 21 1442 1415 
1577 447 409 570 660 1681 1605 1927 2107 
1578 1681 1605 1927 2107 1682 1606 1928 2108 
1579 1682 1606 1928 2108 1209 1171 1332 1422 
1580 33 32 31 770 827 825 823 2327 
1581 827 825 823 2327 828 826 824 2328 
1582 828 826 824 2328 211 210 209 1532 
1583 676 100 99 559 2139 961 959 1905 
1584 2139 961 959 1905 2140 962 960 1906 
1585 2140 962 960 1906 1438 288 287 1321 
1586 458 419 772 681 1703 1625 2331 2149 
1587 1703 1625 2331 2149 1704 1626 2332 2150 
1588 1704 1626 2332 2150 1220 1181 1534 1443 
1589 459 414 771 682 1705 1615 2329 2151 
1590 1705 1615 2329 2151 1706 1616 2330 2152 
1591 1706 1616 2330 2152 1221 1176 1533 1444 
1592 800 472 517 441 2387 1731 1821 1669 
1593 2387 1731 1821 1669 2388 1732 1822 1670 
1594 2388 1732 1822 1670 1562 1234 1279 1203 
1595 801 471 518 442 2389 1729 1823 1671 
1596 2389 1729 1823 1671 2390 1730 1824 1672 
1597 2390 1730 1824 1672 1563 1233 1280 1204 
1598 678 85 84 562 2143 931 929 1911 
1599 2143 931 929 1911 2144 932 930 1912 
1600 2144 932 930 1912 1440 269 268 1324 
1601 31 30 566 616 823 821 1919 2019 
1602 823 821 1919 2019 824 822 1920 2020 
1603 824 822 1920 2020 209 208 1328 1378 
1604 45 44 567 615 851 849 1921 2017 
1605 851 849 1921 2017 852 850 1922 2018 
1606 852 850 1922 2018 225 224 1329 1377 
1607 567 688 475 667 1921 2163 1737 2121 
1608 1921 2163 1737 2121 1922 2164 1738 2122 
1609 1922 2164 1738 2122 1329 1450 1237 1429 
1610 566 689 476 666 1919 2165 1739 2119 
1611 1919 2165 1739 2119 1920 2166 1740 2120 
1612 1920 2166 1740 2120 1328 1451 1238 1428 
1613 788 37 36 661 2363 835 833 2109 
1614 2363 835 833 2109 2364 836 834 2110 
1615 2364 836 834 2110 1550 215 214 1423 
1616 789 51 50 662 2365 863 861 2111 
1617 2365 863 861 2111 2366 864 862 2112 
1618 2366 864 862 2112 1551 231 230 1424 
1619 86 679 669 6 933 2145 2125 235 
1620 933 2145 2125 235 934 2146 2126 236 
1621 934 2146 2126 236 270 1441 1431 18 
1622 448 570 393 571 1683 1927 1573 1929 
1623 1683 1927 1573 1929 1684 1928 1574 1930 
1624 1684 1928 1574 1930 1210 1332 1155 1333 
1625 508 678 562 458 1803 2143 1911 1703 
1626 1803 2143 1911 1703 1804 2144 1912 1704 
1627 1804 2144 1912 1704 1270 1440 1324 1220 
1628 753 609 541 407 2293 2005 1869 1601 
1629 2293 2005 1869 1601 2294 2006 1870 1602 
1630 2294 2006 1870 1602 1515 1371 1303 1169 
1631 804 403 587 450 2395 1593 1961 1687 
1632 2395 1593 1961 1687 2396 1594 1962 1688 
1633 2396 1594 1962 1688 1566 1165 1349 1212 
1634 795 478 450 587 2377 1743 1687 1961 
1635 2377 1743 1687 1961 2378 1744 1688 1962 
1636 2378 1744 1688 1962 1557 1240 1212 1349 
1637 628 629 555 402 2043 2045 1897 1591 
1638 2043 2045 1897 1591 2044 2046 1898 1592 
1639 2044 2046 1898 1592 1390 1391 1317 1164 
1640 485 445 775 715 1757 1677 2337 2217 
1641 1757 1677 2337 2217 1758 1678 2338 2218 
1642 1758 1678 2338 2218 1247 1207 1537 1477 
1643 713 442 518 489 2213 1671 1823 1765 
1644 2213 1671 1823 1765 2214 1672 1824 1766 
1645 2214 1672 1824 1766 1475 1204 1280 1251 
1646 441 488 470 714 1669 1763 1727 2215 
1647 1669 1763 1727 2215 1670 1764 1728 2216 
1648 1670 1764 1728 2216 1203 1250 1232 1476 
1649 486 699 774 446 1759 2185 2335 1679 
1650 1759 2185 2335 1679 1760 2186 2336 1680 
1651 1760 2186 2336 1680 1248 1461 1536 1208 
1652 484 700 775 445 1755 2187 2337 1677 
1653 1755 2187 2337 1677 1756 2188 2338 1678 
1654 1756 2188 2338 1678 1246 1462 1537 1207 
1655 634 12 510 668 2055 355 1807 2123 
1656 2055 355 1807 2123 2056 356 1808 2124 
1657 2056 356 1808 2124 1396 24 1272 1430 
1658 683 423 398 667 2153 1633 1583 2121 
1659 2153 1633 1583 2121 2154 1634 1584 2122 
1660 2154 1634 1584 2122 1445 1185 1160 1429 
1661 401 637 400 636 1589 2061 1587 2059 
1662 1589 2061 1587 2059 1590 2062 1588 2060 
1663 1590 2062 1588 2060 1163 1399 1162 1398 
1664 465 544 721 614 1717 1875 2229 2015 
1665 1717 1875 2229 2015 1718 1876 2230 2016 
1666 1718 1876 2230 2016 1227 1306 1483 1376 
1667 466 545 722 613 1719 1877 2231 2013 
1668 1719 1877 2231 2013 1720 1878 2232 2014 
1669 1720 1878 2232 2014 1228 1307 1484 1375 
1670 469 547 720 612 1725 1881 2227 2011 
1671 1725 1881 2227 2011 1726 1882 2228 2012 
1672 1726 1882 2228 2012 1231 1309 1482 1374 
1673 470 548 719 611 1727 1883 2225 2009 
1674 1727 1883 2225 2009 1728 1884 2226 2010 
1675 1728 1884 2226 2010 1232 1310 1481 1373 
1676 806 563 587 403 2399 1913 1961 1593 
1677 2399 1913 1961 1593 2400 1914 1962 1594 
1678 2400 1914 1962 1594 1568 1325 1349 1165 
1679 638 409 429 665 2063 1605 1645 2117 
1680 2063 1605 1645 2117 2064 1606 1646 2118 
1681 2064 1606 1646 2118 1400 1171 1191 1427 
1682 490 600 695 558 1767 1987 2177 1903 
1683 1767 1987 2177 1903 1768 1988 2178 1904 
1684 1768 1988 2178 1904 1252 1362 1457 1320 
1685 532 519 675 462 1851 1825 2137 1711 
1686 1851 1825 2137 1711 1852 1826 2138 1712 
1687 1852 1826 2138 1712 1294 1281 1437 1224 
1688 186 185 548 670 1133 1131 1883 2127 
1689 1133 1131 1883 2127 1134 1132 1884 2128 
1690 1134 1132 1884 2128 382 381 1310 1432 
1691 456 631 573 422 1699 2049 1933 1631 
1692 1699 2049 1933 1631 1700 2050 1934 1632 
1693 1700 2050 1934 1632 1218 1393 1335 1184 
1694 477 694 461 543 1741 2175 1709 1873 
1695 1741 2175 1709 1873 1742 2176 1710 1874 
1696 1742 2176 1710 1874 1239 1456 1223 1305 
1697 102 672 560 103 965 2131 1907 967 
1698 965 2131 1907 967 966 2132 1908 968 
1699 966 2132 1908 968 290 1434 1322 291 
1700 635 540 457 505 2057 1867 1701 1797 
1701 2057 1867 1701 1797 2058 1868 1702 1798 
1702 2058 1868 1702 1798 1397 1302 1219 1267 
1703 680 9 196 634 2147 313 1153 2055 
1704 2147 313 1153 2055 2148 314 1154 2056 
1705 2148 314 1154 2056 1442 21 392 1396 
1706 749 402 555 556 2285 1591 1897 1899 
1707 2285 1591 1897 1899 2286 1592 1898 1900 
1708 2286 1592 1898 1900 1511 1164 1317 1318 
1709 686 569 489 518 2159 1925 1765 1823 
1710 2159 1925 1765 1823 2160 1926 1766 1824 
1711 2160 1926 1766 1824 1448 1331 1251 1280 
1712 670 548 470 488 2127 1883 1727 1763 
1713 2127 1883 1727 1763 2128 1884 1728 1764 
1714 2128 1884 1728 1764 1432 1310 1232 1250 
1715 671 547 469 489 2129 1881 1725 1765 
1716 2129 1881 1725 1765 2130 1882 1726 1766 
1717 2130 1882 1726 1766 1433 1309 1231 1251 
1718 487 550 707 601 1761 1887 2201 1989 
1719 1761 1887 2201 1989 1762 1888 2202 1990 
1720 1762 1888 2202 1990 1249 1312 1469 1363 
1721 485 549 706 602 1757 1885 2199 1991 
1722 1757 1885 2199 1991 1758 1886 2200 1992 
1723 1758 1886 2200 1992 1247 1311 1468 1364 
1724 486 603 710 545 1759 1993 2207 1877 
1725 1759 1993 2207 1877 1760 1994 2208 1878 
1726 1760 1994 2208 1878 1248 1365 1472 1307 
1727 484 604 711 544 1755 1995 2209 1875 
1728 1755 1995 2209 1875 1756 1996 2210 1876 
1729 1756 1996 2210 1876 1246 1366 1473 1306 
1730 786 466 511 437 2359 1719 1809 1661 
1731 2359 1719 1809 1661 2360 1720 1810 1662 
1732 2360 1720 1810 1662 1548 1228 1273 1199 
1733 810 407 541 574 2407 1601 1869 1935 
1734 2407 1601 1869 1935 2408 1602 1870 1936 
1735 2408 1602 1870 1936 1572 1169 1303 1336 
1736 781 469 513 443 2349 1725 1813 1673 
1737 2349 1725 1813 1673 2350 1726 1814 1674 
1738 2350 1726 1814 1674 1543 1231 1275 1205 
1739 784 444 525 468 2355 1675 1837 1723 
1740 2355 1675 1837 1723 2356 1676 1838 1724 
1741 2356 1676 1838 1724 1546 1206 1287 1230 
1742 783 443 526 467 2353 1673 1839 1721 
1743 2353 1673 1839 1721 2354 1674 1840 1722 
1744 2354 1674 1840 1722 1545 1205 1288 1229 
1745 402 749 427 628 1591 2285 1641 2043 
1746 1591 2285 1641 2043 1592 2286 1642 2044 
1747 1592 2286 1642 2044 1164 1511 1189 1390 
1748 194 193 561 677 1149 1147 1909 2141 
1749 1149 1147 1909 2141 1150 1148 1910 2142 
1750 1150 1148 1910 2142 390 389 1323 1439 
1751 531 501 805 431 1849 1789 2397 1649 
1752 1849 1789 2397 1649 1850 1790 2398 1650 
1753 1850 1790 2398 1650 1293 1263 1567 1193 
1754 614 512 439 465 2015 1811 1665 1717 
1755 2015 1811 1665 1717 2016 1812 1666 1718 
1756 2016 1812 1666 1718 1376 1274 1201 1227 
1757 546 798 615 398 1879 2383 2017 1583 
1758 1879 2383 2017 1583 1880 2384 2018 1584 
1759 1880 2384 2018 1584 1308 1560 1377 1160 
1760 611 742 444 470 2009 2271 1675 1727 
1761 2009 2271 1675 1727 2010 2272 1676 1728 
1762 2010 2272 1676 1728 1373 1504 1206 1232 
1763 688 606 624 475 2163 1999 2035 1737 
1764 2163 1999 2035 1737 2164 2000 2036 1738 
1765 2164 2000 2036 1738 1450 1368 1386 1237 
1766 689 605 625 476 2165 1997 2037 1739 
1767 2165 1997 2037 1739 2166 1998 2038 1740 
1768 2166 1998 2038 1740 1451 1367 1387 1238 
1769 461 694 449 575 1709 2175 1685 1937 
1770 1709 2175 1685 1937 1710 2176 1686 1938 
1771 1710 2176 1686 1938 1223 1456 1211 1337 
1772 715 775 577 417 2217 2337 1941 1621 
1773 2217 2337 1941 1621 2218 2338 1942 1622 
1774 2218 2338 1942 1622 1477 1537 1339 1179 
1775 617 397 537 662 2021 1581 1861 2111 
1776 2021 1581 1861 2111 2022 1582 1862 2112 
1777 2022 1582 1862 2112 1379 1159 1299 1424 
1778 618 399 536 661 2023 1585 1859 2109 
1779 2023 1585 1859 2109 2024 1586 1860 2110 
1780 2024 1586 1860 2110 1380 1161 1298 1423 
1781 751 568 188 187 2289 1923 1137 1135 
1782 2289 1923 1137 1135 2290 1924 1138 1136 
1783 2290 1924 1138 1136 1513 1330 384 383 
1784 687 405 718 565 2161 1597 2223 1917 
1785 2161 1597 2223 1917 2162 1598 2224 1918 
1786 2162 1598 2224 1918 1449 1167 1480 1327 
1787 776 609 753 408 2339 2005 2293 1603 
1788 2339 2005 2293 1603 2340 2006 2294 1604 
1789 2340 2006 2294 1604 1538 1371 1515 1170 
1790 532 462 435 500 1851 1711 1657 1787 
1791 1851 1711 1657 1787 1852 1712 1658 1788 
1792 1852 1712 1658 1788 1294 1224 1197 1262 
1793 689 566 30 29 2165 1919 821 819 
1794 2165 1919 821 819 2166 1920 822 820 
1795 2166 1920 822 820 1451 1328 208 207 
1796 688 567 44 43 2163 1921 849 847 
1797 2163 1921 849 847 2164 1922 850 848 
1798 2164 1922 850 848 1450 1329 224 223 
1799 558 724 620 480 1903 2235 2027 1747 
1800 1903 2235 2027 1747 1904 2236 2028 1748 
1801 1904 2236 2028 1748 1320 1486 1382 1242 
1802 559 723 619 479 1905 2233 2025 1745 
1803 1905 2233 2025 1745 1906 2234 2026 1746 
1804 1906 2234 2026 1746 1321 1485 1381 1241 
1805 408 576 575 776 1603 1939 1937 2339 
1806 1603 1939 1937 2339 1604 1940 1938 2340 
1807 1604 1940 1938 2340 1170 1338 1337 1538 
1808 686 80 79 569 2159 921 919 1925 
1809 2159 921 919 1925 2160 922 920 1926 
1810 2160 922 920 1926 1448 264 263 1331 
1811 677 561 459 510 2141 1909 1705 1807 
1812 2141 1909 1705 1807 2142 1910 1706 1808 
1813 2142 1910 1706 1808 1439 1323 1221 1272 
1814 561 725 622 472 1909 2237 2031 1731 
1815 1909 2237 2031 1731 1910 2238 2032 1732 
1816 1910 2238 2032 1732 1323 1487 1384 1234 
1817 726 471 458 562 2239 1729 1703 1911 
1818 2239 1729 1703 1911 2240 1730 1704 1912 
1819 2240 1730 1704 1912 1488 1233 1220 1324 
1820 539 616 396 808 1865 2019 1579 2403 
1821 1865 2019 1579 2403 1866 2020 1580 2404 
1822 1866 2020 1580 2404 1301 1378 1158 1570 
1823 483 528 693 599 1753 1843 2173 1985 
1824 1753 1843 2173 1985 1754 1844 2174 1986 
1825 1754 1844 2174 1986 1245 1290 1455 1361 
1826 539 481 778 770 1865 1749 2343 2327 
1827 1865 1749 2343 2327 1866 1750 2344 2328 
1828 1866 1750 2344 2328 1301 1243 1540 1532 
1829 476 684 422 666 1739 2155 1631 2119 
1830 1739 2155 1631 2119 1740 2156 1632 2120 
1831 1740 2156 1632 2120 1238 1446 1184 1428 
1832 667 475 534 683 2121 1737 1855 2153 
1833 2121 1737 1855 2153 2122 1738 1856 2154 
1834 2122 1738 1856 2154 1429 1237 1296 1445 
1835 665 405 555 638 2117 1597 1897 2063 
1836 2117 1597 1897 2063 2118 1598 1898 2064 
1837 2118 1598 1898 2064 1427 1167 1317 1400 
1838 189 188 568 685 1139 1137 1923 2157 
1839 1139 1137 1923 2157 1140 1138 1924 2158 
1840 1140 1138 1924 2158 385 384 1330 1447 
1841 809 423 457 630 2405 1633 1701 2047 
1842 2405 1633 1701 2047 2406 1634 1702 2048 
1843 2406 1634 1702 2048 1571 1185 1219 1392 
1844 487 601 704 522 1761 1989 2195 1831 
1845 1761 1989 2195 1831 1762 1990 2196 1832 
1846 1762 1990 2196 1832 1249 1363 1466 1284 
1847 485 602 705 523 1757 1991 2197 1833 
1848 1757 1991 2197 1833 1758 1992 2198 1834 
1849 1758 1992 2198 1834 1247 1364 1467 1285 
1850 619 516 427 479 2025 1819 1641 1745 
1851 2025 1819 1641 1745 2026 1820 1642 1746 
1852 2026 1820 1642 1746 1381 1278 1189 1241 
1853 620 515 425 480 2027 1817 1637 1747 
1854 2027 1817 1637 1747 2028 1818 1638 1748 
1855 2028 1818 1638 1748 1382 1277 1187 1242 
1856 484 523 708 604 1755 1833 2203 1995 
1857 1755 1833 2203 1995 1756 1834 2204 1996 
1858 1756 1834 2204 1996 1246 1285 1470 1366 
1859 486 522 709 603 1759 1831 2205 1993 
1860 1759 1831 2205 1993 1760 1832 2206 1994 
1861 1760 1832 2206 1994 1248 1284 1471 1365 
1862 676 559 479 506 2139 1905 1745 1799 
1863 2139 1905 1745 1799 2140 1906 1746 1800 
1864 2140 1906 1746 1800 1438 1321 1241 1268 
1865 483 599 692 520 1753 1985 2171 1827 
1866 1753 1985 2171 1827 1754 1986 2172 1828 
1867 1754 1986 2172 1828 1245 1361 1454 1282 
1868 802 717 786 437 2391 2221 2359 1661 
1869 2391 2221 2359 1661 2392 2222 2360 1662 
1870 2392 2222 2360 1662 1564 1479 1548 1199 
1871 803 716 785 439 2393 2219 2357 1665 
1872 2393 2219 2357 1665 2394 2220 2358 1666 
1873 2394 2220 2358 1666 1565 1478 1547 1201 
1874 490 521 696 600 1767 1829 2179 1987 
1875 1767 1829 2179 1987 1768 1830 2180 1988 
1876 1768 1830 2180 1988 1252 1283 1458 1362 
1877 518 471 726 621 1823 1729 2239 2029 
1878 1823 1729 2239 2029 1824 1730 2240 2030 
1879 1824 1730 2240 2030 1280 1233 1488 1383 
1880 727 137 136 572 2241 1035 1033 1931 
1881 2241 1035 1033 1931 2242 1036 1034 1932 
1882 2242 1036 1034 1932 1489 329 328 1334 
1883 728 89 7 557 2243 939 271 1901 
1884 2243 939 271 1901 2244 940 272 1902 
1885 2244 940 272 1902 1490 277 19 1319 
1886 792 401 636 797 2371 1589 2059 2381 
1887 2371 1589 2059 2381 2372 1590 2060 2382 
1888 2372 1590 2060 2382 1554 1163 1398 1559 
1889 406 565 431 805 1599 1917 1649 2397 
1890 1599 1917 1649 2397 1600 1918 1650 2398 
1891 1600 1918 1650 2398 1168 1327 1193 1567 
1892 557 535 610 460 1901 1857 2007 1707 
1893 1901 1857 2007 1707 1902 1858 2008 1708 
1894 1902 1858 2008 1708 1319 1297 1372 1222 
1895 572 136 135 690 1931 1033 1031 2167 
1896 1931 1033 1031 2167 1932 1034 1032 2168 
1897 1932 1034 1032 2168 1334 328 327 1452 
1898 773 808 448 571 2333 2403 1683 1929 
1899 2333 2403 1683 1929 2334 2404 1684 1930 
1900 2334 2404 1684 1930 1535 1570 1210 1333 
1901 780 444 784 412 2347 1675 2355 1611 
1902 2347 1675 2355 1611 2348 1676 2356 1612 
1903 2348 1676 2356 1612 1542 1206 1546 1174 
1904 781 443 783 782 2349 1673 2353 2351 
1905 2349 1673 2353 2351 2350 1674 2354 2352 
1906 2350 1674 2354 2352 1543 1205 1545 1544 
1907 672 506 464 560 2131 1799 1715 1907 
1908 2131 1799 1715 1907 2132 1800 1716 1908 
1909 2132 1800 1716 1908 1434 1268 1226 1322 
1910 673 560 464 507 2133 1907 1715 1801 
1911 2133 1907 1715 1801 2134 1908 1716 1802 
1912 2134 1908 1716 1802 1435 1322 1226 1269 
1913 809 453 449 546 2405 1693 1685 1879 
1914 2405 1693 1685 1879 2406 1694 1686 1880 
1915 2406 1694 1686 1880 1571 1215 1211 1308 
1916 795 453 809 630 2377 1693 2405 2047 
1917 2377 1693 2405 2047 2378 1694 2406 2048 
1918 2378 1694 2406 2048 1557 1215 1571 1392 
1919 598 771 414 794 1983 2329 1615 2375 
1920 1983 2329 1615 2375 1984 2330 1616 2376 
1921 1984 2330 1616 2376 1360 1533 1176 1556 
1922 597 772 419 793 1981 2331 1625 2373 
1923 1981 2331 1625 2373 1982 2332 1626 2374 
1924 1982 2332 1626 2374 1359 1534 1181 1555 
1925 170 169 545 710 1101 1099 1877 2207 
1926 1101 1099 1877 2207 1102 1100 1878 2208 
1927 1102 1100 1878 2208 366 365 1307 1472 
1928 62 61 544 711 885 883 1875 2209 
1929 885 883 1875 2209 886 884 1876 2210 
1930 886 884 1876 2210 246 245 1306 1473 
1931 571 581 542 773 1929 1949 1871 2333 
1932 1929 1949 1871 2333 1930 1950 1872 2334 
1933 1930 1950 1872 2334 1333 1343 1304 1535 
1934 395 555 405 687 1577 1897 1597 2161 
1935 1577 1897 1597 2161 1578 1898 1598 2162 
1936 1578 1898 1598 2162 1157 1317 1167 1449 
1937 674 482 576 675 2135 1751 1939 2137 
1938 2135 1751 1939 2137 2136 1752 1940 2138 
1939 2136 1752 1940 2138 1436 1244 1338 1437 
1940 791 805 501 432 2369 2397 1789 1651 
1941 2369 2397 1789 1651 2370 2398 1790 1652 
1942 2370 2398 1790 1652 1553 1567 1263 1194 
1943 424 480 425 787 1635 1747 1637 2361 
1944 1635 1747 1637 2361 1636 1748 1638 2362 
1945 1636 1748 1638 2362 1186 1242 1187 1549 
1946 777 400 541 663 2341 1587 1869 2113 
1947 2341 1587 1869 2113 2342 1588 1870 2114 
1948 2342 1588 1870 2114 1539 1162 1303 1425 
1949 605 689 29 28 1997 2165 819 817 
1950 1997 2165 819 817 1998 2166 820 818 
1951 1998 2166 820 818 1367 1451 207 206 
1952 606 688 43 42 1999 2163 847 845 
1953 1999 2163 847 845 2000 2164 848 846 
1954 2000 2164 848 846 1368 1450 223 222 
1955 800 441 714 794 2387 1669 2215 2375 
1956 2387 1669 2215 2375 2388 1670 2216 2376 
1957 2388 1670 2216 2376 1562 1203 1476 1556 
1958 473 610 535 626 1733 2007 1857 2039 
1959 1733 2007 1857 2039 1734 2008 1858 2040 
1960 1734 2008 1858 2040 1235 1372 1297 1388 
1961 799 538 477 756 2385 1863 1741 2299 
1962 2385 1863 1741 2299 2386 1864 1742 2300 
1963 2386 1864 1742 2300 1561 1300 1239 1518 
1964 453 563 575 449 1693 1913 1937 1685 
1965 1693 1913 1937 1685 1694 1914 1938 1686 
1966 1694 1914 1938 1686 1215 1325 1337 1211 
1967 778 481 773 542 2343 1749 2333 1871 
1968 2343 1749 2333 1871 2344 1750 2334 1872 
1969 2344 1750 2334 1872 1540 1243 1535 1304 
1970 633 583 456 504 2053 1953 1699 1795 
1971 2053 1953 1699 1795 2054 1954 1700 1796 
1972 2054 1954 1700 1796 1395 1345 1218 1266 
1973 543 779 756 477 1873 2345 2299 1741 
1974 1873 2345 2299 1741 1874 2346 2300 1742 
1975 1874 2346 2300 1742 1305 1541 1518 1239 
1976 802 625 605 410 2391 2037 1997 1607 
1977 2391 2037 1997 1607 2392 2038 1998 1608 
1978 2392 2038 1998 1608 1564 1387 1367 1172 
1979 803 624 606 415 2393 2035 1999 1617 
1980 2393 2035 1999 1617 2394 2036 2000 1618 
1981 2394 2036 2000 1618 1565 1386 1368 1177 
1982 75 720 547 76 911 2227 1881 913 
1983 911 2227 1881 913 912 2228 1882 914 
1984 912 2228 1882 914 259 1482 1309 260 
1985 4 551 682 771 217 1889 2151 2329 
1986 217 1889 2151 2329 218 1890 2152 2330 
1987 218 1890 2152 2330 16 1313 1444 1533 
1988 2 552 681 772 199 1891 2149 2331 
1989 199 1891 2149 2331 200 1892 2150 2332 
1990 200 1892 2150 2332 14 1314 1443 1534 
1991 114 724 558 115 989 2235 1903 991 
1992 989 2235 1903 991 990 2236 1904 992 
1993 990 2236 1904 992 302 1486 1320 303 
1994 98 723 559 99 957 2233 1905 959 
1995 957 2233 1905 959 958 2234 1906 960 
1996 958 2234 1906 960 286 1485 1321 287 
1997 83 726 562 84 927 2239 1911 929 
1998 927 2239 1911 929 928 2240 1912 930 
1999 928 2240 1912 930 267 1488 1324 268 
2000 504 553 11 633 1795 1893 351 2053 
2001 1795 1893 351 2053 1796 1894 352 2054 
2002 1796 1894 352 2054 1266 1315 23 1395 
2003 505 554 5 635 1797 1895 233 2057 
2004 1797 1895 233 2057 1798 1896 234 2058 
2005 1798 1896 234 2058 1267 1316 17 1397 
2006 627 499 432 524 2041 1785 1651 1835 
2007 2041 1785 1651 1835 2042 1786 1652 1836 
2008 2042 1786 1652 1836 1389 1261 1194 1286 
2009 795 540 623 478 2377 1867 2033 1743 
2010 2377 1867 2033 1743 2378 1868 2034 1744 
2011 2378 1868 2034 1744 1557 1302 1385 1240 
2012 654 527 434 493 2095 1841 1655 1773 
2013 2095 1841 1655 1773 2096 1842 1656 1774 
2014 2096 1842 1656 1774 1416 1289 1196 1255 
2015 178 177 550 746 1117 1115 1887 2279 
2016 1117 1115 1887 2279 1118 1116 1888 2280 
2017 1118 1116 1888 2280 374 373 1312 1508 
2018 70 69 549 747 901 899 1885 2281 
2019 901 899 1885 2281 902 900 1886 2282 
2020 902 900 1886 2282 254 253 1311 1509 
2021 668 510 459 509 2123 1807 1705 1805 
2022 2123 1807 1705 1805 2124 1808 1706 1806 
2023 2124 1808 1706 1806 1430 1272 1221 1271 
2024 584 121 120 691 1955 1003 1001 2169 
2025 1955 1003 1001 2169 1956 1004 1002 2170 
2026 1956 1004 1002 2170 1346 309 308 1453 
2027 623 122 121 584 2033 1005 1003 1955 
2028 2033 1005 1003 1955 2034 1006 1004 1956 
2029 2034 1006 1004 1956 1385 310 309 1346 
2030 679 678 508 669 2145 2143 1803 2125 
2031 2145 2143 1803 2125 2146 2144 1804 2126 
2032 2146 2144 1804 2126 1441 1440 1270 1431 
2033 656 525 444 742 2099 1837 1675 2271 
2034 2099 1837 1675 2271 2100 1838 1676 2272 
2035 2100 1838 1676 2272 1418 1287 1206 1504 
2036 657 526 443 513 2101 1839 1673 1813 
2037 2101 1839 1673 1813 2102 1840 1674 1814 
2038 2102 1840 1674 1814 1419 1288 1205 1275 
2039 651 531 431 496 2089 1849 1649 1779 
2040 2089 1849 1649 1779 2090 1850 1650 1780 
2041 2090 1850 1650 1780 1413 1293 1193 1258 
2042 799 615 798 538 2385 2017 2383 1863 
2043 2385 2017 2383 1863 2386 2018 2384 1864 
2044 2386 2018 2384 1864 1561 1377 1560 1300 
2045 786 717 585 411 2359 2221 1957 1609 
2046 2359 2221 1957 1609 2360 2222 1958 1610 
2047 2360 2222 1958 1610 1548 1479 1347 1173 
2048 785 716 586 416 2357 2219 1959 1619 
2049 2357 2219 1959 1619 2358 2220 1960 1620 
2050 2358 2220 1960 1620 1547 1478 1348 1178 
2051 646 529 435 494 2079 1845 1657 1775 
2052 2079 1845 1657 1775 2080 1846 1658 1776 
2053 2080 1846 1658 1776 1408 1291 1197 1256 
2054 642 530 436 495 2071 1847 1659 1777 
2055 2071 1847 1659 1777 2072 1848 1660 1778 
2056 2072 1848 1660 1778 1404 1292 1198 1257 
2057 641 494 436 530 2069 1775 1659 1847 
2058 2069 1775 1659 1847 2070 1776 1660 1848 
2059 2070 1776 1660 1848 1403 1256 1198 1292 
2060 643 528 429 491 2073 1843 1645 1769 
2061 2073 1843 1645 1769 2074 1844 1646 1770 
2062 2074 1844 1646 1770 1405 1290 1191 1253 
2063 640 734 433 492 2067 2255 1653 1771 
2064 2067 2255 1653 1771 2068 2256 1654 1772 
2065 2068 2256 1654 1772 1402 1496 1195 1254 
2066 644 649 438 497 2075 2085 1663 1781 
2067 2075 2085 1663 1781 2076 2086 1664 1782 
2068 2076 2086 1664 1782 1406 1411 1200 1259 
2069 645 648 440 498 2077 2083 1667 1783 
2070 2077 2083 1667 1783 2078 2084 1668 1784 
2071 2078 2084 1668 1784 1407 1410 1202 1260 
2072 647 500 435 529 2081 1787 1657 1845 
2073 2081 1787 1657 1845 2082 1788 1658 1846 
2074 2082 1788 1658 1846 1409 1262 1197 1291 
2075 664 514 474 583 2115 1815 1735 1953 
2076 2115 1815 1735 1953 2116 1816 1736 1954 
2077 2116 1816 1736 1954 1426 1276 1236 1345 
2078 599 151 150 692 1985 1063 1061 2171 
2079 1985 1063 1061 2171 1986 1064 1062 2172 
2080 1986 1064 1062 2172 1361 343 342 1454 
2081 655 507 434 527 2097 1801 1655 1841 
2082 2097 1801 1655 1841 2098 1802 1656 1842 
2083 2098 1802 1656 1842 1417 1269 1196 1289 
2084 780 412 589 413 2347 1611 1965 1613 
2085 2347 1611 1965 1613 2348 1612 1966 1614 
2086 2348 1612 1966 1614 1542 1174 1351 1175 
2087 78 750 569 79 917 2287 1925 919 
2088 917 2287 1925 919 918 2288 1926 920 
2089 918 2288 1926 920 262 1512 1331 263 
2090 693 152 151 599 2173 1065 1063 1985 
2091 2173 1065 1063 1985 2174 1066 1064 1986 
2092 2174 1066 1064 1986 1455 344 343 1361 
2093 653 680 519 532 2093 2147 1825 1851 
2094 2093 2147 1825 1851 2094 2148 1826 1852 
2095 2094 2148 1826 1852 1415 1442 1281 1294 
2096 797 464 426 792 2381 1715 1639 2371 
2097 2381 1715 1639 2371 2382 1716 1640 2372 
2098 2382 1716 1640 2372 1559 1226 1188 1554 
2099 396 573 448 808 1579 1933 1683 2403 
2100 1579 1933 1683 2403 1580 1934 1684 2404 
2101 1580 1934 1684 2404 1158 1335 1210 1570 
2102 590 156 155 733 1967 1073 1071 2253 
2103 1967 1073 1071 2253 1968 1074 1072 2254 
2104 1968 1074 1072 2254 1352 348 347 1495 
2105 766 157 156 590 2319 1075 1073 1967 
2106 2319 1075 1073 1967 2320 1076 1074 1968 
2107 2320 1076 1074 1968 1528 349 348 1352 
2108 696 118 117 600 2179 997 995 1987 
2109 2179 997 995 1987 2180 998 996 1988 
2110 2180 998 996 1988 1458 306 305 1362 
2111 731 592 164 163 2249 1971 1089 1087 
2112 2249 1971 1089 1087 2250 1972 1090 1088 
2113 2250 1972 1090 1088 1493 1354 360 359 
2114 732 593 56 55 2251 1973 873 871 
2115 2251 1973 873 871 2252 1974 874 872 
2116 2252 1974 874 872 1494 1355 240 239 
2117 591 110 109 739 1969 981 979 2265 
2118 1969 981 979 2265 1970 982 980 2266 
2119 1970 982 980 2266 1353 298 297 1501 
2120 594 94 93 735 1975 949 947 2257 
2121 1975 949 947 2257 1976 950 948 2258 
2122 1976 950 948 2258 1356 282 281 1497 
2123 600 117 116 695 1987 995 993 2177 
2124 1987 995 993 2177 1988 996 994 2178 
2125 1988 996 994 2178 1362 305 304 1457 
2126 661 36 35 618 2109 833 831 2023 
2127 2109 833 831 2023 2110 834 832 2024 
2128 2110 834 832 2024 1423 214 213 1380 
2129 662 50 49 617 2111 861 859 2021 
2130 2111 861 859 2021 2112 862 860 2022 
2131 2112 862 860 2022 1424 230 229 1379 
2132 595 147 146 738 1977 1055 1053 2263 
2133 1977 1055 1053 2263 1978 1056 1054 2264 
2134 1978 1056 1054 2264 1357 339 338 1500 
2135 702 95 94 594 2191 951 949 1975 
2136 2191 951 949 1975 2192 952 950 1976 
2137 2192 952 950 1976 1464 283 282 1356 
2138 592 697 165 164 1971 2181 1091 1089 
2139 1971 2181 1091 1089 1972 2182 1092 1090 
2140 1972 2182 1092 1090 1354 1459 361 360 
2141 593 698 57 56 1973 2183 875 873 
2142 1973 2183 875 873 1974 2184 876 874 
2143 1974 2184 876 874 1355 1460 241 240 
2144 701 111 110 591 2189 983 981 1969 
2145 2189 983 981 1969 2190 984 982 1970 
2146 2190 984 982 1970 1463 299 298 1353 
2147 703 148 147 595 2193 1057 1055 1977 
2148 2193 1057 1055 1977 2194 1058 1056 1978 
2149 2194 1058 1056 1978 1465 340 339 1357 
2150 602 706 68 67 1991 2199 897 895 
2151 1991 2199 897 895 1992 2200 898 896 
2152 1992 2200 898 896 1364 1468 252 251 
2153 601 707 176 175 1989 2201 1113 1111 
2154 1989 2201 1113 1111 1990 2202 1114 1112 
2155 1990 2202 1114 1112 1363 1469 372 371 
2156 704 601 175 174 2195 1989 1111 1109 
2157 2195 1989 1111 1109 2196 1990 1112 1110 
2158 2196 1990 1112 1110 1466 1363 371 370 
2159 705 602 67 66 2197 1991 895 893 
2160 2197 1991 895 893 2198 1992 896 894 
2161 2198 1992 896 894 1467 1364 251 250 
2162 710 603 171 170 2207 1993 1103 1101 
2163 2207 1993 1103 1101 2208 1994 1104 1102 
2164 2208 1994 1104 1102 1472 1365 367 366 
2165 711 604 63 62 2209 1995 887 885 
2166 2209 1995 887 885 2210 1996 888 886 
2167 2210 1996 888 886 1473 1366 247 246 
2168 603 709 172 171 1993 2205 1105 1103 
2169 1993 2205 1105 1103 1994 2206 1106 1104 
2170 1994 2206 1106 1104 1365 1471 368 367 
2171 604 708 64 63 1995 2203 889 887 
2172 1995 2203 889 887 1996 2204 890 888 
2173 1996 2204 890 888 1366 1470 248 247 
2174 790 7 88 632 2367 271 937 2051 
2175 2367 271 937 2051 2368 272 938 2052 
2176 2368 272 938 2052 1552 19 274 1394 
2177 737 142 141 596 2261 1045 1043 1979 
2178 2261 1045 1043 1979 2262 1046 1044 1980 
2179 2262 1046 1044 1980 1499 334 333 1358 
2180 596 141 140 712 1979 1043 1041 2211 
2181 1979 1043 1041 2211 1980 1044 1042 2212 
2182 1980 1044 1042 2212 1358 333 332 1474 
2183 535 557 7 790 1857 1901 271 2367 
2184 1857 1901 271 2367 1858 1902 272 2368 
2185 1858 1902 272 2368 1297 1319 19 1552 
2186 777 804 490 424 2341 2395 1767 1635 
2187 2341 2395 1767 1635 2342 2396 1768 1636 
2188 2342 2396 1768 1636 1539 1566 1252 1186 
2189 569 750 671 489 1925 2287 2129 1765 
2190 1925 2287 2129 1765 1926 2288 2130 1766 
2191 1926 2288 2130 1766 1331 1512 1433 1251 
2192 568 751 670 488 1923 2289 2127 1763 
2193 1923 2289 2127 1763 1924 2290 2128 1764 
2194 1924 2290 2128 1764 1330 1513 1432 1250 
2195 795 587 563 453 2377 1961 1913 1693 
2196 2377 1961 1913 1693 2378 1962 1914 1694 
2197 2378 1962 1914 1694 1557 1349 1325 1215 
2198 607 788 661 536 2001 2363 2109 1859 
2199 2001 2363 2109 1859 2002 2364 2110 1860 
2200 2002 2364 2110 1860 1369 1550 1423 1298 
2201 608 789 662 537 2003 2365 2111 1861 
2202 2003 2365 2111 1861 2004 2366 2112 1862 
2203 2004 2366 2112 1862 1370 1551 1424 1299 
2204 703 807 430 520 2193 2401 1647 1827 
2205 2193 2401 1647 1827 2194 2402 1648 1828 
2206 2194 2402 1648 1828 1465 1569 1192 1282 
2207 407 796 435 753 1601 2379 1657 2293 
2208 1601 2379 1657 2293 1602 2380 1658 2294 
2209 1602 2380 1658 2294 1169 1558 1197 1515 
2210 615 799 46 45 2017 2385 853 851 
2211 2017 2385 853 851 2018 2386 854 852 
2212 2018 2386 854 852 1377 1561 226 225 
2213 802 410 585 717 2391 1607 1957 2221 
2214 2391 1607 1957 2221 2392 1608 1958 2222 
2215 2392 1608 1958 2222 1564 1172 1347 1479 
2216 803 415 586 716 2393 1617 1959 2219 
2217 2393 1617 1959 2219 2394 1618 1960 2220 
2218 2394 1618 1960 2220 1565 1177 1348 1478 
2219 464 797 434 507 1715 2381 1655 1801 
2220 1715 2381 1655 1801 1716 2382 1656 1802 
2221 1716 2382 1656 1802 1226 1559 1196 1269 
2222 700 465 439 785 2187 1717 1665 2357 
2223 2187 1717 1665 2357 2188 1718 1666 2358 
2224 2188 1718 1666 2358 1462 1227 1201 1547 
2225 714 470 444 780 2215 1727 1675 2347 
2226 2215 1727 1675 2347 2216 1728 1676 2348 
2227 2216 1728 1676 2348 1476 1232 1206 1542 
2228 781 713 489 469 2349 2213 1765 1725 
2229 2349 2213 1765 1725 2350 2214 1766 1726 
2230 2350 2214 1766 1726 1543 1475 1251 1231 
2231 783 467 485 715 2353 1721 1757 2217 
2232 2353 1721 1757 2217 2354 1722 1758 2218 
2233 2354 1722 1758 2218 1545 1229 1247 1477 
2234 784 468 487 446 2355 1723 1761 1679 
2235 2355 1723 1761 1679 2356 1724 1762 1680 
2236 2356 1724 1762 1680 1546 1230 1249 1208 
2237 769 495 572 690 2325 1777 1931 2167 
2238 2325 1777 1931 2167 2326 1778 1932 2168 
2239 2326 1778 1932 2168 1531 1257 1334 1452 
2240 613 722 168 167 2013 2231 1097 1095 
2241 2013 2231 1097 1095 2014 2232 1098 1096 
2242 2014 2232 1098 1096 1375 1484 364 363 
2243 614 721 60 59 2015 2229 881 879 
2244 2015 2229 881 879 2016 2230 882 880 
2245 2016 2230 882 880 1376 1483 244 243 
2246 611 719 184 183 2009 2225 1129 1127 
2247 2009 2225 1129 1127 2010 2226 1130 1128 
2248 2010 2226 1130 1128 1373 1481 380 379 
2249 720 75 74 612 2227 911 909 2011 
2250 2227 911 909 2011 2228 912 910 2012 
2251 2228 912 910 2012 1482 259 258 1374 
2252 742 611 183 182 2271 2009 1127 1125 
2253 2271 2009 1127 1125 2272 2010 1128 1126 
2254 2272 2010 1128 1126 1504 1373 379 378 
2255 612 74 73 743 2011 909 907 2273 
2256 2011 909 907 2273 2012 910 908 2274 
2257 2012 910 908 2274 1374 258 257 1505 
2258 759 613 167 166 2305 2013 1095 1093 
2259 2305 2013 1095 1093 2306 2014 1096 1094 
2260 2306 2014 1096 1094 1521 1375 363 362 
2261 758 614 59 58 2303 2015 879 877 
2262 2303 2015 879 877 2304 2016 880 878 
2263 2304 2016 880 878 1520 1376 243 242 
2264 419 801 442 793 1625 2389 1671 2373 
2265 1625 2389 1671 2373 1626 2390 1672 2374 
2266 1626 2390 1672 2374 1181 1563 1204 1555 
2267 794 414 459 800 2375 1615 1705 2387 
2268 2375 1615 1705 2387 2376 1616 1706 2388 
2269 2376 1616 1706 2388 1556 1176 1221 1562 
2270 799 756 47 46 2385 2299 855 853 
2271 2385 2299 855 853 2386 2300 856 854 
2272 2386 2300 856 854 1561 1518 227 226 
2273 723 98 97 619 2233 957 955 2025 
2274 2233 957 955 2025 2234 958 956 2026 
2275 2234 958 956 2026 1485 286 285 1381 
2276 724 114 113 620 2235 989 987 2027 
2277 2235 989 987 2027 2236 990 988 2028 
2278 2236 990 988 2028 1486 302 301 1382 
2279 572 499 627 727 1931 1785 2041 2241 
2280 1931 1785 2041 2241 1932 1786 2042 2242 
2281 1932 1786 2042 2242 1334 1261 1389 1489 
2282 726 83 82 621 2239 927 925 2029 
2283 2239 927 925 2029 2240 928 926 2030 
2284 2240 928 926 2030 1488 267 266 1383 
2285 622 725 192 191 2031 2237 1145 1143 
2286 2031 2237 1145 1143 2032 2238 1146 1144 
2287 2032 2238 1146 1144 1384 1487 388 387 
2288 619 97 96 757 2025 955 953 2301 
2289 2025 955 953 2301 2026 956 954 2302 
2290 2026 956 954 2302 1381 285 284 1519 
2291 620 113 112 768 2027 987 985 2323 
2292 2027 987 985 2323 2028 988 986 2324 
2293 2028 988 986 2324 1382 301 300 1530 
2294 621 82 81 764 2029 925 923 2315 
2295 2029 925 923 2315 2030 926 924 2316 
2296 2030 926 924 2316 1383 266 265 1526 
2297 763 622 191 190 2313 2031 1143 1141 
2298 2313 2031 1143 1141 2314 2032 1144 1142 
2299 2314 2032 1144 1142 1525 1384 387 386 
2300 405 665 429 718 1597 2117 1645 2223 
2301 1597 2117 1645 2223 1598 2118 1646 2224 
2302 1598 2118 1646 2224 1167 1427 1191 1480 
2303 609 776 575 394 2005 2339 1937 1575 
2304 2005 2339 1937 1575 2006 2340 1938 1576 
2305 2006 2340 1938 1576 1371 1538 1337 1156 
2306 627 138 137 727 2041 1037 1035 2241 
2307 2041 1037 1035 2241 2042 1038 1036 2242 
2308 2042 1038 1036 2242 1389 330 329 1489 
2309 762 139 138 627 2311 1039 1037 2041 
2310 2311 1039 1037 2041 2312 1040 1038 2042 
2311 2312 1040 1038 2042 1524 331 330 1389 
2312 804 777 663 403 2395 2341 2113 1593 
2313 2395 2341 2113 1593 2396 2342 2114 1594 
2314 2396 2342 2114 1594 1566 1539 1425 1165 
2315 734 91 90 639 2255 943 941 2065 
2316 2255 943 941 2065 2256 944 942 2066 
2317 2256 944 942 2066 1496 279 278 1401 
2318 639 90 89 728 2065 941 939 2243 
2319 2065 941 939 2243 2066 942 940 2244 
2320 2066 942 940 2244 1401 278 277 1490 
2321 729 642 134 133 2245 2071 1029 1027 
2322 2245 2071 1029 1027 2246 2072 1030 1028 
2323 2246 2072 1030 1028 1491 1404 326 325 
2324 733 155 154 643 2253 1071 1069 2073 
2325 2253 1071 1069 2073 2254 1072 1070 2074 
2326 2254 1072 1070 2074 1495 347 346 1405 
2327 641 729 133 132 2069 2245 1027 1025 
2328 2069 2245 1027 1025 2070 2246 1028 1026 
2329 2070 2246 1028 1026 1403 1491 325 324 
2330 740 641 132 131 2267 2069 1025 1023 
2331 2267 2069 1025 1023 2268 2070 1026 1024 
2332 2268 2070 1026 1024 1502 1403 324 323 
2333 649 644 162 161 2085 2075 1085 1083 
2334 2085 2075 1085 1083 2086 2076 1086 1084 
2335 2086 2076 1086 1084 1411 1406 358 357 
2336 648 645 54 53 2083 2077 869 867 
2337 2083 2077 869 867 2084 2078 870 868 
2338 2084 2078 870 868 1410 1407 238 237 
2339 644 731 163 162 2075 2249 1087 1085 
2340 2075 2249 1087 1085 2076 2250 1088 1086 
2341 2076 2250 1088 1086 1406 1493 359 358 
2342 645 732 55 54 2077 2251 871 869 
2343 2077 2251 871 869 2078 2252 872 870 
2344 2078 2252 872 870 1407 1494 239 238 
2345 640 92 91 734 2067 945 943 2255 
2346 2067 945 943 2255 2068 946 944 2256 
2347 2068 946 944 2256 1402 280 279 1496 
2348 735 93 92 640 2257 947 945 2067 
2349 2257 947 945 2067 2258 948 946 2068 
2350 2258 948 946 2068 1497 281 280 1402 
2351 647 730 129 128 2081 2247 1019 1017 
2352 2081 2247 1019 1017 2082 2248 1020 1018 
2353 2082 2248 1020 1018 1409 1492 321 320 
2354 741 647 128 127 2269 2081 1017 1015 
2355 2269 2081 1017 1015 2270 2082 1018 1016 
2356 2270 2082 1018 1016 1503 1409 320 319 
2357 736 144 143 650 2259 1049 1047 2087 
2358 2259 1049 1047 2087 2260 1050 1048 2088 
2359 2260 1050 1048 2088 1498 336 335 1412 
2360 650 143 142 737 2087 1047 1045 2261 
2361 2087 1047 1045 2261 2088 1048 1046 2262 
2362 2088 1048 1046 2262 1412 335 334 1499 
2363 651 145 144 736 2089 1051 1049 2259 
2364 2089 1051 1049 2259 2090 1052 1050 2260 
2365 2090 1052 1050 2260 1413 337 336 1498 
2366 738 146 145 651 2263 1053 1051 2089 
2367 2263 1053 1051 2089 2264 1054 1052 2090 
2368 2264 1054 1052 2090 1500 338 337 1413 
2369 730 646 130 129 2247 2079 1021 1019 
2370 2247 2079 1021 1019 2248 2080 1022 1020 
2371 2248 2080 1022 1020 1492 1408 322 321 
2372 646 740 131 130 2079 2267 1023 1021 
2373 2079 2267 1023 1021 2080 2268 1024 1022 
2374 2080 2268 1024 1022 1408 1502 323 322 
2375 643 154 153 765 2073 1069 1067 2317 
2376 2073 1069 1067 2317 2074 1070 1068 2318 
2377 2074 1070 1068 2318 1405 346 345 1527 
2378 653 652 126 125 2093 2091 1013 1011 
2379 2093 2091 1013 1011 2094 2092 1014 1012 
2380 2094 2092 1014 1012 1415 1414 318 317 
2381 652 741 127 126 2091 2269 1015 1013 
2382 2091 2269 1015 1013 2092 2270 1016 1014 
2383 2092 2270 1016 1014 1414 1503 319 318 
2384 654 108 107 745 2095 977 975 2277 
2385 2095 977 975 2277 2096 978 976 2278 
2386 2096 978 976 2278 1416 296 295 1507 
2387 739 109 108 654 2265 979 977 2095 
2388 2265 979 977 2095 2266 980 978 2096 
2389 2266 980 978 2096 1501 297 296 1416 
2390 745 107 106 655 2277 975 973 2097 
2391 2277 975 973 2097 2278 976 974 2098 
2392 2278 976 974 2098 1507 295 294 1417 
2393 495 769 134 642 1777 2325 1029 2071 
2394 1777 2325 1029 2071 1778 2326 1030 2072 
2395 1778 2326 1030 2072 1257 1531 326 1404 
2396 805 791 574 406 2397 2369 1935 1599 
2397 2397 2369 1935 1599 2398 2370 1936 1600 
2398 2398 2370 1936 1600 1567 1553 1336 1168 
2399 656 742 182 181 2099 2271 1125 1123 
2400 2099 2271 1125 1123 2100 2272 1126 1124 
2401 2100 2272 1126 1124 1418 1504 378 377 
2402 748 656 181 180 2283 2099 1123 1121 
2403 2283 2099 1123 1121 2284 2100 1124 1122 
2404 2284 2100 1124 1122 1510 1418 377 376 
2405 744 657 73 72 2275 2101 907 905 
2406 2275 2101 907 905 2276 2102 908 906 
2407 2276 2102 908 906 1506 1419 257 256 
2408 655 106 105 752 2097 973 971 2291 
2409 2097 973 971 2291 2098 974 972 2292 
2410 2098 974 972 2292 1417 294 293 1514 
2411 746 658 179 178 2279 2103 1119 1117 
2412 2279 2103 1119 1117 2280 2104 1120 1118 
2413 2280 2104 1120 1118 1508 1420 375 374 
2414 658 748 180 179 2103 2283 1121 1119 
2415 2103 2283 1121 1119 2104 2284 1122 1120 
2416 2104 2284 1122 1120 1420 1510 376 375 
2417 747 659 71 70 2281 2105 903 901 
2418 2281 2105 903 901 2282 2106 904 902 
2419 2282 2106 904 902 1509 1421 255 254 
2420 659 744 72 71 2105 2275 905 903 
2421 2105 2275 905 903 2106 2276 906 904 
2422 2106 2276 906 904 1421 1506 256 255 
2423 641 740 646 494 2069 2267 2079 1775 
2424 2069 2267 2079 1775 2070 2268 2080 1776 
2425 2070 2268 2080 1776 1403 1502 1408 1256 
2426 394 806 403 663 1575 2399 1593 2113 
2427 1575 2399 1593 2113 1576 2400 1594 2114 
2428 1576 2400 1594 2114 1156 1568 1165 1425 
2429 647 741 652 500 2081 2269 2091 1787 
2430 2081 2269 2091 1787 2082 2270 2092 1788 
2431 2082 2270 2092 1788 1409 1503 1414 1262 
2432 737 501 531 650 2261 1789 1849 2087 
2433 2261 1789 1849 2087 2262 1790 1850 2088 
2434 2262 1790 1850 2088 1499 1263 1293 1412 
2435 664 766 590 514 2115 2319 1967 1815 
2436 2115 2319 1967 1815 2116 2320 1968 1816 
2437 2116 2320 1968 1816 1426 1528 1352 1276 
2438 670 751 187 186 2127 2289 1135 1133 
2439 2127 2289 1135 1133 2128 2290 1136 1134 
2440 2128 2290 1136 1134 1432 1513 383 382 
2441 750 78 77 671 2287 917 915 2129 
2442 2287 917 915 2129 2288 918 916 2130 
2443 2288 918 916 2130 1512 262 261 1433 
2444 759 697 592 511 2305 2181 1971 1809 
2445 2305 2181 1971 1809 2306 2182 1972 1810 
2446 2306 2182 1972 1810 1521 1459 1354 1273 
2447 752 105 104 673 2291 971 969 2133 
2448 2291 971 969 2133 2292 972 970 2134 
2449 2292 972 970 2134 1514 293 292 1435 
2450 672 102 101 754 2131 965 963 2295 
2451 2131 965 963 2295 2132 966 964 2296 
2452 2132 966 964 2296 1434 290 289 1516 
2453 754 101 100 676 2295 963 961 2139 
2454 2295 963 961 2139 2296 964 962 2140 
2455 2296 964 962 2140 1516 289 288 1438 
2456 677 510 12 194 2141 1807 355 1149 
2457 2141 1807 355 1149 2142 1808 356 1150 
2458 2142 1808 356 1150 1439 1272 24 390 
2459 679 86 85 678 2145 933 931 2143 
2460 2145 933 931 2143 2146 934 932 2144 
2461 2146 934 932 2144 1441 270 269 1440 
2462 672 754 676 506 2131 2295 2139 1799 
2463 2131 2295 2139 1799 2132 2296 2140 1800 
2464 2132 2296 2140 1800 1434 1516 1438 1268 
2465 590 733 643 491 1967 2253 2073 1769 
2466 1967 2253 2073 1769 1968 2254 2074 1770 
2467 1968 2254 2074 1770 1352 1495 1405 1253 
2468 591 739 654 493 1969 2265 2095 1773 
2469 1969 2265 2095 1773 1970 2266 2096 1774 
2470 1970 2266 2096 1774 1353 1501 1416 1255 
2471 593 732 645 498 1973 2251 2077 1783 
2472 1973 2251 2077 1783 1974 2252 2078 1784 
2473 1974 2252 2078 1784 1355 1494 1407 1260 
2474 592 731 644 497 1971 2249 2075 1781 
2475 1971 2249 2075 1781 1972 2250 2076 1782 
2476 1972 2250 2076 1782 1354 1493 1406 1259 
2477 594 735 640 492 1975 2257 2067 1771 
2478 1975 2257 2067 1771 1976 2258 2068 1772 
2479 1976 2258 2068 1772 1356 1497 1402 1254 
2480 595 738 651 496 1977 2263 2089 1779 
2481 1977 2263 2089 1779 1978 2264 2090 1780 
2482 1978 2264 2090 1780 1357 1500 1413 1258 
2483 773 481 539 808 2333 1749 1865 2403 
2484 2333 1749 1865 2403 2334 1750 1866 2404 
2485 2334 1750 1866 2404 1535 1243 1301 1570 
2486 685 763 190 189 2157 2313 1141 1139 
2487 2157 2313 1141 1139 2158 2314 1142 1140 
2488 2158 2314 1142 1140 1447 1525 386 385 
2489 764 81 80 686 2315 923 921 2159 
2490 2315 923 921 2159 2316 924 922 2160 
2491 2316 924 922 2160 1526 265 264 1448 
2492 502 632 6 669 1791 2051 235 2125 
2493 1791 2051 235 2125 1792 2052 236 2126 
2494 1792 2052 236 2126 1264 1394 18 1431 
2495 664 158 157 766 2115 1077 1075 2319 
2496 2115 1077 1075 2319 2116 1078 1076 2320 
2497 2116 1078 1076 2320 1426 350 349 1528 
2498 623 584 450 478 2033 1955 1687 1743 
2499 2033 1955 1687 1743 2034 1956 1688 1744 
2500 2034 1956 1688 1744 1385 1346 1212 1240 
2501 690 135 134 769 2167 1031 1029 2325 
2502 2167 1031 1029 2325 2168 1032 1030 2326 
2503 2168 1032 1030 2326 1452 327 326 1531 
2504 496 807 703 595 1779 2401 2193 1977 
2505 1779 2401 2193 1977 1780 2402 2194 1978 
2506 1780 2402 2194 1978 1258 1569 1465 1357 
2507 737 596 432 501 2261 1979 1651 1789 
2508 2261 1979 1651 1789 2262 1980 1652 1790 
2509 2262 1980 1652 1790 1499 1358 1194 1263 
2510 691 120 119 760 2169 1001 999 2307 
2511 2169 1001 999 2307 2170 1002 1000 2308 
2512 2170 1002 1000 2308 1453 308 307 1522 
2513 655 752 673 507 2097 2291 2133 1801 
2514 2097 2291 2133 1801 2098 2292 2134 1802 
2515 2098 2292 2134 1802 1417 1514 1435 1269 
2516 692 150 149 761 2171 1061 1059 2309 
2517 2171 1061 1059 2309 2172 1062 1060 2310 
2518 2172 1062 1060 2310 1454 342 341 1523 
2519 765 153 152 693 2317 1067 1065 2173 
2520 2317 1067 1065 2173 2318 1068 1066 2174 
2521 2318 1068 1066 2174 1527 345 344 1455 
2522 760 119 118 696 2307 999 997 2179 
2523 2307 999 997 2179 2308 1000 998 2180 
2524 2308 1000 998 2180 1522 307 306 1458 
2525 757 96 95 702 2301 953 951 2191 
2526 2301 953 951 2191 2302 954 952 2192 
2527 2302 954 952 2192 1519 284 283 1464 
2528 698 758 58 57 2183 2303 877 875 
2529 2183 2303 877 875 2184 2304 878 876 
2530 2184 2304 878 876 1460 1520 242 241 
2531 697 759 166 165 2181 2305 1093 1091 
2532 2181 2305 1093 1091 2182 2306 1094 1092 
2533 2182 2306 1094 1092 1459 1521 362 361 
2534 761 149 148 703 2309 1059 1057 2193 
2535 2309 1059 1057 2193 2310 1060 1058 2194 
2536 2310 1060 1058 2194 1523 341 340 1465 
2537 767 704 174 173 2321 2195 1109 1107 
2538 2321 2195 1109 1107 2322 2196 1110 1108 
2539 2322 2196 1110 1108 1529 1466 370 369 
2540 755 705 66 65 2297 2197 893 891 
2541 2297 2197 893 891 2298 2198 894 892 
2542 2298 2198 894 892 1517 1467 250 249 
2543 768 112 111 701 2323 985 983 2189 
2544 2323 985 983 2189 2324 986 984 2190 
2545 2324 986 984 2190 1530 300 299 1463 
2546 709 767 173 172 2205 2321 1107 1105 
2547 2205 2321 1107 1105 2206 2322 1108 1106 
2548 2206 2322 1108 1106 1471 1529 369 368 
2549 708 755 65 64 2203 2297 891 889 
2550 2203 2297 891 889 2204 2298 892 890 
2551 2204 2298 892 890 1470 1517 249 248 
2552 712 140 139 762 2211 1041 1039 2311 
2553 2211 1041 1039 2311 2212 1042 1040 2312 
2554 2212 1042 1040 2312 1474 332 331 1524 
2555 680 634 668 503 2147 2055 2123 1793 
2556 2147 2055 2123 1793 2148 2056 2124 1794 
2557 2148 2056 2124 1794 1442 1396 1430 1265 
2558 411 699 466 786 1609 2185 1719 2359 
2559 1609 2185 1719 2359 1610 2186 1720 2360 
2560 1610 2186 1720 2360 1173 1461 1228 1548 
2561 785 416 775 700 2357 1619 2337 2187 
2562 2357 1619 2337 2187 2358 1620 2338 2188 
2563 2358 1620 2338 2188 1547 1178 1537 1462 
2564 763 685 568 517 2313 2157 1923 1821 
2565 2313 2157 1923 1821 2314 2158 1924 1822 
2566 2314 2158 1924 1822 1525 1447 1330 1279 
2567 784 446 774 412 2355 1679 2335 1611 
2568 2355 1679 2335 1611 2356 1680 2336 1612 
2569 2356 1680 2336 1612 1546 1208 1536 1174 
2570 715 417 782 783 2217 1621 2351 2353 
2571 2217 1621 2351 2353 2218 1622 2352 2354 
2572 2218 1622 2352 2354 1477 1179 1544 1545 
2573 780 413 794 714 2347 1613 2375 2215 
2574 2347 1613 2375 2215 2348 1614 2376 2216 
2575 2348 1614 2376 2216 1542 1175 1556 1476 
2576 713 781 782 418 2213 2349 2351 1623 
2577 2213 2349 2351 1623 2214 2350 2352 1624 
2578 2214 2350 2352 1624 1475 1543 1544 1180 
2579 692 761 703 520 2171 2309 2193 1827 
2580 2171 2309 2193 1827 2172 2310 2194 1828 
2581 2172 2310 2194 1828 1454 1523 1465 1282 
2582 708 523 705 755 2203 1833 2197 2297 
2583 2203 1833 2197 2297 2204 1834 2198 2298 
2584 2204 1834 2198 2298 1470 1285 1467 1517 
2585 709 522 704 767 2205 1831 2195 2321 
2586 2205 1831 2195 2321 2206 1832 2196 2322 
2587 2206 1832 2196 2322 1471 1284 1466 1529 
2588 691 760 696 521 2169 2307 2179 1829 
2589 2169 2307 2179 1829 2170 2308 2180 1830 
2590 2170 2308 2180 1830 1453 1522 1458 1283 
2591 407 810 436 796 1601 2407 1659 2379 
2592 1601 2407 1659 2379 1602 2408 1660 2380 
2593 1602 2408 1660 2380 1169 1572 1198 1558 
2594 513 743 73 657 1813 2273 907 2101 
2595 1813 2273 907 2101 1814 2274 908 2102 
2596 1814 2274 908 2102 1275 1505 257 1419 
2597 759 511 466 613 2305 1809 1719 2013 
2598 2305 1809 1719 2013 2306 1810 1720 2014 
2599 2306 1810 1720 2014 1521 1273 1228 1375 
2600 614 758 698 512 2015 2303 2183 1811 
2601 2015 2303 2183 1811 2016 2304 2184 1812 
2602 2016 2304 2184 1812 1376 1520 1460 1274 
2603 743 513 469 612 2273 1813 1725 2011 
2604 2273 1813 1725 2011 2274 1814 1726 2012 
2605 2274 1814 1726 2012 1505 1275 1231 1374 
2606 619 757 702 516 2025 2301 2191 1819 
2607 2025 2301 2191 1819 2026 2302 2192 1820 
2608 2026 2302 2192 1820 1381 1519 1464 1278 
2609 620 768 701 515 2027 2323 2189 1817 
2610 2027 2323 2189 1817 2028 2324 2190 1818 
2611 2028 2324 2190 1818 1382 1530 1463 1277 
2612 632 502 535 790 2051 1791 1857 2367 
2613 2051 1791 1857 2367 2052 1792 1858 2368 
2614 2052 1792 1858 2368 1394 1264 1297 1552 
2615 621 764 686 518 2029 2315 2159 1823 
2616 2029 2315 2159 1823 2030 2316 2160 1824 
2617 2030 2316 2160 1824 1383 1526 1448 1280 
2618 763 517 472 622 2313 1821 1731 2031 
2619 2313 1821 1731 2031 2314 1822 1732 2032 
2620 2314 1822 1732 2032 1525 1279 1234 1384 
2621 627 524 712 762 2041 1835 2211 2311 
2622 2041 1835 2211 2311 2042 1836 2212 2312 
2623 2042 1836 2212 2312 1389 1286 1474 1524 
2624 643 765 693 528 2073 2317 2173 1843 
2625 2073 2317 2173 1843 2074 2318 2174 1844 
2626 2074 2318 2174 1844 1405 1527 1455 1290 
2627 641 530 642 729 2069 1847 2071 2245 
2628 2069 1847 2071 2245 2070 1848 2072 2246 
2629 2070 1848 2072 2246 1403 1292 1404 1491 
2630 646 730 647 529 2079 2247 2081 1845 
2631 2079 2247 2081 1845 2080 2248 2082 1846 
2632 2080 2248 2082 1846 1408 1492 1409 1291 
2633 651 736 650 531 2089 2259 2087 1849 
2634 2089 2259 2087 1849 2090 2260 2088 1850 
2635 2090 2260 2088 1850 1413 1498 1412 1293 
2636 653 532 500 652 2093 1851 1787 2091 
2637 2093 1851 1787 2091 2094 1852 1788 2092 
2638 2094 1852 1788 2092 1415 1294 1262 1414 
2639 655 527 654 745 2097 1841 2095 2277 
2640 2097 1841 2095 2277 2098 1842 2096 2278 
2641 2098 1842 2096 2278 1417 1289 1416 1507 
2642 659 526 657 744 2105 1839 2101 2275 
2643 2105 1839 2101 2275 2106 1840 2102 2276 
2644 2106 1840 2102 2276 1421 1288 1419 1506 
2645 658 525 656 748 2103 1837 2099 2283 
2646 2103 1837 2099 2283 2104 1838 2100 2284 
2647 2104 1838 2100 2284 1420 1287 1418 1510 
3 1 6 24
2648 88 87 632 937 935 2051 
2649 937 935 2051 938 936 2052 
2650 938 936 2052 274 273 1394 
2651 6 632 87 235 2051 935 
2652 235 2051 935 236 2052 936 
2653 236 2052 936 18 1394 273 
2654 159 633 160 1079 2053 1081 
2655 1079 2053 1081 1080 2054 1082 
2656 1080 2054 1082 353 1395 354 
2657 11 160 633 351 1081 2053 
2658 351 1081 2053 352 1082 2054 
2659 352 1082 2054 23 354 1395 
2660 123 635 124 1007 2057 1009 
2661 1007 2057 1009 1008 2058 1010 
2662 1008 2058 1010 311 1397 312 
2663 5 124 635 233 1009 2057 
2664 233 1009 2057 234 1010 2058 
2665 234 1010 2058 17 312 1397 
2666 196 195 634 1153 1151 2055 
2667 1153 1151 2055 1154 1152 2056 
2668 1154 1152 2056 392 391 1396 
2669 12 634 195 355 2055 1151 
2670 355 2055 1151 356 2056 1152 
2671 356 2056 1152 24 1396 391 
3 94 5 735
3357 2409 2425 2617 2417 2569 3121 3945 3025 
3358 2569 3121 3945 3025 2570 3155 3946 3026 
3359 2570 3155 3946 3026 2571 3189 3947 3027 
3360 2571 3189 3947 3027 2572 3223 3948 3028 
3361 2572 3223 3948 3028 2573 3257 3949 3029 
3362 2573 3257 3949 3029 2574 3291 3950 3030 
3363 2574 3291 3950 3030 17 237 2889 312 
3364 2417 2617 2618 2418 3025 3945 3951 3031 
3365 3025 3945 3951 3031 3026 3946 3952 3032 
3366 3026 3946 3952 3032 3027 3947 3953 3033 
3367 3027 3947 3953 3033 3028 3948 3954 3034 
3368 3028 3948 3954 3034 3029 3949 3955 3035 
3369 3029 3949 3955 3035 3030 3950 3956 3036 
3370 3030 3950 3956 3036 312 2889 2923 311 
3371 2418 2618 2459 2410 3031 3951 3325 2575 
3372 3031 3951 3325 2575 3032 3952 3359 2576 
3373 3032 3952 3359 2576 3033 3953 3393 2577 
3374 3033 3953 3393 2577 3034 3954 3427 2578 
3375 3034 3954 3427 2578 3035 3955 3461 2579 
3376 3035 3955 3461 2579 3036 3956 3495 2580 
3377 3036 3956 3495 2580 311 2923 310 20 
3378 2425 2426 2619 2617 3121 3122 3957 3945 
3379 3121 3122 3957 3945 3155 3156 3958 3946 
3380 3155 3156 3958 3946 3189 3190 3959 3947 
3381 3189 3190 3959 3947 3223 3224 3960 3948 
3382 3223 3224 3960 3948 3257 3258 3961 3949 
3383 3257 3258 3961 3949 3291 3292 3962 3950 
3384 3291 3292 3962 3950 237 238 2890 2889 
3385 2617 2619 2620 2618 3945 3957 3963 3951 
3386 3945 3957 3963 3951 3946 3958 3964 3952 
3387 3946 3958 3964 3952 3947 3959 3965 3953 
3388 3947 3959 3965 3953 3948 3960 3966 3954 
3389 3948 3960 3966 3954 3949 3961 3967 3955 
3390 3949 3961 3967 3955 3950 3962 3968 3956 
3391 3950 3962 3968 3956 2889 2890 2924 2923 
3392 2618 2620 2460 2459 3951 3963 3326 3325 
3393 3951 3963 3326 3325 3952 3964 3360 3359 
3394 3952 3964 3360 3359 3953 3965 3394 3393 
3395 3953 3965 3394 3393 3954 3966 3428 3427 
3396 3954 3966 3428 3427 3955 3967 3462 3461 
3397 3955 3967 3462 3461 3956 3968 3496 3495 
3398 3956 3968 3496 3495 2923 2924 309 310 
3399 2426 2427 2621 2619 3122 3123 3969 3957 
3400 3122 3123 3969 3957 3156 3157 3970 3958 
3401 3156 3157 3970 3958 3190 3191 3971 3959 
3402 3190 3191 3971 3959 3224 3225 3972 3960 
3403 3224 3225 3972 3960 3258 3259 3973 3961 
3404 3258 3259 3973 3961 3292 3293 3974 3962 
3405 3292 3293 3974 3962 238 239 2891 2890 
3406 2619 2621 2622 2620 3957 3969 3975 3963 
3407 3957 3969 3975 3963 3958 3970 3976 3964 
3408 3958 3970 3976 3964 3959 3971 3977 3965 
3409 3959 3971 3977 3965 3960 3972 3978 3966 
3410 3960 3972 3978 3966 3961 3973 3979 3967 
3411 3961 3973 3979 3967 3962 3974 3980 3968 
3412 3962 3974 3980 3968 2890 2891 2925 2924 
3413 2620 2622 2461 2460 3963 3975 3327 3326 
3414 3963 3975 3327 3326 3964 3976 3361 3360 
3415 3964 3976 3361 3360 3965 3977 3395 3394 
3416 3965 3977 3395 3394 3966 3978 3429 3428 
3417 3966 3978 3429 3428 3967 3979 3463 3462 
3418 3967 3979 3463 3462 3968 3980 3497 3496 
3419 3968 3980 3497 3496 2924 2925 308 309 
3420 2427 2428 2623 2621 3123 3124 3981 3969 
3421 3123 3124 3981 3969 3157 3158 3982 3970 
3422 3157 3158 3982 3970 3191 3192 3983 3971 
3423 3191 3192 3983 3971 3225 3226 3984 3972 
3424 3225 3226 3984 3972 3259 3260 3985 3973 
3425 3259 3260 3985 3973 3293 3294 3986 3974 
3426 3293 3294 3986 3974 239 240 2892 2891 
3427 2621 2623 2624 2622 3969 3981 3987 3975 
3428 3969 3981 3987 3975 3970 3982 3988 3976 
3429 3970 3982 3988 3976 3971 3983 3989 3977 
3430 3971 3983 3989 3977 3972 3984 3990 3978 
3431 3972 3984 3990 3978 3973 3985 3991 3979 
3432 3973 3985 3991 3979 3974 3986 3992 3980 
3433 3974 3986 3992 3980 2891 2892 2926 2925 
3434 2622 2624 2462 2461 3975 3987 3328 3327 
3435 3975 3987 3328 3327 3976 3988 3362 3361 
3436 3976 3988 3362 3361 3977 3989 3396 3395 
3437 3977 3989 3396 3395 3978 3990 3430 3429 
3438 3978 3990 3430 3429 3979 3991 3464 3463 
3439 3979 3991 3464 3463 3980 3992 3498 3497 
3440 3980 3992 3498 3497 2925 2926 307 308 
3441 2428 2429 2625 2623 3124 3125 3993 3981 
3442 3124 3125 3993 3981 3158 3159 3994 3982 
3443 3158 3159 3994 3982 3192 3193 3995 3983 
3444 3192 3193 3995 3983 3226 3227 3996 3984 
3445 3226 3227 3996 3984 3260 3261 3997 3985 
3446 3260 3261 3997 3985 3294 3295 3998 3986 
3447 3294 3295 3998 3986 240 241 2893 2892 
3448 2623 2625 2626 2624 3981 3993 3999 3987 
3449 3981 3993 3999 3987 3982 3994 4000 3988 
3450 3982 3994 4000 3988 3983 3995 4001 3989 
3451 3983 3995 4001 3989 3984 3996 4002 3990 
3452 3984 3996 4002 3990 3985 3997 4003 3991 
3453 3985 3997 4003 3991 3986 3998 4004 3992 
3454 3986 3998 4004 3992 2892 2893 2927 2926 
3455 2624 2626 2463 2462 3987 3999 3329 3328 
3456 3987 3999 3329 3328 3988 4000 3363 3362 
3457 3988 4000 3363 3362 3989 4001 3397 3396 
3458 3989 4001 3397 3396 3990 4002 3431 3430 
3459 3990 4002 3431 3430 3991 4003 3465 3464 
3460 3991 4003 3465 3464 3992 4004 3499 3498 
3461 3992 4004 3499 3498 2926 2927 306 307 
3462 2429 2430 2627 2625 3125 3126 4005 3993 
3463 3125 3126 4005 3993 3159 3160 4006 3994 
3464 3159 3160 4006 3994 3193 3194 4007 3995 
3465 3193 3194 4007 3995 3227 3228 4008 3996 
3466 3227 3228 4008 3996 3261 3262 4009 3997 
3467 3261 3262 4009 3997 3295 3296 4010 3998 
3468 3295 3296 4010 3998 241 242 2894 2893 
3469 2625 2627 2628 2626 3993 4005 4011 3999 
3470 3993 4005 4011 3999 3994 4006 4012 4000 
3471 3994 4006 4012 4000 3995 4007 4013 4001 
3472 3995 4007 4013 4001 3996 4008 4014 4002 
3473 3996 4008 4014 4002 3997 4009 4015 4003 
3474 3997 4009 4015 4003 3998 4010 4016 4004 
3475 3998 4010 4016 4004 2893 2894 2928 2927 
3476 2626 2628 2464 2463 3999 4011 3330 3329 
3477 3999 4011 3330 3329 4000 4012 3364 3363 
3478 4000 4012 3364 3363 4001 4013 3398 3397 
3479 4001 4013 3398 3397 4002 4014 3432 3431 
3480 4002 4014 3432 3431 4003 4015 3466 3465 
3481 4003 4015 3466 3465 4004 4016 3500 3499 
3482 4004 4016 3500 3499 2927 2928 305 306 
3483 2430 2431 2629 2627 3126 3127 4017 4005 
3484 3126 3127 4017 4005 3160 3161 4018 4006 
3485 3160 3161 4018 4006 3194 3195 4019 4007 
3486 3194 3195 4019 4007 3228 3229 4020 4008 
3487 3228 3229 4020 4008 3262 3263 4021 4009 
3488 3262 3263 4021 4009 3296 3297 4022 4010 
3489 3296 3297 4022 4010 242 243 2895 2894 
3490 2627 2629 2630 2628 4005 4017 4023 4011 
3491 4005 4017 4023 4011 4006 4018 4024 4012 
3492 4006 4018 4024 4012 4007 4019 4025 4013 
3493 4007 4019 4025 4013 4008 4020 4026 4014 
3494 4008 4020 4026 4014 4009 4021 4027 4015 
3495 4009 4021 4027 4015 4010 4022 4028 4016 
3496 4010 4022 4028 4016 2894 2895 2929 2928 
3497 2628 2630 2465 2464 4011 4023 3331 3330 
3498 4011 4023 3331 3330 4012 4024 3365 3364 
3499 4012 4024 3365 3364 4013 4025 3399 3398 
3500 4013 4025 3399 3398 4014 4026 3433 3432 
3501 4014 4026 3433 3432 4015 4027 3467 3466 
3502 4015 4027 3467 3466 4016 4028 3501 3500 
3503 4016 4028 3501 3500 2928 2929 304 305 
3504 2431 2432 2631 2629 3127 3128 4029 4017 
3505 3127 3128 4029 4017 3161 3162 4030 4018 
3506 3161 3162 4030 4018 3195 3196 4031 4019 
3507 3195 3196 4031 4019 3229 3230 4032 4020 
3508 3229 3230 4032 4020 3263 3264 4033 4021 
3509 3263 3264 4033 4021 3297 3298 4034 4022 
3510 3297 3298 4034 4022 243 244 2896 2895 
3511 2629 2631 2632 2630 4017 4029 4035 4023 
3512 4017 4029 4035 4023 4018 4030 4036 4024 
3513 4018 4030 4036 4024 4019 4031 4037 4025 
3514 4019 4031 4037 4025 4020 4032 4038 4026 
3515 4020 4032 4038 4026 4021 4033 4039 4027 
3516 4021 4033 4039 4027 4022 4034 4040 4028 
3517 4022 4034 4040 4028 2895 2896 2930 2929 
3518 2630 2632 2466 2465 4023 4035 3332 3331 
3519 4023 4035 3332 3331 4024 4036 3366 3365 
3520 4024 4036 3366 3365 4025 4037 3400 3399 
3521 4025 4037 3400 3399 4026 4038 3434 3433 
3522 4026 4038 3434 3433 4027 4039 3468 3467 
3523 4027 4039 3468 3467 4028 4040 3502 3501 
3524 4028 4040 3502 3501 2929 2930 303 304 
3525 2432 2433 2633 2631 3128 3129 4041 4029 
3526 3128 3129 4041 4029 3162 3163 4042 4030 
3527 3162 3163 4042 4030 3196 3197 4043 4031 
3528 3196 3197 4043 4031 3230 3231 4044 4032 
3529 3230 3231 4044 4032 3264 3265 4045 4033 
3530 3264 3265 4045 4033 3298 3299 4046 4034 
3531 3298 3299 4046 4034 244 245 2897 2896 
3532 2631 2633 2634 2632 4029 4041 4047 4035 
3533 4029 4041 4047 4035 4030 4042 4048 4036 
3534 4030 4042 4048 4036 4031 4043 4049 4037 
3535 4031 4043 4049 4037 4032 4044 4050 4038 
3536 4032 4044 4050 4038 4033 4045 4051 4039 
3537 4033 4045 4051 4039 4034 4046 4052 4040 
3538 4034 4046 4052 4040 2896 2897 2931 2930 
3539 2632 2634 2467 2466 4035 4047 3333 3332 
3540 4035 4047 3333 3332 4036 4048 3367 3366 
3541 4036 4048 3367 3366 4037 4049 3401 3400 
3542 4037 4049 3401 3400 4038 4050 3435 3434 
3543 4038 4050 3435 3434 4039 4051 3469 3468 
3544 4039 4051 3469 3468 4040 4052 3503 3502 
3545 4040 4052 3503 3502 2930 2931 302 303 
3546 2433 2434 2635 2633 3129 3130 4053 4041 
3547 3129 3130 4053 4041 3163 3164 4054 4042 
3548 3163 3164 4054 4042 3197 3198 4055 4043 
3549 3197 3198 4055 4043 3231 3232 4056 4044 
3550 3231 3232 4056 4044 3265 3266 4057 4045 
3551 3265 3266 4057 4045 3299 3300 4058 4046 
3552 3299 3300 4058 4046 245 246 2898 2897 
3553 2633 2635 2636 2634 4041 4053 4059 4047 
3554 4041 4053 4059 4047 4042 4054 4060 4048 
3555 4042 4054 4060 4048 4043 4055 4061 4049 
3556 4043 4055 4061 4049 4044 4056 4062 4050 
3557 4044 4056 4062 4050 4045 4057 4063 4051 
3558 4045 4057 4063 4051 4046 4058 4064 4052 
3559 4046 4058 4064 4052 2897 2898 2932 2931 
3560 2634 2636 2468 2467 4047 4059 3334 3333 
3561 4047 4059 3334 3333 4048 4060 3368 3367 
3562 4048 4060 3368 3367 4049 4061 3402 3401 
3563 4049 4061 3402 3401 4050 4062 3436 3435 
3564 4050 4062 3436 3435 4051 4063 3470 3469 
3565 4051 4063 3470 3469 4052 4064 3504 3503 
3566 4052 4064 3504 3503 2931 2932 301 302 
3567 2434 2435 2637 2635 3130 3131 4065 4053 
3568 3130 3131 4065 4053 3164 3165 4066 4054 
3569 3164 3165 4066 4054 3198 3199 4067 4055 
3570 3198 3199 4067 4055 3232 3233 4068 4056 
3571 3232 3233 4068 4056 3266 3267 4069 4057 
3572 3266 3267 4069 4057 3300 3301 4070 4058 
3573 3300 3301 4070 4058 246 247 2899 2898 
3574 2635 2637 2638 2636 4053 4065 4071 4059 
3575 4053 4065 4071 4059 4054 4066 4072 4060 
3576 4054 4066 4072 4060 4055 4067 4073 4061 
3577 4055 4067 4073 4061 4056 4068 4074 4062 
3578 4056 4068 4074 4062 4057 4069 4075 4063 
3579 4057 4069 4075 4063 4058 4070 4076 4064 
3580 4058 4070 4076 4064 2898 2899 2933 2932 
3581 2636 2638 2469 2468 4059 4071 3335 3334 
3582 4059 4071 3335 3334 4060 4072 3369 3368 
3583 4060 4072 3369 3368 4061 4073 3403 3402 
3584 4061 4073 3403 3402 4062 4074 3437 3436 
3585 4062 4074 3437 3436 4063 4075 3471 3470 
3586 4063 4075 3471 3470 4064 4076 3505 3504 
3587 4064 4076 3505 3504 2932 2933 300 301 
3588 2435 2436 2639 2637 3131 3132 4077 4065 
3589 3131 3132 4077 4065 3165 3166 4078 4066 
3590 3165 3166 4078 4066 3199 3200 4079 4067 
3591 3199 3200 4079 4067 3233 3234 4080 4068 
3592 3233 3234 4080 4068 3267 3268 4081 4069 
3593 3267 3268 4081 4069 3301 3302 4082 4070 
3594 3301 3302 4082 4070 247 248 2900 2899 
3595 2637 2639 2640 2638 4065 4077 4083 4071 
3596 4065 4077 4083 4071 4066 4078 4084 4072 
3597 4066 4078 4084 4072 4067 4079 4085 4073 
3598 4067 4079 4085 4073 4068 4080 4086 4074 
3599 4068 4080 4086 4074 4069 4081 4087 4075 
3600 4069 4081 4087 4075 4070 4082 4088 4076 
3601 4070 4082 4088 4076 2899 2900 2934 2933 
3602 2638 2640 2470 2469 4071 4083 3336 3335 
3603 4071 4083 3336 3335 4072 4084 3370 3369 
3604 4072 4084 3370 3369 4073 4085 3404 3403 
3605 4073 4085 3404 3403 4074 4086 3438 3437 
3606 4074 4086 3438 3437 4075 4087 3472 3471 
3607 4075 4087 3472 3471 4076 4088 3506 3505 
3608 4076 4088 3506 3505 2933 2934 299 300 
3609 2436 2437 2641 2639 3132 3133 4089 4077 
3610 3132 3133 4089 4077 3166 3167 4090 4078 
3611 3166 3167 4090 4078 3200 3201 4091 4079 
3612 3200 3201 4091 4079 3234 3235 4092 4080 
3613 3234 3235 4092 4080 3268 3269 4093 4081 
3614 3268 3269 4093 4081 3302 3303 4094 4082 
3615 3302 3303 4094 4082 248 249 2901 2900 
3616 2639 2641 2642 2640 4077 4089 4095 4083 
3617 4077 4089 4095 4083 4078 4090 4096 4084 
3618 4078 4090 4096 4084 4079 4091 4097 4085 
3619 4079 4091 4097 4085 4080 4092 4098 4086 
3620 4080 4092 4098 4086 4081 4093 4099 4087 
3621 4081 4093 4099 4087 4082 4094 4100 4088 
3622 4082 4094 4100 4088 2900 2901 2935 2934 
3623 2640 2642 2471 2470 4083 4095 3337 3336 
3624 4083 4095 3337 3336 4084 4096 3371 3370 
3625 4084 4096 3371 3370 4085 4097 3405 3404 
3626 4085 4097 3405 3404 4086 4098 3439 3438 
3627 4086 4098 3439 3438 4087 4099 3473 3472 
3628 4087 4099 3473 3472 4088 4100 3507 3506 
3629 4088 4100 3507 3506 2934 2935 298 299 
3630 2437 2438 2643 2641 3133 3134 4101 4089 
3631 3133 3134 4101 4089 3167 3168 4102 4090 
3632 3167 3168 4102 4090 3201 3202 4103 4091 
3633 3201 3202 4103 4091 3235 3236 4104 4092 
3634 3235 3236 4104 4092 3269 3270 4105 4093 
3635 3269 3270 4105 4093 3303 3304 4106 4094 
3636 3303 3304 4106 4094 249 250 2902 2901 
3637 2641 2643 2644 2642 4089 4101 4107 4095 
3638 4089 4101 4107 4095 4090 4102 4108 4096 
3639 4090 4102 4108 4096 4091 4103 4109 4097 
3640 4091 4103 4109 4097 4092 4104 4110 4098 
3641 4092 4104 4110 4098 4093 4105 4111 4099 
3642 4093 4105 4111 4099 4094 4106 4112 4100 
3643 4094 4106 4112 4100 2901 2902 2936 2935 
3644 2642 2644 2472 2471 4095 4107 3338 3337 
3645 4095 4107 3338 3337 4096 4108 3372 3371 
3646 4096 4108 3372 3371 4097 4109 3406 3405 
3647 4097 4109 3406 3405 4098 4110 3440 3439 
3648 4098 4110 3440 3439 4099 4111 3474 3473 
3649 4099 4111 3474 3473 4100 4112 3508 3507 
3650 4100 4112 3508 3507 2935 2936 297 298 
3651 2438 2439 2645 2643 3134 3135 4113 4101 
3652 3134 3135 4113 4101 3168 3169 4114 4102 
3653 3168 3169 4114 4102 3202 3203 4115 4103 
3654 3202 3203 4115 4103 3236 3237 4116 4104 
3655 3236 3237 4116 4104 3270 3271 4117 4105 
3656 3270 3271 4117 4105 3304 3305 4118 4106 
3657 3304 3305 4118 4106 250 251 2903 2902 
3658 2643 2645 2646 2644 4101 4113 4119 4107 
3659 4101 4113 4119 4107 4102 4114 4120 4108 
3660 4102 4114 4120 4108 4103 4115 4121 4109 
3661 4103 4115 4121 4109 4104 4116 4122 4110 
3662 4104 4116 4122 4110 4105 4117 4123 4111 
3663 4105 4117 4123 4111 4106 4118 4124 4112 
3664 4106 4118 4124 4112 2902 2903 2937 2936 
3665 2644 2646 2473 2472 4107 4119 3339 3338 
3666 4107 4119 3339 3338 4108 4120 3373 3372 
3667 4108 4120 3373 3372 4109 4121 3407 3406 
3668 4109 4121 3407 3406 4110 4122 3441 3440 
3669 4110 4122 3441 3440 4111 4123 3475 3474 
3670 4111 4123 3475 3474 4112 4124 3509 3508 
3671 4112 4124 3509 3508 2936 2937 296 297 
3672 2439 2440 2647 2645 3135 3136 4125 4113 
3673 3135 3136 4125 4113 3169 3170 4126 4114 
3674 3169 3170 4126 4114 3203 3204 4127 4115 
3675 3203 3204 4127 4115 3237 3238 4128 4116 
3676 3237 3238 4128 4116 3271 3272 4129 4117 
3677 3271 3272 4129 4117 3305 3306 4130 4118 
3678 3305 3306 4130 4118 251 252 2904 2903 
3679 2645 2647 2648 2646 4113 4125 4131 4119 
3680 4113 4125 4131 4119 4114 4126 4132 4120 
3681 4114 4126 4132 4120 4115 4127 4133 4121 
3682 4115 4127 4133 4121 4116 4128 4134 4122 
3683 4116 4128 4134 4122 4117 4129 4135 4123 
3684 4117 4129 4135 4123 4118 4130 4136 4124 
3685 4118 4130 4136 4124 2903 2904 2938 2937 
3686 2646 2648 2474 2473 4119 4131 3340 3339 
3687 4119 4131 3340 3339 4120 4132 3374 3373 
3688 4120 4132 3374 3373 4121 4133 3408 3407 
3689 4121 4133 3408 3407 4122 4134 3442 3441 
3690 4122 4134 3442 3441 4123 4135 3476 3475 
3691 4123 4135 3476 3475 4124 4136 3510 3509 
3692 4124 4136 3510 3509 2937 2938 295 296 
3693 2440 2441 2649 2647 3136 3137 4137 4125 
3694 3136 3137 4137 4125 3170 3171 4138 4126 
3695 3170 3171 4138 4126 3204 3205 4139 4127 
3696 3204 3205 4139 4127 3238 3239 4140 4128 
3697 3238 3239 4140 4128 3272 3273 4141 4129 
3698 3272 3273 4141 4129 3306 3307 4142 4130 
3699 3306 3307 4142 4130 252 253 2905 2904 
3700 2647 2649 2650 2648 4125 4137 4143 4131 
3701 4125 4137 4143 4131 4126 4138 4144 4132 
3702 4126 4138 4144 4132 4127 4139 4145 4133 
3703 4127 4139 4145 4133 4128 4140 4146 4134 
3704 4128 4140 4146 4134 4129 4141 4147 4135 
3705 4129 4141 4147 4135 4130 4142 4148 4136 
3706 4130 4142 4148 4136 2904 2905 2939 2938 
3707 2648 2650 2475 2474 4131 4143 3341 3340 
3708 4131 4143 3341 3340 4132 4144 3375 3374 
3709 4132 4144 3375 3374 4133 4145 3409 3408 
3710 4133 4145 3409 3408 4134 4146 3443 3442 
3711 4134 4146 3443 3442 4135 4147 3477 3476 
3712 4135 4147 3477 3476 4136 4148 3511 3510 
3713 4136 4148 3511 3510 2938 2939 294 295 
3714 2441 2442 2651 2649 3137 3138 4149 4137 
3715 3137 3138 4149 4137 3171 3172 4150 4138 
3716 3171 3172 4150 4138 3205 3206 4151 4139 
3717 3205 3206 4151 4139 3239 3240 4152 4140 
3718 3239 3240 4152 4140 3273 3274 4153 4141 
3719 3273 3274 4153 4141 3307 3308 4154 4142 
3720 3307 3308 4154 4142 253 254 2906 2905 
3721 2649 2651 2652 2650 4137 4149 4155 4143 
3722 4137 4149 4155 4143 4138 4150 4156 4144 
3723 4138 4150 4156 4144 4139 4151 4157 4145 
3724 4139 4151 4157 4145 4140 4152 4158 4146 
3725 4140 4152 4158 4146 4141 4153 4159 4147 
3726 4141 4153 4159 4147 4142 4154 4160 4148 
3727 4142 4154 4160 4148 2905 2906 2940 2939 
3728 2650 2652 2476 2475 4143 4155 3342 3341 
3729 4143 4155 3342 3341 4144 4156 3376 3375 
3730 4144 4156 3376 3375 4145 4157 3410 3409 
3731 4145 4157 3410 3409 4146 4158 3444 3443 
3732 4146 4158 3444 3443 4147 4159 3478 3477 
3733 4147 4159 3478 3477 4148 4160 3512 3511 
3734 4148 4160 3512 3511 2939 2940 293 294 
3735 2442 2443 2653 2651 3138 3139 4161 4149 
3736 3138 3139 4161 4149 3172 3173 4162 4150 
3737 3172 3173 4162 4150 3206 3207 4163 4151 
3738 3206 3207 4163 4151 3240 3241 4164 4152 
3739 3240 3241 4164 4152 3274 3275 4165 4153 
3740 3274 3275 4165 4153 3308 3309 4166 4154 
3741 3308 3309 4166 4154 254 255 2907 2906 
3742 2651 2653 2654 2652 4149 4161 4167 4155 
3743 4149 4161 4167 4155 4150 4162 4168 4156 
3744 4150 4162 4168 4156 4151 4163 4169 4157 
3745 4151 4163 4169 4157 4152 4164 4170 4158 
3746 4152 4164 4170 4158 4153 4165 4171 4159 
3747 4153 4165 4171 4159 4154 4166 4172 4160 
3748 4154 4166 4172 4160 2906 2907 2941 2940 
3749 2652 2654 2477 2476 4155 4167 3343 3342 
3750 4155 4167 3343 3342 4156 4168 3377 3376 
3751 4156 4168 3377 3376 4157 4169 3411 3410 
3752 4157 4169 3411 3410 4158 4170 3445 3444 
3753 4158 4170 3445 3444 4159 4171 3479 3478 
3754 4159 4171 3479 3478 4160 4172 3513 3512 
3755 4160 4172 3513 3512 2940 2941 292 293 
3756 2443 2444 2655 2653 3139 3140 4173 4161 
3757 3139 3140 4173 4161 3173 3174 4174 4162 
3758 3173 3174 4174 4162 3207 3208 4175 4163 
3759 3207 3208 4175 4163 3241 3242 4176 4164 
3760 3241 3242 4176 4164 3275 3276 4177 4165 
3761 3275 3276 4177 4165 3309 3310 4178 4166 
3762 3309 3310 4178 4166 255 256 2908 2907 
3763 2653 2655 2656 2654 4161 4173 4179 4167 
3764 4161 4173 4179 4167 4162 4174 4180 4168 
3765 4162 4174 4180 4168 4163 4175 4181 4169 
3766 4163 4175 4181 4169 4164 4176 4182 4170 
3767 4164 4176 4182 4170 4165 4177 4183 4171 
3768 4165 4177 4183 4171 4166 4178 4184 4172 
3769 4166 4178 4184 4172 2907 2908 2942 2941 
3770 2654 2656 2478 2477 4167 4179 3344 3343 
3771 4167 4179 3344 3343 4168 4180 3378 3377 
3772 4168 4180 3378 3377 4169 4181 3412 3411 
3773 4169 4181 3412 3411 4170 4182 3446 3445 
3774 4170 4182 3446 3445 4171 4183 3480 3479 
3775 4171 4183 3480 3479 4172 4184 3514 3513 
3776 4172 4184 3514 3513 2941 2942 291 292 
3777 2444 2445 2657 2655 3140 3141 4185 4173 
3778 3140 3141 4185 4173 3174 3175 4186 4174 
3779 3174 3175 4186 4174 3208 3209 4187 4175 
3780 3208 3209 4187 4175 3242 3243 4188 4176 
3781 3242 3243 4188 4176 3276 3277 4189 4177 
3782 3276 3277 4189 4177 3310 3311 4190 4178 
3783 3310 3311 4190 4178 256 257 2909 2908 
3784 2655 2657 2658 2656 4173 4185 4191 4179 
3785 4173 4185 4191 4179 4174 4186 4192 4180 
3786 4174 4186 4192 4180 4175 4187 4193 4181 
3787 4175 4187 4193 4181 4176 4188 4194 4182 
3788 4176 4188 4194 4182 4177 4189 4195 4183 
3789 4177 4189 4195 4183 4178 4190 4196 4184 
3790 4178 4190 4196 4184 2908 2909 2943 2942 
3791 2656 2658 2479 2478 4179 4191 3345 3344 
3792 4179 4191 3345 3344 4180 4192 3379 3378 
3793 4180 4192 3379 3378 4181 4193 3413 3412 
3794 4181 4193 3413 3412 4182 4194 3447 3446 
3795 4182 4194 3447 3446 4183 4195 3481 3480 
3796 4183 4195 3481 3480 4184 4196 3515 3514 
3797 4184 4196 3515 3514 2942 2943 290 291 
3798 2445 2446 2659 2657 3141 3142 4197 4185 
3799 3141 3142 4197 4185 3175 3176 4198 4186 
3800 3175 3176 4198 4186 3209 3210 4199 4187 
3801 3209 3210 4199 4187 3243 3244 4200 4188 
3802 3243 3244 4200 4188 3277 3278 4201 4189 
3803 3277 3278 4201 4189 3311 3312 4202 4190 
3804 3311 3312 4202 4190 257 258 2910 2909 
3805 2657 2659 2660 2658 4185 4197 4203 4191 
3806 4185 4197 4203 4191 4186 4198 4204 4192 
3807 4186 4198 4204 4192 4187 4199 4205 4193 
3808 4187 4199 4205 4193 4188 4200 4206 4194 
3809 4188 4200 4206 4194 4189 4201 4207 4195 
3810 4189 4201 4207 4195 4190 4202 4208 4196 
3811 4190 4202 4208 4196 2909 2910 2944 2943 
3812 2658 2660 2480 2479 4191 4203 3346 3345 
3813 4191 4203 3346 3345 4192 4204 3380 3379 
3814 4192 4204 3380 3379 4193 4205 3414 3413 
3815 4193 4205 3414 3413 4194 4206 3448 3447 
3816 4194 4206 3448 3447 4195 4207 3482 3481 
3817 4195 4207 3482 3481 4196 4208 3516 3515 
3818 4196 4208 3516 3515 2943 2944 289 290 
3819 2446 2447 2661 2659 3142 3143 4209 4197 
3820 3142 3143 4209 4197 3176 3177 4210 4198 
3821 3176 3177 4210 4198 3210 3211 4211 4199 
3822 3210 3211 4211 4199 3244 3245 4212 4200 
3823 3244 3245 4212 4200 3278 3279 4213 4201 
3824 3278 3279 4213 4201 3312 3313 4214 4202 
3825 3312 3313 4214 4202 258 259 2911 2910 
3826 2659 2661 2662 2660 4197 4209 4215 4203 
3827 4197 4209 4215 4203 4198 4210 4216 4204 
3828 4198 4210 4216 4204 4199 4211 4217 4205 
3829 4199 4211 4217 4205 4200 4212 4218 4206 
3830 4200 4212 4218 4206 4201 4213 4219 4207 
3831 4201 4213 4219 4207 4202 4214 4220 4208 
3832 4202 4214 4220 4208 2910 2911 2945 2944 
3833 2660 2662 2481 2480 4203 4215 3347 3346 
3834 4203 4215 3347 3346 4204 4216 3381 3380 
3835 4204 4216 3381 3380 4205 4217 3415 3414 
3836 4205 4217 3415 3414 4206 4218 3449 3448 
3837 4206 4218 3449 3448 4207 4219 3483 3482 
3838 4207 4219 3483 3482 4208 4220 3517 3516 
3839 4208 4220 3517 3516 2944 2945 288 289 
3840 2447 2448 2663 2661 3143 3144 4221 4209 
3841 3143 3144 4221 4209 3177 3178 4222 4210 
3842 3177 3178 4222 4210 3211 3212 4223 4211 
3843 3211 3212 4223 4211 3245 3246 4224 4212 
3844 3245 3246 4224 4212 3279 3280 4225 4213 
3845 3279 3280 4225 4213 3313 3314 4226 4214 
3846 3313 3314 4226 4214 259 260 2912 2911 
3847 2661 2663 2664 2662 4209 4221 4227 4215 
3848 4209 4221 4227 4215 4210 4222 4228 4216 
3849 4210 4222 4228 4216 4211 4223 4229 4217 
3850 4211 4223 4229 4217 4212 4224 4230 4218 
3851 4212 4224 4230 4218 4213 4225 4231 4219 
3852 4213 4225 4231 4219 4214 4226 4232 4220 
3853 4214 4226 4232 4220 2911 2912 2946 2945 
3854 2662 2664 2482 2481 4215 4227 3348 3347 
3855 4215 4227 3348 3347 4216 4228 3382 3381 
3856 4216 4228 3382 3381 4217 4229 3416 3415 
3857 4217 4229 3416 3415 4218 4230 3450 3449 
3858 4218 4230 3450 3449 4219 4231 3484 3483 
3859 4219 4231 3484 3483 4220 4232 3518 3517 
3860 4220 4232 3518 3517 2945 2946 287 288 
3861 2448 2449 2665 2663 3144 3145 4233 4221 
3862 3144 3145 4233 4221 3178 3179 4234 4222 
3863 3178 3179 4234 4222 3212 3213 4235 4223 
3864 3212 3213 4235 4223 3246 3247 4236 4224 
3865 3246 3247 4236 4224 3280 3281 4237 4225 
3866 3280 3281 4237 4225 3314 3315 4238 4226 
3867 3314 3315 4238 4226 260 261 2913 2912 
3868 2663 2665 2666 2664 4221 4233 4239 4227 
3869 4221 4233 4239 4227 4222 4234 4240 4228 
3870 4222 4234 4240 4228 4223 4235 4241 4229 
3871 4223 4235 4241 4229 4224 4236 4242 4230 
3872 4224 4236 4242 4230 4225 4237 4243 4231 
3873 4225 4237 4243 4231 4226 4238 4244 4232 
3874 4226 4238 4244 4232 2912 2913 2947 2946 
3875 2664 2666 2483 2482 4227 4239 3349 3348 
3876 4227 4239 3349 3348 4228 4240 3383 3382 
3877 4228 4240 3383 3382 4229 4241 3417 3416 
3878 4229 4241 3417 3416 4230 4242 3451 3450 
3879 4230 4242 3451 3450 4231 4243 3485 3484 
3880 4231 4243 3485 3484 4232 4244 3519 3518 
3881 4232 4244 3519 3518 2946 2947 286 287 
3882 2449 2450 2667 2665 3145 3146 4245 4233 
3883 3145 3146 4245 4233 3179 3180 4246 4234 
3884 3179 3180 4246 4234 3213 3214 4247 4235 
3885 3213 3214 4247 4235 3247 3248 4248 4236 
3886 3247 3248 4248 4236 3281 3282 4249 4237 
3887 3281 3282 4249 4237 3315 3316 4250 4238 
3888 3315 3316 4250 4238 261 262 2914 2913 
3889 2665 2667 2668 2666 4233 4245 4251 4239 
3890 4233 4245 4251 4239 4234 4246 4252 4240 
3891 4234 4246 4252 4240 4235 4247 4253 4241 
3892 4235 4247 4253 4241 4236 4248 4254 4242 
3893 4236 4248 4254 4242 4237 4249 4255 4243 
3894 4237 4249 4255 4243 4238 4250 4256 4244 
3895 4238 4250 4256 4244 2913 2914 2948 2947 
3896 2666 2668 2484 2483 4239 4251 3350 3349 
3897 4239 4251 3350 3349 4240 4252 3384 3383 
3898 4240 4252 3384 3383 4241 4253 3418 3417 
3899 4241 4253 3418 3417 4242 4254 3452 3451 
3900 4242 4254 3452 3451 4243 4255 3486 3485 
3901 4243 4255 3486 3485 4244 4256 3520 3519 
3902 4244 4256 3520 3519 2947 2948 285 286 
3903 2450 2451 2669 2667 3146 3147 4257 4245 
3904 3146 3147 4257 4245 3180 3181 4258 4246 
3905 3180 3181 4258 4246 3214 3215 4259 4247 
3906 3214 3215 4259 4247 3248 3249 4260 4248 
3907 3248 3249 4260 4248 3282 3283 4261 4249 
3908 3282 3283 4261 4249 3316 3317 4262 4250 
3909 3316 3317 4262 4250 262 263 2915 2914 
3910 2667 2669 2670 2668 4245 4257 4263 4251 
3911 4245 4257 4263 4251 4246 4258 4264 4252 
3912 4246 4258 4264 4252 4247 4259 4265 4253 
3913 4247 4259 4265 4253 4248 4260 4266 4254 
3914 4248 4260 4266 4254 4249 4261 4267 4255 
3915 4249 4261 4267 4255 4250 4262 4268 4256 
3916 4250 4262 4268 4256 2914 2915 2949 2948 
3917 2668 2670 2485 2484 4251 4263 3351 3350 
3918 4251 4263 3351 3350 4252 4264 3385 3384 
3919 4252 4264 3385 3384 4253 4265 3419 3418 
3920 4253 4265 3419 3418 4254 4266 3453 3452 
3921 4254 4266 3453 3452 4255 4267 3487 3486 
3922 4255 4267 3487 3486 4256 4268 3521 3520 
3923 4256 4268 3521 3520 2948 2949 284 285 
3924 2451 2452 2671 2669 3147 3148 4269 4257 
3925 3147 3148 4269 4257 3181 3182 4270 4258 
3926 3181 3182 4270 4258 3215 3216 4271 4259 
3927 3215 3216 4271 4259 3249 3250 4272 4260 
3928 3249 3250 4272 4260 3283 3284 4273 4261 
3929 3283 3284 4273 4261 3317 3318 4274 4262 
3930 3317 3318 4274 4262 263 264 2916 2915 
3931 2669 2671 2672 2670 4257 4269 4275 4263 
3932 4257 4269 4275 4263 4258 4270 4276 4264 
3933 4258 4270 4276 4264 4259 4271 4277 4265 
3934 4259 4271 4277 4265 4260 4272 4278 4266 
3935 4260 4272 4278 4266 4261 4273 4279 4267 
3936 4261 4273 4279 4267 4262 4274 4280 4268 
3937 4262 4274 4280 4268 2915 2916 2950 2949 
3938 2670 2672 2486 2485 4263 4275 3352 3351 
3939 4263 4275 3352 3351 4264 4276 3386 3385 
3940 4264 4276 3386 3385 4265 4277 3420 3419 
3941 4265 4277 3420 3419 4266 4278 3454 3453 
3942 4266 4278 3454 3453 4267 4279 3488 3487 
3943 4267 4279 3488 3487 4268 4280 3522 3521 
3944 4268 4280 3522 3521 2949 2950 283 284 
3945 2452 2453 2673 2671 3148 3149 4281 4269 
3946 3148 3149 4281 4269 3182 3183 4282 4270 
3947 3182 3183 4282 4270 3216 3217 4283 4271 
3948 3216 3217 4283 4271 3250 3251 4284 4272 
3949 3250 3251 4284 4272 3284 3285 4285 4273 
3950 3284 3285 4285 4273 3318 3319 4286 4274 
3951 3318 3319 4286 4274 264 265 2917 2916 
3952 2671 2673 2674 2672 4269 4281 4287 4275 
3953 4269 4281 4287 4275 4270 4282 4288 4276 
3954 4270 4282 4288 4276 4271 4283 4289 4277 
3955 4271 4283 4289 4277 4272 4284 4290 4278 
3956 4272 4284 4290 4278 4273 4285 4291 4279 
3957 4273 4285 4291 4279 4274 4286 4292 4280 
3958 4274 4286 4292 4280 2916 2917 2951 2950 
3959 2672 2674 2487 2486 4275 4287 3353 3352 
3960 4275 4287 3353 3352 4276 4288 3387 3386 
3961 4276 4288 3387 3386 4277 4289 3421 3420 
3962 4277 4289 3421 3420 4278 4290 3455 3454 
3963 4278 4290 3455 3454 4279 4291 3489 3488 
3964 4279 4291 3489 3488 4280 4292 3523 3522 
3965 4280 4292 3523 3522 2950 2951 282 283 
3966 2453 2454 2675 2673 3149 3150 4293 4281 
3967 3149 3150 4293 4281 3183 3184 4294 4282 
3968 3183 3184 4294 4282 3217 3218 4295 4283 
3969 3217 3218 4295 4283 3251 3252 4296 4284 
3970 3251 3252 4296 4284 3285 3286 4297 4285 
3971 3285 3286 4297 4285 3319 3320 4298 4286 
3972 3319 3320 4298 4286 265 266 2918 2917 
3973 2673 2675 2676 2674 4281 4293 4299 4287 
3974 4281 4293 4299 4287 4282 4294 4300 4288 
3975 4282 4294 4300 4288 4283 4295 4301 4289 
3976 4283 4295 4301 4289 4284 4296 4302 4290 
3977 4284 4296 4302 4290 4285 4297 4303 4291 
3978 4285 4297 4303 4291 4286 4298 4304 4292 
3979 4286 4298 4304 4292 2917 2918 2952 2951 
3980 2674 2676 2488 2487 4287 4299 3354 3353 
3981 4287 4299 3354 3353 4288 4300 3388 3387 
3982 4288 4300 3388 3387 4289 4301 3422 3421 
3983 4289 4301 3422 3421 4290 4302 3456 3455 
3984 4290 4302 3456 3455 4291 4303 3490 3489 
3985 4291 4303 3490 3489 4292 4304 3524 3523 
3986 4292 4304 3524 3523 2951 2952 281 282 
3987 2454 2455 2677 2675 3150 3151 4305 4293 
3988 3150 3151 4305 4293 3184 3185 4306 4294 
3989 3184 3185 4306 4294 3218 3219 4307 4295 
3990 3218 3219 4307 4295 3252 3253 4308 4296 
3991 3252 3253 4308 4296 3286 3287 4309 4297 
3992 3286 3287 4309 4297 3320 3321 4310 4298 
3993 3320 3321 4310 4298 266 267 2919 2918 
3994 2675 2677 2678 2676 4293 4305 4311 4299 
3995 4293 4305 4311 4299 4294 4306 4312 4300 
3996 4294 4306 4312 4300 4295 4307 4313 4301 
3997 4295 4307 4313 4301 4296 4308 4314 4302 
3998 4296 4308 4314 4302 4297 4309 4315 4303 
3999 4297 4309 4315 4303 4298 4310 4316 4304 
4000 4298 4310 4316 4304 2918 2919 2953 2952 
4001 2676 2678 2489 2488 4299 4311 3355 3354 
4002 4299 4311 3355 3354 4300 4312 3389 3388 
4003 4300 4312 3389 3388 4301 4313 3423 3422 
4004 4301 4313 3423 3422 4302 4314 3457 3456 
4005 4302 4314 3457 3456 4303 4315 3491 3490 
4006 4303 4315 3491 3490 4304 4316 3525 3524 
4007 4304 4316 3525 3524 2952 2953 280 281 
4008 2455 2456 2679 2677 3151 3152 4317 4305 
4009 3151 3152 4317 4305 3185 3186 4318 4306 
4010 3185 3186 4318 4306 3219 3220 4319 4307 
4011 3219 3220 4319 4307 3253 3254 4320 4308 
4012 3253 3254 4320 4308 3287 3288 4321 4309 
4013 3287 3288 4321 4309 3321 3322 4322 4310 
4014 3321 3322 4322 4310 267 268 2920 2919 
4015 2677 2679 2680 2678 4305 4317 4323 4311 
4016 4305 4317 4323 4311 4306 4318 4324 4312 
4017 4306 4318 4324 4312 4307 4319 4325 4313 
4018 4307 4319 4325 4313 4308 4320 4326 4314 
4019 4308 4320 4326 4314 4309 4321 4327 4315 
4020 4309 4321 4327 4315 4310 4322 4328 4316 
4021 4310 4322 4328 4316 2919 2920 2954 2953 
4022 2678 2680 2490 2489 4311 4323 3356 3355 
4023 4311 4323 3356 3355 4312 4324 3390 3389 
4024 4312 4324 3390 3389 4313 4325 3424 3423 
4025 4313 4325 3424 3423 4314 4326 3458 3457 
4026 4314 4326 3458 3457 4315 4327 3492 3491 
4027 4315 4327 3492 3491 4316 4328 3526 3525 
4028 4316 4328 3526 3525 2953 2954 279 280 
4029 2456 2457 2681 2679 3152 3153 4329 4317 
4030 3152 3153 4329 4317 3186 3187 4330 4318 
4031 3186 3187 4330 4318 3220 3221 4331 4319 
4032 3220 3221 4331 4319 3254 3255 4332 4320 
4033 3254 3255 4332 4320 3288 3289 4333 4321 
4034 3288 3289 4333 4321 3322 3323 4334 4322 
4035 3322 3323 4334 4322 268 269 2921 2920 
4036 2679 2681 2682 2680 4317 4329 4335 4323 
4037 4317 4329 4335 4323 4318 4330 4336 4324 
4038 4318 4330 4336 4324 4319 4331 4337 4325 
4039 4319 4331 4337 4325 4320 4332 4338 4326 
4040 4320 4332 4338 4326 4321 4333 4339 4327 
4041 4321 4333 4339 4327 4322 4334 4340 4328 
4042 4322 4334 4340 4328 2920 2921 2955 2954 
4043 2680 2682 2491 2490 4323 4335 3357 3356 
4044 4323 4335 3357 3356 4324 4336 3391 3390 
4045 4324 4336 3391 3390 4325 4337 3425 3424 
4046 4325 4337 3425 3424 4326 4338 3459 3458 
4047 4326 4338 3459 3458 4327 4339 3493 3492 
4048 4327 4339 3493 3492 4328 4340 3527 3526 
4049 4328 4340 3527 3526 2954 2955 278 279 
4050 2457 2458 2683 2681 3153 3154 4341 4329 
4051 3153 3154 4341 4329 3187 3188 4342 4330 
4052 3187 3188 4342 4330 3221 3222 4343 4331 
4053 3221 3222 4343 4331 3255 3256 4344 4332 
4054 3255 3256 4344 4332 3289 3290 4345 4333 
4055 3289 3290 4345 4333 3323 3324 4346 4334 
4056 3323 3324 4346 4334 269 270 2922 2921 
4057 2681 2683 2684 2682 4329 4341 4347 4335 
4058 4329 4341 4347 4335 4330 4342 4348 4336 
4059 4330 4342 4348 4336 4331 4343 4349 4337 
4060 4331 4343 4349 4337 4332 4344 4350 4338 
4061 4332 4344 4350 4338 4333 4345 4351 4339 
4062 4333 4345 4351 4339 4334 4346 4352 4340 
4063 4334 4346 4352 4340 2921 2922 2956 2955 
4064 2682 2684 2492 2491 4335 4347 3358 3357 
4065 4335 4347 3358 3357 4336 4348 3392 3391 
4066 4336 4348 3392 3391 4337 4349 3426 3425 
4067 4337 4349 3426 3425 4338 4350 3460 3459 
4068 4338 4350 3460 3459 4339 4351 3494 3493 
4069 4339 4351 3494 3493 4340 4352 3528 3527 
4070 4340 4352 3528 3527 2955 2956 277 278 
4071 2458 2413 2493 2683 3154 2593 3073 4341 
4072 3154 2593 3073 4341 3188 2594 3075 4342 
4073 3188 2594 3075 4342 3222 2595 3077 4343 
4074 3222 2595 3077 4343 3256 2596 3079 4344 
4075 3256 2596 3079 4344 3290 2597 3081 4345 
4076 3290 2597 3081 4345 3324 2598 3083 4346 
4077 3324 2598 3083 4346 270 18 273 2922 
4078 2683 2493 2494 2684 4341 3073 3074 4347 
4079 4341 3073 3074 4347 4342 3075 3076 4348 
4080 4342 3075 3076 4348 4343 3077 3078 4349 
4081 4343 3077 3078 4349 4344 3079 3080 4350 
4082 4344 3079 3080 4350 4345 3081 3082 4351 
4083 4345 3081 3082 4351 4346 3083 3084 4352 
4084 4346 3083 3084 4352 2922 273 274 2956 
4085 2684 2494 2414 2492 4347 3074 2599 3358 
4086 4347 3074 2599 3358 4348 3076 2600 3392 
4087 4348 3076 2600 3392 4349 3078 2601 3426 
4088 4349 3078 2601 3426 4350 3080 2602 3460 
4089 4350 3080 2602 3460 4351 3082 2603 3494 
4090 4351 3082 2603 3494 4352 3084 2604 3528 
4091 4352 3084 2604 3528 2956 274 19 277 
3 95 5 735
4092 2411 2495 2753 2421 2581 3733 4353 3049 
4093 2581 3733 4353 3049 2582 3767 4354 3051 
4094 2582 3767 4354 3051 2583 3801 4355 3053 
4095 2583 3801 4355 3053 2584 3835 4356 3055 
4096 2584 3835 4356 3055 2585 3869 4357 3057 
4097 2585 3869 4357 3057 2586 3903 4358 3059 
4098 2586 3903 4358 3059 8 122 2957 123 
4099 2421 2753 2754 2422 3049 4353 4359 3050 
4100 3049 4353 4359 3050 3051 4354 4360 3052 
4101 3051 4354 4360 3052 3053 4355 4361 3054 
4102 3053 4355 4361 3054 3055 4356 4362 3056 
4103 3055 4356 4362 3056 3057 4357 4363 3058 
4104 3057 4357 4363 3058 3059 4358 4364 3060 
4105 3059 4358 4364 3060 123 2957 2991 124 
4106 2422 2754 2531 2412 3050 4359 3529 2587 
4107 3050 4359 3529 2587 3052 4360 3563 2588 
4108 3052 4360 3563 2588 3054 4361 3597 2589 
4109 3054 4361 3597 2589 3056 4362 3631 2590 
4110 3056 4362 3631 2590 3058 4363 3665 2591 
4111 3058 4363 3665 2591 3060 4364 3699 2592 
4112 3060 4364 3699 2592 124 2991 53 5 
4113 2495 2496 2755 2753 3733 3734 4365 4353 
4114 3733 3734 4365 4353 3767 3768 4366 4354 
4115 3767 3768 4366 4354 3801 3802 4367 4355 
4116 3801 3802 4367 4355 3835 3836 4368 4356 
4117 3835 3836 4368 4356 3869 3870 4369 4357 
4118 3869 3870 4369 4357 3903 3904 4370 4358 
4119 3903 3904 4370 4358 122 121 2958 2957 
4120 2753 2755 2756 2754 4353 4365 4371 4359 
4121 4353 4365 4371 4359 4354 4366 4372 4360 
4122 4354 4366 4372 4360 4355 4367 4373 4361 
4123 4355 4367 4373 4361 4356 4368 4374 4362 
4124 4356 4368 4374 4362 4357 4369 4375 4363 
4125 4357 4369 4375 4363 4358 4370 4376 4364 
4126 4358 4370 4376 4364 2957 2958 2992 2991 
4127 2754 2756 2532 2531 4359 4371 3530 3529 
4128 4359 4371 3530 3529 4360 4372 3564 3563 
4129 4360 4372 3564 3563 4361 4373 3598 3597 
4130 4361 4373 3598 3597 4362 4374 3632 3631 
4131 4362 4374 3632 3631 4363 4375 3666 3665 
4132 4363 4375 3666 3665 4364 4376 3700 3699 
4133 4364 4376 3700 3699 2991 2992 54 53 
4134 2496 2497 2757 2755 3734 3735 4377 4365 
4135 3734 3735 4377 4365 3768 3769 4378 4366 
4136 3768 3769 4378 4366 3802 3803 4379 4367 
4137 3802 3803 4379 4367 3836 3837 4380 4368 
4138 3836 3837 4380 4368 3870 3871 4381 4369 
4139 3870 3871 4381 4369 3904 3905 4382 4370 
4140 3904 3905 4382 4370 121 120 2959 2958 
4141 2755 2757 2758 2756 4365 4377 4383 4371 
4142 4365 4377 4383 4371 4366 4378 4384 4372 
4143 4366 4378 4384 4372 4367 4379 4385 4373 
4144 4367 4379 4385 4373 4368 4380 4386 4374 
4145 4368 4380 4386 4374 4369 4381 4387 4375 
4146 4369 4381 4387 4375 4370 4382 4388 4376 
4147 4370 4382 4388 4376 2958 2959 2993 2992 
4148 2756 2758 2533 2532 4371 4383 3531 3530 
4149 4371 4383 3531 3530 4372 4384 3565 3564 
4150 4372 4384 3565 3564 4373 4385 3599 3598 
4151 4373 4385 3599 3598 4374 4386 3633 3632 
4152 4374 4386 3633 3632 4375 4387 3667 3666 
4153 4375 4387 3667 3666 4376 4388 3701 3700 
4154 4376 4388 3701 3700 2992 2993 55 54 
4155 2497 2498 2759 2757 3735 3736 4389 4377 
4156 3735 3736 4389 4377 3769 3770 4390 4378 
4157 3769 3770 4390 4378 3803 3804 4391 4379 
4158 3803 3804 4391 4379 3837 3838 4392 4380 
4159 3837 3838 4392 4380 3871 3872 4393 4381 
4160 3871 3872 4393 4381 3905 3906 4394 4382 
4161 3905 3906 4394 4382 120 119 2960 2959 
4162 2757 2759 2760 2758 4377 4389 4395 4383 
4163 4377 4389 4395 4383 4378 4390 4396 4384 
4164 4378 4390 4396 4384 4379 4391 4397 4385 
4165 4379 4391 4397 4385 4380 4392 4398 4386 
4166 4380 4392 4398 4386 4381 4393 4399 4387 
4167 4381 4393 4399 4387 4382 4394 4400 4388 
4168 4382 4394 4400 4388 2959 2960 2994 2993 
4169 2758 2760 2534 2533 4383 4395 3532 3531 
4170 4383 4395 3532 3531 4384 4396 3566 3565 
4171 4384 4396 3566 3565 4385 4397 3600 3599 
4172 4385 4397 3600 3599 4386 4398 3634 3633 
4173 4386 4398 3634 3633 4387 4399 3668 3667 
4174 4387 4399 3668 3667 4388 4400 3702 3701 
4175 4388 4400 3702 3701 2993 2994 56 55 
4176 2498 2499 2761 2759 3736 3737 4401 4389 
4177 3736 3737 4401 4389 3770 3771 4402 4390 
4178 3770 3771 4402 4390 3804 3805 4403 4391 
4179 3804 3805 4403 4391 3838 3839 4404 4392 
4180 3838 3839 4404 4392 3872 3873 4405 4393 
4181 3872 3873 4405 4393 3906 3907 4406 4394 
4182 3906 3907 4406 4394 119 118 2961 2960 
4183 2759 2761 2762 2760 4389 4401 4407 4395 
4184 4389 4401 4407 4395 4390 4402 4408 4396 
4185 4390 4402 4408 4396 4391 4403 4409 4397 
4186 4391 4403 4409 4397 4392 4404 4410 4398 
4187 4392 4404 4410 4398 4393 4405 4411 4399 
4188 4393 4405 4411 4399 4394 4406 4412 4400 
4189 4394 4406 4412 4400 2960 2961 2995 2994 
4190 2760 2762 2535 2534 4395 4407 3533 3532 
4191 4395 4407 3533 3532 4396 4408 3567 3566 
4192 4396 4408 3567 3566 4397 4409 3601 3600 
4193 4397 4409 3601 3600 4398 4410 3635 3634 
4194 4398 4410 3635 3634 4399 4411 3669 3668 
4195 4399 4411 3669 3668 4400 4412 3703 3702 
4196 4400 4412 3703 3702 2994 2995 57 56 
4197 2499 2500 2763 2761 3737 3738 4413 4401 
4198 3737 3738 4413 4401 3771 3772 4414 4402 
4199 3771 3772 4414 4402 3805 3806 4415 4403 
4200 3805 3806 4415 4403 3839 3840 4416 4404 
4201 3839 3840 4416 4404 3873 3874 4417 4405 
4202 3873 3874 4417 4405 3907 3908 4418 4406 
4203 3907 3908 4418 4406 118 117 2962 2961 
4204 2761 2763 2764 2762 4401 4413 4419 4407 
4205 4401 4413 4419 4407 4402 4414 4420 4408 
4206 4402 4414 4420 4408 4403 4415 4421 4409 
4207 4403 4415 4421 4409 4404 4416 4422 4410 
4208 4404 4416 4422 4410 4405 4417 4423 4411 
4209 4405 4417 4423 4411 4406 4418 4424 4412 
4210 4406 4418 4424 4412 2961 2962 2996 2995 
4211 2762 2764 2536 2535 4407 4419 3534 3533 
4212 4407 4419 3534 3533 4408 4420 3568 3567 
4213 4408 4420 3568 3567 4409 4421 3602 3601 
4214 4409 4421 3602 3601 4410 4422 3636 3635 
4215 4410 4422 3636 3635 4411 4423 3670 3669 
4216 4411 4423 3670 3669 4412 4424 3704 3703 
4217 4412 4424 3704 3703 2995 2996 58 57 
4218 2500 2501 2765 2763 3738 3739 4425 4413 
4219 3738 3739 4425 4413 3772 3773 4426 4414 
4220 3772 3773 4426 4414 3806 3807 4427 4415 
4221 3806 3807 4427 4415 3840 3841 4428 4416 
4222 3840 3841 4428 4416 3874 3875 4429 4417 
4223 3874 3875 4429 4417 3908 3909 4430 4418 
4224 3908 3909 4430 4418 117 116 2963 2962 
4225 2763 2765 2766 2764 4413 4425 4431 4419 
4226 4413 4425 4431 4419 4414 4426 4432 4420 
4227 4414 4426 4432 4420 4415 4427 4433 4421 
4228 4415 4427 4433 4421 4416 4428 4434 4422 
4229 4416 4428 4434 4422 4417 4429 4435 4423 
4230 4417 4429 4435 4423 4418 4430 4436 4424 
4231 4418 4430 4436 4424 2962 2963 2997 2996 
4232 2764 2766 2537 2536 4419 4431 3535 3534 
4233 4419 4431 3535 3534 4420 4432 3569 3568 
4234 4420 4432 3569 3568 4421 4433 3603 3602 
4235 4421 4433 3603 3602 4422 4434 3637 3636 
4236 4422 4434 3637 3636 4423 4435 3671 3670 
4237 4423 4435 3671 3670 4424 4436 3705 3704 
4238 4424 4436 3705 3704 2996 2997 59 58 
4239 2501 2502 2767 2765 3739 3740 4437 4425 
4240 3739 3740 4437 4425 3773 3774 4438 4426 
4241 3773 3774 4438 4426 3807 3808 4439 4427 
4242 3807 3808 4439 4427 3841 3842 4440 4428 
4243 3841 3842 4440 4428 3875 3876 4441 4429 
4244 3875 3876 4441 4429 3909 3910 4442 4430 
4245 3909 3910 4442 4430 116 115 2964 2963 
4246 2765 2767 2768 2766 4425 4437 4443 4431 
4247 4425 4437 4443 4431 4426 4438 4444 4432 
4248 4426 4438 4444 4432 4427 4439 4445 4433 
4249 4427 4439 4445 4433 4428 4440 4446 4434 
4250 4428 4440 4446 4434 4429 4441 4447 4435 
4251 4429 4441 4447 4435 4430 4442 4448 4436 
4252 4430 4442 4448 4436 2963 2964 2998 2997 
4253 2766 2768 2538 2537 4431 4443 3536 3535 
4254 4431 4443 3536 3535 4432 4444 3570 3569 
4255 4432 4444 3570 3569 4433 4445 3604 3603 
4256 4433 4445 3604 3603 4434 4446 3638 3637 
4257 4434 4446 3638 3637 4435 4447 3672 3671 
4258 4435 4447 3672 3671 4436 4448 3706 3705 
4259 4436 4448 3706 3705 2997 2998 60 59 
4260 2502 2503 2769 2767 3740 3741 4449 4437 
4261 3740 3741 4449 4437 3774 3775 4450 4438 
4262 3774 3775 4450 4438 3808 3809 4451 4439 
4263 3808 3809 4451 4439 3842 3843 4452 4440 
4264 3842 3843 4452 4440 3876 3877 4453 4441 
4265 3876 3877 4453 4441 3910 3911 4454 4442 
4266 3910 3911 4454 4442 115 114 2965 2964 
4267 2767 2769 2770 2768 4437 4449 4455 4443 
4268 4437 4449 4455 4443 4438 4450 4456 4444 
4269 4438 4450 4456 4444 4439 4451 4457 4445 
4270 4439 4451 4457 4445 4440 4452 4458 4446 
4271 4440 4452 4458 4446 4441 4453 4459 4447 
4272 4441 4453 4459 4447 4442 4454 4460 4448 
4273 4442 4454 4460 4448 2964 2965 2999 2998 
4274 2768 2770 2539 2538 4443 4455 3537 3536 
4275 4443 4455 3537 3536 4444 4456 3571 3570 
4276 4444 4456 3571 3570 4445 4457 3605 3604 
4277 4445 4457 3605 3604 4446 4458 3639 3638 
4278 4446 4458 3639 3638 4447 4459 3673 3672 
4279 4447 4459 3673 3672 4448 4460 3707 3706 
4280 4448 4460 3707 3706 2998 2999 61 60 
4281 2503 2504 2771 2769 3741 3742 4461 4449 
4282 3741 3742 4461 4449 3775 3776 4462 4450 
4283 3775 3776 4462 4450 3809 3810 4463 4451 
4284 3809 3810 4463 4451 3843 3844 4464 4452 
4285 3843 3844 4464 4452 3877 3878 4465 4453 
4286 3877 3878 4465 4453 3911 3912 4466 4454 
4287 3911 3912 4466 4454 114 113 2966 2965 
4288 2769 2771 2772 2770 4449 4461 4467 4455 
4289 4449 4461 4467 4455 4450 4462 4468 4456 
4290 4450 4462 4468 4456 4451 4463 4469 4457 
4291 4451 4463 4469 4457 4452 4464 4470 4458 
4292 4452 4464 4470 4458 4453 4465 4471 4459 
4293 4453 4465 4471 4459 4454 4466 4472 4460 
4294 4454 4466 4472 4460 2965 2966 3000 2999 
4295 2770 2772 2540 2539 4455 4467 3538 3537 
4296 4455 4467 3538 3537 4456 4468 3572 3571 
4297 4456 4468 3572 3571 4457 4469 3606 3605 
4298 4457 4469 3606 3605 4458 4470 3640 3639 
4299 4458 4470 3640 3639 4459 4471 3674 3673 
4300 4459 4471 3674 3673 4460 4472 3708 3707 
4301 4460 4472 3708 3707 2999 3000 62 61 
4302 2504 2505 2773 2771 3742 3743 4473 4461 
4303 3742 3743 4473 4461 3776 3777 4474 4462 
4304 3776 3777 4474 4462 3810 3811 4475 4463 
4305 3810 3811 4475 4463 3844 3845 4476 4464 
4306 3844 3845 4476 4464 3878 3879 4477 4465 
4307 3878 3879 4477 4465 3912 3913 4478 4466 
4308 3912 3913 4478 4466 113 112 2967 2966 
4309 2771 2773 2774 2772 4461 4473 4479 4467 
4310 4461 4473 4479 4467 4462 4474 4480 4468 
4311 4462 4474 4480 4468 4463 4475 4481 4469 
4312 4463 4475 4481 4469 4464 4476 4482 4470 
4313 4464 4476 4482 4470 4465 4477 4483 4471 
4314 4465 4477 4483 4471 4466 4478 4484 4472 
4315 4466 4478 4484 4472 2966 2967 3001 3000 
4316 2772 2774 2541 2540 4467 4479 3539 3538 
4317 4467 4479 3539 3538 4468 4480 3573 3572 
4318 4468 4480 3573 3572 4469 4481 3607 3606 
4319 4469 4481 3607 3606 4470 4482 3641 3640 
4320 4470 4482 3641 3640 4471 4483 3675 3674 
4321 4471 4483 3675 3674 4472 4484 3709 3708 
4322 4472 4484 3709 3708 3000 3001 63 62 
4323 2505 2506 2775 2773 3743 3744 4485 4473 
4324 3743 3744 4485 4473 3777 3778 4486 4474 
4325 3777 3778 4486 4474 3811 3812 4487 4475 
4326 3811 3812 4487 4475 3845 3846 4488 4476 
4327 3845 3846 4488 4476 3879 3880 4489 4477 
4328 3879 3880 4489 4477 3913 3914 4490 4478 
4329 3913 3914 4490 4478 112 111 2968 2967 
4330 2773 2775 2776 2774 4473 4485 4491 4479 
4331 4473 4485 4491 4479 4474 4486 4492 4480 
4332 4474 4486 4492 4480 4475 4487 4493 4481 
4333 4475 4487 4493 4481 4476 4488 4494 4482 
4334 4476 4488 4494 4482 4477 4489 4495 4483 
4335 4477 4489 4495 4483 4478 4490 4496 4484 
4336 4478 4490 4496 4484 2967 2968 3002 3001 
4337 2774 2776 2542 2541 4479 4491 3540 3539 
4338 4479 4491 3540 3539 4480 4492 3574 3573 
4339 4480 4492 3574 3573 4481 4493 3608 3607 
4340 4481 4493 3608 3607 4482 4494 3642 3641 
4341 4482 4494 3642 3641 4483 4495 3676 3675 
4342 4483 4495 3676 3675 4484 4496 3710 3709 
4343 4484 4496 3710 3709 3001 3002 64 63 
4344 2506 2507 2777 2775 3744 3745 4497 4485 
4345 3744 3745 4497 4485 3778 3779 4498 4486 
4346 3778 3779 4498 4486 3812 3813 4499 4487 
4347 3812 3813 4499 4487 3846 3847 4500 4488 
4348 3846 3847 4500 4488 3880 3881 4501 4489 
4349 3880 3881 4501 4489 3914 3915 4502 4490 
4350 3914 3915 4502 4490 111 110 2969 2968 
4351 2775 2777 2778 2776 4485 4497 4503 4491 
4352 4485 4497 4503 4491 4486 4498 4504 4492 
4353 4486 4498 4504 4492 4487 4499 4505 4493 
4354 4487 4499 4505 4493 4488 4500 4506 4494 
4355 4488 4500 4506 4494 4489 4501 4507 4495 
4356 4489 4501 4507 4495 4490 4502 4508 4496 
4357 4490 4502 4508 4496 2968 2969 3003 3002 
4358 2776 2778 2543 2542 4491 4503 3541 3540 
4359 4491 4503 3541 3540 4492 4504 3575 3574 
4360 4492 4504 3575 3574 4493 4505 3609 3608 
4361 4493 4505 3609 3608 4494 4506 3643 3642 
4362 4494 4506 3643 3642 4495 4507 3677 3676 
4363 4495 4507 3677 3676 4496 4508 3711 3710 
4364 4496 4508 3711 3710 3002 3003 65 64 
4365 2507 2508 2779 2777 3745 3746 4509 4497 
4366 3745 3746 4509 4497 3779 3780 4510 4498 
4367 3779 3780 4510 4498 3813 3814 4511 4499 
4368 3813 3814 4511 4499 3847 3848 4512 4500 
4369 3847 3848 4512 4500 3881 3882 4513 4501 
4370 3881 3882 4513 4501 3915 3916 4514 4502 
4371 3915 3916 4514 4502 110 109 2970 2969 
4372 2777 2779 2780 2778 4497 4509 4515 4503 
4373 4497 4509 4515 4503 4498 4510 4516 4504 
4374 4498 4510 4516 4504 4499 4511 4517 4505 
4375 4499 4511 4517 4505 4500 4512 4518 4506 
4376 4500 4512 4518 4506 4501 4513 4519 4507 
4377 4501 4513 4519 4507 4502 4514 4520 4508 
4378 4502 4514 4520 4508 2969 2970 3004 3003 
4379 2778 2780 2544 2543 4503 4515 3542 3541 
4380 4503 4515 3542 3541 4504 4516 3576 3575 
4381 4504 4516 3576 3575 4505 4517 3610 3609 
4382 4505 4517 3610 3609 4506 4518 3644 3643 
4383 4506 4518 3644 3643 4507 4519 3678 3677 
4384 4507 4519 3678 3677 4508 4520 3712 3711 
4385 4508 4520 3712 3711 3003 3004 66 65 
4386 2508 2509 2781 2779 3746 3747 4521 4509 
4387 3746 3747 4521 4509 3780 3781 4522 4510 
4388 3780 3781 4522 4510 3814 3815 4523 4511 
4389 3814 3815 4523 4511 3848 3849 4524 4512 
4390 3848 3849 4524 4512 3882 3883 4525 4513 
4391 3882 3883 4525 4513 3916 3917 4526 4514 
4392 3916 3917 4526 4514 109 108 2971 2970 
4393 2779 2781 2782 2780 4509 4521 4527 4515 
4394 4509 4521 4527 4515 4510 4522 4528 4516 
4395 4510 4522 4528 4516 4511 4523 4529 4517 
4396 4511 4523 4529 4517 4512 4524 4530 4518 
4397 4512 4524 4530 4518 4513 4525 4531 4519 
4398 4513 4525 4531 4519 4514 4526 4532 4520 
4399 4514 4526 4532 4520 2970 2971 3005 3004 
4400 2780 2782 2545 2544 4515 4527 3543 3542 
4401 4515 4527 3543 3542 4516 4528 3577 3576 
4402 4516 4528 3577 3576 4517 4529 3611 3610 
4403 4517 4529 3611 3610 4518 4530 3645 3644 
4404 4518 4530 3645 3644 4519 4531 3679 3678 
4405 4519 4531 3679 3678 4520 4532 3713 3712 
4406 4520 4532 3713 3712 3004 3005 67 66 
4407 2509 2510 2783 2781 3747 3748 4533 4521 
4408 3747 3748 4533 4521 3781 3782 4534 4522 
4409 3781 3782 4534 4522 3815 3816 4535 4523 
4410 3815 3816 4535 4523 3849 3850 4536 4524 
4411 3849 3850 4536 4524 3883 3884 4537 4525 
4412 3883 3884 4537 4525 3917 3918 4538 4526 
4413 3917 3918 4538 4526 108 107 2972 2971 
4414 2781 2783 2784 2782 4521 4533 4539 4527 
4415 4521 4533 4539 4527 4522 4534 4540 4528 
4416 4522 4534 4540 4528 4523 4535 4541 4529 
4417 4523 4535 4541 4529 4524 4536 4542 4530 
4418 4524 4536 4542 4530 4525 4537 4543 4531 
4419 4525 4537 4543 4531 4526 4538 4544 4532 
4420 4526 4538 4544 4532 2971 2972 3006 3005 
4421 2782 2784 2546 2545 4527 4539 3544 3543 
4422 4527 4539 3544 3543 4528 4540 3578 3577 
4423 4528 4540 3578 3577 4529 4541 3612 3611 
4424 4529 4541 3612 3611 4530 4542 3646 3645 
4425 4530 4542 3646 3645 4531 4543 3680 3679 
4426 4531 4543 3680 3679 4532 4544 3714 3713 
4427 4532 4544 3714 3713 3005 3006 68 67 
4428 2510 2511 2785 2783 3748 3749 4545 4533 
4429 3748 3749 4545 4533 3782 3783 4546 4534 
4430 3782 3783 4546 4534 3816 3817 4547 4535 
4431 3816 3817 4547 4535 3850 3851 4548 4536 
4432 3850 3851 4548 4536 3884 3885 4549 4537 
4433 3884 3885 4549 4537 3918 3919 4550 4538 
4434 3918 3919 4550 4538 107 106 2973 2972 
4435 2783 2785 2786 2784 4533 4545 4551 4539 
4436 4533 4545 4551 4539 4534 4546 4552 4540 
4437 4534 4546 4552 4540 4535 4547 4553 4541 
4438 4535 4547 4553 4541 4536 4548 4554 4542 
4439 4536 4548 4554 4542 4537 4549 4555 4543 
4440 4537 4549 4555 4543 4538 4550 4556 4544 
4441 4538 4550 4556 4544 2972 2973 3007 3006 
4442 2784 2786 2547 2546 4539 4551 3545 3544 
4443 4539 4551 3545 3544 4540 4552 3579 3578 
4444 4540 4552 3579 3578 4541 4553 3613 3612 
4445 4541 4553 3613 3612 4542 4554 3647 3646 
4446 4542 4554 3647 3646 4543 4555 3681 3680 
4447 4543 4555 3681 3680 4544 4556 3715 3714 
4448 4544 4556 3715 3714 3006 3007 69 68 
4449 2511 2512 2787 2785 3749 3750 4557 4545 
4450 3749 3750 4557 4545 3783 3784 4558 4546 
4451 3783 3784 4558 4546 3817 3818 4559 4547 
4452 3817 3818 4559 4547 3851 3852 4560 4548 
4453 3851 3852 4560 4548 3885 3886 4561 4549 
4454 3885 3886 4561 4549 3919 3920 4562 4550 
4455 3919 3920 4562 4550 106 105 2974 2973 
4456 2785 2787 2788 2786 4545 4557 4563 4551 
4457 4545 4557 4563 4551 4546 4558 4564 4552 
4458 4546 4558 4564 4552 4547 4559 4565 4553 
4459 4547 4559 4565 4553 4548 4560 4566 4554 
4460 4548 4560 4566 4554 4549 4561 4567 4555 
4461 4549 4561 4567 4555 4550 4562 4568 4556 
4462 4550 4562 4568 4556 2973 2974 3008 3007 
4463 2786 2788 2548 2547 4551 4563 3546 3545 
4464 4551 4563 3546 3545 4552 4564 3580 3579 
4465 4552 4564 3580 3579 4553 4565 3614 3613 
4466 4553 4565 3614 3613 4554 4566 3648 3647 
4467 4554 4566 3648 3647 4555 4567 3682 3681 
4468 4555 4567 3682 3681 4556 4568 3716 3715 
4469 4556 4568 3716 3715 3007 3008 70 69 
4470 2512 2513 2789 2787 3750 3751 4569 4557 
4471 3750 3751 4569 4557 3784 3785 4570 4558 
4472 3784 3785 4570 4558 3818 3819 4571 4559 
4473 3818 3819 4571 4559 3852 3853 4572 4560 
4474 3852 3853 4572 4560 3886 3887 4573 4561 
4475 3886 3887 4573 4561 3920 3921 4574 4562 
4476 3920 3921 4574 4562 105 104 2975 2974 
4477 2787 2789 2790 2788 4557 4569 4575 4563 
4478 4557 4569 4575 4563 4558 4570 4576 4564 
4479 4558 4570 4576 4564 4559 4571 4577 4565 
4480 4559 4571 4577 4565 4560 4572 4578 4566 
4481 4560 4572 4578 4566 4561 4573 4579 4567 
4482 4561 4573 4579 4567 4562 4574 4580 4568 
4483 4562 4574 4580 4568 2974 2975 3009 3008 
4484 2788 2790 2549 2548 4563 4575 3547 3546 
4485 4563 4575 3547 3546 4564 4576 3581 3580 
4486 4564 4576 3581 3580 4565 4577 3615 3614 
4487 4565 4577 3615 3614 4566 4578 3649 3648 
4488 4566 4578 3649 3648 4567 4579 3683 3682 
4489 4567 4579 3683 3682 4568 4580 3717 3716 
4490 4568 4580 3717 3716 3008 3009 71 70 
4491 2513 2514 2791 2789 3751 3752 4581 4569 
4492 3751 3752 4581 4569 3785 3786 4582 4570 
4493 3785 3786 4582 4570 3819 3820 4583 4571 
4494 3819 3820 4583 4571 3853 3854 4584 4572 
4495 3853 3854 4584 4572 3887 3888 4585 4573 
4496 3887 3888 4585 4573 3921 3922 4586 4574 
4497 3921 3922 4586 4574 104 103 2976 2975 
4498 2789 2791 2792 2790 4569 4581 4587 4575 
4499 4569 4581 4587 4575 4570 4582 4588 4576 
4500 4570 4582 4588 4576 4571 4583 4589 4577 
4501 4571 4583 4589 4577 4572 4584 4590 4578 
4502 4572 4584 4590 4578 4573 4585 4591 4579 
4503 4573 4585 4591 4579 4574 4586 4592 4580 
4504 4574 4586 4592 4580 2975 2976 3010 3009 
4505 2790 2792 2550 2549 4575 4587 3548 3547 
4506 4575 4587 3548 3547 4576 4588 3582 3581 
4507 4576 4588 3582 3581 4577 4589 3616 3615 
4508 4577 4589 3616 3615 4578 4590 3650 3649 
4509 4578 4590 3650 3649 4579 4591 3684 3683 
4510 4579 4591 3684 3683 4580 4592 3718 3717 
4511 4580 4592 3718 3717 3009 3010 72 71 
4512 2514 2515 2793 2791 3752 3753 4593 4581 
4513 3752 3753 4593 4581 3786 3787 4594 4582 
4514 3786 3787 4594 4582 3820 3821 4595 4583 
4515 3820 3821 4595 4583 3854 3855 4596 4584 
4516 3854 3855 4596 4584 3888 3889 4597 4585 
4517 3888 3889 4597 4585 3922 3923 4598 4586 
4518 3922 3923 4598 4586 103 102 2977 2976 
4519 2791 2793 2794 2792 4581 4593 4599 4587 
4520 4581 4593 4599 4587 4582 4594 4600 4588 
4521 4582 4594 4600 4588 4583 4595 4601 4589 
4522 4583 4595 4601 4589 4584 4596 4602 4590 
4523 4584 4596 4602 4590 4585 4597 4603 4591 
4524 4585 4597 4603 4591 4586 4598 4604 4592 
4525 4586 4598 4604 4592 2976 2977 3011 3010 
4526 2792 2794 2551 2550 4587 4599 3549 3548 
4527 4587 4599 3549 3548 4588 4600 3583 3582 
4528 4588 4600 3583 3582 4589 4601 3617 3616 
4529 4589 4601 3617 3616 4590 4602 3651 3650 
4530 4590 4602 3651 3650 4591 4603 3685 3684 
4531 4591 4603 3685 3684 4592 4604 3719 3718 
4532 4592 4604 3719 3718 3010 3011 73 72 
4533 2515 2516 2795 2793 3753 3754 4605 4593 
4534 3753 3754 4605 4593 3787 3788 4606 4594 
4535 3787 3788 4606 4594 3821 3822 4607 4595 
4536 3821 3822 4607 4595 3855 3856 4608 4596 
4537 3855 3856 4608 4596 3889 3890 4609 4597 
4538 3889 3890 4609 4597 3923 3924 4610 4598 
4539 3923 3924 4610 4598 102 101 2978 2977 
4540 2793 2795 2796 2794 4593 4605 4611 4599 
4541 4593 4605 4611 4599 4594 4606 4612 4600 
4542 4594 4606 4612 4600 4595 4607 4613 4601 
4543 4595 4607 4613 4601 4596 4608 4614 4602 
4544 4596 4608 4614 4602 4597 4609 4615 4603 
4545 4597 4609 4615 4603 4598 4610 4616 4604 
4546 4598 4610 4616 4604 2977 2978 3012 3011 
4547 2794 2796 2552 2551 4599 4611 3550 3549 
4548 4599 4611 3550 3549 4600 4612 3584 3583 
4549 4600 4612 3584 3583 4601 4613 3618 3617 
4550 4601 4613 3618 3617 4602 4614 3652 3651 
4551 4602 4614 3652 3651 4603 4615 3686 3685 
4552 4603 4615 3686 3685 4604 4616 3720 3719 
4553 4604 4616 3720 3719 3011 3012 74 73 
4554 2516 2517 2797 2795 3754 3755 4617 4605 
4555 3754 3755 4617 4605 3788 3789 4618 4606 
4556 3788 3789 4618 4606 3822 3823 4619 4607 
4557 3822 3823 4619 4607 3856 3857 4620 4608 
4558 3856 3857 4620 4608 3890 3891 4621 4609 
4559 3890 3891 4621 4609 3924 3925 4622 4610 
4560 3924 3925 4622 4610 101 100 2979 2978 
4561 2795 2797 2798 2796 4605 4617 4623 4611 
4562 4605 4617 4623 4611 4606 4618 4624 4612 
4563 4606 4618 4624 4612 4607 4619 4625 4613 
4564 4607 4619 4625 4613 4608 4620 4626 4614 
4565 4608 4620 4626 4614 4609 4621 4627 4615 
4566 4609 4621 4627 4615 4610 4622 4628 4616 
4567 4610 4622 4628 4616 2978 2979 3013 3012 
4568 2796 2798 2553 2552 4611 4623 3551 3550 
4569 4611 4623 3551 3550 4612 4624 3585 3584 
4570 4612 4624 3585 3584 4613 4625 3619 3618 
4571 4613 4625 3619 3618 4614 4626 3653 3652 
4572 4614 4626 3653 3652 4615 4627 3687 3686 
4573 4615 4627 3687 3686 4616 4628 3721 3720 
4574 4616 4628 3721 3720 3012 3013 75 74 
4575 2517 2518 2799 2797 3755 3756 4629 4617 
4576 3755 3756 4629 4617 3789 3790 4630 4618 
4577 3789 3790 4630 4618 3823 3824 4631 4619 
4578 3823 3824 4631 4619 3857 3858 4632 4620 
4579 3857 3858 4632 4620 3891 3892 4633 4621 
4580 3891 3892 4633 4621 3925 3926 4634 4622 
4581 3925 3926 4634 4622 100 99 2980 2979 
4582 2797 2799 2800 2798 4617 4629 4635 4623 
4583 4617 4629 4635 4623 4618 4630 4636 4624 
4584 4618 4630 4636 4624 4619 4631 4637 4625 
4585 4619 4631 4637 4625 4620 4632 4638 4626 
4586 4620 4632 4638 4626 4621 4633 4639 4627 
4587 4621 4633 4639 4627 4622 4634 4640 4628 
4588 4622 4634 4640 4628 2979 2980 3014 3013 
4589 2798 2800 2554 2553 4623 4635 3552 3551 
4590 4623 4635 3552 3551 4624 4636 3586 3585 
4591 4624 4636 3586 3585 4625 4637 3620 3619 
4592 4625 4637 3620 3619 4626 4638 3654 3653 
4593 4626 4638 3654 3653 4627 4639 3688 3687 
4594 4627 4639 3688 3687 4628 4640 3722 3721 
4595 4628 4640 3722 3721 3013 3014 76 75 
4596 2518 2519 2801 2799 3756 3757 4641 4629 
4597 3756 3757 4641 4629 3790 3791 4642 4630 
4598 3790 3791 4642 4630 3824 3825 4643 4631 
4599 3824 3825 4643 4631 3858 3859 4644 4632 
4600 3858 3859 4644 4632 3892 3893 4645 4633 
4601 3892 3893 4645 4633 3926 3927 4646 4634 
4602 3926 3927 4646 4634 99 98 2981 2980 
4603 2799 2801 2802 2800 4629 4641 4647 4635 
4604 4629 4641 4647 4635 4630 4642 4648 4636 
4605 4630 4642 4648 4636 4631 4643 4649 4637 
4606 4631 4643 4649 4637 4632 4644 4650 4638 
4607 4632 4644 4650 4638 4633 4645 4651 4639 
4608 4633 4645 4651 4639 4634 4646 4652 4640 
4609 4634 4646 4652 4640 2980 2981 3015 3014 
4610 2800 2802 2555 2554 4635 4647 3553 3552 
4611 4635 4647 3553 3552 4636 4648 3587 3586 
4612 4636 4648 3587 3586 4637 4649 3621 3620 
4613 4637 4649 3621 3620 4638 4650 3655 3654 
4614 4638 4650 3655 3654 4639 4651 3689 3688 
4615 4639 4651 3689 3688 4640 4652 3723 3722 
4616 4640 4652 3723 3722 3014 3015 77 76 
4617 2519 2520 2803 2801 3757 3758 4653 4641 
4618 3757 3758 4653 4641 3791 3792 4654 4642 
4619 3791 3792 4654 4642 3825 3826 4655 4643 
4620 3825 3826 4655 4643 3859 3860 4656 4644 
4621 3859 3860 4656 4644 3893 3894 4657 4645 
4622 3893 3894 4657 4645 3927 3928 4658 4646 
4623 3927 3928 4658 4646 98 97 2982 2981 
4624 2801 2803 2804 2802 4641 4653 4659 4647 
4625 4641 4653 4659 4647 4642 4654 4660 4648 
4626 4642 4654 4660 4648 4643 4655 4661 4649 
4627 4643 4655 4661 4649 4644 4656 4662 4650 
4628 4644 4656 4662 4650 4645 4657 4663 4651 
4629 4645 4657 4663 4651 4646 4658 4664 4652 
4630 4646 4658 4664 4652 2981 2982 3016 3015 
4631 2802 2804 2556 2555 4647 4659 3554 3553 
4632 4647 4659 3554 3553 4648 4660 3588 3587 
4633 4648 4660 3588 3587 4649 4661 3622 3621 
4634 4649 4661 3622 3621 4650 4662 3656 3655 
4635 4650 4662 3656 3655 4651 4663 3690 3689 
4636 4651 4663 3690 3689 4652 4664 3724 3723 
4637 4652 4664 3724 3723 3015 3016 78 77 
4638 2520 2521 2805 2803 3758 3759 4665 4653 
4639 3758 3759 4665 4653 3792 3793 4666 4654 
4640 3792 3793 4666 4654 3826 3827 4667 4655 
4641 3826 3827 4667 4655 3860 3861 4668 4656 
4642 3860 3861 4668 4656 3894 3895 4669 4657 
4643 3894 3895 4669 4657 3928 3929 4670 4658 
4644 3928 3929 4670 4658 97 96 2983 2982 
4645 2803 2805 2806 2804 4653 4665 4671 4659 
4646 4653 4665 4671 4659 4654 4666 4672 4660 
4647 4654 4666 4672 4660 4655 4667 4673 4661 
4648 4655 4667 4673 4661 4656 4668 4674 4662 
4649 4656 4668 4674 4662 4657 4669 4675 4663 
4650 4657 4669 4675 4663 4658 4670 4676 4664 
4651 4658 4670 4676 4664 2982 2983 3017 3016 
4652 2804 2806 2557 2556 4659 4671 3555 3554 
4653 4659 4671 3555 3554 4660 4672 3589 3588 
4654 4660 4672 3589 3588 4661 4673 3623 3622 
4655 4661 4673 3623 3622 4662 4674 3657 3656 
4656 4662 4674 3657 3656 4663 4675 3691 3690 
4657 4663 4675 3691 3690 4664 4676 3725 3724 
4658 4664 4676 3725 3724 3016 3017 79 78 
4659 2521 2522 2807 2805 3759 3760 4677 4665 
4660 3759 3760 4677 4665 3793 3794 4678 4666 
4661 3793 3794 4678 4666 3827 3828 4679 4667 
4662 3827 3828 4679 4667 3861 3862 4680 4668 
4663 3861 3862 4680 4668 3895 3896 4681 4669 
4664 3895 3896 4681 4669 3929 3930 4682 4670 
4665 3929 3930 4682 4670 96 95 2984 2983 
4666 2805 2807 2808 2806 4665 4677 4683 4671 
4667 4665 4677 4683 4671 4666 4678 4684 4672 
4668 4666 4678 4684 4672 4667 4679 4685 4673 
4669 4667 4679 4685 4673 4668 4680 4686 4674 
4670 4668 4680 4686 4674 4669 4681 4687 4675 
4671 4669 4681 4687 4675 4670 4682 4688 4676 
4672 4670 4682 4688 4676 2983 2984 3018 3017 
4673 2806 2808 2558 2557 4671 4683 3556 3555 
4674 4671 4683 3556 3555 4672 4684 3590 3589 
4675 4672 4684 3590 3589 4673 4685 3624 3623 
4676 4673 4685 3624 3623 4674 4686 3658 3657 
4677 4674 4686 3658 3657 4675 4687 3692 3691 
4678 4675 4687 3692 3691 4676 4688 3726 3725 
4679 4676 4688 3726 3725 3017 3018 80 79 
4680 2522 2523 2809 2807 3760 3761 4689 4677 
4681 3760 3761 4689 4677 3794 3795 4690 4678 
4682 3794 3795 4690 4678 3828 3829 4691 4679 
4683 3828 3829 4691 4679 3862 3863 4692 4680 
4684 3862 3863 4692 4680 3896 3897 4693 4681 
4685 3896 3897 4693 4681 3930 3931 4694 4682 
4686 3930 3931 4694 4682 95 94 2985 2984 
4687 2807 2809 2810 2808 4677 4689 4695 4683 
4688 4677 4689 4695 4683 4678 4690 4696 4684 
4689 4678 4690 4696 4684 4679 4691 4697 4685 
4690 4679 4691 4697 4685 4680 4692 4698 4686 
4691 4680 4692 4698 4686 4681 4693 4699 4687 
4692 4681 4693 4699 4687 4682 4694 4700 4688 
4693 4682 4694 4700 4688 2984 2985 3019 3018 
4694 2808 2810 2559 2558 4683 4695 3557 3556 
4695 4683 4695 3557 3556 4684 4696 3591 3590 
4696 4684 4696 3591 3590 4685 4697 3625 3624 
4697 4685 4697 3625 3624 4686 4698 3659 3658 
4698 4686 4698 3659 3658 4687 4699 3693 3692 
4699 4687 4699 3693 3692 4688 4700 3727 3726 
4700 4688 4700 3727 3726 3018 3019 81 80 
4701 2523 2524 2811 2809 3761 3762 4701 4689 
4702 3761 3762 4701 4689 3795 3796 4702 4690 
4703 3795 3796 4702 4690 3829 3830 4703 4691 
4704 3829 3830 4703 4691 3863 3864 4704 4692 
4705 3863 3864 4704 4692 3897 3898 4705 4693 
4706 3897 3898 4705 4693 3931 3932 4706 4694 
4707 3931 3932 4706 4694 94 93 2986 2985 
4708 2809 2811 2812 2810 4689 4701 4707 4695 
4709 4689 4701 4707 4695 4690 4702 4708 4696 
4710 4690 4702 4708 4696 4691 4703 4709 4697 
4711 4691 4703 4709 4697 4692 4704 4710 4698 
4712 4692 4704 4710 4698 4693 4705 4711 4699 
4713 4693 4705 4711 4699 4694 4706 4712 4700 
4714 4694 4706 4712 4700 2985 2986 3020 3019 
4715 2810 2812 2560 2559 4695 4707 3558 3557 
4716 4695 4707 3558 3557 4696 4708 3592 3591 
4717 4696 4708 3592 3591 4697 4709 3626 3625 
4718 4697 4709 3626 3625 4698 4710 3660 3659 
4719 4698 4710 3660 3659 4699 4711 3694 3693 
4720 4699 4711 3694 3693 4700 4712 3728 3727 
4721 4700 4712 3728 3727 3019 3020 82 81 
4722 2524 2525 2813 2811 3762 3763 4713 4701 
4723 3762 3763 4713 4701 3796 3797 4714 4702 
4724 3796 3797 4714 4702 3830 3831 4715 4703 
4725 3830 3831 4715 4703 3864 3865 4716 4704 
4726 3864 3865 4716 4704 3898 3899 4717 4705 
4727 3898 3899 4717 4705 3932 3933 4718 4706 
4728 3932 3933 4718 4706 93 92 2987 2986 
4729 2811 2813 2814 2812 4701 4713 4719 4707 
4730 4701 4713 4719 4707 4702 4714 4720 4708 
4731 4702 4714 4720 4708 4703 4715 4721 4709 
4732 4703 4715 4721 4709 4704 4716 4722 4710 
4733 4704 4716 4722 4710 4705 4717 4723 4711 
4734 4705 4717 4723 4711 4706 4718 4724 4712 
4735 4706 4718 4724 4712 2986 2987 3021 3020 
4736 2812 2814 2561 2560 4707 4719 3559 3558 
4737 4707 4719 3559 3558 4708 4720 3593 3592 
4738 4708 4720 3593 3592 4709 4721 3627 3626 
4739 4709 4721 3627 3626 4710 4722 3661 3660 
4740 4710 4722 3661 3660 4711 4723 3695 3694 
4741 4711 4723 3695 3694 4712 4724 3729 3728 
4742 4712 4724 3729 3728 3020 3021 83 82 
4743 2525 2526 2815 2813 3763 3764 4725 4713 
4744 3763 3764 4725 4713 3797 3798 4726 4714 
4745 3797 3798 4726 4714 3831 3832 4727 4715 
4746 3831 3832 4727 4715 3865 3866 4728 4716 
4747 3865 3866 4728 4716 3899 3900 4729 4717 
4748 3899 3900 4729 4717 3933 3934 4730 4718 
4749 3933 3934 4730 4718 92 91 2988 2987 
4750 2813 2815 2816 2814 4713 4725 4731 4719 
4751 4713 4725 4731 4719 4714 4726 4732 4720 
4752 4714 4726 4732 4720 4715 4727 4733 4721 
4753 4715 4727 4733 4721 4716 4728 4734 4722 
4754 4716 4728 4734 4722 4717 4729 4735 4723 
4755 4717 4729 4735 4723 4718 4730 4736 4724 
4756 4718 4730 4736 4724 2987 2988 3022 3021 
4757 2814 2816 2562 2561 4719 4731 3560 3559 
4758 4719 4731 3560 3559 4720 4732 3594 3593 
4759 4720 4732 3594 3593 4721 4733 3628 3627 
4760 4721 4733 3628 3627 4722 4734 3662 3661 
4761 4722 4734 3662 3661 4723 4735 3696 3695 
4762 4723 4735 3696 3695 4724 4736 3730 3729 
4763 4724 4736 3730 3729 3021 3022 84 83 
4764 2526 2527 2817 2815 3764 3765 4737 4725 
4765 3764 3765 4737 4725 3798 3799 4738 4726 
4766 3798 3799 4738 4726 3832 3833 4739 4727 
4767 3832 3833 4739 4727 3866 3867 4740 4728 
4768 3866 3867 4740 4728 3900 3901 4741 4729 
4769 3900 3901 4741 4729 3934 3935 4742 4730 
4770 3934 3935 4742 4730 91 90 2989 2988 
4771 2815 2817 2818 2816 4725 4737 4743 4731 
4772 4725 4737 4743 4731 4726 4738 4744 4732 
4773 4726 4738 4744 4732 4727 4739 4745 4733 
4774 4727 4739 4745 4733 4728 4740 4746 4734 
4775 4728 4740 4746 4734 4729 4741 4747 4735 
4776 4729 4741 4747 4735 4730 4742 4748 4736 
4777 4730 4742 4748 4736 2988 2989 3023 3022 
4778 2816 2818 2563 2562 4731 4743 3561 3560 
4779 4731 4743 3561 3560 4732 4744 3595 3594 
4780 4732 4744 3595 3594 4733 4745 3629 3628 
4781 4733 4745 3629 3628 4734 4746 3663 3662 
4782 4734 4746 3663 3662 4735 4747 3697 3696 
4783 4735 4747 3697 3696 4736 4748 3731 3730 
4784 4736 4748 3731 3730 3022 3023 85 84 
4785 2527 2528 2819 2817 3765 3766 4749 4737 
4786 3765 3766 4749 4737 3799 3800 4750 4738 
4787 3799 3800 4750 4738 3833 3834 4751 4739 
4788 3833 3834 4751 4739 3867 3868 4752 4740 
4789 3867 3868 4752 4740 3901 3902 4753 4741 
4790 3901 3902 4753 4741 3935 3936 4754 4742 
4791 3935 3936 4754 4742 90 89 2990 2989 
4792 2817 2819 2820 2818 4737 4749 4755 4743 
4793 4737 4749 4755 4743 4738 4750 4756 4744 
4794 4738 4750 4756 4744 4739 4751 4757 4745 
4795 4739 4751 4757 4745 4740 4752 4758 4746 
4796 4740 4752 4758 4746 4741 4753 4759 4747 
4797 4741 4753 4759 4747 4742 4754 4760 4748 
4798 4742 4754 4760 4748 2989 2990 3024 3023 
4799 2818 2820 2564 2563 4743 4755 3562 3561 
4800 4743 4755 3562 3561 4744 4756 3596 3595 
4801 4744 4756 3596 3595 4745 4757 3630 3629 
4802 4745 4757 3630 3629 4746 4758 3664 3663 
4803 4746 4758 3664 3663 4747 4759 3698 3697 
4804 4747 4759 3698 3697 4748 4760 3732 3731 
4805 4748 4760 3732 3731 3023 3024 86 85 
4806 2528 2415 2565 2819 3766 2605 3097 4749 
4807 3766 2605 3097 4749 3800 2606 3098 4750 
4808 3800 2606 3098 4750 3834 2607 3099 4751 
4809 3834 2607 3099 4751 3868 2608 3100 4752 
4810 3868 2608 3100 4752 3902 2609 3101 4753 
4811 3902 2609 3101 4753 3936 2610 3102 4754 
4812 3936 2610 3102 4754 89 7 88 2990 
4813 2819 2565 2566 2820 4749 3097 3103 4755 
4814 4749 3097 3103 4755 4750 3098 3104 4756 
4815 4750 3098 3104 4756 4751 3099 3105 4757 
4816 4751 3099 3105 4757 4752 3100 3106 4758 
4817 4752 3100 3106 4758 4753 3101 3107 4759 
4818 4753 3101 3107 4759 4754 3102 3108 4760 
4819 4754 3102 3108 4760 2990 88 87 3024 
4820 2820 2566 2416 2564 4755 3103 2611 3562 
4821 4755 3103 2611 3562 4756 3104 2612 3596 
4822 4756 3104 2612 3596 4757 3105 2613 3630 
4823 4757 3105 2613 3630 4758 3106 2614 3664 
4824 4758 3106 2614 3664 4759 3107 2615 3698 
4825 4759 3107 2615 3698 4760 3108 2616 3732 
4826 4760 3108 2616 3732 3024 87 6 86 
3 96 5 735
4827 2412 2531 2821 2423 2587 3529 4761 3061 
4828 2587 3529 4761 3061 2588 3563 4762 3062 
4829 2588 3563 4762 3062 2589 3597 4763 3063 
4830 2589 3597 4763 3063 2590 3631 4764 3064 
4831 2590 3631 4764 3064 2591 3665 4765 3065 
4832 2591 3665 4765 3065 2592 3699 4766 3066 
4833 2592 3699 4766 3066 5 53 867 233 
4834 2423 2821 2822 2424 3061 4761 4767 3067 
4835 3061 4761 4767 3067 3062 4762 4768 3068 
4836 3062 4762 4768 3068 3063 4763 4769 3069 
4837 3063 4763 4769 3069 3064 4764 4770 3070 
4838 3064 4764 4770 3070 3065 4765 4771 3071 
4839 3065 4765 4771 3071 3066 4766 4772 3072 
4840 3066 4766 4772 3072 233 867 868 234 
4841 2424 2822 2425 2409 3067 4767 3121 2569 
4842 3067 4767 3121 2569 3068 4768 3155 2570 
4843 3068 4768 3155 2570 3069 4769 3189 2571 
4844 3069 4769 3189 2571 3070 4770 3223 2572 
4845 3070 4770 3223 2572 3071 4771 3257 2573 
4846 3071 4771 3257 2573 3072 4772 3291 2574 
4847 3072 4772 3291 2574 234 868 237 17 
4848 2531 2532 2823 2821 3529 3530 4773 4761 
4849 3529 3530 4773 4761 3563 3564 4774 4762 
4850 3563 3564 4774 4762 3597 3598 4775 4763 
4851 3597 3598 4775 4763 3631 3632 4776 4764 
4852 3631 3632 4776 4764 3665 3666 4777 4765 
4853 3665 3666 4777 4765 3699 3700 4778 4766 
4854 3699 3700 4778 4766 53 54 869 867 
4855 2821 2823 2824 2822 4761 4773 4779 4767 
4856 4761 4773 4779 4767 4762 4774 4780 4768 
4857 4762 4774 4780 4768 4763 4775 4781 4769 
4858 4763 4775 4781 4769 4764 4776 4782 4770 
4859 4764 4776 4782 4770 4765 4777 4783 4771 
4860 4765 4777 4783 4771 4766 4778 4784 4772 
4861 4766 4778 4784 4772 867 869 870 868 
4862 2822 2824 2426 2425 4767 4779 3122 3121 
4863 4767 4779 3122 3121 4768 4780 3156 3155 
4864 4768 4780 3156 3155 4769 4781 3190 3189 
4865 4769 4781 3190 3189 4770 4782 3224 3223 
4866 4770 4782 3224 3223 4771 4783 3258 3257 
4867 4771 4783 3258 3257 4772 4784 3292 3291 
4868 4772 4784 3292 3291 868 870 238 237 
4869 2532 2533 2825 2823 3530 3531 4785 4773 
4870 3530 3531 4785 4773 3564 3565 4786 4774 
4871 3564 3565 4786 4774 3598 3599 4787 4775 
4872 3598 3599 4787 4775 3632 3633 4788 4776 
4873 3632 3633 4788 4776 3666 3667 4789 4777 
4874 3666 3667 4789 4777 3700 3701 4790 4778 
4875 3700 3701 4790 4778 54 55 871 869 
4876 2823 2825 2826 2824 4773 4785 4791 4779 
4877 4773 4785 4791 4779 4774 4786 4792 4780 
4878 4774 4786 4792 4780 4775 4787 4793 4781 
4879 4775 4787 4793 4781 4776 4788 4794 4782 
4880 4776 4788 4794 4782 4777 4789 4795 4783 
4881 4777 4789 4795 4783 4778 4790 4796 4784 
4882 4778 4790 4796 4784 869 871 872 870 
4883 2824 2826 2427 2426 4779 4791 3123 3122 
4884 4779 4791 3123 3122 4780 4792 3157 3156 
4885 4780 4792 3157 3156 4781 4793 3191 3190 
4886 4781 4793 3191 3190 4782 4794 3225 3224 
4887 4782 4794 3225 3224 4783 4795 3259 3258 
4888 4783 4795 3259 3258 4784 4796 3293 3292 
4889 4784 4796 3293 3292 870 872 239 238 
4890 2533 2534 2827 2825 3531 3532 4797 4785 
4891 3531 3532 4797 4785 3565 3566 4798 4786 
4892 3565 3566 4798 4786 3599 3600 4799 4787 
4893 3599 3600 4799 4787 3633 3634 4800 4788 
4894 3633 3634 4800 4788 3667 3668 4801 4789 
4895 3667 3668 4801 4789 3701 3702 4802 4790 
4896 3701 3702 4802 4790 55 56 873 871 
4897 2825 2827 2828 2826 4785 4797 4803 4791 
4898 4785 4797 4803 4791 4786 4798 4804 4792 
4899 4786 4798 4804 4792 4787 4799 4805 4793 
4900 4787 4799 4805 4793 4788 4800 4806 4794 
4901 4788 4800 4806 4794 4789 4801 4807 4795 
4902 4789 4801 4807 4795 4790 4802 4808 4796 
4903 4790 4802 4808 4796 871 873 874 872 
4904 2826 2828 2428 2427 4791 4803 3124 3123 
4905 4791 4803 3124 3123 4792 4804 3158 3157 
4906 4792 4804 3158 3157 4793 4805 3192 3191 
4907 4793 4805 3192 3191 4794 4806 3226 3225 
4908 4794 4806 3226 3225 4795 4807 3260 3259 
4909 4795 4807 3260 3259 4796 4808 3294 3293 
4910 4796 4808 3294 3293 872 874 240 239 
4911 2534 2535 2829 2827 3532 3533 4809 4797 
4912 3532 3533 4809 4797 3566 3567 4810 4798 
4913 3566 3567 4810 4798 3600 3601 4811 4799 
4914 3600 3601 4811 4799 3634 3635 4812 4800 
4915 3634 3635 4812 4800 3668 3669 4813 4801 
4916 3668 3669 4813 4801 3702 3703 4814 4802 
4917 3702 3703 4814 4802 56 57 875 873 
4918 2827 2829 2830 2828 4797 4809 4815 4803 
4919 4797 4809 4815 4803 4798 4810 4816 4804 
4920 4798 4810 4816 4804 4799 4811 4817 4805 
4921 4799 4811 4817 4805 4800 4812 4818 4806 
4922 4800 4812 4818 4806 4801 4813 4819 4807 
4923 4801 4813 4819 4807 4802 4814 4820 4808 
4924 4802 4814 4820 4808 873 875 876 874 
4925 2828 2830 2429 2428 4803 4815 3125 3124 
4926 4803 4815 3125 3124 4804 4816 3159 3158 
4927 4804 4816 3159 3158 4805 4817 3193 3192 
4928 4805 4817 3193 3192 4806 4818 3227 3226 
4929 4806 4818 3227 3226 4807 4819 3261 3260 
4930 4807 4819 3261 3260 4808 4820 3295 3294 
4931 4808 4820 3295 3294 874 876 241 240 
4932 2535 2536 2831 2829 3533 3534 4821 4809 
4933 3533 3534 4821 4809 3567 3568 4822 4810 
4934 3567 3568 4822 4810 3601 3602 4823 4811 
4935 3601 3602 4823 4811 3635 3636 4824 4812 
4936 3635 3636 4824 4812 3669 3670 4825 4813 
4937 3669 3670 4825 4813 3703 3704 4826 4814 
4938 3703 3704 4826 4814 57 58 877 875 
4939 2829 2831 2832 2830 4809 4821 4827 4815 
4940 4809 4821 4827 4815 4810 4822 4828 4816 
4941 4810 4822 4828 4816 4811 4823 4829 4817 
4942 4811 4823 4829 4817 4812 4824 4830 4818 
4943 4812 4824 4830 4818 4813 4825 4831 4819 
4944 4813 4825 4831 4819 4814 4826 4832 4820 
4945 4814 4826 4832 4820 875 877 878 876 
4946 2830 2832 2430 2429 4815 4827 3126 3125 
4947 4815 4827 3126 3125 4816 4828 3160 3159 
4948 4816 4828 3160 3159 4817 4829 3194 3193 
4949 4817 4829 3194 3193 4818 4830 3228 3227 
4950 4818 4830 3228 3227 4819 4831 3262 3261 
4951 4819 4831 3262 3261 4820 4832 3296 3295 
4952 4820 4832 3296 3295 876 878 242 241 
4953 2536 2537 2833 2831 3534 3535 4833 4821 
4954 3534 3535 4833 4821 3568 3569 4834 4822 
4955 3568 3569 4834 4822 3602 3603 4835 4823 
4956 3602 3603 4835 4823 3636 3637 4836 4824 
4957 3636 3637 4836 4824 3670 3671 4837 4825 
4958 3670 3671 4837 4825 3704 3705 4838 4826 
4959 3704 3705 4838 4826 58 59 879 877 
4960 2831 2833 2834 2832 4821 4833 4839 4827 
4961 4821 4833 4839 4827 4822 4834 4840 4828 
4962 4822 4834 4840 4828 4823 4835 4841 4829 
4963 4823 4835 4841 4829 4824 4836 4842 4830 
4964 4824 4836 4842 4830 4825 4837 4843 4831 
4965 4825 4837 4843 4831 4826 4838 4844 4832 
4966 4826 4838 4844 4832 877 879 880 878 
4967 2832 2834 2431 2430 4827 4839 3127 3126 
4968 4827 4839 3127 3126 4828 4840 3161 3160 
4969 4828 4840 3161 3160 4829 4841 3195 3194 
4970 4829 4841 3195 3194 4830 4842 3229 3228 
4971 4830 4842 3229 3228 4831 4843 3263 3262 
4972 4831 4843 3263 3262 4832 4844 3297 3296 
4973 4832 4844 3297 3296 878 880 243 242 
4974 2537 2538 2835 2833 3535 3536 4845 4833 
4975 3535 3536 4845 4833 3569 3570 4846 4834 
4976 3569 3570 4846 4834 3603 3604 4847 4835 
4977 3603 3604 4847 4835 3637 3638 4848 4836 
4978 3637 3638 4848 4836 3671 3672 4849 4837 
4979 3671 3672 4849 4837 3705 3706 4850 4838 
4980 3705 3706 4850 4838 59 60 881 879 
4981 2833 2835 2836 2834 4833 4845 4851 4839 
4982 4833 4845 4851 4839 4834 4846 4852 4840 
4983 4834 4846 4852 4840 4835 4847 4853 4841 
4984 4835 4847 4853 4841 4836 4848 4854 4842 
4985 4836 4848 4854 4842 4837 4849 4855 4843 
4986 4837 4849 4855 4843 4838 4850 4856 4844 
4987 4838 4850 4856 4844 879 881 882 880 
4988 2834 2836 2432 2431 4839 4851 3128 3127 
4989 4839 4851 3128 3127 4840 4852 3162 3161 
4990 4840 4852 3162 3161 4841 4853 3196 3195 
4991 4841 4853 3196 3195 4842 4854 3230 3229 
4992 4842 4854 3230 3229 4843 4855 3264 3263 
4993 4843 4855 3264 3263 4844 4856 3298 3297 
4994 4844 4856 3298 3297 880 882 244 243 
4995 2538 2539 2837 2835 3536 3537 4857 4845 
4996 3536 3537 4857 4845 3570 3571 4858 4846 
4997 3570 3571 4858 4846 3604 3605 4859 4847 
4998 3604 3605 4859 4847 3638 3639 4860 4848 
4999 3638 3639 4860 4848 3672 3673 4861 4849 
5000 3672 3673 4861 4849 3706 3707 4862 4850 
5001 3706 3707 4862 4850 60 61 883 881 
5002 2835 2837 2838 2836 4845 4857 4863 4851 
5003 4845 4857 4863 4851 4846 4858 4864 4852 
5004 4846 4858 4864 4852 4847 4859 4865 4853 
5005 4847 4859 4865 4853 4848 4860 4866 4854 
5006 4848 4860 4866 4854 4849 4861 4867 4855 
5007 4849 4861 4867 4855 4850 4862 4868 4856 
5008 4850 4862 4868 4856 881 883 884 882 
5009 2836 2838 2433 2432 4851 4863 3129 3128 
5010 4851 4863 3129 3128 4852 4864 3163 3162 
5011 4852 4864 3163 3162 4853 4865 3197 3196 
5012 4853 4865 3197 3196 4854 4866 3231 3230 
5013 4854 4866 3231 3230 4855 4867 3265 3264 
5014 4855 4867 3265 3264 4856 4868 3299 3298 
5015 4856 4868 3299 3298 882 884 245 244 
5016 2539 2540 2839 2837 3537 3538 4869 4857 
5017 3537 3538 4869 4857 3571 3572 4870 4858 
5018 3571 3572 4870 4858 3605 3606 4871 4859 
5019 3605 3606 4871 4859 3639 3640 4872 4860 
5020 3639 3640 4872 4860 3673 3674 4873 4861 
5021 3673 3674 4873 4861 3707 3708 4874 4862 
5022 3707 3708 4874 4862 61 62 885 883 
5023 2837 2839 2840 2838 4857 4869 4875 4863 
5024 4857 4869 4875 4863 4858 4870 4876 4864 
5025 4858 4870 4876 4864 4859 4871 4877 4865 
5026 4859 4871 4877 4865 4860 4872 4878 4866 
5027 4860 4872 4878 4866 4861 4873 4879 4867 
5028 4861 4873 4879 4867 4862 4874 4880 4868 
5029 4862 4874 4880 4868 883 885 886 884 
5030 2838 2840 2434 2433 4863 4875 3130 3129 
5031 4863 4875 3130 3129 4864 4876 3164 3163 
5032 4864 4876 3164 3163 4865 4877 3198 3197 
5033 4865 4877 3198 3197 4866 4878 3232 3231 
5034 4866 4878 3232 3231 4867 4879 3266 3265 
5035 4867 4879 3266 3265 4868 4880 3300 3299 
5036 4868 4880 3300 3299 884 886 246 245 
5037 2540 2541 2841 2839 3538 3539 4881 4869 
5038 3538 3539 4881 4869 3572 3573 4882 4870 
5039 3572 3573 4882 4870 3606 3607 4883 4871 
5040 3606 3607 4883 4871 3640 3641 4884 4872 
5041 3640 3641 4884 4872 3674 3675 4885 4873 
5042 3674 3675 4885 4873 3708 3709 4886 4874 
5043 3708 3709 4886 4874 62 63 887 885 
5044 2839 2841 2842 2840 4869 4881 4887 4875 
5045 4869 4881 4887 4875 4870 4882 4888 4876 
5046 4870 4882 4888 4876 4871 4883 4889 4877 
5047 4871 4883 4889 4877 4872 4884 4890 4878 
5048 4872 4884 4890 4878 4873 4885 4891 4879 
5049 4873 4885 4891 4879 4874 4886 4892 4880 
5050 4874 4886 4892 4880 885 887 888 886 
5051 2840 2842 2435 2434 4875 4887 3131 3130 
5052 4875 4887 3131 3130 4876 4888 3165 3164 
5053 4876 4888 3165 3164 4877 4889 3199 3198 
5054 4877 4889 3199 3198 4878 4890 3233 3232 
5055 4878 4890 3233 3232 4879 4891 3267 3266 
5056 4879 4891 3267 3266 4880 4892 3301 3300 
5057 4880 4892 3301 3300 886 888 247 246 
5058 2541 2542 2843 2841 3539 3540 4893 4881 
5059 3539 3540 4893 4881 3573 3574 4894 4882 
5060 3573 3574 4894 4882 3607 3608 4895 4883 
5061 3607 3608 4895 4883 3641 3642 4896 4884 
5062 3641 3642 4896 4884 3675 3676 4897 4885 
5063 3675 3676 4897 4885 3709 3710 4898 4886 
5064 3709 3710 4898 4886 63 64 889 887 
5065 2841 2843 2844 2842 4881 4893 4899 4887 
5066 4881 4893 4899 4887 4882 4894 4900 4888 
5067 4882 4894 4900 4888 4883 4895 4901 4889 
5068 4883 4895 4901 4889 4884 4896 4902 4890 
5069 4884 4896 4902 4890 4885 4897 4903 4891 
5070 4885 4897 4903 4891 4886 4898 4904 4892 
5071 4886 4898 4904 4892 887 889 890 888 
5072 2842 2844 2436 2435 4887 4899 3132 3131 
5073 4887 4899 3132 3131 4888 4900 3166 3165 
5074 4888 4900 3166 3165 4889 4901 3200 3199 
5075 4889 4901 3200 3199 4890 4902 3234 3233 
5076 4890 4902 3234 3233 4891 4903 3268 3267 
5077 4891 4903 3268 3267 4892 4904 3302 3301 
5078 4892 4904 3302 3301 888 890 248 247 
5079 2542 2543 2845 2843 3540 3541 4905 4893 
5080 3540 3541 4905 4893 3574 3575 4906 4894 
5081 3574 3575 4906 4894 3608 3609 4907 4895 
5082 3608 3609 4907 4895 3642 3643 4908 4896 
5083 3642 3643 4908 4896 3676 3677 4909 4897 
5084 3676 3677 4909 4897 3710 3711 4910 4898 
5085 3710 3711 4910 4898 64 65 891 889 
5086 2843 2845 2846 2844 4893 4905 4911 4899 
5087 4893 4905 4911 4899 4894 4906 4912 4900 
5088 4894 4906 4912 4900 4895 4907 4913 4901 
5089 4895 4907 4913 4901 4896 4908 4914 4902 
5090 4896 4908 4914 4902 4897 4909 4915 4903 
5091 4897 4909 4915 4903 4898 4910 4916 4904 
5092 4898 4910 4916 4904 889 891 892 890 
5093 2844 2846 2437 2436 4899 4911 3133 3132 
5094 4899 4911 3133 3132 4900 4912 3167 3166 
5095 4900 4912 3167 3166 4901 4913 3201 3200 
5096 4901 4913 3201 3200 4902 4914 3235 3234 
5097 4902 4914 3235 3234 4903 4915 3269 3268 
5098 4903 4915 3269 3268 4904 4916 3303 3302 
5099 4904 4916 3303 3302 890 892 249 248 
5100 2543 2544 2847 2845 3541 3542 4917 4905 
5101 3541 3542 4917 4905 3575 3576 4918 4906 
5102 3575 3576 4918 4906 3609 3610 4919 4907 
5103 3609 3610 4919 4907 3643 3644 4920 4908 
5104 3643 3644 4920 4908 3677 3678 4921 4909 
5105 3677 3678 4921 4909 3711 3712 4922 4910 
5106 3711 3712 4922 4910 65 66 893 891 
5107 2845 2847 2848 2846 4905 4917 4923 4911 
5108 4905 4917 4923 4911 4906 4918 4924 4912 
5109 4906 4918 4924 4912 4907 4919 4925 4913 
5110 4907 4919 4925 4913 4908 4920 4926 4914 
5111 4908 4920 4926 4914 4909 4921 4927 4915 
5112 4909 4921 4927 4915 4910 4922 4928 4916 
5113 4910 4922 4928 4916 891 893 894 892 
5114 2846 2848 2438 2437 4911 4923 3134 3133 
5115 4911 4923 3134 3133 4912 4924 3168 3167 
5116 4912 4924 3168 3167 4913 4925 3202 3201 
5117 4913 4925 3202 3201 4914 4926 3236 3235 
5118 4914 4926 3236 3235 4915 4927 3270 3269 
5119 4915 4927 3270 3269 4916 4928 3304 3303 
5120 4916 4928 3304 3303 892 894 250 249 
5121 2544 2545 2849 2847 3542 3543 4929 4917 
5122 3542 3543 4929 4917 3576 3577 4930 4918 
5123 3576 3577 4930 4918 3610 3611 4931 4919 
5124 3610 3611 4931 4919 3644 3645 4932 4920 
5125 3644 3645 4932 4920 3678 3679 4933 4921 
5126 3678 3679 4933 4921 3712 3713 4934 4922 
5127 3712 3713 4934 4922 66 67 895 893 
5128 2847 2849 2850 2848 4917 4929 4935 4923 
5129 4917 4929 4935 4923 4918 4930 4936 4924 
5130 4918 4930 4936 4924 4919 4931 4937 4925 
5131 4919 4931 4937 4925 4920 4932 4938 4926 
5132 4920 4932 4938 4926 4921 4933 4939 4927 
5133 4921 4933 4939 4927 4922 4934 4940 4928 
5134 4922 4934 4940 4928 893 895 896 894 
5135 2848 2850 2439 2438 4923 4935 3135 3134 
5136 4923 4935 3135 3134 4924 4936 3169 3168 
5137 4924 4936 3169 3168 4925 4937 3203 3202 
5138 4925 4937 3203 3202 4926 4938 3237 3236 
5139 4926 4938 3237 3236 4927 4939 3271 3270 
5140 4927 4939 3271 3270 4928 4940 3305 3304 
5141 4928 4940 3305 3304 894 896 251 250 
5142 2545 2546 2851 2849 3543 3544 4941 4929 
5143 3543 3544 4941 4929 3577 3578 4942 4930 
5144 3577 3578 4942 4930 3611 3612 4943 4931 
5145 3611 3612 4943 4931 3645 3646 4944 4932 
5146 3645 3646 4944 4932 3679 3680 4945 4933 
5147 3679 3680 4945 4933 3713 3714 4946 4934 
5148 3713 3714 4946 4934 67 68 897 895 
5149 2849 2851 2852 2850 4929 4941 4947 4935 
5150 4929 4941 4947 4935 4930 4942 4948 4936 
5151 4930 4942 4948 4936 4931 4943 4949 4937 
5152 4931 4943 4949 4937 4932 4944 4950 4938 
5153 4932 4944 4950 4938 4933 4945 4951 4939 
5154 4933 4945 4951 4939 4934 4946 4952 4940 
5155 4934 4946 4952 4940 895 897 898 896 
5156 2850 2852 2440 2439 4935 4947 3136 3135 
5157 4935 4947 3136 3135 4936 4948 3170 3169 
5158 4936 4948 3170 3169 4937 4949 3204 3203 
5159 4937 4949 3204 3203 4938 4950 3238 3237 
5160 4938 4950 3238 3237 4939 4951 3272 3271 
5161 4939 4951 3272 3271 4940 4952 3306 3305 
5162 4940 4952 3306 3305 896 898 252 251 
5163 2546 2547 2853 2851 3544 3545 4953 4941 
5164 3544 3545 4953 4941 3578 3579 4954 4942 
5165 3578 3579 4954 4942 3612 3613 4955 4943 
5166 3612 3613 4955 4943 3646 3647 4956 4944 
5167 3646 3647 4956 4944 3680 3681 4957 4945 
5168 3680 3681 4957 4945 3714 3715 4958 4946 
5169 3714 3715 4958 4946 68 69 899 897 
5170 2851 2853 2854 2852 4941 4953 4959 4947 
5171 4941 4953 4959 4947 4942 4954 4960 4948 
5172 4942 4954 4960 4948 4943 4955 4961 4949 
5173 4943 4955 4961 4949 4944 4956 4962 4950 
5174 4944 4956 4962 4950 4945 4957 4963 4951 
5175 4945 4957 4963 4951 4946 4958 4964 4952 
5176 4946 4958 4964 4952 897 899 900 898 
5177 2852 2854 2441 2440 4947 4959 3137 3136 
5178 4947 4959 3137 3136 4948 4960 3171 3170 
5179 4948 4960 3171 3170 4949 4961 3205 3204 
5180 4949 4961 3205 3204 4950 4962 3239 3238 
5181 4950 4962 3239 3238 4951 4963 3273 3272 
5182 4951 4963 3273 3272 4952 4964 3307 3306 
5183 4952 4964 3307 3306 898 900 253 252 
5184 2547 2548 2855 2853 3545 3546 4965 4953 
5185 3545 3546 4965 4953 3579 3580 4966 4954 
5186 3579 3580 4966 4954 3613 3614 4967 4955 
5187 3613 3614 4967 4955 3647 3648 4968 4956 
5188 3647 3648 4968 4956 3681 3682 4969 4957 
5189 3681 3682 4969 4957 3715 3716 4970 4958 
5190 3715 3716 4970 4958 69 70 901 899 
5191 2853 2855 2856 2854 4953 4965 4971 4959 
5192 4953 4965 4971 4959 4954 4966 4972 4960 
5193 4954 4966 4972 4960 4955 4967 4973 4961 
5194 4955 4967 4973 4961 4956 4968 4974 4962 
5195 4956 4968 4974 4962 4957 4969 4975 4963 
5196 4957 4969 4975 4963 4958 4970 4976 4964 
5197 4958 4970 4976 4964 899 901 902 900 
5198 2854 2856 2442 2441 4959 4971 3138 3137 
5199 4959 4971 3138 3137 4960 4972 3172 3171 
5200 4960 4972 3172 3171 4961 4973 3206 3205 
5201 4961 4973 3206 3205 4962 4974 3240 3239 
5202 4962 4974 3240 3239 4963 4975 3274 3273 
5203 4963 4975 3274 3273 4964 4976 3308 3307 
5204 4964 4976 3308 3307 900 902 254 253 
5205 2548 2549 2857 2855 3546 3547 4977 4965 
5206 3546 3547 4977 4965 3580 3581 4978 4966 
5207 3580 3581 4978 4966 3614 3615 4979 4967 
5208 3614 3615 4979 4967 3648 3649 4980 4968 
5209 3648 3649 4980 4968 3682 3683 4981 4969 
5210 3682 3683 4981 4969 3716 3717 4982 4970 
5211 3716 3717 4982 4970 70 71 903 901 
5212 2855 2857 2858 2856 4965 4977 4983 4971 
5213 4965 4977 4983 4971 4966 4978 4984 4972 
5214 4966 4978 4984 4972 4967 4979 4985 4973 
5215 4967 4979 4985 4973 4968 4980 4986 4974 
5216 4968 4980 4986 4974 4969 4981 4987 4975 
5217 4969 4981 4987 4975 4970 4982 4988 4976 
5218 4970 4982 4988 4976 901 903 904 902 
5219 2856 2858 2443 2442 4971 4983 3139 3138 
5220 4971 4983 3139 3138 4972 4984 3173 3172 
5221 4972 4984 3173 3172 4973 4985 3207 3206 
5222 4973 4985 3207 3206 4974 4986 3241 3240 
5223 4974 4986 3241 3240 4975 4987 3275 3274 
5224 4975 4987 3275 3274 4976 4988 3309 3308 
5225 4976 4988 3309 3308 902 904 255 254 
5226 2549 2550 2859 2857 3547 3548 4989 4977 
5227 3547 3548 4989 4977 3581 3582 4990 4978 
5228 3581 3582 4990 4978 3615 3616 4991 4979 
5229 3615 3616 4991 4979 3649 3650 4992 4980 
5230 3649 3650 4992 4980 3683 3684 4993 4981 
5231 3683 3684 4993 4981 3717 3718 4994 4982 
5232 3717 3718 4994 4982 71 72 905 903 
5233 2857 2859 2860 2858 4977 4989 4995 4983 
5234 4977 4989 4995 4983 4978 4990 4996 4984 
5235 4978 4990 4996 4984 4979 4991 4997 4985 
5236 4979 4991 4997 4985 4980 4992 4998 4986 
5237 4980 4992 4998 4986 4981 4993 4999 4987 
5238 4981 4993 4999 4987 4982 4994 5000 4988 
5239 4982 4994 5000 4988 903 905 906 904 
5240 2858 2860 2444 2443 4983 4995 3140 3139 
5241 4983 4995 3140 3139 4984 4996 3174 3173 
5242 4984 4996 3174 3173 4985 4997 3208 3207 
5243 4985 4997 3208 3207 4986 4998 3242 3241 
5244 4986 4998 3242 3241 4987 4999 3276 3275 
5245 4987 4999 3276 3275 4988 5000 3310 3309 
5246 4988 5000 3310 3309 904 906 256 255 
5247 2550 2551 2861 2859 3548 3549 5001 4989 
5248 3548 3549 5001 4989 3582 3583 5002 4990 
5249 3582 3583 5002 4990 3616 3617 5003 4991 
5250 3616 3617 5003 4991 3650 3651 5004 4992 
5251 3650 3651 5004 4992 3684 3685 5005 4993 
5252 3684 3685 5005 4993 3718 3719 5006 4994 
5253 3718 3719 5006 4994 72 73 907 905 
5254 2859 2861 2862 2860 4989 5001 5007 4995 
5255 4989 5001 5007 4995 4990 5002 5008 4996 
5256 4990 5002 5008 4996 4991 5003 5009 4997 
5257 4991 5003 5009 4997 4992 5004 5010 4998 
5258 4992 5004 5010 4998 4993 5005 5011 4999 
5259 4993 5005 5011 4999 4994 5006 5012 5000 
5260 4994 5006 5012 5000 905 907 908 906 
5261 2860 2862 2445 2444 4995 5007 3141 3140 
5262 4995 5007 3141 3140 4996 5008 3175 3174 
5263 4996 5008 3175 3174 4997 5009 3209 3208 
5264 4997 5009 3209 3208 4998 5010 3243 3242 
5265 4998 5010 3243 3242 4999 5011 3277 3276 
5266 4999 5011 3277 3276 5000 5012 3311 3310 
5267 5000 5012 3311 3310 906 908 257 256 
5268 2551 2552 2863 2861 3549 3550 5013 5001 
5269 3549 3550 5013 5001 3583 3584 5014 5002 
5270 3583 3584 5014 5002 3617 3618 5015 5003 
5271 3617 3618 5015 5003 3651 3652 5016 5004 
5272 3651 3652 5016 5004 3685 3686 5017 5005 
5273 3685 3686 5017 5005 3719 3720 5018 5006 
5274 3719 3720 5018 5006 73 74 909 907 
5275 2861 2863 2864 2862 5001 5013 5019 5007 
5276 5001 5013 5019 5007 5002 5014 5020 5008 
5277 5002 5014 5020 5008 5003 5015 5021 5009 
5278 5003 5015 5021 5009 5004 5016 5022 5010 
5279 5004 5016 5022 5010 5005 5017 5023 5011 
5280 5005 5017 5023 5011 5006 5018 5024 5012 
5281 5006 5018 5024 5012 907 909 910 908 
5282 2862 2864 2446 2445 5007 5019 3142 3141 
5283 5007 5019 3142 3141 5008 5020 3176 3175 
5284 5008 5020 3176 3175 5009 5021 3210 3209 
5285 5009 5021 3210 3209 5010 5022 3244 3243 
5286 5010 5022 3244 3243 5011 5023 3278 3277 
5287 5011 5023 3278 3277 5012 5024 3312 3311 
5288 5012 5024 3312 3311 908 910 258 257 
5289 2552 2553 2865 2863 3550 3551 5025 5013 
5290 3550 3551 5025 5013 3584 3585 5026 5014 
5291 3584 3585 5026 5014 3618 3619 5027 5015 
5292 3618 3619 5027 5015 3652 3653 5028 5016 
5293 3652 3653 5028 5016 3686 3687 5029 5017 
5294 3686 3687 5029 5017 3720 3721 5030 5018 
5295 3720 3721 5030 5018 74 75 911 909 
5296 2863 2865 2866 2864 5013 5025 5031 5019 
5297 5013 5025 5031 5019 5014 5026 5032 5020 
5298 5014 5026 5032 5020 5015 5027 5033 5021 
5299 5015 5027 5033 5021 5016 5028 5034 5022 
5300 5016 5028 5034 5022 5017 5029 5035 5023 
5301 5017 5029 5035 5023 5018 5030 5036 5024 
5302 5018 5030 5036 5024 909 911 912 910 
5303 2864 2866 2447 2446 5019 5031 3143 3142 
5304 5019 5031 3143 3142 5020 5032 3177 3176 
5305 5020 5032 3177 3176 5021 5033 3211 3210 
5306 5021 5033 3211 3210 5022 5034 3245 3244 
5307 5022 5034 3245 3244 5023 5035 3279 3278 
5308 5023 5035 3279 3278 5024 5036 3313 3312 
5309 5024 5036 3313 3312 910 912 259 258 
5310 2553 2554 2867 2865 3551 3552 5037 5025 
5311 3551 3552 5037 5025 3585 3586 5038 5026 
5312 3585 3586 5038 5026 3619 3620 5039 5027 
5313 3619 3620 5039 5027 3653 3654 5040 5028 
5314 3653 3654 5040 5028 3687 3688 5041 5029 
5315 3687 3688 5041 5029 3721 3722 5042 5030 
5316 3721 3722 5042 5030 75 76 913 911 
5317 2865 2867 2868 2866 5025 5037 5043 5031 
5318 5025 5037 5043 5031 5026 5038 5044 5032 
5319 5026 5038 5044 5032 5027 5039 5045 5033 
5320 5027 5039 5045 5033 5028 5040 5046 5034 
5321 5028 5040 5046 5034 5029 5041 5047 5035 
5322 5029 5041 5047 5035 5030 5042 5048 5036 
5323 5030 5042 5048 5036 911 913 914 912 
5324 2866 2868 2448 2447 5031 5043 3144 3143 
5325 5031 5043 3144 3143 5032 5044 3178 3177 
5326 5032 5044 3178 3177 5033 5045 3212 3211 
5327 5033 5045 3212 3211 5034 5046 3246 3245 
5328 5034 5046 3246 3245 5035 5047 3280 3279 
5329 5035 5047 3280 3279 5036 5048 3314 3313 
5330 5036 5048 3314 3313 912 914 260 259 
5331 2554 2555 2869 2867 3552 3553 5049 5037 
5332 3552 3553 5049 5037 3586 3587 5050 5038 
5333 3586 3587 5050 5038 3620 3621 5051 5039 
5334 3620 3621 5051 5039 3654 3655 5052 5040 
5335 3654 3655 5052 5040 3688 3689 5053 5041 
5336 3688 3689 5053 5041 3722 3723 5054 5042 
5337 3722 3723 5054 5042 76 77 915 913 
5338 2867 2869 2870 2868 5037 5049 5055 5043 
5339 5037 5049 5055 5043 5038 5050 5056 5044 
5340 5038 5050 5056 5044 5039 5051 5057 5045 
5341 5039 5051 5057 5045 5040 5052 5058 5046 
5342 5040 5052 5058 5046 5041 5053 5059 5047 
5343 5041 5053 5059 5047 5042 5054 5060 5048 
5344 5042 5054 5060 5048 913 915 916 914 
5345 2868 2870 2449 2448 5043 5055 3145 3144 
5346 5043 5055 3145 3144 5044 5056 3179 3178 
5347 5044 5056 3179 3178 5045 5057 3213 3212 
5348 5045 5057 3213 3212 5046 5058 3247 3246 
5349 5046 5058 3247 3246 5047 5059 3281 3280 
5350 5047 5059 3281 3280 5048 5060 3315 3314 
5351 5048 5060 3315 3314 914 916 261 260 
5352 2555 2556 2871 2869 3553 3554 5061 5049 
5353 3553 3554 5061 5049 3587 3588 5062 5050 
5354 3587 3588 5062 5050 3621 3622 5063 5051 
5355 3621 3622 5063 5051 3655 3656 5064 5052 
5356 3655 3656 5064 5052 3689 3690 5065 5053 
5357 3689 3690 5065 5053 3723 3724 5066 5054 
5358 3723 3724 5066 5054 77 78 917 915 
5359 2869 2871 2872 2870 5049 5061 5067 5055 
5360 5049 5061 5067 5055 5050 5062 5068 5056 
5361 5050 5062 5068 5056 5051 5063 5069 5057 
5362 5051 5063 5069 5057 5052 5064 5070 5058 
5363 5052 5064 5070 5058 5053 5065 5071 5059 
5364 5053 5065 5071 5059 5054 5066 5072 5060 
5365 5054 5066 5072 5060 915 917 918 916 
5366 2870 2872 2450 2449 5055 5067 3146 3145 
5367 5055 5067 3146 3145 5056 5068 3180 3179 
5368 5056 5068 3180 3179 5057 5069 3214 3213 
5369 5057 5069 3214 3213 5058 5070 3248 3247 
5370 5058 5070 3248 3247 5059 5071 3282 3281 
5371 5059 5071 3282 3281 5060 5072 3316 3315 
5372 5060 5072 3316 3315 916 918 262 261 
5373 2556 2557 2873 2871 3554 3555 5073 5061 
5374 3554 3555 5073 5061 3588 3589 5074 5062 
5375 3588 3589 5074 5062 3622 3623 5075 5063 
5376 3622 3623 5075 5063 3656 3657 5076 5064 
5377 3656 3657 5076 5064 3690 3691 5077 5065 
5378 3690 3691 5077 5065 3724 3725 5078 5066 
5379 3724 3725 5078 5066 78 79 919 917 
5380 2871 2873 2874 2872 5061 5073 5079 5067 
5381 5061 5073 5079 5067 5062 5074 5080 5068 
5382 5062 5074 5080 5068 5063 5075 5081 5069 
5383 5063 5075 5081 5069 5064 5076 5082 5070 
5384 5064 5076 5082 5070 5065 5077 5083 5071 
5385 5065 5077 5083 5071 5066 5078 5084 5072 
5386 5066 5078 5084 5072 917 919 920 918 
5387 2872 2874 2451 2450 5067 5079 3147 3146 
5388 5067 5079 3147 3146 5068 5080 3181 3180 
5389 5068 5080 3181 3180 5069 5081 3215 3214 
5390 5069 5081 3215 3214 5070 5082 3249 3248 
5391 5070 5082 3249 3248 5071 5083 3283 3282 
5392 5071 5083 3283 3282 5072 5084 3317 3316 
5393 5072 5084 3317 3316 918 920 263 262 
5394 2557 2558 2875 2873 3555 3556 5085 5073 
5395 3555 3556 5085 5073 3589 3590 5086 5074 
5396 3589 3590 5086 5074 3623 3624 5087 5075 
5397 3623 3624 5087 5075 3657 3658 5088 5076 
5398 3657 3658 5088 5076 3691 3692 5089 5077 
5399 3691 3692 5089 5077 3725 3726 5090 5078 
5400 3725 3726 5090 5078 79 80 921 919 
5401 2873 2875 2876 2874 5073 5085 5091 5079 
5402 5073 5085 5091 5079 5074 5086 5092 5080 
5403 5074 5086 5092 5080 5075 5087 5093 5081 
5404 5075 5087 5093 5081 5076 5088 5094 5082 
5405 5076 5088 5094 5082 5077 5089 5095 5083 
5406 5077 5089 5095 5083 5078 5090 5096 5084 
5407 5078 5090 5096 5084 919 921 922 920 
5408 2874 2876 2452 2451 5079 5091 3148 3147 
5409 5079 5091 3148 3147 5080 5092 3182 3181 
5410 5080 5092 3182 3181 5081 5093 3216 3215 
5411 5081 5093 3216 3215 5082 5094 3250 3249 
5412 5082 5094 3250 3249 5083 5095 3284 3283 
5413 5083 5095 3284 3283 5084 5096 3318 3317 
5414 5084 5096 3318 3317 920 922 264 263 
5415 2558 2559 2877 2875 3556 3557 5097 5085 
5416 3556 3557 5097 5085 3590 3591 5098 5086 
5417 3590 3591 5098 5086 3624 3625 5099 5087 
5418 3624 3625 5099 5087 3658 3659 5100 5088 
5419 3658 3659 5100 5088 3692 3693 5101 5089 
5420 3692 3693 5101 5089 3726 3727 5102 5090 
5421 3726 3727 5102 5090 80 81 923 921 
5422 2875 2877 2878 2876 5085 5097 5103 5091 
5423 5085 5097 5103 5091 5086 5098 5104 5092 
5424 5086 5098 5104 5092 5087 5099 5105 5093 
5425 5087 5099 5105 5093 5088 5100 5106 5094 
5426 5088 5100 5106 5094 5089 5101 5107 5095 
5427 5089 5101 5107 5095 5090 5102 5108 5096 
5428 5090 5102 5108 5096 921 923 924 922 
5429 2876 2878 2453 2452 5091 5103 3149 3148 
5430 5091 5103 3149 3148 5092 5104 3183 3182 
5431 5092 5104 3183 3182 5093 5105 3217 3216 
5432 5093 5105 3217 3216 5094 5106 3251 3250 
5433 5094 5106 3251 3250 5095 5107 3285 3284 
5434 5095 5107 3285 3284 5096 5108 3319 3318 
5435 5096 5108 3319 3318 922 924 265 264 
5436 2559 2560 2879 2877 3557 3558 5109 5097 
5437 3557 3558 5109 5097 3591 3592 5110 5098 
5438 3591 3592 5110 5098 3625 3626 5111 5099 
5439 3625 3626 5111 5099 3659 3660 5112 5100 
5440 3659 3660 5112 5100 3693 3694 5113 5101 
5441 3693 3694 5113 5101 3727 3728 5114 5102 
5442 3727 3728 5114 5102 81 82 925 923 
5443 2877 2879 2880 2878 5097 5109 5115 5103 
5444 5097 5109 5115 5103 5098 5110 5116 5104 
5445 5098 5110 5116 5104 5099 5111 5117 5105 
5446 5099 5111 5117 5105 5100 5112 5118 5106 
5447 5100 5112 5118 5106 5101 5113 5119 5107 
5448 5101 5113 5119 5107 5102 5114 5120 5108 
5449 5102 5114 5120 5108 923 925 926 924 
5450 2878 2880 2454 2453 5103 5115 3150 3149 
5451 5103 5115 3150 3149 5104 5116 3184 3183 
5452 5104 5116 3184 3183 5105 5117 3218 3217 
5453 5105 5117 3218 3217 5106 5118 3252 3251 
5454 5106 5118 3252 3251 5107 5119 3286 3285 
5455 5107 5119 3286 3285 5108 5120 3320 3319 
5456 5108 5120 3320 3319 924 926 266 265 
5457 2560 2561 2881 2879 3558 3559 5121 5109 
5458 3558 3559 5121 5109 3592 3593 5122 5110 
5459 3592 3593 5122 5110 3626 3627 5123 5111 
5460 3626 3627 5123 5111 3660 3661 5124 5112 
5461 3660 3661 5124 5112 3694 3695 5125 5113 
5462 3694 3695 5125 5113 3728 3729 5126 5114 
5463 3728 3729 5126 5114 82 83 927 925 
5464 2879 2881 2882 2880 5109 5121 5127 5115 
5465 5109 5121 5127 5115 5110 5122 5128 5116 
5466 5110 5122 5128 5116 5111 5123 5129 5117 
5467 5111 5123 5129 5117 5112 5124 5130 5118 
5468 5112 5124 5130 5118 5113 5125 5131 5119 
5469 5113 5125 5131 5119 5114 5126 5132 5120 
5470 5114 5126 5132 5120 925 927 928 926 
5471 2880 2882 2455 2454 5115 5127 3151 3150 
5472 5115 5127 3151 3150 5116 5128 3185 3184 
5473 5116 5128 3185 3184 5117 5129 3219 3218 
5474 5117 5129 3219 3218 5118 5130 3253 3252 
5475 5118 5130 3253 3252 5119 5131 3287 3286 
5476 5119 5131 3287 3286 5120 5132 3321 3320 
5477 5120 5132 3321 3320 926 928 267 266 
5478 2561 2562 2883 2881 3559 3560 5133 5121 
5479 3559 3560 5133 5121 3593 3594 5134 5122 
5480 3593 3594 5134 5122 3627 3628 5135 5123 
5481 3627 3628 5135 5123 3661 3662 5136 5124 
5482 3661 3662 5136 5124 3695 3696 5137 5125 
5483 3695 3696 5137 5125 3729 3730 5138 5126 
5484 3729 3730 5138 5126 83 84 929 927 
5485 2881 2883 2884 2882 5121 5133 5139 5127 
5486 5121 5133 5139 5127 5122 5134 5140 5128 
5487 5122 5134 5140 5128 5123 5135 5141 5129 
5488 5123 5135 5141 5129 5124 5136 5142 5130 
5489 5124 5136 5142 5130 5125 5137 5143 5131 
5490 5125 5137 5143 5131 5126 5138 5144 5132 
5491 5126 5138 5144 5132 927 929 930 928 
5492 2882 2884 2456 2455 5127 5139 3152 3151 
5493 5127 5139 3152 3151 5128 5140 3186 3185 
5494 5128 5140 3186 3185 5129 5141 3220 3219 
5495 5129 5141 3220 3219 5130 5142 3254 3253 
5496 5130 5142 3254 3253 5131 5143 3288 3287 
5497 5131 5143 3288 3287 5132 5144 3322 3321 
5498 5132 5144 3322 3321 928 930 268 267 
5499 2562 2563 2885 2883 3560 3561 5145 5133 
5500 3560 3561 5145 5133 3594 3595 5146 5134 
5501 3594 3595 5146 5134 3628 3629 5147 5135 
5502 3628 3629 5147 5135 3662 3663 5148 5136 
5503 3662 3663 5148 5136 3696 3697 5149 5137 
5504 3696 3697 5149 5137 3730 3731 5150 5138 
5505 3730 3731 5150 5138 84 85 931 929 
5506 2883 2885 2886 2884 5133 5145 5151 5139 
5507 5133 5145 5151 5139 5134 5146 5152 5140 
5508 5134 5146 5152 5140 5135 5147 5153 5141 
5509 5135 5147 5153 5141 5136 5148 5154 5142 
5510 5136 5148 5154 5142 5137 5149 5155 5143 
5511 5137 5149 5155 5143 5138 5150 5156 5144 
5512 5138 5150 5156 5144 929 931 932 930 
5513 2884 2886 2457 2456 5139 5151 3153 3152 
5514 5139 5151 3153 3152 5140 5152 3187 3186 
5515 5140 5152 3187 3186 5141 5153 3221 3220 
5516 5141 5153 3221 3220 5142 5154 3255 3254 
5517 5142 5154 3255 3254 5143 5155 3289 3288 
5518 5143 5155 3289 3288 5144 5156 3323 3322 
5519 5144 5156 3323 3322 930 932 269 268 
5520 2563 2564 2887 2885 3561 3562 5157 5145 
5521 3561 3562 5157 5145 3595 3596 5158 5146 
5522 3595 3596 5158 5146 3629 3630 5159 5147 
5523 3629 3630 5159 5147 3663 3664 5160 5148 
5524 3663 3664 5160 5148 3697 3698 5161 5149 
5525 3697 3698 5161 5149 3731 3732 5162 5150 
5526 3731 3732 5162 5150 85 86 933 931 
5527 2885 2887 2888 2886 5145 5157 5163 5151 
5528 5145 5157 5163 5151 5146 5158 5164 5152 
5529 5146 5158 5164 5152 5147 5159 5165 5153 
5530 5147 5159 5165 5153 5148 5160 5166 5154 
5531 5148 5160 5166 5154 5149 5161 5167 5155 
5532 5149 5161 5167 5155 5150 5162 5168 5156 
5533 5150 5162 5168 5156 931 933 934 932 
5534 2886 2888 2458 2457 5151 5163 3154 3153 
5535 5151 5163 3154 3153 5152 5164 3188 3187 
5536 5152 5164 3188 3187 5153 5165 3222 3221 
5537 5153 5165 3222 3221 5154 5166 3256 3255 
5538 5154 5166 3256 3255 5155 5167 3290 3289 
5539 5155 5167 3290 3289 5156 5168 3324 3323 
5540 5156 5168 3324 3323 932 934 270 269 
5541 2564 2416 2567 2887 3562 2611 3109 5157 
5542 3562 2611 3109 5157 3596 2612 3111 5158 
5543 3596 2612 3111 5158 3630 2613 3113 5159 
5544 3630 2613 3113 5159 3664 2614 3115 5160 
5545 3664 2614 3115 5160 3698 2615 3117 5161 
5546 3698 2615 3117 5161 3732 2616 3119 5162 
5547 3732 2616 3119 5162 86 6 235 933 
5548 2887 2567 2568 2888 5157 3109 3110 5163 
5549 5157 3109 3110 5163 5158 3111 3112 5164 
5550 5158 3111 3112 5164 5159 3113 3114 5165 
5551 5159 3113 3114 5165 5160 3115 3116 5166 
5552 5160 3115 3116 5166 5161 3117 3118 5167 
5553 5161 3117 3118 5167 5162 3119 3120 5168 
5554 5162 3119 3120 5168 933 235 236 934 
5555 2888 2568 2413 2458 5163 3110 2593 3154 
5556 5163 3110 2593 3154 5164 3112 2594 3188 
5557 5164 3112 2594 3188 5165 3114 2595 3222 
5558 5165 3114 2595 3222 5166 3116 2596 3256 
5559 5166 3116 2596 3256 5167 3118 2597 3290 
5560 5167 3118 2597 3290 5168 3120 2598 3324 
5561 5168 3120 2598 3324 934 236 18 270 
3 97 5 735
5562 2410 2459 2685 2419 2575 3325 5169 3037 
5563 2575 3325 5169 3037 2576 3359 5170 3039 
5564 2576 3359 5170 3039 2577 3393 5171 3041 
5565 2577 3393 5171 3041 2578 3427 5172 3043 
5566 2578 3427 5172 3043 2579 3461 5173 3045 
5567 2579 3461 5173 3045 2580 3495 5174 3047 
5568 2580 3495 5174 3047 20 310 1006 276 
5569 2419 2685 2686 2420 3037 5169 5175 3038 
5570 3037 5169 5175 3038 3039 5170 5176 3040 
5571 3039 5170 5176 3040 3041 5171 5177 3042 
5572 3041 5171 5177 3042 3043 5172 5178 3044 
5573 3043 5172 5178 3044 3045 5173 5179 3046 
5574 3045 5173 5179 3046 3047 5174 5180 3048 
5575 3047 5174 5180 3048 276 1006 1005 275 
5576 2420 2686 2495 2411 3038 5175 3733 2581 
5577 3038 5175 3733 2581 3040 5176 3767 2582 
5578 3040 5176 3767 2582 3042 5177 3801 2583 
5579 3042 5177 3801 2583 3044 5178 3835 2584 
5580 3044 5178 3835 2584 3046 5179 3869 2585 
5581 3046 5179 3869 2585 3048 5180 3903 2586 
5582 3048 5180 3903 2586 275 1005 122 8 
5583 2459 2460 2687 2685 3325 3326 5181 5169 
5584 3325 3326 5181 5169 3359 3360 5182 5170 
5585 3359 3360 5182 5170 3393 3394 5183 5171 
5586 3393 3394 5183 5171 3427 3428 5184 5172 
5587 3427 3428 5184 5172 3461 3462 5185 5173 
5588 3461 3462 5185 5173 3495 3496 5186 5174 
5589 3495 3496 5186 5174 310 309 1004 1006 
5590 2685 2687 2688 2686 5169 5181 5187 5175 
5591 5169 5181 5187 5175 5170 5182 5188 5176 
5592 5170 5182 5188 5176 5171 5183 5189 5177 
5593 5171 5183 5189 5177 5172 5184 5190 5178 
5594 5172 5184 5190 5178 5173 5185 5191 5179 
5595 5173 5185 5191 5179 5174 5186 5192 5180 
5596 5174 5186 5192 5180 1006 1004 1003 1005 
5597 2686 2688 2496 2495 5175 5187 3734 3733 
5598 5175 5187 3734 3733 5176 5188 3768 3767 
5599 5176 5188 3768 3767 5177 5189 3802 3801 
5600 5177 5189 3802 3801 5178 5190 3836 3835 
5601 5178 5190 3836 3835 5179 5191 3870 3869 
5602 5179 5191 3870 3869 5180 5192 3904 3903 
5603 5180 5192 3904 3903 1005 1003 121 122 
5604 2460 2461 2689 2687 3326 3327 5193 5181 
5605 3326 3327 5193 5181 3360 3361 5194 5182 
5606 3360 3361 5194 5182 3394 3395 5195 5183 
5607 3394 3395 5195 5183 3428 3429 5196 5184 
5608 3428 3429 5196 5184 3462 3463 5197 5185 
5609 3462 3463 5197 5185 3496 3497 5198 5186 
5610 3496 3497 5198 5186 309 308 1002 1004 
5611 2687 2689 2690 2688 5181 5193 5199 5187 
5612 5181 5193 5199 5187 5182 5194 5200 5188 
5613 5182 5194 5200 5188 5183 5195 5201 5189 
5614 5183 5195 5201 5189 5184 5196 5202 5190 
5615 5184 5196 5202 5190 5185 5197 5203 5191 
5616 5185 5197 5203 5191 5186 5198 5204 5192 
5617 5186 5198 5204 5192 1004 1002 1001 1003 
5618 2688 2690 2497 2496 5187 5199 3735 3734 
5619 5187 5199 3735 3734 5188 5200 3769 3768 
5620 5188 5200 3769 3768 5189 5201 3803 3802 
5621 5189 5201 3803 3802 5190 5202 3837 3836 
5622 5190 5202 3837 3836 5191 5203 3871 3870 
5623 5191 5203 3871 3870 5192 5204 3905 3904 
5624 5192 5204 3905 3904 1003 1001 120 121 
5625 2461 2462 2691 2689 3327 3328 5205 5193 
5626 3327 3328 5205 5193 3361 3362 5206 5194 
5627 3361 3362 5206 5194 3395 3396 5207 5195 
5628 3395 3396 5207 5195 3429 3430 5208 5196 
5629 3429 3430 5208 5196 3463 3464 5209 5197 
5630 3463 3464 5209 5197 3497 3498 5210 5198 
5631 3497 3498 5210 5198 308 307 1000 1002 
5632 2689 2691 2692 2690 5193 5205 5211 5199 
5633 5193 5205 5211 5199 5194 5206 5212 5200 
5634 5194 5206 5212 5200 5195 5207 5213 5201 
5635 5195 5207 5213 5201 5196 5208 5214 5202 
5636 5196 5208 5214 5202 5197 5209 5215 5203 
5637 5197 5209 5215 5203 5198 5210 5216 5204 
5638 5198 5210 5216 5204 1002 1000 999 1001 
5639 2690 2692 2498 2497 5199 5211 3736 3735 
5640 5199 5211 3736 3735 5200 5212 3770 3769 
5641 5200 5212 3770 3769 5201 5213 3804 3803 
5642 5201 5213 3804 3803 5202 5214 3838 3837 
5643 5202 5214 3838 3837 5203 5215 3872 3871 
5644 5203 5215 3872 3871 5204 5216 3906 3905 
5645 5204 5216 3906 3905 1001 999 119 120 
5646 2462 2463 2693 2691 3328 3329 5217 5205 
5647 3328 3329 5217 5205 3362 3363 5218 5206 
5648 3362 3363 5218 5206 3396 3397 5219 5207 
5649 3396 3397 5219 5207 3430 3431 5220 5208 
5650 3430 3431 5220 5208 3464 3465 5221 5209 
5651 3464 3465 5221 5209 3498 3499 5222 5210 
5652 3498 3499 5222 5210 307 306 998 1000 
5653 2691 2693 2694 2692 5205 5217 5223 5211 
5654 5205 5217 5223 5211 5206 5218 5224 5212 
5655 5206 5218 5224 5212 5207 5219 5225 5213 
5656 5207 5219 5225 5213 5208 5220 5226 5214 
5657 5208 5220 5226 5214 5209 5221 5227 5215 
5658 5209 5221 5227 5215 5210 5222 5228 5216 
5659 5210 5222 5228 5216 1000 998 997 999 
5660 2692 2694 2499 2498 5211 5223 3737 3736 
5661 5211 5223 3737 3736 5212 5224 3771 3770 
5662 5212 5224 3771 3770 5213 5225 3805 3804 
5663 5213 5225 3805 3804 5214 5226 3839 3838 
5664 5214 5226 3839 3838 5215 5227 3873 3872 
5665 5215 5227 3873 3872 5216 5228 3907 3906 
5666 5216 5228 3907 3906 999 997 118 119 
5667 2463 2464 2695 2693 3329 3330 5229 5217 
5668 3329 3330 5229 5217 3363 3364 5230 5218 
5669 3363 3364 5230 5218 3397 3398 5231 5219 
5670 3397 3398 5231 5219 3431 3432 5232 5220 
5671 3431 3432 5232 5220 3465 3466 5233 5221 
5672 3465 3466 5233 5221 3499 3500 5234 5222 
5673 3499 3500 5234 5222 306 305 996 998 
5674 2693 2695 2696 2694 5217 5229 5235 5223 
5675 5217 5229 5235 5223 5218 5230 5236 5224 
5676 5218 5230 5236 5224 5219 5231 5237 5225 
5677 5219 5231 5237 5225 5220 5232 5238 5226 
5678 5220 5232 5238 5226 5221 5233 5239 5227 
5679 5221 5233 5239 5227 5222 5234 5240 5228 
5680 5222 5234 5240 5228 998 996 995 997 
5681 2694 2696 2500 2499 5223 5235 3738 3737 
5682 5223 5235 3738 3737 5224 5236 3772 3771 
5683 5224 5236 3772 3771 5225 5237 3806 3805 
5684 5225 5237 3806 3805 5226 5238 3840 3839 
5685 5226 5238 3840 3839 5227 5239 3874 3873 
5686 5227 5239 3874 3873 5228 5240 3908 3907 
5687 5228 5240 3908 3907 997 995 117 118 
5688 2464 2465 2697 2695 3330 3331 5241 5229 
5689 3330 3331 5241 5229 3364 3365 5242 5230 
5690 3364 3365 5242 5230 3398 3399 5243 5231 
5691 3398 3399 5243 5231 3432 3433 5244 5232 
5692 3432 3433 5244 5232 3466 3467 5245 5233 
5693 3466 3467 5245 5233 3500 3501 5246 5234 
5694 3500 3501 5246 5234 305 304 994 996 
5695 2695 2697 2698 2696 5229 5241 5247 5235 
5696 5229 5241 5247 5235 5230 5242 5248 5236 
5697 5230 5242 5248 5236 5231 5243 5249 5237 
5698 5231 5243 5249 5237 5232 5244 5250 5238 
5699 5232 5244 5250 5238 5233 5245 5251 5239 
5700 5233 5245 5251 5239 5234 5246 5252 5240 
5701 5234 5246 5252 5240 996 994 993 995 
5702 2696 2698 2501 2500 5235 5247 3739 3738 
5703 5235 5247 3739 3738 5236 5248 3773 3772 
5704 5236 5248 3773 3772 5237 5249 3807 3806 
5705 5237 5249 3807 3806 5238 5250 3841 3840 
5706 5238 5250 3841 3840 5239 5251 3875 3874 
5707 5239 5251 3875 3874 5240 5252 3909 3908 
5708 5240 5252 3909 3908 995 993 116 117 
5709 2465 2466 2699 2697 3331 3332 5253 5241 
5710 3331 3332 5253 5241 3365 3366 5254 5242 
5711 3365 3366 5254 5242 3399 3400 5255 5243 
5712 3399 3400 5255 5243 3433 3434 5256 5244 
5713 3433 3434 5256 5244 3467 3468 5257 5245 
5714 3467 3468 5257 5245 3501 3502 5258 5246 
5715 3501 3502 5258 5246 304 303 992 994 
5716 2697 2699 2700 2698 5241 5253 5259 5247 
5717 5241 5253 5259 5247 5242 5254 5260 5248 
5718 5242 5254 5260 5248 5243 5255 5261 5249 
5719 5243 5255 5261 5249 5244 5256 5262 5250 
5720 5244 5256 5262 5250 5245 5257 5263 5251 
5721 5245 5257 5263 5251 5246 5258 5264 5252 
5722 5246 5258 5264 5252 994 992 991 993 
5723 2698 2700 2502 2501 5247 5259 3740 3739 
5724 5247 5259 3740 3739 5248 5260 3774 3773 
5725 5248 5260 3774 3773 5249 5261 3808 3807 
5726 5249 5261 3808 3807 5250 5262 3842 3841 
5727 5250 5262 3842 3841 5251 5263 3876 3875 
5728 5251 5263 3876 3875 5252 5264 3910 3909 
5729 5252 5264 3910 3909 993 991 115 116 
5730 2466 2467 2701 2699 3332 3333 5265 5253 
5731 3332 3333 5265 5253 3366 3367 5266 5254 
5732 3366 3367 5266 5254 3400 3401 5267 5255 
5733 3400 3401 5267 5255 3434 3435 5268 5256 
5734 3434 3435 5268 5256 3468 3469 5269 5257 
5735 3468 3469 5269 5257 3502 3503 5270 5258 
5736 3502 3503 5270 5258 303 302 990 992 
5737 2699 2701 2702 2700 5253 5265 5271 5259 
5738 5253 5265 5271 5259 5254 5266 5272 5260 
5739 5254 5266 5272 5260 5255 5267 5273 5261 
5740 5255 5267 5273 5261 5256 5268 5274 5262 
5741 5256 5268 5274 5262 5257 5269 5275 5263 
5742 5257 5269 5275 5263 5258 5270 5276 5264 
5743 5258 5270 5276 5264 992 990 989 991 
5744 2700 2702 2503 2502 5259 5271 3741 3740 
5745 5259 5271 3741 3740 5260 5272 3775 3774 
5746 5260 5272 3775 3774 5261 5273 3809 3808 
5747 5261 5273 3809 3808 5262 5274 3843 3842 
5748 5262 5274 3843 3842 5263 5275 3877 3876 
5749 5263 5275 3877 3876 5264 5276 3911 3910 
5750 5264 5276 3911 3910 991 989 114 115 
5751 2467 2468 2703 2701 3333 3334 5277 5265 
5752 3333 3334 5277 5265 3367 3368 5278 5266 
5753 3367 3368 5278 5266 3401 3402 5279 5267 
5754 3401 3402 5279 5267 3435 3436 5280 5268 
5755 3435 3436 5280 5268 3469 3470 5281 5269 
5756 3469 3470 5281 5269 3503 3504 5282 5270 
5757 3503 3504 5282 5270 302 301 988 990 
5758 2701 2703 2704 2702 5265 5277 5283 5271 
5759 5265 5277 5283 5271 5266 5278 5284 5272 
5760 5266 5278 5284 5272 5267 5279 5285 5273 
5761 5267 5279 5285 5273 5268 5280 5286 5274 
5762 5268 5280 5286 5274 5269 5281 5287 5275 
5763 5269 5281 5287 5275 5270 5282 5288 5276 
5764 5270 5282 5288 5276 990 988 987 989 
5765 2702 2704 2504 2503 5271 5283 3742 3741 
5766 5271 5283 3742 3741 5272 5284 3776 3775 
5767 5272 5284 3776 3775 5273 5285 3810 3809 
5768 5273 5285 3810 3809 5274 5286 3844 3843 
5769 5274 5286 3844 3843 5275 5287 3878 3877 
5770 5275 5287 3878 3877 5276 5288 3912 3911 
5771 5276 5288 3912 3911 989 987 113 114 
5772 2468 2469 2705 2703 3334 3335 5289 5277 
5773 3334 3335 5289 5277 3368 3369 5290 5278 
5774 3368 3369 5290 5278 3402 3403 5291 5279 
5775 3402 3403 5291 5279 3436 3437 5292 5280 
5776 3436 3437 5292 5280 3470 3471 5293 5281 
5777 3470 3471 5293 5281 3504 3505 5294 5282 
5778 3504 3505 5294 5282 301 300 986 988 
5779 2703 2705 2706 2704 5277 5289 5295 5283 
5780 5277 5289 5295 5283 5278 5290 5296 5284 
5781 5278 5290 5296 5284 5279 5291 5297 5285 
5782 5279 5291 5297 5285 5280 5292 5298 5286 
5783 5280 5292 5298 5286 5281 5293 5299 5287 
5784 5281 5293 5299 5287 5282 5294 5300 5288 
5785 5282 5294 5300 5288 988 986 985 987 
5786 2704 2706 2505 2504 5283 5295 3743 3742 
5787 5283 5295 3743 3742 5284 5296 3777 3776 
5788 5284 5296 3777 3776 5285 5297 3811 3810 
5789 5285 5297 3811 3810 5286 5298 3845 3844 
5790 5286 5298 3845 3844 5287 5299 3879 3878 
5791 5287 5299 3879 3878 5288 5300 3913 3912 
5792 5288 5300 3913 3912 987 985 112 113 
5793 2469 2470 2707 2705 3335 3336 5301 5289 
5794 3335 3336 5301 5289 3369 3370 5302 5290 
5795 3369 3370 5302 5290 3403 3404 5303 5291 
5796 3403 3404 5303 5291 3437 3438 5304 5292 
5797 3437 3438 5304 5292 3471 3472 5305 5293 
5798 3471 3472 5305 5293 3505 3506 5306 5294 
5799 3505 3506 5306 5294 300 299 984 986 
5800 2705 2707 2708 2706 5289 5301 5307 5295 
5801 5289 5301 5307 5295 5290 5302 5308 5296 
5802 5290 5302 5308 5296 5291 5303 5309 5297 
5803 5291 5303 5309 5297 5292 5304 5310 5298 
5804 5292 5304 5310 5298 5293 5305 5311 5299 
5805 5293 5305 5311 5299 5294 5306 5312 5300 
5806 5294 5306 5312 5300 986 984 983 985 
5807 2706 2708 2506 2505 5295 5307 3744 3743 
5808 5295 5307 3744 3743 5296 5308 3778 3777 
5809 5296 5308 3778 3777 5297 5309 3812 3811 
5810 5297 5309 3812 3811 5298 5310 3846 3845 
5811 5298 5310 3846 3845 5299 5311 3880 3879 
5812 5299 5311 3880 3879 5300 5312 3914 3913 
5813 5300 5312 3914 3913 985 983 111 112 
5814 2470 2471 2709 2707 3336 3337 5313 5301 
5815 3336 3337 5313 5301 3370 3371 5314 5302 
5816 3370 3371 5314 5302 3404 3405 5315 5303 
5817 3404 3405 5315 5303 3438 3439 5316 5304 
5818 3438 3439 5316 5304 3472 3473 5317 5305 
5819 3472 3473 5317 5305 3506 3507 5318 5306 
5820 3506 3507 5318 5306 299 298 982 984 
5821 2707 2709 2710 2708 5301 5313 5319 5307 
5822 5301 5313 5319 5307 5302 5314 5320 5308 
5823 5302 5314 5320 5308 5303 5315 5321 5309 
5824 5303 5315 5321 5309 5304 5316 5322 5310 
5825 5304 5316 5322 5310 5305 5317 5323 5311 
5826 5305 5317 5323 5311 5306 5318 5324 5312 
5827 5306 5318 5324 5312 984 982 981 983 
5828 2708 2710 2507 2506 5307 5319 3745 3744 
5829 5307 5319 3745 3744 5308 5320 3779 3778 
5830 5308 5320 3779 3778 5309 5321 3813 3812 
5831 5309 5321 3813 3812 5310 5322 3847 3846 
5832 5310 5322 3847 3846 5311 5323 3881 3880 
5833 5311 5323 3881 3880 5312 5324 3915 3914 
5834 5312 5324 3915 3914 983 981 110 111 
5835 2471 2472 2711 2709 3337 3338 5325 5313 
5836 3337 3338 5325 5313 3371 3372 5326 5314 
5837 3371 3372 5326 5314 3405 3406 5327 5315 
5838 3405 3406 5327 5315 3439 3440 5328 5316 
5839 3439 3440 5328 5316 3473 3474 5329 5317 
5840 3473 3474 5329 5317 3507 3508 5330 5318 
5841 3507 3508 5330 5318 298 297 980 982 
5842 2709 2711 2712 2710 5313 5325 5331 5319 
5843 5313 5325 5331 5319 5314 5326 5332 5320 
5844 5314 5326 5332 5320 5315 5327 5333 5321 
5845 5315 5327 5333 5321 5316 5328 5334 5322 
5846 5316 5328 5334 5322 5317 5329 5335 5323 
5847 5317 5329 5335 5323 5318 5330 5336 5324 
5848 5318 5330 5336 5324 982 980 979 981 
5849 2710 2712 2508 2507 5319 5331 3746 3745 
5850 5319 5331 3746 3745 5320 5332 3780 3779 
5851 5320 5332 3780 3779 5321 5333 3814 3813 
5852 5321 5333 3814 3813 5322 5334 3848 3847 
5853 5322 5334 3848 3847 5323 5335 3882 3881 
5854 5323 5335 3882 3881 5324 5336 3916 3915 
5855 5324 5336 3916 3915 981 979 109 110 
5856 2472 2473 2713 2711 3338 3339 5337 5325 
5857 3338 3339 5337 5325 3372 3373 5338 5326 
5858 3372 3373 5338 5326 3406 3407 5339 5327 
5859 3406 3407 5339 5327 3440 3441 5340 5328 
5860 3440 3441 5340 5328 3474 3475 5341 5329 
5861 3474 3475 5341 5329 3508 3509 5342 5330 
5862 3508 3509 5342 5330 297 296 978 980 
5863 2711 2713 2714 2712 5325 5337 5343 5331 
5864 5325 5337 5343 5331 5326 5338 5344 5332 
5865 5326 5338 5344 5332 5327 5339 5345 5333 
5866 5327 5339 5345 5333 5328 5340 5346 5334 
5867 5328 5340 5346 5334 5329 5341 5347 5335 
5868 5329 5341 5347 5335 5330 5342 5348 5336 
5869 5330 5342 5348 5336 980 978 977 979 
5870 2712 2714 2509 2508 5331 5343 3747 3746 
5871 5331 5343 3747 3746 5332 5344 3781 3780 
5872 5332 5344 3781 3780 5333 5345 3815 3814 
5873 5333 5345 3815 3814 5334 5346 3849 3848 
5874 5334 5346 3849 3848 5335 5347 3883 3882 
5875 5335 5347 3883 3882 5336 5348 3917 3916 
5876 5336 5348 3917 3916 979 977 108 109 
5877 2473 2474 2715 2713 3339 3340 5349 5337 
5878 3339 3340 5349 5337 3373 3374 5350 5338 
5879 3373 3374 5350 5338 3407 3408 5351 5339 
5880 3407 3408 5351 5339 3441 3442 5352 5340 
5881 3441 3442 5352 5340 3475 3476 5353 5341 
5882 3475 3476 5353 5341 3509 3510 5354 5342 
5883 3509 3510 5354 5342 296 295 976 978 
5884 2713 2715 2716 2714 5337 5349 5355 5343 
5885 5337 5349 5355 5343 5338 5350 5356 5344 
5886 5338 5350 5356 5344 5339 5351 5357 5345 
5887 5339 5351 5357 5345 5340 5352 5358 5346 
5888 5340 5352 5358 5346 5341 5353 5359 5347 
5889 5341 5353 5359 5347 5342 5354 5360 5348 
5890 5342 5354 5360 5348 978 976 975 977 
5891 2714 2716 2510 2509 5343 5355 3748 3747 
5892 5343 5355 3748 3747 5344 5356 3782 3781 
5893 5344 5356 3782 3781 5345 5357 3816 3815 
5894 5345 5357 3816 3815 5346 5358 3850 3849 
5895 5346 5358 3850 3849 5347 5359 3884 3883 
5896 5347 5359 3884 3883 5348 5360 3918 3917 
5897 5348 5360 3918 3917 977 975 107 108 
5898 2474 2475 2717 2715 3340 3341 5361 5349 
5899 3340 3341 5361 5349 3374 3375 5362 5350 
5900 3374 3375 5362 5350 3408 3409 5363 5351 
5901 3408 3409 5363 5351 3442 3443 5364 5352 
5902 3442 3443 5364 5352 3476 3477 5365 5353 
5903 3476 3477 5365 5353 3510 3511 5366 5354 
5904 3510 3511 5366 5354 295 294 974 976 
5905 2715 2717 2718 2716 5349 5361 5367 5355 
5906 5349 5361 5367 5355 5350 5362 5368 5356 
5907 5350 5362 5368 5356 5351 5363 5369 5357 
5908 5351 5363 5369 5357 5352 5364 5370 5358 
5909 5352 5364 5370 5358 5353 5365 5371 5359 
5910 5353 5365 5371 5359 5354 5366 5372 5360 
5911 5354 5366 5372 5360 976 974 973 975 
5912 2716 2718 2511 2510 5355 5367 3749 3748 
5913 5355 5367 3749 3748 5356 5368 3783 3782 
5914 5356 5368 3783 3782 5357 5369 3817 3816 
5915 5357 5369 3817 3816 5358 5370 3851 3850 
5916 5358 5370 3851 3850 5359 5371 3885 3884 
5917 5359 5371 3885 3884 5360 5372 3919 3918 
5918 5360 5372 3919 3918 975 973 106 107 
5919 2475 2476 2719 2717 3341 3342 5373 5361 
5920 3341 3342 5373 5361 3375 3376 5374 5362 
5921 3375 3376 5374 5362 3409 3410 5375 5363 
5922 3409 3410 5375 5363 3443 3444 5376 5364 
5923 3443 3444 5376 5364 3477 3478 5377 5365 
5924 3477 3478 5377 5365 3511 3512 5378 5366 
5925 3511 3512 5378 5366 294 293 972 974 
5926 2717 2719 2720 2718 5361 5373 5379 5367 
5927 5361 5373 5379 5367 5362 5374 5380 5368 
5928 5362 5374 5380 5368 5363 5375 5381 5369 
5929 5363 5375 5381 5369 5364 5376 5382 5370 
5930 5364 5376 5382 5370 5365 5377 5383 5371 
5931 5365 5377 5383 5371 5366 5378 5384 5372 
5932 5366 5378 5384 5372 974 972 971 973 
5933 2718 2720 2512 2511 5367 5379 3750 3749 
5934 5367 5379 3750 3749 5368 5380 3784 3783 
5935 5368 5380 3784 3783 5369 5381 3818 3817 
5936 5369 5381 3818 3817 5370 5382 3852 3851 
5937 5370 5382 3852 3851 5371 5383 3886 3885 
5938 5371 5383 3886 3885 5372 5384 3920 3919 
5939 5372 5384 3920 3919 973 971 105 106 
5940 2476 2477 2721 2719 3342 3343 5385 5373 
5941 3342 3343 5385 5373 3376 3377 5386 5374 
5942 3376 3377 5386 5374 3410 3411 5387 5375 
5943 3410 3411 5387 5375 3444 3445 5388 5376 
5944 3444 3445 5388 5376 3478 3479 5389 5377 
5945 3478 3479 5389 5377 3512 3513 5390 5378 
5946 3512 3513 5390 5378 293 292 970 972 
5947 2719 2721 2722 2720 5373 5385 5391 5379 
5948 5373 5385 5391 5379 5374 5386 5392 5380 
5949 5374 5386 5392 5380 5375 5387 5393 5381 
5950 5375 5387 5393 5381 5376 5388 5394 5382 
5951 5376 5388 5394 5382 5377 5389 5395 5383 
5952 5377 5389 5395 5383 5378 5390 5396 5384 
5953 5378 5390 5396 5384 972 970 969 971 
5954 2720 2722 2513 2512 5379 5391 3751 3750 
5955 5379 5391 3751 3750 5380 5392 3785 3784 
5956 5380 5392 3785 3784 5381 5393 3819 3818 
5957 5381 5393 3819 3818 5382 5394 3853 3852 
5958 5382 5394 3853 3852 5383 5395 3887 3886 
5959 5383 5395 3887 3886 5384 5396 3921 3920 
5960 5384 5396 3921 3920 971 969 104 105 
5961 2477 2478 2723 2721 3343 3344 5397 5385 
5962 3343 3344 5397 5385 3377 3378 5398 5386 
5963 3377 3378 5398 5386 3411 3412 5399 5387 
5964 3411 3412 5399 5387 3445 3446 5400 5388 
5965 3445 3446 5400 5388 3479 3480 5401 5389 
5966 3479 3480 5401 5389 3513 3514 5402 5390 
5967 3513 3514 5402 5390 292 291 968 970 
5968 2721 2723 2724 2722 5385 5397 5403 5391 
5969 5385 5397 5403 5391 5386 5398 5404 5392 
5970 5386 5398 5404 5392 5387 5399 5405 5393 
5971 5387 5399 5405 5393 5388 5400 5406 5394 
5972 5388 5400 5406 5394 5389 5401 5407 5395 
5973 5389 5401 5407 5395 5390 5402 5408 5396 
5974 5390 5402 5408 5396 970 968 967 969 
5975 2722 2724 2514 2513 5391 5403 3752 3751 
5976 5391 5403 3752 3751 5392 5404 3786 3785 
5977 5392 5404 3786 3785 5393 5405 3820 3819 
5978 5393 5405 3820 3819 5394 5406 3854 3853 
5979 5394 5406 3854 3853 5395 5407 3888 3887 
5980 5395 5407 3888 3887 5396 5408 3922 3921 
5981 5396 5408 3922 3921 969 967 103 104 
5982 2478 2479 2725 2723 3344 3345 5409 5397 
5983 3344 3345 5409 5397 3378 3379 5410 5398 
5984 3378 3379 5410 5398 3412 3413 5411 5399 
5985 3412 3413 5411 5399 3446 3447 5412 5400 
5986 3446 3447 5412 5400 3480 3481 5413 5401 
5987 3480 3481 5413 5401 3514 3515 5414 5402 
5988 3514 3515 5414 5402 291 290 966 968 
5989 2723 2725 2726 2724 5397 5409 5415 5403 
5990 5397 5409 5415 5403 5398 5410 5416 5404 
5991 5398 5410 5416 5404 5399 5411 5417 5405 
5992 5399 5411 5417 5405 5400 5412 5418 5406 
5993 5400 5412 5418 5406 5401 5413 5419 5407 
5994 5401 5413 5419 5407 5402 5414 5420 5408 
5995 5402 5414 5420 5408 968 966 965 967 
5996 2724 2726 2515 2514 5403 5415 3753 3752 
5997 5403 5415 3753 3752 5404 5416 3787 3786 
5998 5404 5416 3787 3786 5405 5417 3821 3820 
5999 5405 5417 3821 3820 5406 5418 3855 3854 
6000 5406 5418 3855 3854 5407 5419 3889 3888 
6001 5407 5419 3889 3888 5408 5420 3923 3922 
6002 5408 5420 3923 3922 967 965 102 103 
6003 2479 2480 2727 2725 3345 3346 5421 5409 
6004 3345 3346 5421 5409 3379 3380 5422 5410 
6005 3379 3380 5422 5410 3413 3414 5423 5411 
6006 3413 3414 5423 5411 3447 3448 5424 5412 
6007 3447 3448 5424 5412 3481 3482 5425 5413 
6008 3481 3482 5425 5413 3515 3516 5426 5414 
6009 3515 3516 5426 5414 290 289 964 966 
6010 2725 2727 2728 2726 5409 5421 5427 5415 
6011 5409 5421 5427 5415 5410 5422 5428 5416 
6012 5410 5422 5428 5416 5411 5423 5429 5417 
6013 5411 5423 5429 5417 5412 5424 5430 5418 
6014 5412 5424 5430 5418 5413 5425 5431 5419 
6015 5413 5425 5431 5419 5414 5426 5432 5420 
6016 5414 5426 5432 5420 966 964 963 965 
6017 2726 2728 2516 2515 5415 5427 3754 3753 
6018 5415 5427 3754 3753 5416 5428 3788 3787 
6019 5416 5428 3788 3787 5417 5429 3822 3821 
6020 5417 5429 3822 3821 5418 5430 3856 3855 
6021 5418 5430 3856 3855 5419 5431 3890 3889 
6022 5419 5431 3890 3889 5420 5432 3924 3923 
6023 5420 5432 3924 3923 965 963 101 102 
6024 2480 2481 2729 2727 3346 3347 5433 5421 
6025 3346 3347 5433 5421 3380 3381 5434 5422 
6026 3380 3381 5434 5422 3414 3415 5435 5423 
6027 3414 3415 5435 5423 3448 3449 5436 5424 
6028 3448 3449 5436 5424 3482 3483 5437 5425 
6029 3482 3483 5437 5425 3516 3517 5438 5426 
6030 3516 3517 5438 5426 289 288 962 964 
6031 2727 2729 2730 2728 5421 5433 5439 5427 
6032 5421 5433 5439 5427 5422 5434 5440 5428 
6033 5422 5434 5440 5428 5423 5435 5441 5429 
6034 5423 5435 5441 5429 5424 5436 5442 5430 
6035 5424 5436 5442 5430 5425 5437 5443 5431 
6036 5425 5437 5443 5431 5426 5438 5444 5432 
6037 5426 5438 5444 5432 964 962 961 963 
6038 2728 2730 2517 2516 5427 5439 3755 3754 
6039 5427 5439 3755 3754 5428 5440 3789 3788 
6040 5428 5440 3789 3788 5429 5441 3823 3822 
6041 5429 5441 3823 3822 5430 5442 3857 3856 
6042 5430 5442 3857 3856 5431 5443 3891 3890 
6043 5431 5443 3891 3890 5432 5444 3925 3924 
6044 5432 5444 3925 3924 963 961 100 101 
6045 2481 2482 2731 2729 3347 3348 5445 5433 
6046 3347 3348 5445 5433 3381 3382 5446 5434 
6047 3381 3382 5446 5434 3415 3416 5447 5435 
6048 3415 3416 5447 5435 3449 3450 5448 5436 
6049 3449 3450 5448 5436 3483 3484 5449 5437 
6050 3483 3484 5449 5437 3517 3518 5450 5438 
6051 3517 3518 5450 5438 288 287 960 962 
6052 2729 2731 2732 2730 5433 5445 5451 5439 
6053 5433 5445 5451 5439 5434 5446 5452 5440 
6054 5434 5446 5452 5440 5435 5447 5453 5441 
6055 5435 5447 5453 5441 5436 5448 5454 5442 
6056 5436 5448 5454 5442 5437 5449 5455 5443 
6057 5437 5449 5455 5443 5438 5450 5456 5444 
6058 5438 5450 5456 5444 962 960 959 961 
6059 2730 2732 2518 2517 5439 5451 3756 3755 
6060 5439 5451 3756 3755 5440 5452 3790 3789 
6061 5440 5452 3790 3789 5441 5453 3824 3823 
6062 5441 5453 3824 3823 5442 5454 3858 3857 
6063 5442 5454 3858 3857 5443 5455 3892 3891 
6064 5443 5455 3892 3891 5444 5456 3926 3925 
6065 5444 5456 3926 3925 961 959 99 100 
6066 2482 2483 2733 2731 3348 3349 5457 5445 
6067 3348 3349 5457 5445 3382 3383 5458 5446 
6068 3382 3383 5458 5446 3416 3417 5459 5447 
6069 3416 3417 5459 5447 3450 3451 5460 5448 
6070 3450 3451 5460 5448 3484 3485 5461 5449 
6071 3484 3485 5461 5449 3518 3519 5462 5450 
6072 3518 3519 5462 5450 287 286 958 960 
6073 2731 2733 2734 2732 5445 5457 5463 5451 
6074 5445 5457 5463 5451 5446 5458 5464 5452 
6075 5446 5458 5464 5452 5447 5459 5465 5453 
6076 5447 5459 5465 5453 5448 5460 5466 5454 
6077 5448 5460 5466 5454 5449 5461 5467 5455 
6078 5449 5461 5467 5455 5450 5462 5468 5456 
6079 5450 5462 5468 5456 960 958 957 959 
6080 2732 2734 2519 2518 5451 5463 3757 3756 
6081 5451 5463 3757 3756 5452 5464 3791 3790 
6082 5452 5464 3791 3790 5453 5465 3825 3824 
6083 5453 5465 3825 3824 5454 5466 3859 3858 
6084 5454 5466 3859 3858 5455 5467 3893 3892 
6085 5455 5467 3893 3892 5456 5468 3927 3926 
6086 5456 5468 3927 3926 959 957 98 99 
6087 2483 2484 2735 2733 3349 3350 5469 5457 
6088 3349 3350 5469 5457 3383 3384 5470 5458 
6089 3383 3384 5470 5458 3417 3418 5471 5459 
6090 3417 3418 5471 5459 3451 3452 5472 5460 
6091 3451 3452 5472 5460 3485 3486 5473 5461 
6092 3485 3486 5473 5461 3519 3520 5474 5462 
6093 3519 3520 5474 5462 286 285 956 958 
6094 2733 2735 2736 2734 5457 5469 5475 5463 
6095 5457 5469 5475 5463 5458 5470 5476 5464 
6096 5458 5470 5476 5464 5459 5471 5477 5465 
6097 5459 5471 5477 5465 5460 5472 5478 5466 
6098 5460 5472 5478 5466 5461 5473 5479 5467 
6099 5461 5473 5479 5467 5462 5474 5480 5468 
6100 5462 5474 5480 5468 958 956 955 957 
6101 2734 2736 2520 2519 5463 5475 3758 3757 
6102 5463 5475 3758 3757 5464 5476 3792 3791 
6103 5464 5476 3792 3791 5465 5477 3826 3825 
6104 5465 5477 3826 3825 5466 5478 3860 3859 
6105 5466 5478 3860 3859 5467 5479 3894 3893 
6106 5467 5479 3894 3893 5468 5480 3928 3927 
6107 5468 5480 3928 3927 957 955 97 98 
6108 2484 2485 2737 2735 3350 3351 5481 5469 
6109 3350 3351 5481 5469 3384 3385 5482 5470 
6110 3384 3385 5482 5470 3418 3419 5483 5471 
6111 3418 3419 5483 5471 3452 3453 5484 5472 
6112 3452 3453 5484 5472 3486 3487 5485 5473 
6113 3486 3487 5485 5473 3520 3521 5486 5474 
6114 3520 3521 5486 5474 285 284 954 956 
6115 2735 2737 2738 2736 5469 5481 5487 5475 
6116 5469 5481 5487 5475 5470 5482 5488 5476 
6117 5470 5482 5488 5476 5471 5483 5489 5477 
6118 5471 5483 5489 5477 5472 5484 5490 5478 
6119 5472 5484 5490 5478 5473 5485 5491 5479 
6120 5473 5485 5491 5479 5474 5486 5492 5480 
6121 5474 5486 5492 5480 956 954 953 955 
6122 2736 2738 2521 2520 5475 5487 3759 3758 
6123 5475 5487 3759 3758 5476 5488 3793 3792 
6124 5476 5488 3793 3792 5477 5489 3827 3826 
6125 5477 5489 3827 3826 5478 5490 3861 3860 
6126 5478 5490 3861 3860 5479 5491 3895 3894 
6127 5479 5491 3895 3894 5480 5492 3929 3928 
6128 5480 5492 3929 3928 955 953 96 97 
6129 2485 2486 2739 2737 3351 3352 5493 5481 
6130 3351 3352 5493 5481 3385 3386 5494 5482 
6131 3385 3386 5494 5482 3419 3420 5495 5483 
6132 3419 3420 5495 5483 3453 3454 5496 5484 
6133 3453 3454 5496 5484 3487 3488 5497 5485 
6134 3487 3488 5497 5485 3521 3522 5498 5486 
6135 3521 3522 5498 5486 284 283 952 954 
6136 2737 2739 2740 2738 5481 5493 5499 5487 
6137 5481 5493 5499 5487 5482 5494 5500 5488 
6138 5482 5494 5500 5488 5483 5495 5501 5489 
6139 5483 5495 5501 5489 5484 5496 5502 5490 
6140 5484 5496 5502 5490 5485 5497 5503 5491 
6141 5485 5497 5503 5491 5486 5498 5504 5492 
6142 5486 5498 5504 5492 954 952 951 953 
6143 2738 2740 2522 2521 5487 5499 3760 3759 
6144 5487 5499 3760 3759 5488 5500 3794 3793 
6145 5488 5500 3794 3793 5489 5501 3828 3827 
6146 5489 5501 3828 3827 5490 5502 3862 3861 
6147 5490 5502 3862 3861 5491 5503 3896 3895 
6148 5491 5503 3896 3895 5492 5504 3930 3929 
6149 5492 5504 3930 3929 953 951 95 96 
6150 2486 2487 2741 2739 3352 3353 5505 5493 
6151 3352 3353 5505 5493 3386 3387 5506 5494 
6152 3386 3387 5506 5494 3420 3421 5507 5495 
6153 3420 3421 5507 5495 3454 3455 5508 5496 
6154 3454 3455 5508 5496 3488 3489 5509 5497 
6155 3488 3489 5509 5497 3522 3523 5510 5498 
6156 3522 3523 5510 5498 283 282 950 952 
6157 2739 2741 2742 2740 5493 5505 5511 5499 
6158 5493 5505 5511 5499 5494 5506 5512 5500 
6159 5494 5506 5512 5500 5495 5507 5513 5501 
6160 5495 5507 5513 5501 5496 5508 5514 5502 
6161 5496 5508 5514 5502 5497 5509 5515 5503 
6162 5497 5509 5515 5503 5498 5510 5516 5504 
6163 5498 5510 5516 5504 952 950 949 951 
6164 2740 2742 2523 2522 5499 5511 3761 3760 
6165 5499 5511 3761 3760 5500 5512 3795 3794 
6166 5500 5512 3795 3794 5501 5513 3829 3828 
6167 5501 5513 3829 3828 5502 5514 3863 3862 
6168 5502 5514 3863 3862 5503 5515 3897 3896 
6169 5503 5515 3897 3896 5504 5516 3931 3930 
6170 5504 5516 3931 3930 951 949 94 95 
6171 2487 2488 2743 2741 3353 3354 5517 5505 
6172 3353 3354 5517 5505 3387 3388 5518 5506 
6173 3387 3388 5518 5506 3421 3422 5519 5507 
6174 3421 3422 5519 5507 3455 3456 5520 5508 
6175 3455 3456 5520 5508 3489 3490 5521 5509 
6176 3489 3490 5521 5509 3523 3524 5522 5510 
6177 3523 3524 5522 5510 282 281 948 950 
6178 2741 2743 2744 2742 5505 5517 5523 5511 
6179 5505 5517 5523 5511 5506 5518 5524 5512 
6180 5506 5518 5524 5512 5507 5519 5525 5513 
6181 5507 5519 5525 5513 5508 5520 5526 5514 
6182 5508 5520 5526 5514 5509 5521 5527 5515 
6183 5509 5521 5527 5515 5510 5522 5528 5516 
6184 5510 5522 5528 5516 950 948 947 949 
6185 2742 2744 2524 2523 5511 5523 3762 3761 
6186 5511 5523 3762 3761 5512 5524 3796 3795 
6187 5512 5524 3796 3795 5513 5525 3830 3829 
6188 5513 5525 3830 3829 5514 5526 3864 3863 
6189 5514 5526 3864 3863 5515 5527 3898 3897 
6190 5515 5527 3898 3897 5516 5528 3932 3931 
6191 5516 5528 3932 3931 949 947 93 94 
6192 2488 2489 2745 2743 3354 3355 5529 5517 
6193 3354 3355 5529 5517 3388 3389 5530 5518 
6194 3388 3389 5530 5518 3422 3423 5531 5519 
6195 3422 3423 5531 5519 3456 3457 5532 5520 
6196 3456 3457 5532 5520 3490 3491 5533 5521 
6197 3490 3491 5533 5521 3524 3525 5534 5522 
6198 3524 3525 5534 5522 281 280 946 948 
6199 2743 2745 2746 2744 5517 5529 5535 5523 
6200 5517 5529 5535 5523 5518 5530 5536 5524 
6201 5518 5530 5536 5524 5519 5531 5537 5525 
6202 5519 5531 5537 5525 5520 5532 5538 5526 
6203 5520 5532 5538 5526 5521 5533 5539 5527 
6204 5521 5533 5539 5527 5522 5534 5540 5528 
6205 5522 5534 5540 5528 948 946 945 947 
6206 2744 2746 2525 2524 5523 5535 3763 3762 
6207 5523 5535 3763 3762 5524 5536 3797 3796 
6208 5524 5536 3797 3796 5525 5537 3831 3830 
6209 5525 5537 3831 3830 5526 5538 3865 3864 
6210 5526 5538 3865 3864 5527 5539 3899 3898 
6211 5527 5539 3899 3898 5528 5540 3933 3932 
6212 5528 5540 3933 3932 947 945 92 93 
6213 2489 2490 2747 2745 3355 3356 5541 5529 
6214 3355 3356 5541 5529 3389 3390 5542 5530 
6215 3389 3390 5542 5530 3423 3424 5543 5531 
6216 3423 3424 5543 5531 3457 3458 5544 5532 
6217 3457 3458 5544 5532 3491 3492 5545 5533 
6218 3491 3492 5545 5533 3525 3526 5546 5534 
6219 3525 3526 5546 5534 280 279 944 946 
6220 2745 2747 2748 2746 5529 5541 5547 5535 
6221 5529 5541 5547 5535 5530 5542 5548 5536 
6222 5530 5542 5548 5536 5531 5543 5549 5537 
6223 5531 5543 5549 5537 5532 5544 5550 5538 
6224 5532 5544 5550 5538 5533 5545 5551 5539 
6225 5533 5545 5551 5539 5534 5546 5552 5540 
6226 5534 5546 5552 5540 946 944 943 945 
6227 2746 2748 2526 2525 5535 5547 3764 3763 
6228 5535 5547 3764 3763 5536 5548 3798 3797 
6229 5536 5548 3798 3797 5537 5549 3832 3831 
6230 5537 5549 3832 3831 5538 5550 3866 3865 
6231 5538 5550 3866 3865 5539 5551 3900 3899 
6232 5539 5551 3900 3899 5540 5552 3934 3933 
6233 5540 5552 3934 3933 945 943 91 92 
6234 2490 2491 2749 2747 3356 3357 5553 5541 
6235 3356 3357 5553 5541 3390 3391 5554 5542 
6236 3390 3391 5554 5542 3424 3425 5555 5543 
6237 3424 3425 5555 5543 3458 3459 5556 5544 
6238 3458 3459 5556 5544 3492 3493 5557 5545 
6239 3492 3493 5557 5545 3526 3527 5558 5546 
6240 3526 3527 5558 5546 279 278 942 944 
6241 2747 2749 2750 2748 5541 5553 5559 5547 
6242 5541 5553 5559 5547 5542 5554 5560 5548 
6243 5542 5554 5560 5548 5543 5555 5561 5549 
6244 5543 5555 5561 5549 5544 5556 5562 5550 
6245 5544 5556 5562 5550 5545 5557 5563 5551 
6246 5545 5557 5563 5551 5546 5558 5564 5552 
6247 5546 5558 5564 5552 944 942 941 943 
6248 2748 2750 2527 2526 5547 5559 3765 3764 
6249 5547 5559 3765 3764 5548 5560 3799 3798 
6250 5548 5560 3799 3798 5549 5561 3833 3832 
6251 5549 5561 3833 3832 5550 5562 3867 3866 
6252 5550 5562 3867 3866 5551 5563 3901 3900 
6253 5551 5563 3901 3900 5552 5564 3935 3934 
6254 5552 5564 3935 3934 943 941 90 91 
6255 2491 2492 2751 2749 3357 3358 5565 5553 
6256 3357 3358 5565 5553 3391 3392 5566 5554 
6257 3391 3392 5566 5554 3425 3426 5567 5555 
6258 3425 3426 5567 5555 3459 3460 5568 5556 
6259 3459 3460 5568 5556 3493 3494 5569 5557 
6260 3493 3494 5569 5557 3527 3528 5570 5558 
6261 3527 3528 5570 5558 278 277 940 942 
6262 2749 2751 2752 2750 5553 5565 5571 5559 
6263 5553 5565 5571 5559 5554 5566 5572 5560 
6264 5554 5566 5572 5560 5555 5567 5573 5561 
6265 5555 5567 5573 5561 5556 5568 5574 5562 
6266 5556 5568 5574 5562 5557 5569 5575 5563 
6267 5557 5569 5575 5563 5558 5570 5576 5564 
6268 5558 5570 5576 5564 942 940 939 941 
6269 2750 2752 2528 2527 5559 5571 3766 3765 
6270 5559 5571 3766 3765 5560 5572 3800 3799 
6271 5560 5572 3800 3799 5561 5573 3834 3833 
6272 5561 5573 3834 3833 5562 5574 3868 3867 
6273 5562 5574 3868 3867 5563 5575 3902 3901 
6274 5563 5575 3902 3901 5564 5576 3936 3935 
6275 5564 5576 3936 3935 941 939 89 90 
6276 2492 2414 2529 2751 3358 2599 3085 5565 
6277 3358 2599 3085 5565 3392 2600 3086 5566 
6278 3392 2600 3086 5566 3426 2601 3087 5567 
6279 3426 2601 3087 5567 3460 2602 3088 5568 
6280 3460 2602 3088 5568 3494 2603 3089 5569 
6281 3494 2603 3089 5569 3528 2604 3090 5570 
6282 3528 2604 3090 5570 277 19 272 940 
6283 2751 2529 2530 2752 5565 3085 3091 5571 
6284 5565 3085 3091 5571 5566 3086 3092 5572 
6285 5566 3086 3092 5572 5567 3087 3093 5573 
6286 5567 3087 3093 5573 5568 3088 3094 5574 
6287 5568 3088 3094 5574 5569 3089 3095 5575 
6288 5569 3089 3095 5575 5570 3090 3096 5576 
6289 5570 3090 3096 5576 940 272 271 939 
6290 2752 2530 2415 2528 5571 3091 2605 3766 
6291 5571 3091 2605 3766 5572 3092 2606 3800 
6292 5572 3092 2606 3800 5573 3093 2607 3834 
6293 5573 3093 2607 3834 5574 3094 2608 3868 
6294 5574 3094 2608 3868 5575 3095 2609 3902 
6295 5575 3095 2609 3902 5576 3096 2610 3936 
6296 5576 3096 2610 3936 939 271 7 89 
3 98 5 63
6297 2412 2423 3937 2422 2587 3061 5577 3050 
6298 2587 3061 5577 3050 2588 3062 5578 3052 
6299 2588 3062 5578 3052 2589 3063 5579 3054 
6300 2589 3063 5579 3054 2590 3064 5580 3056 
6301 2590 3064 5580 3056 2591 3065 5581 3058 
6302 2591 3065 5581 3058 2592 3066 5582 3060 
6303 2592 3066 5582 3060 5 233 1009 124 
6304 2422 3937 3938 2421 3050 5577 5583 3049 
6305 3050 5577 5583 3049 3052 5578 5584 3051 
6306 3052 5578 5584 3051 3054 5579 5585 3053 
6307 3054 5579 5585 3053 3056 5580 5586 3055 
6308 3056 5580 5586 3055 3058 5581 5587 3057 
6309 3058 5581 5587 3057 3060 5582 5588 3059 
6310 3060 5582 5588 3059 124 1009 1007 123 
6311 2421 3938 2420 2411 3049 5583 3038 2581 
6312 3049 5583 3038 2581 3051 5584 3040 2582 
6313 3051 5584 3040 2582 3053 5585 3042 2583 
6314 3053 5585 3042 2583 3055 5586 3044 2584 
6315 3055 5586 3044 2584 3057 5587 3046 2585 
6316 3057 5587 3046 2585 3059 5588 3048 2586 
6317 3059 5588 3048 2586 123 1007 275 8 
6318 2423 2424 3939 3937 3061 3067 5589 5577 
6319 3061 3067 5589 5577 3062 3068 5590 5578 
6320 3062 3068 5590 5578 3063 3069 5591 5579 
6321 3063 3069 5591 5579 3064 3070 5592 5580 
6322 3064 3070 5592 5580 3065 3071 5593 5581 
6323 3065 3071 5593 5581 3066 3072 5594 5582 
6324 3066 3072 5594 5582 233 234 1010 1009 
6325 3937 3939 3940 3938 5577 5589 5595 5583 
6326 5577 5589 5595 5583 5578 5590 5596 5584 
6327 5578 5590 5596 5584 5579 5591 5597 5585 
6328 5579 5591 5597 5585 5580 5592 5598 5586 
6329 5580 5592 5598 5586 5581 5593 5599 5587 
6330 5581 5593 5599 5587 5582 5594 5600 5588 
6331 5582 5594 5600 5588 1009 1010 1008 1007 
6332 3938 3940 2419 2420 5583 5595 3037 3038 
6333 5583 5595 3037 3038 5584 5596 3039 3040 
6334 5584 5596 3039 3040 5585 5597 3041 3042 
6335 5585 5597 3041 3042 5586 5598 3043 3044 
6336 5586 5598 3043 3044 5587 5599 3045 3046 
6337 5587 5599 3045 3046 5588 5600 3047 3048 
6338 5588 5600 3047 3048 1007 1008 276 275 
6339 2424 2409 2417 3939 3067 2569 3025 5589 
6340 3067 2569 3025 5589 3068 2570 3026 5590 
6341 3068 2570 3026 5590 3069 2571 3027 5591 
6342 3069 2571 3027 5591 3070 2572 3028 5592 
6343 3070 2572 3028 5592 3071 2573 3029 5593 
6344 3071 2573 3029 5593 3072 2574 3030 5594 
6345 3072 2574 3030 5594 234 17 312 1010 
6346 3939 2417 2418 3940 5589 3025 3031 5595 
6347 5589 3025 3031 5595 5590 3026 3032 5596 
6348 5590 3026 3032 5596 5591 3027 3033 5597 
6349 5591 3027 3033 5597 5592 3028 3034 5598 
6350 5592 3028 3034 5598 5593 3029 3035 5599 
6351 5593 3029 3035 5599 5594 3030 3036 5600 
6352 5594 3030 3036 5600 1010 312 311 1008 
6353 3940 2418 2410 2419 5595 3031 2575 3037 
6354 5595 3031 2575 3037 5596 3032 2576 3039 
6355 5596 3032 2576 3039 5597 3033 2577 3041 
6356 5597 3033 2577 3041 5598 3034 2578 3043 
6357 5598 3034 2578 3043 5599 3035 2579 3045 
6358 5599 3035 2579 3045 5600 3036 2580 3047 
6359 5600 3036 2580 3047 1008 311 20 276 
3 99 5 63
6360 3941 2567 2416 2566 5601 3109 2611 3103 
6361 5601 3109 2611 3103 5602 3111 2612 3104 
6362 5602 3111 2612 3104 5603 3113 2613 3105 
6363 5603 3113 2613 3105 5604 3115 2614 3106 
6364 5604 3115 2614 3106 5605 3117 2615 3107 
6365 5605 3117 2615 3107 5606 3119 2616 3108 
6366 5606 3119 2616 3108 935 235 6 87 
6367 3942 3941 2566 2565 5607 5601 3103 3097 
6368 5607 5601 3103 3097 5608 5602 3104 3098 
6369 5608 5602 3104 3098 5609 5603 3105 3099 
6370 5609 5603 3105 3099 5610 5604 3106 3100 
6371 5610 5604 3106 3100 5611 5605 3107 3101 
6372 5611 5605 3107 3101 5612 5606 3108 3102 
6373 5612 5606 3108 3102 937 935 87 88 
6374 2530 3942 2565 2415 3091 5607 3097 2605 
6375 3091 5607 3097 2605 3092 5608 3098 2606 
6376 3092 5608 3098 2606 3093 5609 3099 2607 
6377 3093 5609 3099 2607 3094 5610 3100 2608 
6378 3094 5610 3100 2608 3095 5611 3101 2609 
6379 3095 5611 3101 2609 3096 5612 3102 2610 
6380 3096 5612 3102 2610 271 937 88 7 
6381 3943 2568 2567 3941 5613 3110 3109 5601 
6382 5613 3110 3109 5601 5614 3112 3111 5602 
6383 5614 3112 3111 5602 5615 3114 3113 5603 
6384 5615 3114 3113 5603 5616 3116 3115 5604 
6385 5616 3116 3115 5604 5617 3118 3117 5605 
6386 5617 3118 3117 5605 5618 3120 3119 5606 
6387 5618 3120 3119 5606 936 236 235 935 
6388 3944 3943 3941 3942 5619 5613 5601 5607 
6389 5619 5613 5601 5607 5620 5614 5602 5608 
6390 5620 5614 5602 5608 5621 5615 5603 5609 
6391 5621 5615 5603 5609 5622 5616 5604 5610 
6392 5622 5616 5604 5610 5623 5617 5605 5611 
6393 5623 5617 5605 5611 5624 5618 5606 5612 
6394 5624 5618 5606 5612 938 936 935 937 
6395 2529 3944 3942 2530 3085 5619 5607 3091 
6396 3085 5619 5607 3091 3086 5620 5608 3092 
6397 3086 5620 5608 3092 3087 5621 5609 3093 
6398 3087 5621 5609 3093 3088 5622 5610 3094 
6399 3088 5622 5610 3094 3089 5623 5611 3095 
6400 3089 5623 5611 3095 3090 5624 5612 3096 
6401 3090 5624 5612 3096 272 938 937 271 
6402 2493 2413 2568 3943 3073 2593 3110 5613 
6403 3073 2593 3110 5613 3075 2594 3112 5614 
6404 3075 2594 3112 5614 3077 2595 3114 5615 
6405 3077 2595 3114 5615 3079 2596 3116 5616 
6406 3079 2596 3116 5616 3081 2597 3118 5617 
6407 3081 2597 3118 5617 3083 2598 3120 5618 
6408 3083 2598 3120 5618 273 18 236 936 
6409 2494 2493 3943 3944 3074 3073 5613 5619 
6410 3074 3073 5613 5619 3076 3075 5614 5620 
6411 3076 3075 5614 5620 3078 3077 5615 5621 
6412 3078 3077 5615 5621 3080 3079 5616 5622 
6413 3080 3079 5616 5622 3082 3081 5617 5623 
6414 3082 3081 5617 5623 3084 3083 5618 5624 
6415 3084 3083 5618 5624 274 273 936 938 
6416 2414 2494 3944 2529 2599 3074 5619 3085 
6417 2599 3074 5619 3085 2600 3076 5620 3086 
6418 2600 3076 5620 3086 2601 3078 5621 3087 
6419 2601 3078 5621 3087 2602 3080 5622 3088 
6420 2602 3080 5622 3088 2603 3082 5623 3089 
6421 2603 3082 5623 3089 2604 3084 5624 3090 
6422 2604 3084 5624 3090 19 274 938 272 
3 179 5 735
7108 5625 5641 5833 5633 5785 6337 7161 6241 
7109 5785 6337 7161 6241 5786 6371 7162 6242 
7110 5786 6371 7162 6242 5787 6405 7163 6243 
7111 5787 6405 7163 6243 5788 6439 7164 6244 
7112 5788 6439 7164 6244 5789 6473 7165 6245 
7113 5789 6473 7165 6245 5790 6507 7166 6246 
7114 5790 6507 7166 6246 21 317 6105 392 
7115 5633 5833 5834 5634 6241 7161 7167 6247 
7116 6241 7161 7167 6247 6242 7162 7168 6248 
7117 6242 7162 7168 6248 6243 7163 7169 6249 
7118 6243 7163 7169 6249 6244 7164 7170 6250 
7119 6244 7164 7170 6250 6245 7165 7171 6251 
7120 6245 7165 7171 6251 6246 7166 7172 6252 
7121 6246 7166 7172 6252 392 6105 6139 391 
7122 5634 5834 5675 5626 6247 7167 6541 5791 
7123 6247 7167 6541 5791 6248 7168 6575 5792 
7124 6248 7168 6575 5792 6249 7169 6609 5793 
7125 6249 7169 6609 5793 6250 7170 6643 5794 
7126 6250 7170 6643 5794 6251 7171 6677 5795 
7127 6251 7171 6677 5795 6252 7172 6711 5796 
7128 6252 7172 6711 5796 391 6139 390 24 
7129 5641 5642 5835 5833 6337 6338 7173 7161 
7130 6337 6338 7173 7161 6371 6372 7174 7162 
7131 6371 6372 7174 7162 6405 6406 7175 7163 
7132 6405 6406 7175 7163 6439 6440 7176 7164 
7133 6439 6440 7176 7164 6473 6474 7177 7165 
7134 6473 6474 7177 7165 6507 6508 7178 7166 
7135 6507 6508 7178 7166 317 318 6106 6105 
7136 5833 5835 5836 5834 7161 7173 7179 7167 
7137 7161 7173 7179 7167 7162 7174 7180 7168 
7138 7162 7174 7180 7168 7163 7175 7181 7169 
7139 7163 7175 7181 7169 7164 7176 7182 7170 
7140 7164 7176 7182 7170 7165 7177 7183 7171 
7141 7165 7177 7183 7171 7166 7178 7184 7172 
7142 7166 7178 7184 7172 6105 6106 6140 6139 
7143 5834 5836 5676 5675 7167 7179 6542 6541 
7144 7167 7179 6542 6541 7168 7180 6576 6575 
7145 7168 7180 6576 6575 7169 7181 6610 6609 
7146 7169 7181 6610 6609 7170 7182 6644 6643 
7147 7170 7182 6644 6643 7171 7183 6678 6677 
7148 7171 7183 6678 6677 7172 7184 6712 6711 
7149 7172 7184 6712 6711 6139 6140 389 390 
7150 5642 5643 5837 5835 6338 6339 7185 7173 
7151 6338 6339 7185 7173 6372 6373 7186 7174 
7152 6372 6373 7186 7174 6406 6407 7187 7175 
7153 6406 6407 7187 7175 6440 6441 7188 7176 
7154 6440 6441 7188 7176 6474 6475 7189 7177 
7155 6474 6475 7189 7177 6508 6509 7190 7178 
7156 6508 6509 7190 7178 318 319 6107 6106 
7157 5835 5837 5838 5836 7173 7185 7191 7179 
7158 7173 7185 7191 7179 7174 7186 7192 7180 
7159 7174 7186 7192 7180 7175 7187 7193 7181 
7160 7175 7187 7193 7181 7176 7188 7194 7182 
7161 7176 7188 7194 7182 7177 7189 7195 7183 
7162 7177 7189 7195 7183 7178 7190 7196 7184 
7163 7178 7190 7196 7184 6106 6107 6141 6140 
7164 5836 5838 5677 5676 7179 7191 6543 6542 
7165 7179 7191 6543 6542 7180 7192 6577 6576 
7166 7180 7192 6577 6576 7181 7193 6611 6610 
7167 7181 7193 6611 6610 7182 7194 6645 6644 
7168 7182 7194 6645 6644 7183 7195 6679 6678 
7169 7183 7195 6679 6678 7184 7196 6713 6712 
7170 7184 7196 6713 6712 6140 6141 388 389 
7171 5643 5644 5839 5837 6339 6340 7197 7185 
7172 6339 6340 7197 7185 6373 6374 7198 7186 
7173 6373 6374 7198 7186 6407 6408 7199 7187 
7174 6407 6408 7199 7187 6441 6442 7200 7188 
7175 6441 6442 7200 7188 6475 6476 7201 7189 
7176 6475 6476 7201 7189 6509 6510 7202 7190 
7177 6509 6510 7202 7190 319 320 6108 6107 
7178 5837 5839 5840 5838 7185 7197 7203 7191 
7179 7185 7197 7203 7191 7186 7198 7204 7192 
7180 7186 7198 7204 7192 7187 7199 7205 7193 
7181 7187 7199 7205 7193 7188 7200 7206 7194 
7182 7188 7200 7206 7194 7189 7201 7207 7195 
7183 7189 7201 7207 7195 7190 7202 7208 7196 
7184 7190 7202 7208 7196 6107 6108 6142 6141 
7185 5838 5840 5678 5677 7191 7203 6544 6543 
7186 7191 7203 6544 6543 7192 7204 6578 6577 
7187 7192 7204 6578 6577 7193 7205 6612 6611 
7188 7193 7205 6612 6611 7194 7206 6646 6645 
7189 7194 7206 6646 6645 7195 7207 6680 6679 
7190 7195 7207 6680 6679 7196 7208 6714 6713 
7191 7196 7208 6714 6713 6141 6142 387 388 
7192 5644 5645 5841 5839 6340 6341 7209 7197 
7193 6340 6341 7209 7197 6374 6375 7210 7198 
7194 6374 6375 7210 7198 6408 6409 7211 7199 
7195 6408 6409 7211 7199 6442 6443 7212 7200 
7196 6442 6443 7212 7200 6476 6477 7213 7201 
7197 6476 6477 7213 7201 6510 6511 7214 7202 
7198 6510 6511 7214 7202 320 321 6109 6108 
7199 5839 5841 5842 5840 7197 7209 7215 7203 
7200 7197 7209 7215 7203 7198 7210 7216 7204 
7201 7198 7210 7216 7204 7199 7211 7217 7205 
7202 7199 7211 7217 7205 7200 7212 7218 7206 
7203 7200 7212 7218 7206 7201 7213 7219 7207 
7204 7201 7213 7219 7207 7202 7214 7220 7208 
7205 7202 7214 7220 7208 6108 6109 6143 6142 
7206 5840 5842 5679 5678 7203 7215 6545 6544 
7207 7203 7215 6545 6544 7204 7216 6579 6578 
7208 7204 7216 6579 6578 7205 7217 6613 6612 
7209 7205 7217 6613 6612 7206 7218 6647 6646 
7210 7206 7218 6647 6646 7207 7219 6681 6680 
7211 7207 7219 6681 6680 7208 7220 6715 6714 
7212 7208 7220 6715 6714 6142 6143 386 387 
7213 5645 5646 5843 5841 6341 6342 7221 7209 
7214 6341 6342 7221 7209 6375 6376 7222 7210 
7215 6375 6376 7222 7210 6409 6410 7223 7211 
7216 6409 6410 7223 7211 6443 6444 7224 7212 
7217 6443 6444 7224 7212 6477 6478 7225 7213 
7218 6477 6478 7225 7213 6511 6512 7226 7214 
7219 6511 6512 7226 7214 321 322 6110 6109 
7220 5841 5843 5844 5842 7209 7221 7227 7215 
7221 7209 7221 7227 7215 7210 7222 7228 7216 
7222 7210 7222 7228 7216 7211 7223 7229 7217 
7223 7211 7223 7229 7217 7212 7224 7230 7218 
7224 7212 7224 7230 7218 7213 7225 7231 7219 
7225 7213 7225 7231 7219 7214 7226 7232 7220 
7226 7214 7226 7232 7220 6109 6110 6144 6143 
7227 5842 5844 5680 5679 7215 7227 6546 6545 
7228 7215 7227 6546 6545 7216 7228 6580 6579 
7229 7216 7228 6580 6579 7217 7229 6614 6613 
7230 7217 7229 6614 6613 7218 7230 6648 6647 
7231 7218 7230 6648 6647 7219 7231 6682 6681 
7232 7219 7231 6682 6681 7220 7232 6716 6715 
7233 7220 7232 6716 6715 6143 6144 385 386 
7234 5646 5647 5845 5843 6342 6343 7233 7221 
7235 6342 6343 7233 7221 6376 6377 7234 7222 
7236 6376 6377 7234 7222 6410 6411 7235 7223 
7237 6410 6411 7235 7223 6444 6445 7236 7224 
7238 6444 6445 7236 7224 6478 6479 7237 7225 
7239 6478 6479 7237 7225 6512 6513 7238 7226 
7240 6512 6513 7238 7226 322 323 6111 6110 
7241 5843 5845 5846 5844 7221 7233 7239 7227 
7242 7221 7233 7239 7227 7222 7234 7240 7228 
7243 7222 7234 7240 7228 7223 7235 7241 7229 
7244 7223 7235 7241 7229 7224 7236 7242 7230 
7245 7224 7236 7242 7230 7225 7237 7243 7231 
7246 7225 7237 7243 7231 7226 7238 7244 7232 
7247 7226 7238 7244 7232 6110 6111 6145 6144 
7248 5844 5846 5681 5680 7227 7239 6547 6546 
7249 7227 7239 6547 6546 7228 7240 6581 6580 
7250 7228 7240 6581 6580 7229 7241 6615 6614 
7251 7229 7241 6615 6614 7230 7242 6649 6648 
7252 7230 7242 6649 6648 7231 7243 6683 6682 
7253 7231 7243 6683 6682 7232 7244 6717 6716 
7254 7232 7244 6717 6716 6144 6145 384 385 
7255 5647 5648 5847 5845 6343 6344 7245 7233 
7256 6343 6344 7245 7233 6377 6378 7246 7234 
7257 6377 6378 7246 7234 6411 6412 7247 7235 
7258 6411 6412 7247 7235 6445 6446 7248 7236 
7259 6445 6446 7248 7236 6479 6480 7249 7237 
7260 6479 6480 7249 7237 6513 6514 7250 7238 
7261 6513 6514 7250 7238 323 324 6112 6111 
7262 5845 5847 5848 5846 7233 7245 7251 7239 
7263 7233 7245 7251 7239 7234 7246 7252 7240 
7264 7234 7246 7252 7240 7235 7247 7253 7241 
7265 7235 7247 7253 7241 7236 7248 7254 7242 
7266 7236 7248 7254 7242 7237 7249 7255 7243 
7267 7237 7249 7255 7243 7238 7250 7256 7244 
7268 7238 7250 7256 7244 6111 6112 6146 6145 
7269 5846 5848 5682 5681 7239 7251 6548 6547 
7270 7239 7251 6548 6547 7240 7252 6582 6581 
7271 7240 7252 6582 6581 7241 7253 6616 6615 
7272 7241 7253 6616 6615 7242 7254 6650 6649 
7273 7242 7254 6650 6649 7243 7255 6684 6683 
7274 7243 7255 6684 6683 7244 7256 6718 6717 
7275 7244 7256 6718 6717 6145 6146 383 384 
7276 5648 5649 5849 5847 6344 6345 7257 7245 
7277 6344 6345 7257 7245 6378 6379 7258 7246 
7278 6378 6379 7258 7246 6412 6413 7259 7247 
7279 6412 6413 7259 7247 6446 6447 7260 7248 
7280 6446 6447 7260 7248 6480 6481 7261 7249 
7281 6480 6481 7261 7249 6514 6515 7262 7250 
7282 6514 6515 7262 7250 324 325 6113 6112 
7283 5847 5849 5850 5848 7245 7257 7263 7251 
7284 7245 7257 7263 7251 7246 7258 7264 7252 
7285 7246 7258 7264 7252 7247 7259 7265 7253 
7286 7247 7259 7265 7253 7248 7260 7266 7254 
7287 7248 7260 7266 7254 7249 7261 7267 7255 
7288 7249 7261 7267 7255 7250 7262 7268 7256 
7289 7250 7262 7268 7256 6112 6113 6147 6146 
7290 5848 5850 5683 5682 7251 7263 6549 6548 
7291 7251 7263 6549 6548 7252 7264 6583 6582 
7292 7252 7264 6583 6582 7253 7265 6617 6616 
7293 7253 7265 6617 6616 7254 7266 6651 6650 
7294 7254 7266 6651 6650 7255 7267 6685 6684 
7295 7255 7267 6685 6684 7256 7268 6719 6718 
7296 7256 7268 6719 6718 6146 6147 382 383 
7297 5649 5650 5851 5849 6345 6346 7269 7257 
7298 6345 6346 7269 7257 6379 6380 7270 7258 
7299 6379 6380 7270 7258 6413 6414 7271 7259 
7300 6413 6414 7271 7259 6447 6448 7272 7260 
7301 6447 6448 7272 7260 6481 6482 7273 7261 
7302 6481 6482 7273 7261 6515 6516 7274 7262 
7303 6515 6516 7274 7262 325 326 6114 6113 
7304 5849 5851 5852 5850 7257 7269 7275 7263 
7305 7257 7269 7275 7263 7258 7270 7276 7264 
7306 7258 7270 7276 7264 7259 7271 7277 7265 
7307 7259 7271 7277 7265 7260 7272 7278 7266 
7308 7260 7272 7278 7266 7261 7273 7279 7267 
7309 7261 7273 7279 7267 7262 7274 7280 7268 
7310 7262 7274 7280 7268 6113 6114 6148 6147 
7311 5850 5852 5684 5683 7263 7275 6550 6549 
7312 7263 7275 6550 6549 7264 7276 6584 6583 
7313 7264 7276 6584 6583 7265 7277 6618 6617 
7314 7265 7277 6618 6617 7266 7278 6652 6651 
7315 7266 7278 6652 6651 7267 7279 6686 6685 
7316 7267 7279 6686 6685 7268 7280 6720 6719 
7317 7268 7280 6720 6719 6147 6148 381 382 
7318 5650 5651 5853 5851 6346 6347 7281 7269 
7319 6346 6347 7281 7269 6380 6381 7282 7270 
7320 6380 6381 7282 7270 6414 6415 7283 7271 
7321 6414 6415 7283 7271 6448 6449 7284 7272 
7322 6448 6449 7284 7272 6482 6483 7285 7273 
7323 6482 6483 7285 7273 6516 6517 7286 7274 
7324 6516 6517 7286 7274 326 327 6115 6114 
7325 5851 5853 5854 5852 7269 7281 7287 7275 
7326 7269 7281 7287 7275 7270 7282 7288 7276 
7327 7270 7282 7288 7276 7271 7283 7289 7277 
7328 7271 7283 7289 7277 7272 7284 7290 7278 
7329 7272 7284 7290 7278 7273 7285 7291 7279 
7330 7273 7285 7291 7279 7274 7286 7292 7280 
7331 7274 7286 7292 7280 6114 6115 6149 6148 
7332 5852 5854 5685 5684 7275 7287 6551 6550 
7333 7275 7287 6551 6550 7276 7288 6585 6584 
7334 7276 7288 6585 6584 7277 7289 6619 6618 
7335 7277 7289 6619 6618 7278 7290 6653 6652 
7336 7278 7290 6653 6652 7279 7291 6687 6686 
7337 7279 7291 6687 6686 7280 7292 6721 6720 
7338 7280 7292 6721 6720 6148 6149 380 381 
7339 5651 5652 5855 5853 6347 6348 7293 7281 
7340 6347 6348 7293 7281 6381 6382 7294 7282 
7341 6381 6382 7294 7282 6415 6416 7295 7283 
7342 6415 6416 7295 7283 6449 6450 7296 7284 
7343 6449 6450 7296 7284 6483 6484 7297 7285 
7344 6483 6484 7297 7285 6517 6518 7298 7286 
7345 6517 6518 7298 7286 327 328 6116 6115 
7346 5853 5855 5856 5854 7281 7293 7299 7287 
7347 7281 7293 7299 7287 7282 7294 7300 7288 
7348 7282 7294 7300 7288 7283 7295 7301 7289 
7349 7283 7295 7301 7289 7284 7296 7302 7290 
7350 7284 7296 7302 7290 7285 7297 7303 7291 
7351 7285 7297 7303 7291 7286 7298 7304 7292 
7352 7286 7298 7304 7292 6115 6116 6150 6149 
7353 5854 5856 5686 5685 7287 7299 6552 6551 
7354 7287 7299 6552 6551 7288 7300 6586 6585 
7355 7288 7300 6586 6585 7289 7301 6620 6619 
7356 7289 7301 6620 6619 7290 7302 6654 6653 
7357 7290 7302 6654 6653 7291 7303 6688 6687 
7358 7291 7303 6688 6687 7292 7304 6722 6721 
7359 7292 7304 6722 6721 6149 6150 379 380 
7360 5652 5653 5857 5855 6348 6349 7305 7293 
7361 6348 6349 7305 7293 6382 6383 7306 7294 
7362 6382 6383 7306 7294 6416 6417 7307 7295 
7363 6416 6417 7307 7295 6450 6451 7308 7296 
7364 6450 6451 7308 7296 6484 6485 7309 7297 
7365 6484 6485 7309 7297 6518 6519 7310 7298 
7366 6518 6519 7310 7298 328 329 6117 6116 
7367 5855 5857 5858 5856 7293 7305 7311 7299 
7368 7293 7305 7311 7299 7294 7306 7312 7300 
7369 7294 7306 7312 7300 7295 7307 7313 7301 
7370 7295 7307 7313 7301 7296 7308 7314 7302 
7371 7296 7308 7314 7302 7297 7309 7315 7303 
7372 7297 7309 7315 7303 7298 7310 7316 7304 
7373 7298 7310 7316 7304 6116 6117 6151 6150 
7374 5856 5858 5687 5686 7299 7311 6553 6552 
7375 7299 7311 6553 6552 7300 7312 6587 6586 
7376 7300 7312 6587 6586 7301 7313 6621 6620 
7377 7301 7313 6621 6620 7302 7314 6655 6654 
7378 7302 7314 6655 6654 7303 7315 6689 6688 
7379 7303 7315 6689 6688 7304 7316 6723 6722 
7380 7304 7316 6723 6722 6150 6151 378 379 
7381 5653 5654 5859 5857 6349 6350 7317 7305 
7382 6349 6350 7317 7305 6383 6384 7318 7306 
7383 6383 6384 7318 7306 6417 6418 7319 7307 
7384 6417 6418 7319 7307 6451 6452 7320 7308 
7385 6451 6452 7320 7308 6485 6486 7321 7309 
7386 6485 6486 7321 7309 6519 6520 7322 7310 
7387 6519 6520 7322 7310 329 330 6118 6117 
7388 5857 5859 5860 5858 7305 7317 7323 7311 
7389 7305 7317 7323 7311 7306 7318 7324 7312 
7390 7306 7318 7324 7312 7307 7319 7325 7313 
7391 7307 7319 7325 7313 7308 7320 7326 7314 
7392 7308 7320 7326 7314 7309 7321 7327 7315 
7393 7309 7321 7327 7315 7310 7322 7328 7316 
7394 7310 7322 7328 7316 6117 6118 6152 6151 
7395 5858 5860 5688 5687 7311 7323 6554 6553 
7396 7311 7323 6554 6553 7312 7324 6588 6587 
7397 7312 7324 6588 6587 7313 7325 6622 6621 
7398 7313 7325 6622 6621 7314 7326 6656 6655 
7399 7314 7326 6656 6655 7315 7327 6690 6689 
7400 7315 7327 6690 6689 7316 7328 6724 6723 
7401 7316 7328 6724 6723 6151 6152 377 378 
7402 5654 5655 5861 5859 6350 6351 7329 7317 
7403 6350 6351 7329 7317 6384 6385 7330 7318 
7404 6384 6385 7330 7318 6418 6419 7331 7319 
7405 6418 6419 7331 7319 6452 6453 7332 7320 
7406 6452 6453 7332 7320 6486 6487 7333 7321 
7407 6486 6487 7333 7321 6520 6521 7334 7322 
7408 6520 6521 7334 7322 330 331 6119 6118 
7409 5859 5861 5862 5860 7317 7329 7335 7323 
7410 7317 7329 7335 7323 7318 7330 7336 7324 
7411 7318 7330 7336 7324 7319 7331 7337 7325 
7412 7319 7331 7337 7325 7320 7332 7338 7326 
7413 7320 7332 7338 7326 7321 7333 7339 7327 
7414 7321 7333 7339 7327 7322 7334 7340 7328 
7415 7322 7334 7340 7328 6118 6119 6153 6152 
7416 5860 5862 5689 5688 7323 7335 6555 6554 
7417 7323 7335 6555 6554 7324 7336 6589 6588 
7418 7324 7336 6589 6588 7325 7337 6623 6622 
7419 7325 7337 6623 6622 7326 7338 6657 6656 
7420 7326 7338 6657 6656 7327 7339 6691 6690 
7421 7327 7339 6691 6690 7328 7340 6725 6724 
7422 7328 7340 6725 6724 6152 6153 376 377 
7423 5655 5656 5863 5861 6351 6352 7341 7329 
7424 6351 6352 7341 7329 6385 6386 7342 7330 
7425 6385 6386 7342 7330 6419 6420 7343 7331 
7426 6419 6420 7343 7331 6453 6454 7344 7332 
7427 6453 6454 7344 7332 6487 6488 7345 7333 
7428 6487 6488 7345 7333 6521 6522 7346 7334 
7429 6521 6522 7346 7334 331 332 6120 6119 
7430 5861 5863 5864 5862 7329 7341 7347 7335 
7431 7329 7341 7347 7335 7330 7342 7348 7336 
7432 7330 7342 7348 7336 7331 7343 7349 7337 
7433 7331 7343 7349 7337 7332 7344 7350 7338 
7434 7332 7344 7350 7338 7333 7345 7351 7339 
7435 7333 7345 7351 7339 7334 7346 7352 7340 
7436 7334 7346 7352 7340 6119 6120 6154 6153 
7437 5862 5864 5690 5689 7335 7347 6556 6555 
7438 7335 7347 6556 6555 7336 7348 6590 6589 
7439 7336 7348 6590 6589 7337 7349 6624 6623 
7440 7337 7349 6624 6623 7338 7350 6658 6657 
7441 7338 7350 6658 6657 7339 7351 6692 6691 
7442 7339 7351 6692 6691 7340 7352 6726 6725 
7443 7340 7352 6726 6725 6153 6154 375 376 
7444 5656 5657 5865 5863 6352 6353 7353 7341 
7445 6352 6353 7353 7341 6386 6387 7354 7342 
7446 6386 6387 7354 7342 6420 6421 7355 7343 
7447 6420 6421 7355 7343 6454 6455 7356 7344 
7448 6454 6455 7356 7344 6488 6489 7357 7345 
7449 6488 6489 7357 7345 6522 6523 7358 7346 
7450 6522 6523 7358 7346 332 333 6121 6120 
7451 5863 5865 5866 5864 7341 7353 7359 7347 
7452 7341 7353 7359 7347 7342 7354 7360 7348 
7453 7342 7354 7360 7348 7343 7355 7361 7349 
7454 7343 7355 7361 7349 7344 7356 7362 7350 
7455 7344 7356 7362 7350 7345 7357 7363 7351 
7456 7345 7357 7363 7351 7346 7358 7364 7352 
7457 7346 7358 7364 7352 6120 6121 6155 6154 
7458 5864 5866 5691 5690 7347 7359 6557 6556 
7459 7347 7359 6557 6556 7348 7360 6591 6590 
7460 7348 7360 6591 6590 7349 7361 6625 6624 
7461 7349 7361 6625 6624 7350 7362 6659 6658 
7462 7350 7362 6659 6658 7351 7363 6693 6692 
7463 7351 7363 6693 6692 7352 7364 6727 6726 
7464 7352 7364 6727 6726 6154 6155 374 375 
7465 5657 5658 5867 5865 6353 6354 7365 7353 
7466 6353 6354 7365 7353 6387 6388 7366 7354 
7467 6387 6388 7366 7354 6421 6422 7367 7355 
7468 6421 6422 7367 7355 6455 6456 7368 7356 
7469 6455 6456 7368 7356 6489 6490 7369 7357 
7470 6489 6490 7369 7357 6523 6524 7370 7358 
7471 6523 6524 7370 7358 333 334 6122 6121 
7472 5865 5867 5868 5866 7353 7365 7371 7359 
7473 7353 7365 7371 7359 7354 7366 7372 7360 
7474 7354 7366 7372 7360 7355 7367 7373 7361 
7475 7355 7367 7373 7361 7356 7368 7374 7362 
7476 7356 7368 7374 7362 7357 7369 7375 7363 
7477 7357 7369 7375 7363 7358 7370 7376 7364 
7478 7358 7370 7376 7364 6121 6122 6156 6155 
7479 5866 5868 5692 5691 7359 7371 6558 6557 
7480 7359 7371 6558 6557 7360 7372 6592 6591 
7481 7360 7372 6592 6591 7361 7373 6626 6625 
7482 7361 7373 6626 6625 7362 7374 6660 6659 
7483 7362 7374 6660 6659 7363 7375 6694 6693 
7484 7363 7375 6694 6693 7364 7376 6728 6727 
7485 7364 7376 6728 6727 6155 6156 373 374 
7486 5658 5659 5869 5867 6354 6355 7377 7365 
7487 6354 6355 7377 7365 6388 6389 7378 7366 
7488 6388 6389 7378 7366 6422 6423 7379 7367 
7489 6422 6423 7379 7367 6456 6457 7380 7368 
7490 6456 6457 7380 7368 6490 6491 7381 7369 
7491 6490 6491 7381 7369 6524 6525 7382 7370 
7492 6524 6525 7382 7370 334 335 6123 6122 
7493 5867 5869 5870 5868 7365 7377 7383 7371 
7494 7365 7377 7383 7371 7366 7378 7384 7372 
7495 7366 7378 7384 7372 7367 7379 7385 7373 
7496 7367 7379 7385 7373 7368 7380 7386 7374 
7497 7368 7380 7386 7374 7369 7381 7387 7375 
7498 7369 7381 7387 7375 7370 7382 7388 7376 
7499 7370 7382 7388 7376 6122 6123 6157 6156 
7500 5868 5870 5693 5692 7371 7383 6559 6558 
7501 7371 7383 6559 6558 7372 7384 6593 6592 
7502 7372 7384 6593 6592 7373 7385 6627 6626 
7503 7373 7385 6627 6626 7374 7386 6661 6660 
7504 7374 7386 6661 6660 7375 7387 6695 6694 
7505 7375 7387 6695 6694 7376 7388 6729 6728 
7506 7376 7388 6729 6728 6156 6157 372 373 
7507 5659 5660 5871 5869 6355 6356 7389 7377 
7508 6355 6356 7389 7377 6389 6390 7390 7378 
7509 6389 6390 7390 7378 6423 6424 7391 7379 
7510 6423 6424 7391 7379 6457 6458 7392 7380 
7511 6457 6458 7392 7380 6491 6492 7393 7381 
7512 6491 6492 7393 7381 6525 6526 7394 7382 
7513 6525 6526 7394 7382 335 336 6124 6123 
7514 5869 5871 5872 5870 7377 7389 7395 7383 
7515 7377 7389 7395 7383 7378 7390 7396 7384 
7516 7378 7390 7396 7384 7379 7391 7397 7385 
7517 7379 7391 7397 7385 7380 7392 7398 7386 
7518 7380 7392 7398 7386 7381 7393 7399 7387 
7519 7381 7393 7399 7387 7382 7394 7400 7388 
7520 7382 7394 7400 7388 6123 6124 6158 6157 
7521 5870 5872 5694 5693 7383 7395 6560 6559 
7522 7383 7395 6560 6559 7384 7396 6594 6593 
7523 7384 7396 6594 6593 7385 7397 6628 6627 
7524 7385 7397 6628 6627 7386 7398 6662 6661 
7525 7386 7398 6662 6661 7387 7399 6696 6695 
7526 7387 7399 6696 6695 7388 7400 6730 6729 
7527 7388 7400 6730 6729 6157 6158 371 372 
7528 5660 5661 5873 5871 6356 6357 7401 7389 
7529 6356 6357 7401 7389 6390 6391 7402 7390 
7530 6390 6391 7402 7390 6424 6425 7403 7391 
7531 6424 6425 7403 7391 6458 6459 7404 7392 
7532 6458 6459 7404 7392 6492 6493 7405 7393 
7533 6492 6493 7405 7393 6526 6527 7406 7394 
7534 6526 6527 7406 7394 336 337 6125 6124 
7535 5871 5873 5874 5872 7389 7401 7407 7395 
7536 7389 7401 7407 7395 7390 7402 7408 7396 
7537 7390 7402 7408 7396 7391 7403 7409 7397 
7538 7391 7403 7409 7397 7392 7404 7410 7398 
7539 7392 7404 7410 7398 7393 7405 7411 7399 
7540 7393 7405 7411 7399 7394 7406 7412 7400 
7541 7394 7406 7412 7400 6124 6125 6159 6158 
7542 5872 5874 5695 5694 7395 7407 6561 6560 
7543 7395 7407 6561 6560 7396 7408 6595 6594 
7544 7396 7408 6595 6594 7397 7409 6629 6628 
7545 7397 7409 6629 6628 7398 7410 6663 6662 
7546 7398 7410 6663 6662 7399 7411 6697 6696 
7547 7399 7411 6697 6696 7400 7412 6731 6730 
7548 7400 7412 6731 6730 6158 6159 370 371 
7549 5661 5662 5875 5873 6357 6358 7413 7401 
7550 6357 6358 7413 7401 6391 6392 7414 7402 
7551 6391 6392 7414 7402 6425 6426 7415 7403 
7552 6425 6426 7415 7403 6459 6460 7416 7404 
7553 6459 6460 7416 7404 6493 6494 7417 7405 
7554 6493 6494 7417 7405 6527 6528 7418 7406 
7555 6527 6528 7418 7406 337 338 6126 6125 
7556 5873 5875 5876 5874 7401 7413 7419 7407 
7557 7401 7413 7419 7407 7402 7414 7420 7408 
7558 7402 7414 7420 7408 7403 7415 7421 7409 
7559 7403 7415 7421 7409 7404 7416 7422 7410 
7560 7404 7416 7422 7410 7405 7417 7423 7411 
7561 7405 7417 7423 7411 7406 7418 7424 7412 
7562 7406 7418 7424 7412 6125 6126 6160 6159 
7563 5874 5876 5696 5695 7407 7419 6562 6561 
7564 7407 7419 6562 6561 7408 7420 6596 6595 
7565 7408 7420 6596 6595 7409 7421 6630 6629 
7566 7409 7421 6630 6629 7410 7422 6664 6663 
7567 7410 7422 6664 6663 7411 7423 6698 6697 
7568 7411 7423 6698 6697 7412 7424 6732 6731 
7569 7412 7424 6732 6731 6159 6160 369 370 
7570 5662 5663 5877 5875 6358 6359 7425 7413 
7571 6358 6359 7425 7413 6392 6393 7426 7414 
7572 6392 6393 7426 7414 6426 6427 7427 7415 
7573 6426 6427 7427 7415 6460 6461 7428 7416 
7574 6460 6461 7428 7416 6494 6495 7429 7417 
7575 6494 6495 7429 7417 6528 6529 7430 7418 
7576 6528 6529 7430 7418 338 339 6127 6126 
7577 5875 5877 5878 5876 7413 7425 7431 7419 
7578 7413 7425 7431 7419 7414 7426 7432 7420 
7579 7414 7426 7432 7420 7415 7427 7433 7421 
7580 7415 7427 7433 7421 7416 7428 7434 7422 
7581 7416 7428 7434 7422 7417 7429 7435 7423 
7582 7417 7429 7435 7423 7418 7430 7436 7424 
7583 7418 7430 7436 7424 6126 6127 6161 6160 
7584 5876 5878 5697 5696 7419 7431 6563 6562 
7585 7419 7431 6563 6562 7420 7432 6597 6596 
7586 7420 7432 6597 6596 7421 7433 6631 6630 
7587 7421 7433 6631 6630 7422 7434 6665 6664 
7588 7422 7434 6665 6664 7423 7435 6699 6698 
7589 7423 7435 6699 6698 7424 7436 6733 6732 
7590 7424 7436 6733 6732 6160 6161 368 369 
7591 5663 5664 5879 5877 6359 6360 7437 7425 
7592 6359 6360 7437 7425 6393 6394 7438 7426 
7593 6393 6394 7438 7426 6427 6428 7439 7427 
7594 6427 6428 7439 7427 6461 6462 7440 7428 
7595 6461 6462 7440 7428 6495 6496 7441 7429 
7596 6495 6496 7441 7429 6529 6530 7442 7430 
7597 6529 6530 7442 7430 339 340 6128 6127 
7598 5877 5879 5880 5878 7425 7437 7443 7431 
7599 7425 7437 7443 7431 7426 7438 7444 7432 
7600 7426 7438 7444 7432 7427 7439 7445 7433 
7601 7427 7439 7445 7433 7428 7440 7446 7434 
7602 7428 7440 7446 7434 7429 7441 7447 7435 
7603 7429 7441 7447 7435 7430 7442 7448 7436 
7604 7430 7442 7448 7436 6127 6128 6162 6161 
7605 5878 5880 5698 5697 7431 7443 6564 6563 
7606 7431 7443 6564 6563 7432 7444 6598 6597 
7607 7432 7444 6598 6597 7433 7445 6632 6631 
7608 7433 7445 6632 6631 7434 7446 6666 6665 
7609 7434 7446 6666 6665 7435 7447 6700 6699 
7610 7435 7447 6700 6699 7436 7448 6734 6733 
7611 7436 7448 6734 6733 6161 6162 367 368 
7612 5664 5665 5881 5879 6360 6361 7449 7437 
7613 6360 6361 7449 7437 6394 6395 7450 7438 
7614 6394 6395 7450 7438 6428 6429 7451 7439 
7615 6428 6429 7451 7439 6462 6463 7452 7440 
7616 6462 6463 7452 7440 6496 6497 7453 7441 
7617 6496 6497 7453 7441 6530 6531 7454 7442 
7618 6530 6531 7454 7442 340 341 6129 6128 
7619 5879 5881 5882 5880 7437 7449 7455 7443 
7620 7437 7449 7455 7443 7438 7450 7456 7444 
7621 7438 7450 7456 7444 7439 7451 7457 7445 
7622 7439 7451 7457 7445 7440 7452 7458 7446 
7623 7440 7452 7458 7446 7441 7453 7459 7447 
7624 7441 7453 7459 7447 7442 7454 7460 7448 
7625 7442 7454 7460 7448 6128 6129 6163 6162 
7626 5880 5882 5699 5698 7443 7455 6565 6564 
7627 7443 7455 6565 6564 7444 7456 6599 6598 
7628 7444 7456 6599 6598 7445 7457 6633 6632 
7629 7445 7457 6633 6632 7446 7458 6667 6666 
7630 7446 7458 6667 6666 7447 7459 6701 6700 
7631 7447 7459 6701 6700 7448 7460 6735 6734 
7632 7448 7460 6735 6734 6162 6163 366 367 
7633 5665 5666 5883 5881 6361 6362 7461 7449 
7634 6361 6362 7461 7449 6395 6396 7462 7450 
7635 6395 6396 7462 7450 6429 6430 7463 7451 
7636 6429 6430 7463 7451 6463 6464 7464 7452 
7637 6463 6464 7464 7452 6497 6498 7465 7453 
7638 6497 6498 7465 7453 6531 6532 7466 7454 
7639 6531 6532 7466 7454 341 342 6130 6129 
7640 5881 5883 5884 5882 7449 7461 7467 7455 
7641 7449 7461 7467 7455 7450 7462 7468 7456 
7642 7450 7462 7468 7456 7451 7463 7469 7457 
7643 7451 7463 7469 7457 7452 7464 7470 7458 
7644 7452 7464 7470 7458 7453 7465 7471 7459 
7645 7453 7465 7471 7459 7454 7466 7472 7460 
7646 7454 7466 7472 7460 6129 6130 6164 6163 
7647 5882 5884 5700 5699 7455 7467 6566 6565 
7648 7455 7467 6566 6565 7456 7468 6600 6599 
7649 7456 7468 6600 6599 7457 7469 6634 6633 
7650 7457 7469 6634 6633 7458 7470 6668 6667 
7651 7458 7470 6668 6667 7459 7471 6702 6701 
7652 7459 7471 6702 6701 7460 7472 6736 6735 
7653 7460 7472 6736 6735 6163 6164 365 366 
7654 5666 5667 5885 5883 6362 6363 7473 7461 
7655 6362 6363 7473 7461 6396 6397 7474 7462 
7656 6396 6397 7474 7462 6430 6431 7475 7463 
7657 6430 6431 7475 7463 6464 6465 7476 7464 
7658 6464 6465 7476 7464 6498 6499 7477 7465 
7659 6498 6499 7477 7465 6532 6533 7478 7466 
7660 6532 6533 7478 7466 342 343 6131 6130 
7661 5883 5885 5886 5884 7461 7473 7479 7467 
7662 7461 7473 7479 7467 7462 7474 7480 7468 
7663 7462 7474 7480 7468 7463 7475 7481 7469 
7664 7463 7475 7481 7469 7464 7476 7482 7470 
7665 7464 7476 7482 7470 7465 7477 7483 7471 
7666 7465 7477 7483 7471 7466 7478 7484 7472 
7667 7466 7478 7484 7472 6130 6131 6165 6164 
7668 5884 5886 5701 5700 7467 7479 6567 6566 
7669 7467 7479 6567 6566 7468 7480 6601 6600 
7670 7468 7480 6601 6600 7469 7481 6635 6634 
7671 7469 7481 6635 6634 7470 7482 6669 6668 
7672 7470 7482 6669 6668 7471 7483 6703 6702 
7673 7471 7483 6703 6702 7472 7484 6737 6736 
7674 7472 7484 6737 6736 6164 6165 364 365 
7675 5667 5668 5887 5885 6363 6364 7485 7473 
7676 6363 6364 7485 7473 6397 6398 7486 7474 
7677 6397 6398 7486 7474 6431 6432 7487 7475 
7678 6431 6432 7487 7475 6465 6466 7488 7476 
7679 6465 6466 7488 7476 6499 6500 7489 7477 
7680 6499 6500 7489 7477 6533 6534 7490 7478 
7681 6533 6534 7490 7478 343 344 6132 6131 
7682 5885 5887 5888 5886 7473 7485 7491 7479 
7683 7473 7485 7491 7479 7474 7486 7492 7480 
7684 7474 7486 7492 7480 7475 7487 7493 7481 
7685 7475 7487 7493 7481 7476 7488 7494 7482 
7686 7476 7488 7494 7482 7477 7489 7495 7483 
7687 7477 7489 7495 7483 7478 7490 7496 7484 
7688 7478 7490 7496 7484 6131 6132 6166 6165 
7689 5886 5888 5702 5701 7479 7491 6568 6567 
7690 7479 7491 6568 6567 7480 7492 6602 6601 
7691 7480 7492 6602 6601 7481 7493 6636 6635 
7692 7481 7493 6636 6635 7482 7494 6670 6669 
7693 7482 7494 6670 6669 7483 7495 6704 6703 
7694 7483 7495 6704 6703 7484 7496 6738 6737 
7695 7484 7496 6738 6737 6165 6166 363 364 
7696 5668 5669 5889 5887 6364 6365 7497 7485 
7697 6364 6365 7497 7485 6398 6399 7498 7486 
7698 6398 6399 7498 7486 6432 6433 7499 7487 
7699 6432 6433 7499 7487 6466 6467 7500 7488 
7700 6466 6467 7500 7488 6500 6501 7501 7489 
7701 6500 6501 7501 7489 6534 6535 7502 7490 
7702 6534 6535 7502 7490 344 345 6133 6132 
7703 5887 5889 5890 5888 7485 7497 7503 7491 
7704 7485 7497 7503 7491 7486 7498 7504 7492 
7705 7486 7498 7504 7492 7487 7499 7505 7493 
7706 7487 7499 7505 7493 7488 7500 7506 7494 
7707 7488 7500 7506 7494 7489 7501 7507 7495 
7708 7489 7501 7507 7495 7490 7502 7508 7496 
7709 7490 7502 7508 7496 6132 6133 6167 6166 
7710 5888 5890 5703 5702 7491 7503 6569 6568 
7711 7491 7503 6569 6568 7492 7504 6603 6602 
7712 7492 7504 6603 6602 7493 7505 6637 6636 
7713 7493 7505 6637 6636 7494 7506 6671 6670 
7714 7494 7506 6671 6670 7495 7507 6705 6704 
7715 7495 7507 6705 6704 7496 7508 6739 6738 
7716 7496 7508 6739 6738 6166 6167 362 363 
7717 5669 5670 5891 5889 6365 6366 7509 7497 
7718 6365 6366 7509 7497 6399 6400 7510 7498 
7719 6399 6400 7510 7498 6433 6434 7511 7499 
7720 6433 6434 7511 7499 6467 6468 7512 7500 
7721 6467 6468 7512 7500 6501 6502 7513 7501 
7722 6501 6502 7513 7501 6535 6536 7514 7502 
7723 6535 6536 7514 7502 345 346 6134 6133 
7724 5889 5891 5892 5890 7497 7509 7515 7503 
7725 7497 7509 7515 7503 7498 7510 7516 7504 
7726 7498 7510 7516 7504 7499 7511 7517 7505 
7727 7499 7511 7517 7505 7500 7512 7518 7506 
7728 7500 7512 7518 7506 7501 7513 7519 7507 
7729 7501 7513 7519 7507 7502 7514 7520 7508 
7730 7502 7514 7520 7508 6133 6134 6168 6167 
7731 5890 5892 5704 5703 7503 7515 6570 6569 
7732 7503 7515 6570 6569 7504 7516 6604 6603 
7733 7504 7516 6604 6603 7505 7517 6638 6637 
7734 7505 7517 6638 6637 7506 7518 6672 6671 
7735 7506 7518 6672 6671 7507 7519 6706 6705 
7736 7507 7519 6706 6705 7508 7520 6740 6739 
7737 7508 7520 6740 6739 6167 6168 361 362 
7738 5670 5671 5893 5891 6366 6367 7521 7509 
7739 6366 6367 7521 7509 6400 6401 7522 7510 
7740 6400 6401 7522 7510 6434 6435 7523 7511 
7741 6434 6435 7523 7511 6468 6469 7524 7512 
7742 6468 6469 7524 7512 6502 6503 7525 7513 
7743 6502 6503 7525 7513 6536 6537 7526 7514 
7744 6536 6537 7526 7514 346 347 6135 6134 
7745 5891 5893 5894 5892 7509 7521 7527 7515 
7746 7509 7521 7527 7515 7510 7522 7528 7516 
7747 7510 7522 7528 7516 7511 7523 7529 7517 
7748 7511 7523 7529 7517 7512 7524 7530 7518 
7749 7512 7524 7530 7518 7513 7525 7531 7519 
7750 7513 7525 7531 7519 7514 7526 7532 7520 
7751 7514 7526 7532 7520 6134 6135 6169 6168 
7752 5892 5894 5705 5704 7515 7527 6571 6570 
7753 7515 7527 6571 6570 7516 7528 6605 6604 
7754 7516 7528 6605 6604 7517 7529 6639 6638 
7755 7517 7529 6639 6638 7518 7530 6673 6672 
7756 7518 7530 6673 6672 7519 7531 6707 6706 
7757 7519 7531 6707 6706 7520 7532 6741 6740 
7758 7520 7532 6741 6740 6168 6169 360 361 
7759 5671 5672 5895 5893 6367 6368 7533 7521 
7760 6367 6368 7533 7521 6401 6402 7534 7522 
7761 6401 6402 7534 7522 6435 6436 7535 7523 
7762 6435 6436 7535 7523 6469 6470 7536 7524 
7763 6469 6470 7536 7524 6503 6504 7537 7525 
7764 6503 6504 7537 7525 6537 6538 7538 7526 
7765 6537 6538 7538 7526 347 348 6136 6135 
7766 5893 5895 5896 5894 7521 7533 7539 7527 
7767 7521 7533 7539 7527 7522 7534 7540 7528 
7768 7522 7534 7540 7528 7523 7535 7541 7529 
7769 7523 7535 7541 7529 7524 7536 7542 7530 
7770 7524 7536 7542 7530 7525 7537 7543 7531 
7771 7525 7537 7543 7531 7526 7538 7544 7532 
7772 7526 7538 7544 7532 6135 6136 6170 6169 
7773 5894 5896 5706 5705 7527 7539 6572 6571 
7774 7527 7539 6572 6571 7528 7540 6606 6605 
7775 7528 7540 6606 6605 7529 7541 6640 6639 
7776 7529 7541 6640 6639 7530 7542 6674 6673 
7777 7530 7542 6674 6673 7531 7543 6708 6707 
7778 7531 7543 6708 6707 7532 7544 6742 6741 
7779 7532 7544 6742 6741 6169 6170 359 360 
7780 5672 5673 5897 5895 6368 6369 7545 7533 
7781 6368 6369 7545 7533 6402 6403 7546 7534 
7782 6402 6403 7546 7534 6436 6437 7547 7535 
7783 6436 6437 7547 7535 6470 6471 7548 7536 
7784 6470 6471 7548 7536 6504 6505 7549 7537 
7785 6504 6505 7549 7537 6538 6539 7550 7538 
7786 6538 6539 7550 7538 348 349 6137 6136 
7787 5895 5897 5898 5896 7533 7545 7551 7539 
7788 7533 7545 7551 7539 7534 7546 7552 7540 
7789 7534 7546 7552 7540 7535 7547 7553 7541 
7790 7535 7547 7553 7541 7536 7548 7554 7542 
7791 7536 7548 7554 7542 7537 7549 7555 7543 
7792 7537 7549 7555 7543 7538 7550 7556 7544 
7793 7538 7550 7556 7544 6136 6137 6171 6170 
7794 5896 5898 5707 5706 7539 7551 6573 6572 
7795 7539 7551 6573 6572 7540 7552 6607 6606 
7796 7540 7552 6607 6606 7541 7553 6641 6640 
7797 7541 7553 6641 6640 7542 7554 6675 6674 
7798 7542 7554 6675 6674 7543 7555 6709 6708 
7799 7543 7555 6709 6708 7544 7556 6743 6742 
7800 7544 7556 6743 6742 6170 6171 358 359 
7801 5673 5674 5899 5897 6369 6370 7557 7545 
7802 6369 6370 7557 7545 6403 6404 7558 7546 
7803 6403 6404 7558 7546 6437 6438 7559 7547 
7804 6437 6438 7559 7547 6471 6472 7560 7548 
7805 6471 6472 7560 7548 6505 6506 7561 7549 
7806 6505 6506 7561 7549 6539 6540 7562 7550 
7807 6539 6540 7562 7550 349 350 6138 6137 
7808 5897 5899 5900 5898 7545 7557 7563 7551 
7809 7545 7557 7563 7551 7546 7558 7564 7552 
7810 7546 7558 7564 7552 7547 7559 7565 7553 
7811 7547 7559 7565 7553 7548 7560 7566 7554 
7812 7548 7560 7566 7554 7549 7561 7567 7555 
7813 7549 7561 7567 7555 7550 7562 7568 7556 
7814 7550 7562 7568 7556 6137 6138 6172 6171 
7815 5898 5900 5708 5707 7551 7563 6574 6573 
7816 7551 7563 6574 6573 7552 7564 6608 6607 
7817 7552 7564 6608 6607 7553 7565 6642 6641 
7818 7553 7565 6642 6641 7554 7566 6676 6675 
7819 7554 7566 6676 6675 7555 7567 6710 6709 
7820 7555 7567 6710 6709 7556 7568 6744 6743 
7821 7556 7568 6744 6743 6171 6172 357 358 
7822 5674 5629 5709 5899 6370 5809 6289 7557 
7823 6370 5809 6289 7557 6404 5810 6291 7558 
7824 6404 5810 6291 7558 6438 5811 6293 7559 
7825 6438 5811 6293 7559 6472 5812 6295 7560 
7826 6472 5812 6295 7560 6506 5813 6297 7561 
7827 6506 5813 6297 7561 6540 5814 6299 7562 
7828 6540 5814 6299 7562 350 22 353 6138 
7829 5899 5709 5710 5900 7557 6289 6290 7563 
7830 7557 6289 6290 7563 7558 6291 6292 7564 
7831 7558 6291 6292 7564 7559 6293 6294 7565 
7832 7559 6293 6294 7565 7560 6295 6296 7566 
7833 7560 6295 6296 7566 7561 6297 6298 7567 
7834 7561 6297 6298 7567 7562 6299 6300 7568 
7835 7562 6299 6300 7568 6138 353 354 6172 
7836 5900 5710 5630 5708 7563 6290 5815 6574 
7837 7563 6290 5815 6574 7564 6292 5816 6608 
7838 7564 6292 5816 6608 7565 6294 5817 6642 
7839 7565 6294 5817 6642 7566 6296 5818 6676 
7840 7566 6296 5818 6676 7567 6298 5819 6710 
7841 7567 6298 5819 6710 7568 6300 5820 6744 
7842 7568 6300 5820 6744 6172 354 23 357 
3 180 5 735
7843 5627 5711 5969 5637 5797 6949 7569 6265 
7844 5797 6949 7569 6265 5798 6983 7570 6267 
7845 5798 6983 7570 6267 5799 7017 7571 6269 
7846 5799 7017 7571 6269 5800 7051 7572 6271 
7847 5800 7051 7572 6271 5801 7085 7573 6273 
7848 5801 7085 7573 6273 5802 7119 7574 6275 
7849 5802 7119 7574 6275 12 194 6173 195 
7850 5637 5969 5970 5638 6265 7569 7575 6266 
7851 6265 7569 7575 6266 6267 7570 7576 6268 
7852 6267 7570 7576 6268 6269 7571 7577 6270 
7853 6269 7571 7577 6270 6271 7572 7578 6272 
7854 6271 7572 7578 6272 6273 7573 7579 6274 
7855 6273 7573 7579 6274 6275 7574 7580 6276 
7856 6275 7574 7580 6276 195 6173 6207 196 
7857 5638 5970 5747 5628 6266 7575 6745 5803 
7858 6266 7575 6745 5803 6268 7576 6779 5804 
7859 6268 7576 6779 5804 6270 7577 6813 5805 
7860 6270 7577 6813 5805 6272 7578 6847 5806 
7861 6272 7578 6847 5806 6274 7579 6881 5807 
7862 6274 7579 6881 5807 6276 7580 6915 5808 
7863 6276 7580 6915 5808 196 6207 125 9 
7864 5711 5712 5971 5969 6949 6950 7581 7569 
7865 6949 6950 7581 7569 6983 6984 7582 7570 
7866 6983 6984 7582 7570 7017 7018 7583 7571 
7867 7017 7018 7583 7571 7051 7052 7584 7572 
7868 7051 7052 7584 7572 7085 7086 7585 7573 
7869 7085 7086 7585 7573 7119 7120 7586 7574 
7870 7119 7120 7586 7574 194 193 6174 6173 
7871 5969 5971 5972 5970 7569 7581 7587 7575 
7872 7569 7581 7587 7575 7570 7582 7588 7576 
7873 7570 7582 7588 7576 7571 7583 7589 7577 
7874 7571 7583 7589 7577 7572 7584 7590 7578 
7875 7572 7584 7590 7578 7573 7585 7591 7579 
7876 7573 7585 7591 7579 7574 7586 7592 7580 
7877 7574 7586 7592 7580 6173 6174 6208 6207 
7878 5970 5972 5748 5747 7575 7587 6746 6745 
7879 7575 7587 6746 6745 7576 7588 6780 6779 
7880 7576 7588 6780 6779 7577 7589 6814 6813 
7881 7577 7589 6814 6813 7578 7590 6848 6847 
7882 7578 7590 6848 6847 7579 7591 6882 6881 
7883 7579 7591 6882 6881 7580 7592 6916 6915 
7884 7580 7592 6916 6915 6207 6208 126 125 
7885 5712 5713 5973 5971 6950 6951 7593 7581 
7886 6950 6951 7593 7581 6984 6985 7594 7582 
7887 6984 6985 7594 7582 7018 7019 7595 7583 
7888 7018 7019 7595 7583 7052 7053 7596 7584 
7889 7052 7053 7596 7584 7086 7087 7597 7585 
7890 7086 7087 7597 7585 7120 7121 7598 7586 
7891 7120 7121 7598 7586 193 192 6175 6174 
7892 5971 5973 5974 5972 7581 7593 7599 7587 
7893 7581 7593 7599 7587 7582 7594 7600 7588 
7894 7582 7594 7600 7588 7583 7595 7601 7589 
7895 7583 7595 7601 7589 7584 7596 7602 7590 
7896 7584 7596 7602 7590 7585 7597 7603 7591 
7897 7585 7597 7603 7591 7586 7598 7604 7592 
7898 7586 7598 7604 7592 6174 6175 6209 6208 
7899 5972 5974 5749 5748 7587 7599 6747 6746 
7900 7587 7599 6747 6746 7588 7600 6781 6780 
7901 7588 7600 6781 6780 7589 7601 6815 6814 
7902 7589 7601 6815 6814 7590 7602 6849 6848 
7903 7590 7602 6849 6848 7591 7603 6883 6882 
7904 7591 7603 6883 6882 7592 7604 6917 6916 
7905 7592 7604 6917 6916 6208 6209 127 126 
7906 5713 5714 5975 5973 6951 6952 7605 7593 
7907 6951 6952 7605 7593 6985 6986 7606 7594 
7908 6985 6986 7606 7594 7019 7020 7607 7595 
7909 7019 7020 7607 7595 7053 7054 7608 7596 
7910 7053 7054 7608 7596 7087 7088 7609 7597 
7911 7087 7088 7609 7597 7121 7122 7610 7598 
7912 7121 7122 7610 7598 192 191 6176 6175 
7913 5973 5975 5976 5974 7593 7605 7611 7599 
7914 7593 7605 7611 7599 7594 7606 7612 7600 
7915 7594 7606 7612 7600 7595 7607 7613 7601 
7916 7595 7607 7613 7601 7596 7608 7614 7602 
7917 7596 7608 7614 7602 7597 7609 7615 7603 
7918 7597 7609 7615 7603 7598 7610 7616 7604 
7919 7598 7610 7616 7604 6175 6176 6210 6209 
7920 5974 5976 5750 5749 7599 7611 6748 6747 
7921 7599 7611 6748 6747 7600 7612 6782 6781 
7922 7600 7612 6782 6781 7601 7613 6816 6815 
7923 7601 7613 6816 6815 7602 7614 6850 6849 
7924 7602 7614 6850 6849 7603 7615 6884 6883 
7925 7603 7615 6884 6883 7604 7616 6918 6917 
7926 7604 7616 6918 6917 6209 6210 128 127 
7927 5714 5715 5977 5975 6952 6953 7617 7605 
7928 6952 6953 7617 7605 6986 6987 7618 7606 
7929 6986 6987 7618 7606 7020 7021 7619 7607 
7930 7020 7021 7619 7607 7054 7055 7620 7608 
7931 7054 7055 7620 7608 7088 7089 7621 7609 
7932 7088 7089 7621 7609 7122 7123 7622 7610 
7933 7122 7123 7622 7610 191 190 6177 6176 
7934 5975 5977 5978 5976 7605 7617 7623 7611 
7935 7605 7617 7623 7611 7606 7618 7624 7612 
7936 7606 7618 7624 7612 7607 7619 7625 7613 
7937 7607 7619 7625 7613 7608 7620 7626 7614 
7938 7608 7620 7626 7614 7609 7621 7627 7615 
7939 7609 7621 7627 7615 7610 7622 7628 7616 
7940 7610 7622 7628 7616 6176 6177 6211 6210 
7941 5976 5978 5751 5750 7611 7623 6749 6748 
7942 7611 7623 6749 6748 7612 7624 6783 6782 
7943 7612 7624 6783 6782 7613 7625 6817 6816 
7944 7613 7625 6817 6816 7614 7626 6851 6850 
7945 7614 7626 6851 6850 7615 7627 6885 6884 
7946 7615 7627 6885 6884 7616 7628 6919 6918 
7947 7616 7628 6919 6918 6210 6211 129 128 
7948 5715 5716 5979 5977 6953 6954 7629 7617 
7949 6953 6954 7629 7617 6987 6988 7630 7618 
7950 6987 6988 7630 7618 7021 7022 7631 7619 
7951 7021 7022 7631 7619 7055 7056 7632 7620 
7952 7055 7056 7632 7620 7089 7090 7633 7621 
7953 7089 7090 7633 7621 7123 7124 7634 7622 
7954 7123 7124 7634 7622 190 189 6178 6177 
7955 5977 5979 5980 5978 7617 7629 7635 7623 
7956 7617 7629 7635 7623 7618 7630 7636 7624 
7957 7618 7630 7636 7624 7619 7631 7637 7625 
7958 7619 7631 7637 7625 7620 7632 7638 7626 
7959 7620 7632 7638 7626 7621 7633 7639 7627 
7960 7621 7633 7639 7627 7622 7634 7640 7628 
7961 7622 7634 7640 7628 6177 6178 6212 6211 
7962 5978 5980 5752 5751 7623 7635 6750 6749 
7963 7623 7635 6750 6749 7624 7636 6784 6783 
7964 7624 7636 6784 6783 7625 7637 6818 6817 
7965 7625 7637 6818 6817 7626 7638 6852 6851 
7966 7626 7638 6852 6851 7627 7639 6886 6885 
7967 7627 7639 6886 6885 7628 7640 6920 6919 
7968 7628 7640 6920 6919 6211 6212 130 129 
7969 5716 5717 5981 5979 6954 6955 7641 7629 
7970 6954 6955 7641 7629 6988 6989 7642 7630 
7971 6988 6989 7642 7630 7022 7023 7643 7631 
7972 7022 7023 7643 7631 7056 7057 7644 7632 
7973 7056 7057 7644 7632 7090 7091 7645 7633 
7974 7090 7091 7645 7633 7124 7125 7646 7634 
7975 7124 7125 7646 7634 189 188 6179 6178 
7976 5979 5981 5982 5980 7629 7641 7647 7635 
7977 7629 7641 7647 7635 7630 7642 7648 7636 
7978 7630 7642 7648 7636 7631 7643 7649 7637 
7979 7631 7643 7649 7637 7632 7644 7650 7638 
7980 7632 7644 7650 7638 7633 7645 7651 7639 
7981 7633 7645 7651 7639 7634 7646 7652 7640 
7982 7634 7646 7652 7640 6178 6179 6213 6212 
7983 5980 5982 5753 5752 7635 7647 6751 6750 
7984 7635 7647 6751 6750 7636 7648 6785 6784 
7985 7636 7648 6785 6784 7637 7649 6819 6818 
7986 7637 7649 6819 6818 7638 7650 6853 6852 
7987 7638 7650 6853 6852 7639 7651 6887 6886 
7988 7639 7651 6887 6886 7640 7652 6921 6920 
7989 7640 7652 6921 6920 6212 6213 131 130 
7990 5717 5718 5983 5981 6955 6956 7653 7641 
7991 6955 6956 7653 7641 6989 6990 7654 7642 
7992 6989 6990 7654 7642 7023 7024 7655 7643 
7993 7023 7024 7655 7643 7057 7058 7656 7644 
7994 7057 7058 7656 7644 7091 7092 7657 7645 
7995 7091 7092 7657 7645 7125 7126 7658 7646 
7996 7125 7126 7658 7646 188 187 6180 6179 
7997 5981 5983 5984 5982 7641 7653 7659 7647 
7998 7641 7653 7659 7647 7642 7654 7660 7648 
7999 7642 7654 7660 7648 7643 7655 7661 7649 
8000 7643 7655 7661 7649 7644 7656 7662 7650 
8001 7644 7656 7662 7650 7645 7657 7663 7651 
8002 7645 7657 7663 7651 7646 7658 7664 7652 
8003 7646 7658 7664 7652 6179 6180 6214 6213 
8004 5982 5984 5754 5753 7647 7659 6752 6751 
8005 7647 7659 6752 6751 7648 7660 6786 6785 
8006 7648 7660 6786 6785 7649 7661 6820 6819 
8007 7649 7661 6820 6819 7650 7662 6854 6853 
8008 7650 7662 6854 6853 7651 7663 6888 6887 
8009 7651 7663 6888 6887 7652 7664 6922 6921 
8010 7652 7664 6922 6921 6213 6214 132 131 
8011 5718 5719 5985 5983 6956 6957 7665 7653 
8012 6956 6957 7665 7653 6990 6991 7666 7654 
8013 6990 6991 7666 7654 7024 7025 7667 7655 
8014 7024 7025 7667 7655 7058 7059 7668 7656 
8015 7058 7059 7668 7656 7092 7093 7669 7657 
8016 7092 7093 7669 7657 7126 7127 7670 7658 
8017 7126 7127 7670 7658 187 186 6181 6180 
8018 5983 5985 5986 5984 7653 7665 7671 7659 
8019 7653 7665 7671 7659 7654 7666 7672 7660 
8020 7654 7666 7672 7660 7655 7667 7673 7661 
8021 7655 7667 7673 7661 7656 7668 7674 7662 
8022 7656 7668 7674 7662 7657 7669 7675 7663 
8023 7657 7669 7675 7663 7658 7670 7676 7664 
8024 7658 7670 7676 7664 6180 6181 6215 6214 
8025 5984 5986 5755 5754 7659 7671 6753 6752 
8026 7659 7671 6753 6752 7660 7672 6787 6786 
8027 7660 7672 6787 6786 7661 7673 6821 6820 
8028 7661 7673 6821 6820 7662 7674 6855 6854 
8029 7662 7674 6855 6854 7663 7675 6889 6888 
8030 7663 7675 6889 6888 7664 7676 6923 6922 
8031 7664 7676 6923 6922 6214 6215 133 132 
8032 5719 5720 5987 5985 6957 6958 7677 7665 
8033 6957 6958 7677 7665 6991 6992 7678 7666 
8034 6991 6992 7678 7666 7025 7026 7679 7667 
8035 7025 7026 7679 7667 7059 7060 7680 7668 
8036 7059 7060 7680 7668 7093 7094 7681 7669 
8037 7093 7094 7681 7669 7127 7128 7682 7670 
8038 7127 7128 7682 7670 186 185 6182 6181 
8039 5985 5987 5988 5986 7665 7677 7683 7671 
8040 7665 7677 7683 7671 7666 7678 7684 7672 
8041 7666 7678 7684 7672 7667 7679 7685 7673 
8042 7667 7679 7685 7673 7668 7680 7686 7674 
8043 7668 7680 7686 7674 7669 7681 7687 7675 
8044 7669 7681 7687 7675 7670 7682 7688 7676 
8045 7670 7682 7688 7676 6181 6182 6216 6215 
8046 5986 5988 5756 5755 7671 7683 6754 6753 
8047 7671 7683 6754 6753 7672 7684 6788 6787 
8048 7672 7684 6788 6787 7673 7685 6822 6821 
8049 7673 7685 6822 6821 7674 7686 6856 6855 
8050 7674 7686 6856 6855 7675 7687 6890 6889 
8051 7675 7687 6890 6889 7676 7688 6924 6923 
8052 7676 7688 6924 6923 6215 6216 134 133 
8053 5720 5721 5989 5987 6958 6959 7689 7677 
8054 6958 6959 7689 7677 6992 6993 7690 7678 
8055 6992 6993 7690 7678 7026 7027 7691 7679 
8056 7026 7027 7691 7679 7060 7061 7692 7680 
8057 7060 7061 7692 7680 7094 7095 7693 7681 
8058 7094 7095 7693 7681 7128 7129 7694 7682 
8059 7128 7129 7694 7682 185 184 6183 6182 
8060 5987 5989 5990 5988 7677 7689 7695 7683 
8061 7677 7689 7695 7683 7678 7690 7696 7684 
8062 7678 7690 7696 7684 7679 7691 7697 7685 
8063 7679 7691 7697 7685 7680 7692 7698 7686 
8064 7680 7692 7698 7686 7681 7693 7699 7687 
8065 7681 7693 7699 7687 7682 7694 7700 7688 
8066 7682 7694 7700 7688 6182 6183 6217 6216 
8067 5988 5990 5757 5756 7683 7695 6755 6754 
8068 7683 7695 6755 6754 7684 7696 6789 6788 
8069 7684 7696 6789 6788 7685 7697 6823 6822 
8070 7685 7697 6823 6822 7686 7698 6857 6856 
8071 7686 7698 6857 6856 7687 7699 6891 6890 
8072 7687 7699 6891 6890 7688 7700 6925 6924 
8073 7688 7700 6925 6924 6216 6217 135 134 
8074 5721 5722 5991 5989 6959 6960 7701 7689 
8075 6959 6960 7701 7689 6993 6994 7702 7690 
8076 6993 6994 7702 7690 7027 7028 7703 7691 
8077 7027 7028 7703 7691 7061 7062 7704 7692 
8078 7061 7062 7704 7692 7095 7096 7705 7693 
8079 7095 7096 7705 7693 7129 7130 7706 7694 
8080 7129 7130 7706 7694 184 183 6184 6183 
8081 5989 5991 5992 5990 7689 7701 7707 7695 
8082 7689 7701 7707 7695 7690 7702 7708 7696 
8083 7690 7702 7708 7696 7691 7703 7709 7697 
8084 7691 7703 7709 7697 7692 7704 7710 7698 
8085 7692 7704 7710 7698 7693 7705 7711 7699 
8086 7693 7705 7711 7699 7694 7706 7712 7700 
8087 7694 7706 7712 7700 6183 6184 6218 6217 
8088 5990 5992 5758 5757 7695 7707 6756 6755 
8089 7695 7707 6756 6755 7696 7708 6790 6789 
8090 7696 7708 6790 6789 7697 7709 6824 6823 
8091 7697 7709 6824 6823 7698 7710 6858 6857 
8092 7698 7710 6858 6857 7699 7711 6892 6891 
8093 7699 7711 6892 6891 7700 7712 6926 6925 
8094 7700 7712 6926 6925 6217 6218 136 135 
8095 5722 5723 5993 5991 6960 6961 7713 7701 
8096 6960 6961 7713 7701 6994 6995 7714 7702 
8097 6994 6995 7714 7702 7028 7029 7715 7703 
8098 7028 7029 7715 7703 7062 7063 7716 7704 
8099 7062 7063 7716 7704 7096 7097 7717 7705 
8100 7096 7097 7717 7705 7130 7131 7718 7706 
8101 7130 7131 7718 7706 183 182 6185 6184 
8102 5991 5993 5994 5992 7701 7713 7719 7707 
8103 7701 7713 7719 7707 7702 7714 7720 7708 
8104 7702 7714 7720 7708 7703 7715 7721 7709 
8105 7703 7715 7721 7709 7704 7716 7722 7710 
8106 7704 7716 7722 7710 7705 7717 7723 7711 
8107 7705 7717 7723 7711 7706 7718 7724 7712 
8108 7706 7718 7724 7712 6184 6185 6219 6218 
8109 5992 5994 5759 5758 7707 7719 6757 6756 
8110 7707 7719 6757 6756 7708 7720 6791 6790 
8111 7708 7720 6791 6790 7709 7721 6825 6824 
8112 7709 7721 6825 6824 7710 7722 6859 6858 
8113 7710 7722 6859 6858 7711 7723 6893 6892 
8114 7711 7723 6893 6892 7712 7724 6927 6926 
8115 7712 7724 6927 6926 6218 6219 137 136 
8116 5723 5724 5995 5993 6961 6962 7725 7713 
8117 6961 6962 7725 7713 6995 6996 7726 7714 
8118 6995 6996 7726 7714 7029 7030 7727 7715 
8119 7029 7030 7727 7715 7063 7064 7728 7716 
8120 7063 7064 7728 7716 7097 7098 7729 7717 
8121 7097 7098 7729 7717 7131 7132 7730 7718 
8122 7131 7132 7730 7718 182 181 6186 6185 
8123 5993 5995 5996 5994 7713 7725 7731 7719 
8124 7713 7725 7731 7719 7714 7726 7732 7720 
8125 7714 7726 7732 7720 7715 7727 7733 7721 
8126 7715 7727 7733 7721 7716 7728 7734 7722 
8127 7716 7728 7734 7722 7717 7729 7735 7723 
8128 7717 7729 7735 7723 7718 7730 7736 7724 
8129 7718 7730 7736 7724 6185 6186 6220 6219 
8130 5994 5996 5760 5759 7719 7731 6758 6757 
8131 7719 7731 6758 6757 7720 7732 6792 6791 
8132 7720 7732 6792 6791 7721 7733 6826 6825 
8133 7721 7733 6826 6825 7722 7734 6860 6859 
8134 7722 7734 6860 6859 7723 7735 6894 6893 
8135 7723 7735 6894 6893 7724 7736 6928 6927 
8136 7724 7736 6928 6927 6219 6220 138 137 
8137 5724 5725 5997 5995 6962 6963 7737 7725 
8138 6962 6963 7737 7725 6996 6997 7738 7726 
8139 6996 6997 7738 7726 7030 7031 7739 7727 
8140 7030 7031 7739 7727 7064 7065 7740 7728 
8141 7064 7065 7740 7728 7098 7099 7741 7729 
8142 7098 7099 7741 7729 7132 7133 7742 7730 
8143 7132 7133 7742 7730 181 180 6187 6186 
8144 5995 5997 5998 5996 7725 7737 7743 7731 
8145 7725 7737 7743 7731 7726 7738 7744 7732 
8146 7726 7738 7744 7732 7727 7739 7745 7733 
8147 7727 7739 7745 7733 7728 7740 7746 7734 
8148 7728 7740 7746 7734 7729 7741 7747 7735 
8149 7729 7741 7747 7735 7730 7742 7748 7736 
8150 7730 7742 7748 7736 6186 6187 6221 6220 
8151 5996 5998 5761 5760 7731 7743 6759 6758 
8152 7731 7743 6759 6758 7732 7744 6793 6792 
8153 7732 7744 6793 6792 7733 7745 6827 6826 
8154 7733 7745 6827 6826 7734 7746 6861 6860 
8155 7734 7746 6861 6860 7735 7747 6895 6894 
8156 7735 7747 6895 6894 7736 7748 6929 6928 
8157 7736 7748 6929 6928 6220 6221 139 138 
8158 5725 5726 5999 5997 6963 6964 7749 7737 
8159 6963 6964 7749 7737 6997 6998 7750 7738 
8160 6997 6998 7750 7738 7031 7032 7751 7739 
8161 7031 7032 7751 7739 7065 7066 7752 7740 
8162 7065 7066 7752 7740 7099 7100 7753 7741 
8163 7099 7100 7753 7741 7133 7134 7754 7742 
8164 7133 7134 7754 7742 180 179 6188 6187 
8165 5997 5999 6000 5998 7737 7749 7755 7743 
8166 7737 7749 7755 7743 7738 7750 7756 7744 
8167 7738 7750 7756 7744 7739 7751 7757 7745 
8168 7739 7751 7757 7745 7740 7752 7758 7746 
8169 7740 7752 7758 7746 7741 7753 7759 7747 
8170 7741 7753 7759 7747 7742 7754 7760 7748 
8171 7742 7754 7760 7748 6187 6188 6222 6221 
8172 5998 6000 5762 5761 7743 7755 6760 6759 
8173 7743 7755 6760 6759 7744 7756 6794 6793 
8174 7744 7756 6794 6793 7745 7757 6828 6827 
8175 7745 7757 6828 6827 7746 7758 6862 6861 
8176 7746 7758 6862 6861 7747 7759 6896 6895 
8177 7747 7759 6896 6895 7748 7760 6930 6929 
8178 7748 7760 6930 6929 6221 6222 140 139 
8179 5726 5727 6001 5999 6964 6965 7761 7749 
8180 6964 6965 7761 7749 6998 6999 7762 7750 
8181 6998 6999 7762 7750 7032 7033 7763 7751 
8182 7032 7033 7763 7751 7066 7067 7764 7752 
8183 7066 7067 7764 7752 7100 7101 7765 7753 
8184 7100 7101 7765 7753 7134 7135 7766 7754 
8185 7134 7135 7766 7754 179 178 6189 6188 
8186 5999 6001 6002 6000 7749 7761 7767 7755 
8187 7749 7761 7767 7755 7750 7762 7768 7756 
8188 7750 7762 7768 7756 7751 7763 7769 7757 
8189 7751 7763 7769 7757 7752 7764 7770 7758 
8190 7752 7764 7770 7758 7753 7765 7771 7759 
8191 7753 7765 7771 7759 7754 7766 7772 7760 
8192 7754 7766 7772 7760 6188 6189 6223 6222 
8193 6000 6002 5763 5762 7755 7767 6761 6760 
8194 7755 7767 6761 6760 7756 7768 6795 6794 
8195 7756 7768 6795 6794 7757 7769 6829 6828 
8196 7757 7769 6829 6828 7758 7770 6863 6862 
8197 7758 7770 6863 6862 7759 7771 6897 6896 
8198 7759 7771 6897 6896 7760 7772 6931 6930 
8199 7760 7772 6931 6930 6222 6223 141 140 
8200 5727 5728 6003 6001 6965 6966 7773 7761 
8201 6965 6966 7773 7761 6999 7000 7774 7762 
8202 6999 7000 7774 7762 7033 7034 7775 7763 
8203 7033 7034 7775 7763 7067 7068 7776 7764 
8204 7067 7068 7776 7764 7101 7102 7777 7765 
8205 7101 7102 7777 7765 7135 7136 7778 7766 
8206 7135 7136 7778 7766 178 177 6190 6189 
8207 6001 6003 6004 6002 7761 7773 7779 7767 
8208 7761 7773 7779 7767 7762 7774 7780 7768 
8209 7762 7774 7780 7768 7763 7775 7781 7769 
8210 7763 7775 7781 7769 7764 7776 7782 7770 
8211 7764 7776 7782 7770 7765 7777 7783 7771 
8212 7765 7777 7783 7771 7766 7778 7784 7772 
8213 7766 7778 7784 7772 6189 6190 6224 6223 
8214 6002 6004 5764 5763 7767 7779 6762 6761 
8215 7767 7779 6762 6761 7768 7780 6796 6795 
8216 7768 7780 6796 6795 7769 7781 6830 6829 
8217 7769 7781 6830 6829 7770 7782 6864 6863 
8218 7770 7782 6864 6863 7771 7783 6898 6897 
8219 7771 7783 6898 6897 7772 7784 6932 6931 
8220 7772 7784 6932 6931 6223 6224 142 141 
8221 5728 5729 6005 6003 6966 6967 7785 7773 
8222 6966 6967 7785 7773 7000 7001 7786 7774 
8223 7000 7001 7786 7774 7034 7035 7787 7775 
8224 7034 7035 7787 7775 7068 7069 7788 7776 
8225 7068 7069 7788 7776 7102 7103 7789 7777 
8226 7102 7103 7789 7777 7136 7137 7790 7778 
8227 7136 7137 7790 7778 177 176 6191 6190 
8228 6003 6005 6006 6004 7773 7785 7791 7779 
8229 7773 7785 7791 7779 7774 7786 7792 7780 
8230 7774 7786 7792 7780 7775 7787 7793 7781 
8231 7775 7787 7793 7781 7776 7788 7794 7782 
8232 7776 7788 7794 7782 7777 7789 7795 7783 
8233 7777 7789 7795 7783 7778 7790 7796 7784 
8234 7778 7790 7796 7784 6190 6191 6225 6224 
8235 6004 6006 5765 5764 7779 7791 6763 6762 
8236 7779 7791 6763 6762 7780 7792 6797 6796 
8237 7780 7792 6797 6796 7781 7793 6831 6830 
8238 7781 7793 6831 6830 7782 7794 6865 6864 
8239 7782 7794 6865 6864 7783 7795 6899 6898 
8240 7783 7795 6899 6898 7784 7796 6933 6932 
8241 7784 7796 6933 6932 6224 6225 143 142 
8242 5729 5730 6007 6005 6967 6968 7797 7785 
8243 6967 6968 7797 7785 7001 7002 7798 7786 
8244 7001 7002 7798 7786 7035 7036 7799 7787 
8245 7035 7036 7799 7787 7069 7070 7800 7788 
8246 7069 7070 7800 7788 7103 7104 7801 7789 
8247 7103 7104 7801 7789 7137 7138 7802 7790 
8248 7137 7138 7802 7790 176 175 6192 6191 
8249 6005 6007 6008 6006 7785 7797 7803 7791 
8250 7785 7797 7803 7791 7786 7798 7804 7792 
8251 7786 7798 7804 7792 7787 7799 7805 7793 
8252 7787 7799 7805 7793 7788 7800 7806 7794 
8253 7788 7800 7806 7794 7789 7801 7807 7795 
8254 7789 7801 7807 7795 7790 7802 7808 7796 
8255 7790 7802 7808 7796 6191 6192 6226 6225 
8256 6006 6008 5766 5765 7791 7803 6764 6763 
8257 7791 7803 6764 6763 7792 7804 6798 6797 
8258 7792 7804 6798 6797 7793 7805 6832 6831 
8259 7793 7805 6832 6831 7794 7806 6866 6865 
8260 7794 7806 6866 6865 7795 7807 6900 6899 
8261 7795 7807 6900 6899 7796 7808 6934 6933 
8262 7796 7808 6934 6933 6225 6226 144 143 
8263 5730 5731 6009 6007 6968 6969 7809 7797 
8264 6968 6969 7809 7797 7002 7003 7810 7798 
8265 7002 7003 7810 7798 7036 7037 7811 7799 
8266 7036 7037 7811 7799 7070 7071 7812 7800 
8267 7070 7071 7812 7800 7104 7105 7813 7801 
8268 7104 7105 7813 7801 7138 7139 7814 7802 
8269 7138 7139 7814 7802 175 174 6193 6192 
8270 6007 6009 6010 6008 7797 7809 7815 7803 
8271 7797 7809 7815 7803 7798 7810 7816 7804 
8272 7798 7810 7816 7804 7799 7811 7817 7805 
8273 7799 7811 7817 7805 7800 7812 7818 7806 
8274 7800 7812 7818 7806 7801 7813 7819 7807 
8275 7801 7813 7819 7807 7802 7814 7820 7808 
8276 7802 7814 7820 7808 6192 6193 6227 6226 
8277 6008 6010 5767 5766 7803 7815 6765 6764 
8278 7803 7815 6765 6764 7804 7816 6799 6798 
8279 7804 7816 6799 6798 7805 7817 6833 6832 
8280 7805 7817 6833 6832 7806 7818 6867 6866 
8281 7806 7818 6867 6866 7807 7819 6901 6900 
8282 7807 7819 6901 6900 7808 7820 6935 6934 
8283 7808 7820 6935 6934 6226 6227 145 144 
8284 5731 5732 6011 6009 6969 6970 7821 7809 
8285 6969 6970 7821 7809 7003 7004 7822 7810 
8286 7003 7004 7822 7810 7037 7038 7823 7811 
8287 7037 7038 7823 7811 7071 7072 7824 7812 
8288 7071 7072 7824 7812 7105 7106 7825 7813 
8289 7105 7106 7825 7813 7139 7140 7826 7814 
8290 7139 7140 7826 7814 174 173 6194 6193 
8291 6009 6011 6012 6010 7809 7821 7827 7815 
8292 7809 7821 7827 7815 7810 7822 7828 7816 
8293 7810 7822 7828 7816 7811 7823 7829 7817 
8294 7811 7823 7829 7817 7812 7824 7830 7818 
8295 7812 7824 7830 7818 7813 7825 7831 7819 
8296 7813 7825 7831 7819 7814 7826 7832 7820 
8297 7814 7826 7832 7820 6193 6194 6228 6227 
8298 6010 6012 5768 5767 7815 7827 6766 6765 
8299 7815 7827 6766 6765 7816 7828 6800 6799 
8300 7816 7828 6800 6799 7817 7829 6834 6833 
8301 7817 7829 6834 6833 7818 7830 6868 6867 
8302 7818 7830 6868 6867 7819 7831 6902 6901 
8303 7819 7831 6902 6901 7820 7832 6936 6935 
8304 7820 7832 6936 6935 6227 6228 146 145 
8305 5732 5733 6013 6011 6970 6971 7833 7821 
8306 6970 6971 7833 7821 7004 7005 7834 7822 
8307 7004 7005 7834 7822 7038 7039 7835 7823 
8308 7038 7039 7835 7823 7072 7073 7836 7824 
8309 7072 7073 7836 7824 7106 7107 7837 7825 
8310 7106 7107 7837 7825 7140 7141 7838 7826 
8311 7140 7141 7838 7826 173 172 6195 6194 
8312 6011 6013 6014 6012 7821 7833 7839 7827 
8313 7821 7833 7839 7827 7822 7834 7840 7828 
8314 7822 7834 7840 7828 7823 7835 7841 7829 
8315 7823 7835 7841 7829 7824 7836 7842 7830 
8316 7824 7836 7842 7830 7825 7837 7843 7831 
8317 7825 7837 7843 7831 7826 7838 7844 7832 
8318 7826 7838 7844 7832 6194 6195 6229 6228 
8319 6012 6014 5769 5768 7827 7839 6767 6766 
8320 7827 7839 6767 6766 7828 7840 6801 6800 
8321 7828 7840 6801 6800 7829 7841 6835 6834 
8322 7829 7841 6835 6834 7830 7842 6869 6868 
8323 7830 7842 6869 6868 7831 7843 6903 6902 
8324 7831 7843 6903 6902 7832 7844 6937 6936 
8325 7832 7844 6937 6936 6228 6229 147 146 
8326 5733 5734 6015 6013 6971 6972 7845 7833 
8327 6971 6972 7845 7833 7005 7006 7846 7834 
8328 7005 7006 7846 7834 7039 7040 7847 7835 
8329 7039 7040 7847 7835 7073 7074 7848 7836 
8330 7073 7074 7848 7836 7107 7108 7849 7837 
8331 7107 7108 7849 7837 7141 7142 7850 7838 
8332 7141 7142 7850 7838 172 171 6196 6195 
8333 6013 6015 6016 6014 7833 7845 7851 7839 
8334 7833 7845 7851 7839 7834 7846 7852 7840 
8335 7834 7846 7852 7840 7835 7847 7853 7841 
8336 7835 7847 7853 7841 7836 7848 7854 7842 
8337 7836 7848 7854 7842 7837 7849 7855 7843 
8338 7837 7849 7855 7843 7838 7850 7856 7844 
8339 7838 7850 7856 7844 6195 6196 6230 6229 
8340 6014 6016 5770 5769 7839 7851 6768 6767 
8341 7839 7851 6768 6767 7840 7852 6802 6801 
8342 7840 7852 6802 6801 7841 7853 6836 6835 
8343 7841 7853 6836 6835 7842 7854 6870 6869 
8344 7842 7854 6870 6869 7843 7855 6904 6903 
8345 7843 7855 6904 6903 7844 7856 6938 6937 
8346 7844 7856 6938 6937 6229 6230 148 147 
8347 5734 5735 6017 6015 6972 6973 7857 7845 
8348 6972 6973 7857 7845 7006 7007 7858 7846 
8349 7006 7007 7858 7846 7040 7041 7859 7847 
8350 7040 7041 7859 7847 7074 7075 7860 7848 
8351 7074 7075 7860 7848 7108 7109 7861 7849 
8352 7108 7109 7861 7849 7142 7143 7862 7850 
8353 7142 7143 7862 7850 171 170 6197 6196 
8354 6015 6017 6018 6016 7845 7857 7863 7851 
8355 7845 7857 7863 7851 7846 7858 7864 7852 
8356 7846 7858 7864 7852 7847 7859 7865 7853 
8357 7847 7859 7865 7853 7848 7860 7866 7854 
8358 7848 7860 7866 7854 7849 7861 7867 7855 
8359 7849 7861 7867 7855 7850 7862 7868 7856 
8360 7850 7862 7868 7856 6196 6197 6231 6230 
8361 6016 6018 5771 5770 7851 7863 6769 6768 
8362 7851 7863 6769 6768 7852 7864 6803 6802 
8363 7852 7864 6803 6802 7853 7865 6837 6836 
8364 7853 7865 6837 6836 7854 7866 6871 6870 
8365 7854 7866 6871 6870 7855 7867 6905 6904 
8366 7855 7867 6905 6904 7856 7868 6939 6938 
8367 7856 7868 6939 6938 6230 6231 149 148 
8368 5735 5736 6019 6017 6973 6974 7869 7857 
8369 6973 6974 7869 7857 7007 7008 7870 7858 
8370 7007 7008 7870 7858 7041 7042 7871 7859 
8371 7041 7042 7871 7859 7075 7076 7872 7860 
8372 7075 7076 7872 7860 7109 7110 7873 7861 
8373 7109 7110 7873 7861 7143 7144 7874 7862 
8374 7143 7144 7874 7862 170 169 6198 6197 
8375 6017 6019 6020 6018 7857 7869 7875 7863 
8376 7857 7869 7875 7863 7858 7870 7876 7864 
8377 7858 7870 7876 7864 7859 7871 7877 7865 
8378 7859 7871 7877 7865 7860 7872 7878 7866 
8379 7860 7872 7878 7866 7861 7873 7879 7867 
8380 7861 7873 7879 7867 7862 7874 7880 7868 
8381 7862 7874 7880 7868 6197 6198 6232 6231 
8382 6018 6020 5772 5771 7863 7875 6770 6769 
8383 7863 7875 6770 6769 7864 7876 6804 6803 
8384 7864 7876 6804 6803 7865 7877 6838 6837 
8385 7865 7877 6838 6837 7866 7878 6872 6871 
8386 7866 7878 6872 6871 7867 7879 6906 6905 
8387 7867 7879 6906 6905 7868 7880 6940 6939 
8388 7868 7880 6940 6939 6231 6232 150 149 
8389 5736 5737 6021 6019 6974 6975 7881 7869 
8390 6974 6975 7881 7869 7008 7009 7882 7870 
8391 7008 7009 7882 7870 7042 7043 7883 7871 
8392 7042 7043 7883 7871 7076 7077 7884 7872 
8393 7076 7077 7884 7872 7110 7111 7885 7873 
8394 7110 7111 7885 7873 7144 7145 7886 7874 
8395 7144 7145 7886 7874 169 168 6199 6198 
8396 6019 6021 6022 6020 7869 7881 7887 7875 
8397 7869 7881 7887 7875 7870 7882 7888 7876 
8398 7870 7882 7888 7876 7871 7883 7889 7877 
8399 7871 7883 7889 7877 7872 7884 7890 7878 
8400 7872 7884 7890 7878 7873 7885 7891 7879 
8401 7873 7885 7891 7879 7874 7886 7892 7880 
8402 7874 7886 7892 7880 6198 6199 6233 6232 
8403 6020 6022 5773 5772 7875 7887 6771 6770 
8404 7875 7887 6771 6770 7876 7888 6805 6804 
8405 7876 7888 6805 6804 7877 7889 6839 6838 
8406 7877 7889 6839 6838 7878 7890 6873 6872 
8407 7878 7890 6873 6872 7879 7891 6907 6906 
8408 7879 7891 6907 6906 7880 7892 6941 6940 
8409 7880 7892 6941 6940 6232 6233 151 150 
8410 5737 5738 6023 6021 6975 6976 7893 7881 
8411 6975 6976 7893 7881 7009 7010 7894 7882 
8412 7009 7010 7894 7882 7043 7044 7895 7883 
8413 7043 7044 7895 7883 7077 7078 7896 7884 
8414 7077 7078 7896 7884 7111 7112 7897 7885 
8415 7111 7112 7897 7885 7145 7146 7898 7886 
8416 7145 7146 7898 7886 168 167 6200 6199 
8417 6021 6023 6024 6022 7881 7893 7899 7887 
8418 7881 7893 7899 7887 7882 7894 7900 7888 
8419 7882 7894 7900 7888 7883 7895 7901 7889 
8420 7883 7895 7901 7889 7884 7896 7902 7890 
8421 7884 7896 7902 7890 7885 7897 7903 7891 
8422 7885 7897 7903 7891 7886 7898 7904 7892 
8423 7886 7898 7904 7892 6199 6200 6234 6233 
8424 6022 6024 5774 5773 7887 7899 6772 6771 
8425 7887 7899 6772 6771 7888 7900 6806 6805 
8426 7888 7900 6806 6805 7889 7901 6840 6839 
8427 7889 7901 6840 6839 7890 7902 6874 6873 
8428 7890 7902 6874 6873 7891 7903 6908 6907 
8429 7891 7903 6908 6907 7892 7904 6942 6941 
8430 7892 7904 6942 6941 6233 6234 152 151 
8431 5738 5739 6025 6023 6976 6977 7905 7893 
8432 6976 6977 7905 7893 7010 7011 7906 7894 
8433 7010 7011 7906 7894 7044 7045 7907 7895 
8434 7044 7045 7907 7895 7078 7079 7908 7896 
8435 7078 7079 7908 7896 7112 7113 7909 7897 
8436 7112 7113 7909 7897 7146 7147 7910 7898 
8437 7146 7147 7910 7898 167 166 6201 6200 
8438 6023 6025 6026 6024 7893 7905 7911 7899 
8439 7893 7905 7911 7899 7894 7906 7912 7900 
8440 7894 7906 7912 7900 7895 7907 7913 7901 
8441 7895 7907 7913 7901 7896 7908 7914 7902 
8442 7896 7908 7914 7902 7897 7909 7915 7903 
8443 7897 7909 7915 7903 7898 7910 7916 7904 
8444 7898 7910 7916 7904 6200 6201 6235 6234 
8445 6024 6026 5775 5774 7899 7911 6773 6772 
8446 7899 7911 6773 6772 7900 7912 6807 6806 
8447 7900 7912 6807 6806 7901 7913 6841 6840 
8448 7901 7913 6841 6840 7902 7914 6875 6874 
8449 7902 7914 6875 6874 7903 7915 6909 6908 
8450 7903 7915 6909 6908 7904 7916 6943 6942 
8451 7904 7916 6943 6942 6234 6235 153 152 
8452 5739 5740 6027 6025 6977 6978 7917 7905 
8453 6977 6978 7917 7905 7011 7012 7918 7906 
8454 7011 7012 7918 7906 7045 7046 7919 7907 
8455 7045 7046 7919 7907 7079 7080 7920 7908 
8456 7079 7080 7920 7908 7113 7114 7921 7909 
8457 7113 7114 7921 7909 7147 7148 7922 7910 
8458 7147 7148 7922 7910 166 165 6202 6201 
8459 6025 6027 6028 6026 7905 7917 7923 7911 
8460 7905 7917 7923 7911 7906 7918 7924 7912 
8461 7906 7918 7924 7912 7907 7919 7925 7913 
8462 7907 7919 7925 7913 7908 7920 7926 7914 
8463 7908 7920 7926 7914 7909 7921 7927 7915 
8464 7909 7921 7927 7915 7910 7922 7928 7916 
8465 7910 7922 7928 7916 6201 6202 6236 6235 
8466 6026 6028 5776 5775 7911 7923 6774 6773 
8467 7911 7923 6774 6773 7912 7924 6808 6807 
8468 7912 7924 6808 6807 7913 7925 6842 6841 
8469 7913 7925 6842 6841 7914 7926 6876 6875 
8470 7914 7926 6876 6875 7915 7927 6910 6909 
8471 7915 7927 6910 6909 7916 7928 6944 6943 
8472 7916 7928 6944 6943 6235 6236 154 153 
8473 5740 5741 6029 6027 6978 6979 7929 7917 
8474 6978 6979 7929 7917 7012 7013 7930 7918 
8475 7012 7013 7930 7918 7046 7047 7931 7919 
8476 7046 7047 7931 7919 7080 7081 7932 7920 
8477 7080 7081 7932 7920 7114 7115 7933 7921 
8478 7114 7115 7933 7921 7148 7149 7934 7922 
8479 7148 7149 7934 7922 165 164 6203 6202 
8480 6027 6029 6030 6028 7917 7929 7935 7923 
8481 7917 7929 7935 7923 7918 7930 7936 7924 
8482 7918 7930 7936 7924 7919 7931 7937 7925 
8483 7919 7931 7937 7925 7920 7932 7938 7926 
8484 7920 7932 7938 7926 7921 7933 7939 7927 
8485 7921 7933 7939 7927 7922 7934 7940 7928 
8486 7922 7934 7940 7928 6202 6203 6237 6236 
8487 6028 6030 5777 5776 7923 7935 6775 6774 
8488 7923 7935 6775 6774 7924 7936 6809 6808 
8489 7924 7936 6809 6808 7925 7937 6843 6842 
8490 7925 7937 6843 6842 7926 7938 6877 6876 
8491 7926 7938 6877 6876 7927 7939 6911 6910 
8492 7927 7939 6911 6910 7928 7940 6945 6944 
8493 7928 7940 6945 6944 6236 6237 155 154 
8494 5741 5742 6031 6029 6979 6980 7941 7929 
8495 6979 6980 7941 7929 7013 7014 7942 7930 
8496 7013 7014 7942 7930 7047 7048 7943 7931 
8497 7047 7048 7943 7931 7081 7082 7944 7932 
8498 7081 7082 7944 7932 7115 7116 7945 7933 
8499 7115 7116 7945 7933 7149 7150 7946 7934 
8500 7149 7150 7946 7934 164 163 6204 6203 
8501 6029 6031 6032 6030 7929 7941 7947 7935 
8502 7929 7941 7947 7935 7930 7942 7948 7936 
8503 7930 7942 7948 7936 7931 7943 7949 7937 
8504 7931 7943 7949 7937 7932 7944 7950 7938 
8505 7932 7944 7950 7938 7933 7945 7951 7939 
8506 7933 7945 7951 7939 7934 7946 7952 7940 
8507 7934 7946 7952 7940 6203 6204 6238 6237 
8508 6030 6032 5778 5777 7935 7947 6776 6775 
8509 7935 7947 6776 6775 7936 7948 6810 6809 
8510 7936 7948 6810 6809 7937 7949 6844 6843 
8511 7937 7949 6844 6843 7938 7950 6878 6877 
8512 7938 7950 6878 6877 7939 7951 6912 6911 
8513 7939 7951 6912 6911 7940 7952 6946 6945 
8514 7940 7952 6946 6945 6237 6238 156 155 
8515 5742 5743 6033 6031 6980 6981 7953 7941 
8516 6980 6981 7953 7941 7014 7015 7954 7942 
8517 7014 7015 7954 7942 7048 7049 7955 7943 
8518 7048 7049 7955 7943 7082 7083 7956 7944 
8519 7082 7083 7956 7944 7116 7117 7957 7945 
8520 7116 7117 7957 7945 7150 7151 7958 7946 
8521 7150 7151 7958 7946 163 162 6205 6204 
8522 6031 6033 6034 6032 7941 7953 7959 7947 
8523 7941 7953 7959 7947 7942 7954 7960 7948 
8524 7942 7954 7960 7948 7943 7955 7961 7949 
8525 7943 7955 7961 7949 7944 7956 7962 7950 
8526 7944 7956 7962 7950 7945 7957 7963 7951 
8527 7945 7957 7963 7951 7946 7958 7964 7952 
8528 7946 7958 7964 7952 6204 6205 6239 6238 
8529 6032 6034 5779 5778 7947 7959 6777 6776 
8530 7947 7959 6777 6776 7948 7960 6811 6810 
8531 7948 7960 6811 6810 7949 7961 6845 6844 
8532 7949 7961 6845 6844 7950 7962 6879 6878 
8533 7950 7962 6879 6878 7951 7963 6913 6912 
8534 7951 7963 6913 6912 7952 7964 6947 6946 
8535 7952 7964 6947 6946 6238 6239 157 156 
8536 5743 5744 6035 6033 6981 6982 7965 7953 
8537 6981 6982 7965 7953 7015 7016 7966 7954 
8538 7015 7016 7966 7954 7049 7050 7967 7955 
8539 7049 7050 7967 7955 7083 7084 7968 7956 
8540 7083 7084 7968 7956 7117 7118 7969 7957 
8541 7117 7118 7969 7957 7151 7152 7970 7958 
8542 7151 7152 7970 7958 162 161 6206 6205 
8543 6033 6035 6036 6034 7953 7965 7971 7959 
8544 7953 7965 7971 7959 7954 7966 7972 7960 
8545 7954 7966 7972 7960 7955 7967 7973 7961 
8546 7955 7967 7973 7961 7956 7968 7974 7962 
8547 7956 7968 7974 7962 7957 7969 7975 7963 
8548 7957 7969 7975 7963 7958 7970 7976 7964 
8549 7958 7970 7976 7964 6205 6206 6240 6239 
8550 6034 6036 5780 5779 7959 7971 6778 6777 
8551 7959 7971 6778 6777 7960 7972 6812 6811 
8552 7960 7972 6812 6811 7961 7973 6846 6845 
8553 7961 7973 6846 6845 7962 7974 6880 6879 
8554 7962 7974 6880 6879 7963 7975 6914 6913 
8555 7963 7975 6914 6913 7964 7976 6948 6947 
8556 7964 7976 6948 6947 6239 6240 158 157 
8557 5744 5631 5781 6035 6982 5821 6313 7965 
8558 6982 5821 6313 7965 7016 5822 6314 7966 
8559 7016 5822 6314 7966 7050 5823 6315 7967 
8560 7050 5823 6315 7967 7084 5824 6316 7968 
8561 7084 5824 6316 7968 7118 5825 6317 7969 
8562 7118 5825 6317 7969 7152 5826 6318 7970 
8563 7152 5826 6318 7970 161 11 160 6206 
8564 6035 5781 5782 6036 7965 6313 6319 7971 
8565 7965 6313 6319 7971 7966 6314 6320 7972 
8566 7966 6314 6320 7972 7967 6315 6321 7973 
8567 7967 6315 6321 7973 7968 6316 6322 7974 
8568 7968 6316 6322 7974 7969 6317 6323 7975 
8569 7969 6317 6323 7975 7970 6318 6324 7976 
8570 7970 6318 6324 7976 6206 160 159 6240 
8571 6036 5782 5632 5780 7971 6319 5827 6778 
8572 7971 6319 5827 6778 7972 6320 5828 6812 
8573 7972 6320 5828 6812 7973 6321 5829 6846 
8574 7973 6321 5829 6846 7974 6322 5830 6880 
8575 7974 6322 5830 6880 7975 6323 5831 6914 
8576 7975 6323 5831 6914 7976 6324 5832 6948 
8577 7976 6324 5832 6948 6240 159 10 158 
3 181 5 735
8578 5628 5747 6037 5639 5803 6745 7977 6277 
8579 5803 6745 7977 6277 5804 6779 7978 6278 
8580 5804 6779 7978 6278 5805 6813 7979 6279 
8581 5805 6813 7979 6279 5806 6847 7980 6280 
8582 5806 6847 7980 6280 5807 6881 7981 6281 
8583 5807 6881 7981 6281 5808 6915 7982 6282 
8584 5808 6915 7982 6282 9 125 1011 313 
8585 5639 6037 6038 5640 6277 7977 7983 6283 
8586 6277 7977 7983 6283 6278 7978 7984 6284 
8587 6278 7978 7984 6284 6279 7979 7985 6285 
8588 6279 7979 7985 6285 6280 7980 7986 6286 
8589 6280 7980 7986 6286 6281 7981 7987 6287 
8590 6281 7981 7987 6287 6282 7982 7988 6288 
8591 6282 7982 7988 6288 313 1011 1012 314 
8592 5640 6038 5641 5625 6283 7983 6337 5785 
8593 6283 7983 6337 5785 6284 7984 6371 5786 
8594 6284 7984 6371 5786 6285 7985 6405 5787 
8595 6285 7985 6405 5787 6286 7986 6439 5788 
8596 6286 7986 6439 5788 6287 7987 6473 5789 
8597 6287 7987 6473 5789 6288 7988 6507 5790 
8598 6288 7988 6507 5790 314 1012 317 21 
8599 5747 5748 6039 6037 6745 6746 7989 7977 
8600 6745 6746 7989 7977 6779 6780 7990 7978 
8601 6779 6780 7990 7978 6813 6814 7991 7979 
8602 6813 6814 7991 7979 6847 6848 7992 7980 
8603 6847 6848 7992 7980 6881 6882 7993 7981 
8604 6881 6882 7993 7981 6915 6916 7994 7982 
8605 6915 6916 7994 7982 125 126 1013 1011 
8606 6037 6039 6040 6038 7977 7989 7995 7983 
8607 7977 7989 7995 7983 7978 7990 7996 7984 
8608 7978 7990 7996 7984 7979 7991 7997 7985 
8609 7979 7991 7997 7985 7980 7992 7998 7986 
8610 7980 7992 7998 7986 7981 7993 7999 7987 
8611 7981 7993 7999 7987 7982 7994 8000 7988 
8612 7982 7994 8000 7988 1011 1013 1014 1012 
8613 6038 6040 5642 5641 7983 7995 6338 6337 
8614 7983 7995 6338 6337 7984 7996 6372 6371 
8615 7984 7996 6372 6371 7985 7997 6406 6405 
8616 7985 7997 6406 6405 7986 7998 6440 6439 
8617 7986 7998 6440 6439 7987 7999 6474 6473 
8618 7987 7999 6474 6473 7988 8000 6508 6507 
8619 7988 8000 6508 6507 1012 1014 318 317 
8620 5748 5749 6041 6039 6746 6747 8001 7989 
8621 6746 6747 8001 7989 6780 6781 8002 7990 
8622 6780 6781 8002 7990 6814 6815 8003 7991 
8623 6814 6815 8003 7991 6848 6849 8004 7992 
8624 6848 6849 8004 7992 6882 6883 8005 7993 
8625 6882 6883 8005 7993 6916 6917 8006 7994 
8626 6916 6917 8006 7994 126 127 1015 1013 
8627 6039 6041 6042 6040 7989 8001 8007 7995 
8628 7989 8001 8007 7995 7990 8002 8008 7996 
8629 7990 8002 8008 7996 7991 8003 8009 7997 
8630 7991 8003 8009 7997 7992 8004 8010 7998 
8631 7992 8004 8010 7998 7993 8005 8011 7999 
8632 7993 8005 8011 7999 7994 8006 8012 8000 
8633 7994 8006 8012 8000 1013 1015 1016 1014 
8634 6040 6042 5643 5642 7995 8007 6339 6338 
8635 7995 8007 6339 6338 7996 8008 6373 6372 
8636 7996 8008 6373 6372 7997 8009 6407 6406 
8637 7997 8009 6407 6406 7998 8010 6441 6440 
8638 7998 8010 6441 6440 7999 8011 6475 6474 
8639 7999 8011 6475 6474 8000 8012 6509 6508 
8640 8000 8012 6509 6508 1014 1016 319 318 
8641 5749 5750 6043 6041 6747 6748 8013 8001 
8642 6747 6748 8013 8001 6781 6782 8014 8002 
8643 6781 6782 8014 8002 6815 6816 8015 8003 
8644 6815 6816 8015 8003 6849 6850 8016 8004 
8645 6849 6850 8016 8004 6883 6884 8017 8005 
8646 6883 6884 8017 8005 6917 6918 8018 8006 
8647 6917 6918 8018 8006 127 128 1017 1015 
8648 6041 6043 6044 6042 8001 8013 8019 8007 
8649 8001 8013 8019 8007 8002 8014 8020 8008 
8650 8002 8014 8020 8008 8003 8015 8021 8009 
8651 8003 8015 8021 8009 8004 8016 8022 8010 
8652 8004 8016 8022 8010 8005 8017 8023 8011 
8653 8005 8017 8023 8011 8006 8018 8024 8012 
8654 8006 8018 8024 8012 1015 1017 1018 1016 
8655 6042 6044 5644 5643 8007 8019 6340 6339 
8656 8007 8019 6340 6339 8008 8020 6374 6373 
8657 8008 8020 6374 6373 8009 8021 6408 6407 
8658 8009 8021 6408 6407 8010 8022 6442 6441 
8659 8010 8022 6442 6441 8011 8023 6476 6475 
8660 8011 8023 6476 6475 8012 8024 6510 6509 
8661 8012 8024 6510 6509 1016 1018 320 319 
8662 5750 5751 6045 6043 6748 6749 8025 8013 
8663 6748 6749 8025 8013 6782 6783 8026 8014 
8664 6782 6783 8026 8014 6816 6817 8027 8015 
8665 6816 6817 8027 8015 6850 6851 8028 8016 
8666 6850 6851 8028 8016 6884 6885 8029 8017 
8667 6884 6885 8029 8017 6918 6919 8030 8018 
8668 6918 6919 8030 8018 128 129 1019 1017 
8669 6043 6045 6046 6044 8013 8025 8031 8019 
8670 8013 8025 8031 8019 8014 8026 8032 8020 
8671 8014 8026 8032 8020 8015 8027 8033 8021 
8672 8015 8027 8033 8021 8016 8028 8034 8022 
8673 8016 8028 8034 8022 8017 8029 8035 8023 
8674 8017 8029 8035 8023 8018 8030 8036 8024 
8675 8018 8030 8036 8024 1017 1019 1020 1018 
8676 6044 6046 5645 5644 8019 8031 6341 6340 
8677 8019 8031 6341 6340 8020 8032 6375 6374 
8678 8020 8032 6375 6374 8021 8033 6409 6408 
8679 8021 8033 6409 6408 8022 8034 6443 6442 
8680 8022 8034 6443 6442 8023 8035 6477 6476 
8681 8023 8035 6477 6476 8024 8036 6511 6510 
8682 8024 8036 6511 6510 1018 1020 321 320 
8683 5751 5752 6047 6045 6749 6750 8037 8025 
8684 6749 6750 8037 8025 6783 6784 8038 8026 
8685 6783 6784 8038 8026 6817 6818 8039 8027 
8686 6817 6818 8039 8027 6851 6852 8040 8028 
8687 6851 6852 8040 8028 6885 6886 8041 8029 
8688 6885 6886 8041 8029 6919 6920 8042 8030 
8689 6919 6920 8042 8030 129 130 1021 1019 
8690 6045 6047 6048 6046 8025 8037 8043 8031 
8691 8025 8037 8043 8031 8026 8038 8044 8032 
8692 8026 8038 8044 8032 8027 8039 8045 8033 
8693 8027 8039 8045 8033 8028 8040 8046 8034 
8694 8028 8040 8046 8034 8029 8041 8047 8035 
8695 8029 8041 8047 8035 8030 8042 8048 8036 
8696 8030 8042 8048 8036 1019 1021 1022 1020 
8697 6046 6048 5646 5645 8031 8043 6342 6341 
8698 8031 8043 6342 6341 8032 8044 6376 6375 
8699 8032 8044 6376 6375 8033 8045 6410 6409 
8700 8033 8045 6410 6409 8034 8046 6444 6443 
8701 8034 8046 6444 6443 8035 8047 6478 6477 
8702 8035 8047 6478 6477 8036 8048 6512 6511 
8703 8036 8048 6512 6511 1020 1022 322 321 
8704 5752 5753 6049 6047 6750 6751 8049 8037 
8705 6750 6751 8049 8037 6784 6785 8050 8038 
8706 6784 6785 8050 8038 6818 6819 8051 8039 
8707 6818 6819 8051 8039 6852 6853 8052 8040 
8708 6852 6853 8052 8040 6886 6887 8053 8041 
8709 6886 6887 8053 8041 6920 6921 8054 8042 
8710 6920 6921 8054 8042 130 131 1023 1021 
8711 6047 6049 6050 6048 8037 8049 8055 8043 
8712 8037 8049 8055 8043 8038 8050 8056 8044 
8713 8038 8050 8056 8044 8039 8051 8057 8045 
8714 8039 8051 8057 8045 8040 8052 8058 8046 
8715 8040 8052 8058 8046 8041 8053 8059 8047 
8716 8041 8053 8059 8047 8042 8054 8060 8048 
8717 8042 8054 8060 8048 1021 1023 1024 1022 
8718 6048 6050 5647 5646 8043 8055 6343 6342 
8719 8043 8055 6343 6342 8044 8056 6377 6376 
8720 8044 8056 6377 6376 8045 8057 6411 6410 
8721 8045 8057 6411 6410 8046 8058 6445 6444 
8722 8046 8058 6445 6444 8047 8059 6479 6478 
8723 8047 8059 6479 6478 8048 8060 6513 6512 
8724 8048 8060 6513 6512 1022 1024 323 322 
8725 5753 5754 6051 6049 6751 6752 8061 8049 
8726 6751 6752 8061 8049 6785 6786 8062 8050 
8727 6785 6786 8062 8050 6819 6820 8063 8051 
8728 6819 6820 8063 8051 6853 6854 8064 8052 
8729 6853 6854 8064 8052 6887 6888 8065 8053 
8730 6887 6888 8065 8053 6921 6922 8066 8054 
8731 6921 6922 8066 8054 131 132 1025 1023 
8732 6049 6051 6052 6050 8049 8061 8067 8055 
8733 8049 8061 8067 8055 8050 8062 8068 8056 
8734 8050 8062 8068 8056 8051 8063 8069 8057 
8735 8051 8063 8069 8057 8052 8064 8070 8058 
8736 8052 8064 8070 8058 8053 8065 8071 8059 
8737 8053 8065 8071 8059 8054 8066 8072 8060 
8738 8054 8066 8072 8060 1023 1025 1026 1024 
8739 6050 6052 5648 5647 8055 8067 6344 6343 
8740 8055 8067 6344 6343 8056 8068 6378 6377 
8741 8056 8068 6378 6377 8057 8069 6412 6411 
8742 8057 8069 6412 6411 8058 8070 6446 6445 
8743 8058 8070 6446 6445 8059 8071 6480 6479 
8744 8059 8071 6480 6479 8060 8072 6514 6513 
8745 8060 8072 6514 6513 1024 1026 324 323 
8746 5754 5755 6053 6051 6752 6753 8073 8061 
8747 6752 6753 8073 8061 6786 6787 8074 8062 
8748 6786 6787 8074 8062 6820 6821 8075 8063 
8749 6820 6821 8075 8063 6854 6855 8076 8064 
8750 6854 6855 8076 8064 6888 6889 8077 8065 
8751 6888 6889 8077 8065 6922 6923 8078 8066 
8752 6922 6923 8078 8066 132 133 1027 1025 
8753 6051 6053 6054 6052 8061 8073 8079 8067 
8754 8061 8073 8079 8067 8062 8074 8080 8068 
8755 8062 8074 8080 8068 8063 8075 8081 8069 
8756 8063 8075 8081 8069 8064 8076 8082 8070 
8757 8064 8076 8082 8070 8065 8077 8083 8071 
8758 8065 8077 8083 8071 8066 8078 8084 8072 
8759 8066 8078 8084 8072 1025 1027 1028 1026 
8760 6052 6054 5649 5648 8067 8079 6345 6344 
8761 8067 8079 6345 6344 8068 8080 6379 6378 
8762 8068 8080 6379 6378 8069 8081 6413 6412 
8763 8069 8081 6413 6412 8070 8082 6447 6446 
8764 8070 8082 6447 6446 8071 8083 6481 6480 
8765 8071 8083 6481 6480 8072 8084 6515 6514 
8766 8072 8084 6515 6514 1026 1028 325 324 
8767 5755 5756 6055 6053 6753 6754 8085 8073 
8768 6753 6754 8085 8073 6787 6788 8086 8074 
8769 6787 6788 8086 8074 6821 6822 8087 8075 
8770 6821 6822 8087 8075 6855 6856 8088 8076 
8771 6855 6856 8088 8076 6889 6890 8089 8077 
8772 6889 6890 8089 8077 6923 6924 8090 8078 
8773 6923 6924 8090 8078 133 134 1029 1027 
8774 6053 6055 6056 6054 8073 8085 8091 8079 
8775 8073 8085 8091 8079 8074 8086 8092 8080 
8776 8074 8086 8092 8080 8075 8087 8093 8081 
8777 8075 8087 8093 8081 8076 8088 8094 8082 
8778 8076 8088 8094 8082 8077 8089 8095 8083 
8779 8077 8089 8095 8083 8078 8090 8096 8084 
8780 8078 8090 8096 8084 1027 1029 1030 1028 
8781 6054 6056 5650 5649 8079 8091 6346 6345 
8782 8079 8091 6346 6345 8080 8092 6380 6379 
8783 8080 8092 6380 6379 8081 8093 6414 6413 
8784 8081 8093 6414 6413 8082 8094 6448 6447 
8785 8082 8094 6448 6447 8083 8095 6482 6481 
8786 8083 8095 6482 6481 8084 8096 6516 6515 
8787 8084 8096 6516 6515 1028 1030 326 325 
8788 5756 5757 6057 6055 6754 6755 8097 8085 
8789 6754 6755 8097 8085 6788 6789 8098 8086 
8790 6788 6789 8098 8086 6822 6823 8099 8087 
8791 6822 6823 8099 8087 6856 6857 8100 8088 
8792 6856 6857 8100 8088 6890 6891 8101 8089 
8793 6890 6891 8101 8089 6924 6925 8102 8090 
8794 6924 6925 8102 8090 134 135 1031 1029 
8795 6055 6057 6058 6056 8085 8097 8103 8091 
8796 8085 8097 8103 8091 8086 8098 8104 8092 
8797 8086 8098 8104 8092 8087 8099 8105 8093 
8798 8087 8099 8105 8093 8088 8100 8106 8094 
8799 8088 8100 8106 8094 8089 8101 8107 8095 
8800 8089 8101 8107 8095 8090 8102 8108 8096 
8801 8090 8102 8108 8096 1029 1031 1032 1030 
8802 6056 6058 5651 5650 8091 8103 6347 6346 
8803 8091 8103 6347 6346 8092 8104 6381 6380 
8804 8092 8104 6381 6380 8093 8105 6415 6414 
8805 8093 8105 6415 6414 8094 8106 6449 6448 
8806 8094 8106 6449 6448 8095 8107 6483 6482 
8807 8095 8107 6483 6482 8096 8108 6517 6516 
8808 8096 8108 6517 6516 1030 1032 327 326 
8809 5757 5758 6059 6057 6755 6756 8109 8097 
8810 6755 6756 8109 8097 6789 6790 8110 8098 
8811 6789 6790 8110 8098 6823 6824 8111 8099 
8812 6823 6824 8111 8099 6857 6858 8112 8100 
8813 6857 6858 8112 8100 6891 6892 8113 8101 
8814 6891 6892 8113 8101 6925 6926 8114 8102 
8815 6925 6926 8114 8102 135 136 1033 1031 
8816 6057 6059 6060 6058 8097 8109 8115 8103 
8817 8097 8109 8115 8103 8098 8110 8116 8104 
8818 8098 8110 8116 8104 8099 8111 8117 8105 
8819 8099 8111 8117 8105 8100 8112 8118 8106 
8820 8100 8112 8118 8106 8101 8113 8119 8107 
8821 8101 8113 8119 8107 8102 8114 8120 8108 
8822 8102 8114 8120 8108 1031 1033 1034 1032 
8823 6058 6060 5652 5651 8103 8115 6348 6347 
8824 8103 8115 6348 6347 8104 8116 6382 6381 
8825 8104 8116 6382 6381 8105 8117 6416 6415 
8826 8105 8117 6416 6415 8106 8118 6450 6449 
8827 8106 8118 6450 6449 8107 8119 6484 6483 
8828 8107 8119 6484 6483 8108 8120 6518 6517 
8829 8108 8120 6518 6517 1032 1034 328 327 
8830 5758 5759 6061 6059 6756 6757 8121 8109 
8831 6756 6757 8121 8109 6790 6791 8122 8110 
8832 6790 6791 8122 8110 6824 6825 8123 8111 
8833 6824 6825 8123 8111 6858 6859 8124 8112 
8834 6858 6859 8124 8112 6892 6893 8125 8113 
8835 6892 6893 8125 8113 6926 6927 8126 8114 
8836 6926 6927 8126 8114 136 137 1035 1033 
8837 6059 6061 6062 6060 8109 8121 8127 8115 
8838 8109 8121 8127 8115 8110 8122 8128 8116 
8839 8110 8122 8128 8116 8111 8123 8129 8117 
8840 8111 8123 8129 8117 8112 8124 8130 8118 
8841 8112 8124 8130 8118 8113 8125 8131 8119 
8842 8113 8125 8131 8119 8114 8126 8132 8120 
8843 8114 8126 8132 8120 1033 1035 1036 1034 
8844 6060 6062 5653 5652 8115 8127 6349 6348 
8845 8115 8127 6349 6348 8116 8128 6383 6382 
8846 8116 8128 6383 6382 8117 8129 6417 6416 
8847 8117 8129 6417 6416 8118 8130 6451 6450 
8848 8118 8130 6451 6450 8119 8131 6485 6484 
8849 8119 8131 6485 6484 8120 8132 6519 6518 
8850 8120 8132 6519 6518 1034 1036 329 328 
8851 5759 5760 6063 6061 6757 6758 8133 8121 
8852 6757 6758 8133 8121 6791 6792 8134 8122 
8853 6791 6792 8134 8122 6825 6826 8135 8123 
8854 6825 6826 8135 8123 6859 6860 8136 8124 
8855 6859 6860 8136 8124 6893 6894 8137 8125 
8856 6893 6894 8137 8125 6927 6928 8138 8126 
8857 6927 6928 8138 8126 137 138 1037 1035 
8858 6061 6063 6064 6062 8121 8133 8139 8127 
8859 8121 8133 8139 8127 8122 8134 8140 8128 
8860 8122 8134 8140 8128 8123 8135 8141 8129 
8861 8123 8135 8141 8129 8124 8136 8142 8130 
8862 8124 8136 8142 8130 8125 8137 8143 8131 
8863 8125 8137 8143 8131 8126 8138 8144 8132 
8864 8126 8138 8144 8132 1035 1037 1038 1036 
8865 6062 6064 5654 5653 8127 8139 6350 6349 
8866 8127 8139 6350 6349 8128 8140 6384 6383 
8867 8128 8140 6384 6383 8129 8141 6418 6417 
8868 8129 8141 6418 6417 8130 8142 6452 6451 
8869 8130 8142 6452 6451 8131 8143 6486 6485 
8870 8131 8143 6486 6485 8132 8144 6520 6519 
8871 8132 8144 6520 6519 1036 1038 330 329 
8872 5760 5761 6065 6063 6758 6759 8145 8133 
8873 6758 6759 8145 8133 6792 6793 8146 8134 
8874 6792 6793 8146 8134 6826 6827 8147 8135 
8875 6826 6827 8147 8135 6860 6861 8148 8136 
8876 6860 6861 8148 8136 6894 6895 8149 8137 
8877 6894 6895 8149 8137 6928 6929 8150 8138 
8878 6928 6929 8150 8138 138 139 1039 1037 
8879 6063 6065 6066 6064 8133 8145 8151 8139 
8880 8133 8145 8151 8139 8134 8146 8152 8140 
8881 8134 8146 8152 8140 8135 8147 8153 8141 
8882 8135 8147 8153 8141 8136 8148 8154 8142 
8883 8136 8148 8154 8142 8137 8149 8155 8143 
8884 8137 8149 8155 8143 8138 8150 8156 8144 
8885 8138 8150 8156 8144 1037 1039 1040 1038 
8886 6064 6066 5655 5654 8139 8151 6351 6350 
8887 8139 8151 6351 6350 8140 8152 6385 6384 
8888 8140 8152 6385 6384 8141 8153 6419 6418 
8889 8141 8153 6419 6418 8142 8154 6453 6452 
8890 8142 8154 6453 6452 8143 8155 6487 6486 
8891 8143 8155 6487 6486 8144 8156 6521 6520 
8892 8144 8156 6521 6520 1038 1040 331 330 
8893 5761 5762 6067 6065 6759 6760 8157 8145 
8894 6759 6760 8157 8145 6793 6794 8158 8146 
8895 6793 6794 8158 8146 6827 6828 8159 8147 
8896 6827 6828 8159 8147 6861 6862 8160 8148 
8897 6861 6862 8160 8148 6895 6896 8161 8149 
8898 6895 6896 8161 8149 6929 6930 8162 8150 
8899 6929 6930 8162 8150 139 140 1041 1039 
8900 6065 6067 6068 6066 8145 8157 8163 8151 
8901 8145 8157 8163 8151 8146 8158 8164 8152 
8902 8146 8158 8164 8152 8147 8159 8165 8153 
8903 8147 8159 8165 8153 8148 8160 8166 8154 
8904 8148 8160 8166 8154 8149 8161 8167 8155 
8905 8149 8161 8167 8155 8150 8162 8168 8156 
8906 8150 8162 8168 8156 1039 1041 1042 1040 
8907 6066 6068 5656 5655 8151 8163 6352 6351 
8908 8151 8163 6352 6351 8152 8164 6386 6385 
8909 8152 8164 6386 6385 8153 8165 6420 6419 
8910 8153 8165 6420 6419 8154 8166 6454 6453 
8911 8154 8166 6454 6453 8155 8167 6488 6487 
8912 8155 8167 6488 6487 8156 8168 6522 6521 
8913 8156 8168 6522 6521 1040 1042 332 331 
8914 5762 5763 6069 6067 6760 6761 8169 8157 
8915 6760 6761 8169 8157 6794 6795 8170 8158 
8916 6794 6795 8170 8158 6828 6829 8171 8159 
8917 6828 6829 8171 8159 6862 6863 8172 8160 
8918 6862 6863 8172 8160 6896 6897 8173 8161 
8919 6896 6897 8173 8161 6930 6931 8174 8162 
8920 6930 6931 8174 8162 140 141 1043 1041 
8921 6067 6069 6070 6068 8157 8169 8175 8163 
8922 8157 8169 8175 8163 8158 8170 8176 8164 
8923 8158 8170 8176 8164 8159 8171 8177 8165 
8924 8159 8171 8177 8165 8160 8172 8178 8166 
8925 8160 8172 8178 8166 8161 8173 8179 8167 
8926 8161 8173 8179 8167 8162 8174 8180 8168 
8927 8162 8174 8180 8168 1041 1043 1044 1042 
8928 6068 6070 5657 5656 8163 8175 6353 6352 
8929 8163 8175 6353 6352 8164 8176 6387 6386 
8930 8164 8176 6387 6386 8165 8177 6421 6420 
8931 8165 8177 6421 6420 8166 8178 6455 6454 
8932 8166 8178 6455 6454 8167 8179 6489 6488 
8933 8167 8179 6489 6488 8168 8180 6523 6522 
8934 8168 8180 6523 6522 1042 1044 333 332 
8935 5763 5764 6071 6069 6761 6762 8181 8169 
8936 6761 6762 8181 8169 6795 6796 8182 8170 
8937 6795 6796 8182 8170 6829 6830 8183 8171 
8938 6829 6830 8183 8171 6863 6864 8184 8172 
8939 6863 6864 8184 8172 6897 6898 8185 8173 
8940 6897 6898 8185 8173 6931 6932 8186 8174 
8941 6931 6932 8186 8174 141 142 1045 1043 
8942 6069 6071 6072 6070 8169 8181 8187 8175 
8943 8169 8181 8187 8175 8170 8182 8188 8176 
8944 8170 8182 8188 8176 8171 8183 8189 8177 
8945 8171 8183 8189 8177 8172 8184 8190 8178 
8946 8172 8184 8190 8178 8173 8185 8191 8179 
8947 8173 8185 8191 8179 8174 8186 8192 8180 
8948 8174 8186 8192 8180 1043 1045 1046 1044 
8949 6070 6072 5658 5657 8175 8187 6354 6353 
8950 8175 8187 6354 6353 8176 8188 6388 6387 
8951 8176 8188 6388 6387 8177 8189 6422 6421 
8952 8177 8189 6422 6421 8178 8190 6456 6455 
8953 8178 8190 6456 6455 8179 8191 6490 6489 
8954 8179 8191 6490 6489 8180 8192 6524 6523 
8955 8180 8192 6524 6523 1044 1046 334 333 
8956 5764 5765 6073 6071 6762 6763 8193 8181 
8957 6762 6763 8193 8181 6796 6797 8194 8182 
8958 6796 6797 8194 8182 6830 6831 8195 8183 
8959 6830 6831 8195 8183 6864 6865 8196 8184 
8960 6864 6865 8196 8184 6898 6899 8197 8185 
8961 6898 6899 8197 8185 6932 6933 8198 8186 
8962 6932 6933 8198 8186 142 143 1047 1045 
8963 6071 6073 6074 6072 8181 8193 8199 8187 
8964 8181 8193 8199 8187 8182 8194 8200 8188 
8965 8182 8194 8200 8188 8183 8195 8201 8189 
8966 8183 8195 8201 8189 8184 8196 8202 8190 
8967 8184 8196 8202 8190 8185 8197 8203 8191 
8968 8185 8197 8203 8191 8186 8198 8204 8192 
8969 8186 8198 8204 8192 1045 1047 1048 1046 
8970 6072 6074 5659 5658 8187 8199 6355 6354 
8971 8187 8199 6355 6354 8188 8200 6389 6388 
8972 8188 8200 6389 6388 8189 8201 6423 6422 
8973 8189 8201 6423 6422 8190 8202 6457 6456 
8974 8190 8202 6457 6456 8191 8203 6491 6490 
8975 8191 8203 6491 6490 8192 8204 6525 6524 
8976 8192 8204 6525 6524 1046 1048 335 334 
8977 5765 5766 6075 6073 6763 6764 8205 8193 
8978 6763 6764 8205 8193 6797 6798 8206 8194 
8979 6797 6798 8206 8194 6831 6832 8207 8195 
8980 6831 6832 8207 8195 6865 6866 8208 8196 
8981 6865 6866 8208 8196 6899 6900 8209 8197 
8982 6899 6900 8209 8197 6933 6934 8210 8198 
8983 6933 6934 8210 8198 143 144 1049 1047 
8984 6073 6075 6076 6074 8193 8205 8211 8199 
8985 8193 8205 8211 8199 8194 8206 8212 8200 
8986 8194 8206 8212 8200 8195 8207 8213 8201 
8987 8195 8207 8213 8201 8196 8208 8214 8202 
8988 8196 8208 8214 8202 8197 8209 8215 8203 
8989 8197 8209 8215 8203 8198 8210 8216 8204 
8990 8198 8210 8216 8204 1047 1049 1050 1048 
8991 6074 6076 5660 5659 8199 8211 6356 6355 
8992 8199 8211 6356 6355 8200 8212 6390 6389 
8993 8200 8212 6390 6389 8201 8213 6424 6423 
8994 8201 8213 6424 6423 8202 8214 6458 6457 
8995 8202 8214 6458 6457 8203 8215 6492 6491 
8996 8203 8215 6492 6491 8204 8216 6526 6525 
8997 8204 8216 6526 6525 1048 1050 336 335 
8998 5766 5767 6077 6075 6764 6765 8217 8205 
8999 6764 6765 8217 8205 6798 6799 8218 8206 
9000 6798 6799 8218 8206 6832 6833 8219 8207 
9001 6832 6833 8219 8207 6866 6867 8220 8208 
9002 6866 6867 8220 8208 6900 6901 8221 8209 
9003 6900 6901 8221 8209 6934 6935 8222 8210 
9004 6934 6935 8222 8210 144 145 1051 1049 
9005 6075 6077 6078 6076 8205 8217 8223 8211 
9006 8205 8217 8223 8211 8206 8218 8224 8212 
9007 8206 8218 8224 8212 8207 8219 8225 8213 
9008 8207 8219 8225 8213 8208 8220 8226 8214 
9009 8208 8220 8226 8214 8209 8221 8227 8215 
9010 8209 8221 8227 8215 8210 8222 8228 8216 
9011 8210 8222 8228 8216 1049 1051 1052 1050 
9012 6076 6078 5661 5660 8211 8223 6357 6356 
9013 8211 8223 6357 6356 8212 8224 6391 6390 
9014 8212 8224 6391 6390 8213 8225 6425 6424 
9015 8213 8225 6425 6424 8214 8226 6459 6458 
9016 8214 8226 6459 6458 8215 8227 6493 6492 
9017 8215 8227 6493 6492 8216 8228 6527 6526 
9018 8216 8228 6527 6526 1050 1052 337 336 
9019 5767 5768 6079 6077 6765 6766 8229 8217 
9020 6765 6766 8229 8217 6799 6800 8230 8218 
9021 6799 6800 8230 8218 6833 6834 8231 8219 
9022 6833 6834 8231 8219 6867 6868 8232 8220 
9023 6867 6868 8232 8220 6901 6902 8233 8221 
9024 6901 6902 8233 8221 6935 6936 8234 8222 
9025 6935 6936 8234 8222 145 146 1053 1051 
9026 6077 6079 6080 6078 8217 8229 8235 8223 
9027 8217 8229 8235 8223 8218 8230 8236 8224 
9028 8218 8230 8236 8224 8219 8231 8237 8225 
9029 8219 8231 8237 8225 8220 8232 8238 8226 
9030 8220 8232 8238 8226 8221 8233 8239 8227 
9031 8221 8233 8239 8227 8222 8234 8240 8228 
9032 8222 8234 8240 8228 1051 1053 1054 1052 
9033 6078 6080 5662 5661 8223 8235 6358 6357 
9034 8223 8235 6358 6357 8224 8236 6392 6391 
9035 8224 8236 6392 6391 8225 8237 6426 6425 
9036 8225 8237 6426 6425 8226 8238 6460 6459 
9037 8226 8238 6460 6459 8227 8239 6494 6493 
9038 8227 8239 6494 6493 8228 8240 6528 6527 
9039 8228 8240 6528 6527 1052 1054 338 337 
9040 5768 5769 6081 6079 6766 6767 8241 8229 
9041 6766 6767 8241 8229 6800 6801 8242 8230 
9042 6800 6801 8242 8230 6834 6835 8243 8231 
9043 6834 6835 8243 8231 6868 6869 8244 8232 
9044 6868 6869 8244 8232 6902 6903 8245 8233 
9045 6902 6903 8245 8233 6936 6937 8246 8234 
9046 6936 6937 8246 8234 146 147 1055 1053 
9047 6079 6081 6082 6080 8229 8241 8247 8235 
9048 8229 8241 8247 8235 8230 8242 8248 8236 
9049 8230 8242 8248 8236 8231 8243 8249 8237 
9050 8231 8243 8249 8237 8232 8244 8250 8238 
9051 8232 8244 8250 8238 8233 8245 8251 8239 
9052 8233 8245 8251 8239 8234 8246 8252 8240 
9053 8234 8246 8252 8240 1053 1055 1056 1054 
9054 6080 6082 5663 5662 8235 8247 6359 6358 
9055 8235 8247 6359 6358 8236 8248 6393 6392 
9056 8236 8248 6393 6392 8237 8249 6427 6426 
9057 8237 8249 6427 6426 8238 8250 6461 6460 
9058 8238 8250 6461 6460 8239 8251 6495 6494 
9059 8239 8251 6495 6494 8240 8252 6529 6528 
9060 8240 8252 6529 6528 1054 1056 339 338 
9061 5769 5770 6083 6081 6767 6768 8253 8241 
9062 6767 6768 8253 8241 6801 6802 8254 8242 
9063 6801 6802 8254 8242 6835 6836 8255 8243 
9064 6835 6836 8255 8243 6869 6870 8256 8244 
9065 6869 6870 8256 8244 6903 6904 8257 8245 
9066 6903 6904 8257 8245 6937 6938 8258 8246 
9067 6937 6938 8258 8246 147 148 1057 1055 
9068 6081 6083 6084 6082 8241 8253 8259 8247 
9069 8241 8253 8259 8247 8242 8254 8260 8248 
9070 8242 8254 8260 8248 8243 8255 8261 8249 
9071 8243 8255 8261 8249 8244 8256 8262 8250 
9072 8244 8256 8262 8250 8245 8257 8263 8251 
9073 8245 8257 8263 8251 8246 8258 8264 8252 
9074 8246 8258 8264 8252 1055 1057 1058 1056 
9075 6082 6084 5664 5663 8247 8259 6360 6359 
9076 8247 8259 6360 6359 8248 8260 6394 6393 
9077 8248 8260 6394 6393 8249 8261 6428 6427 
9078 8249 8261 6428 6427 8250 8262 6462 6461 
9079 8250 8262 6462 6461 8251 8263 6496 6495 
9080 8251 8263 6496 6495 8252 8264 6530 6529 
9081 8252 8264 6530 6529 1056 1058 340 339 
9082 5770 5771 6085 6083 6768 6769 8265 8253 
9083 6768 6769 8265 8253 6802 6803 8266 8254 
9084 6802 6803 8266 8254 6836 6837 8267 8255 
9085 6836 6837 8267 8255 6870 6871 8268 8256 
9086 6870 6871 8268 8256 6904 6905 8269 8257 
9087 6904 6905 8269 8257 6938 6939 8270 8258 
9088 6938 6939 8270 8258 148 149 1059 1057 
9089 6083 6085 6086 6084 8253 8265 8271 8259 
9090 8253 8265 8271 8259 8254 8266 8272 8260 
9091 8254 8266 8272 8260 8255 8267 8273 8261 
9092 8255 8267 8273 8261 8256 8268 8274 8262 
9093 8256 8268 8274 8262 8257 8269 8275 8263 
9094 8257 8269 8275 8263 8258 8270 8276 8264 
9095 8258 8270 8276 8264 1057 1059 1060 1058 
9096 6084 6086 5665 5664 8259 8271 6361 6360 
9097 8259 8271 6361 6360 8260 8272 6395 6394 
9098 8260 8272 6395 6394 8261 8273 6429 6428 
9099 8261 8273 6429 6428 8262 8274 6463 6462 
9100 8262 8274 6463 6462 8263 8275 6497 6496 
9101 8263 8275 6497 6496 8264 8276 6531 6530 
9102 8264 8276 6531 6530 1058 1060 341 340 
9103 5771 5772 6087 6085 6769 6770 8277 8265 
9104 6769 6770 8277 8265 6803 6804 8278 8266 
9105 6803 6804 8278 8266 6837 6838 8279 8267 
9106 6837 6838 8279 8267 6871 6872 8280 8268 
9107 6871 6872 8280 8268 6905 6906 8281 8269 
9108 6905 6906 8281 8269 6939 6940 8282 8270 
9109 6939 6940 8282 8270 149 150 1061 1059 
9110 6085 6087 6088 6086 8265 8277 8283 8271 
9111 8265 8277 8283 8271 8266 8278 8284 8272 
9112 8266 8278 8284 8272 8267 8279 8285 8273 
9113 8267 8279 8285 8273 8268 8280 8286 8274 
9114 8268 8280 8286 8274 8269 8281 8287 8275 
9115 8269 8281 8287 8275 8270 8282 8288 8276 
9116 8270 8282 8288 8276 1059 1061 1062 1060 
9117 6086 6088 5666 5665 8271 8283 6362 6361 
9118 8271 8283 6362 6361 8272 8284 6396 6395 
9119 8272 8284 6396 6395 8273 8285 6430 6429 
9120 8273 8285 6430 6429 8274 8286 6464 6463 
9121 8274 8286 6464 6463 8275 8287 6498 6497 
9122 8275 8287 6498 6497 8276 8288 6532 6531 
9123 8276 8288 6532 6531 1060 1062 342 341 
9124 5772 5773 6089 6087 6770 6771 8289 8277 
9125 6770 6771 8289 8277 6804 6805 8290 8278 
9126 6804 6805 8290 8278 6838 6839 8291 8279 
9127 6838 6839 8291 8279 6872 6873 8292 8280 
9128 6872 6873 8292 8280 6906 6907 8293 8281 
9129 6906 6907 8293 8281 6940 6941 8294 8282 
9130 6940 6941 8294 8282 150 151 1063 1061 
9131 6087 6089 6090 6088 8277 8289 8295 8283 
9132 8277 8289 8295 8283 8278 8290 8296 8284 
9133 8278 8290 8296 8284 8279 8291 8297 8285 
9134 8279 8291 8297 8285 8280 8292 8298 8286 
9135 8280 8292 8298 8286 8281 8293 8299 8287 
9136 8281 8293 8299 8287 8282 8294 8300 8288 
9137 8282 8294 8300 8288 1061 1063 1064 1062 
9138 6088 6090 5667 5666 8283 8295 6363 6362 
9139 8283 8295 6363 6362 8284 8296 6397 6396 
9140 8284 8296 6397 6396 8285 8297 6431 6430 
9141 8285 8297 6431 6430 8286 8298 6465 6464 
9142 8286 8298 6465 6464 8287 8299 6499 6498 
9143 8287 8299 6499 6498 8288 8300 6533 6532 
9144 8288 8300 6533 6532 1062 1064 343 342 
9145 5773 5774 6091 6089 6771 6772 8301 8289 
9146 6771 6772 8301 8289 6805 6806 8302 8290 
9147 6805 6806 8302 8290 6839 6840 8303 8291 
9148 6839 6840 8303 8291 6873 6874 8304 8292 
9149 6873 6874 8304 8292 6907 6908 8305 8293 
9150 6907 6908 8305 8293 6941 6942 8306 8294 
9151 6941 6942 8306 8294 151 152 1065 1063 
9152 6089 6091 6092 6090 8289 8301 8307 8295 
9153 8289 8301 8307 8295 8290 8302 8308 8296 
9154 8290 8302 8308 8296 8291 8303 8309 8297 
9155 8291 8303 8309 8297 8292 8304 8310 8298 
9156 8292 8304 8310 8298 8293 8305 8311 8299 
9157 8293 8305 8311 8299 8294 8306 8312 8300 
9158 8294 8306 8312 8300 1063 1065 1066 1064 
9159 6090 6092 5668 5667 8295 8307 6364 6363 
9160 8295 8307 6364 6363 8296 8308 6398 6397 
9161 8296 8308 6398 6397 8297 8309 6432 6431 
9162 8297 8309 6432 6431 8298 8310 6466 6465 
9163 8298 8310 6466 6465 8299 8311 6500 6499 
9164 8299 8311 6500 6499 8300 8312 6534 6533 
9165 8300 8312 6534 6533 1064 1066 344 343 
9166 5774 5775 6093 6091 6772 6773 8313 8301 
9167 6772 6773 8313 8301 6806 6807 8314 8302 
9168 6806 6807 8314 8302 6840 6841 8315 8303 
9169 6840 6841 8315 8303 6874 6875 8316 8304 
9170 6874 6875 8316 8304 6908 6909 8317 8305 
9171 6908 6909 8317 8305 6942 6943 8318 8306 
9172 6942 6943 8318 8306 152 153 1067 1065 
9173 6091 6093 6094 6092 8301 8313 8319 8307 
9174 8301 8313 8319 8307 8302 8314 8320 8308 
9175 8302 8314 8320 8308 8303 8315 8321 8309 
9176 8303 8315 8321 8309 8304 8316 8322 8310 
9177 8304 8316 8322 8310 8305 8317 8323 8311 
9178 8305 8317 8323 8311 8306 8318 8324 8312 
9179 8306 8318 8324 8312 1065 1067 1068 1066 
9180 6092 6094 5669 5668 8307 8319 6365 6364 
9181 8307 8319 6365 6364 8308 8320 6399 6398 
9182 8308 8320 6399 6398 8309 8321 6433 6432 
9183 8309 8321 6433 6432 8310 8322 6467 6466 
9184 8310 8322 6467 6466 8311 8323 6501 6500 
9185 8311 8323 6501 6500 8312 8324 6535 6534 
9186 8312 8324 6535 6534 1066 1068 345 344 
9187 5775 5776 6095 6093 6773 6774 8325 8313 
9188 6773 6774 8325 8313 6807 6808 8326 8314 
9189 6807 6808 8326 8314 6841 6842 8327 8315 
9190 6841 6842 8327 8315 6875 6876 8328 8316 
9191 6875 6876 8328 8316 6909 6910 8329 8317 
9192 6909 6910 8329 8317 6943 6944 8330 8318 
9193 6943 6944 8330 8318 153 154 1069 1067 
9194 6093 6095 6096 6094 8313 8325 8331 8319 
9195 8313 8325 8331 8319 8314 8326 8332 8320 
9196 8314 8326 8332 8320 8315 8327 8333 8321 
9197 8315 8327 8333 8321 8316 8328 8334 8322 
9198 8316 8328 8334 8322 8317 8329 8335 8323 
9199 8317 8329 8335 8323 8318 8330 8336 8324 
9200 8318 8330 8336 8324 1067 1069 1070 1068 
9201 6094 6096 5670 5669 8319 8331 6366 6365 
9202 8319 8331 6366 6365 8320 8332 6400 6399 
9203 8320 8332 6400 6399 8321 8333 6434 6433 
9204 8321 8333 6434 6433 8322 8334 6468 6467 
9205 8322 8334 6468 6467 8323 8335 6502 6501 
9206 8323 8335 6502 6501 8324 8336 6536 6535 
9207 8324 8336 6536 6535 1068 1070 346 345 
9208 5776 5777 6097 6095 6774 6775 8337 8325 
9209 6774 6775 8337 8325 6808 6809 8338 8326 
9210 6808 6809 8338 8326 6842 6843 8339 8327 
9211 6842 6843 8339 8327 6876 6877 8340 8328 
9212 6876 6877 8340 8328 6910 6911 8341 8329 
9213 6910 6911 8341 8329 6944 6945 8342 8330 
9214 6944 6945 8342 8330 154 155 1071 1069 
9215 6095 6097 6098 6096 8325 8337 8343 8331 
9216 8325 8337 8343 8331 8326 8338 8344 8332 
9217 8326 8338 8344 8332 8327 8339 8345 8333 
9218 8327 8339 8345 8333 8328 8340 8346 8334 
9219 8328 8340 8346 8334 8329 8341 8347 8335 
9220 8329 8341 8347 8335 8330 8342 8348 8336 
9221 8330 8342 8348 8336 1069 1071 1072 1070 
9222 6096 6098 5671 5670 8331 8343 6367 6366 
9223 8331 8343 6367 6366 8332 8344 6401 6400 
9224 8332 8344 6401 6400 8333 8345 6435 6434 
9225 8333 8345 6435 6434 8334 8346 6469 6468 
9226 8334 8346 6469 6468 8335 8347 6503 6502 
9227 8335 8347 6503 6502 8336 8348 6537 6536 
9228 8336 8348 6537 6536 1070 1072 347 346 
9229 5777 5778 6099 6097 6775 6776 8349 8337 
9230 6775 6776 8349 8337 6809 6810 8350 8338 
9231 6809 6810 8350 8338 6843 6844 8351 8339 
9232 6843 6844 8351 8339 6877 6878 8352 8340 
9233 6877 6878 8352 8340 6911 6912 8353 8341 
9234 6911 6912 8353 8341 6945 6946 8354 8342 
9235 6945 6946 8354 8342 155 156 1073 1071 
9236 6097 6099 6100 6098 8337 8349 8355 8343 
9237 8337 8349 8355 8343 8338 8350 8356 8344 
9238 8338 8350 8356 8344 8339 8351 8357 8345 
9239 8339 8351 8357 8345 8340 8352 8358 8346 
9240 8340 8352 8358 8346 8341 8353 8359 8347 
9241 8341 8353 8359 8347 8342 8354 8360 8348 
9242 8342 8354 8360 8348 1071 1073 1074 1072 
9243 6098 6100 5672 5671 8343 8355 6368 6367 
9244 8343 8355 6368 6367 8344 8356 6402 6401 
9245 8344 8356 6402 6401 8345 8357 6436 6435 
9246 8345 8357 6436 6435 8346 8358 6470 6469 
9247 8346 8358 6470 6469 8347 8359 6504 6503 
9248 8347 8359 6504 6503 8348 8360 6538 6537 
9249 8348 8360 6538 6537 1072 1074 348 347 
9250 5778 5779 6101 6099 6776 6777 8361 8349 
9251 6776 6777 8361 8349 6810 6811 8362 8350 
9252 6810 6811 8362 8350 6844 6845 8363 8351 
9253 6844 6845 8363 8351 6878 6879 8364 8352 
9254 6878 6879 8364 8352 6912 6913 8365 8353 
9255 6912 6913 8365 8353 6946 6947 8366 8354 
9256 6946 6947 8366 8354 156 157 1075 1073 
9257 6099 6101 6102 6100 8349 8361 8367 8355 
9258 8349 8361 8367 8355 8350 8362 8368 8356 
9259 8350 8362 8368 8356 8351 8363 8369 8357 
9260 8351 8363 8369 8357 8352 8364 8370 8358 
9261 8352 8364 8370 8358 8353 8365 8371 8359 
9262 8353 8365 8371 8359 8354 8366 8372 8360 
9263 8354 8366 8372 8360 1073 1075 1076 1074 
9264 6100 6102 5673 5672 8355 8367 6369 6368 
9265 8355 8367 6369 6368 8356 8368 6403 6402 
9266 8356 8368 6403 6402 8357 8369 6437 6436 
9267 8357 8369 6437 6436 8358 8370 6471 6470 
9268 8358 8370 6471 6470 8359 8371 6505 6504 
9269 8359 8371 6505 6504 8360 8372 6539 6538 
9270 8360 8372 6539 6538 1074 1076 349 348 
9271 5779 5780 6103 6101 6777 6778 8373 8361 
9272 6777 6778 8373 8361 6811 6812 8374 8362 
9273 6811 6812 8374 8362 6845 6846 8375 8363 
9274 6845 6846 8375 8363 6879 6880 8376 8364 
9275 6879 6880 8376 8364 6913 6914 8377 8365 
9276 6913 6914 8377 8365 6947 6948 8378 8366 
9277 6947 6948 8378 8366 157 158 1077 1075 
9278 6101 6103 6104 6102 8361 8373 8379 8367 
9279 8361 8373 8379 8367 8362 8374 8380 8368 
9280 8362 8374 8380 8368 8363 8375 8381 8369 
9281 8363 8375 8381 8369 8364 8376 8382 8370 
9282 8364 8376 8382 8370 8365 8377 8383 8371 
9283 8365 8377 8383 8371 8366 8378 8384 8372 
9284 8366 8378 8384 8372 1075 1077 1078 1076 
9285 6102 6104 5674 5673 8367 8379 6370 6369 
9286 8367 8379 6370 6369 8368 8380 6404 6403 
9287 8368 8380 6404 6403 8369 8381 6438 6437 
9288 8369 8381 6438 6437 8370 8382 6472 6471 
9289 8370 8382 6472 6471 8371 8383 6506 6505 
9290 8371 8383 6506 6505 8372 8384 6540 6539 
9291 8372 8384 6540 6539 1076 1078 350 349 
9292 5780 5632 5783 6103 6778 5827 6325 8373 
9293 6778 5827 6325 8373 6812 5828 6327 8374 
9294 6812 5828 6327 8374 6846 5829 6329 8375 
9295 6846 5829 6329 8375 6880 5830 6331 8376 
9296 6880 5830 6331 8376 6914 5831 6333 8377 
9297 6914 5831 6333 8377 6948 5832 6335 8378 
9298 6948 5832 6335 8378 158 10 315 1077 
9299 6103 5783 5784 6104 8373 6325 6326 8379 
9300 8373 6325 6326 8379 8374 6327 6328 8380 
9301 8374 6327 6328 8380 8375 6329 6330 8381 
9302 8375 6329 6330 8381 8376 6331 6332 8382 
9303 8376 6331 6332 8382 8377 6333 6334 8383 
9304 8377 6333 6334 8383 8378 6335 6336 8384 
9305 8378 6335 6336 8384 1077 315 316 1078 
9306 6104 5784 5629 5674 8379 6326 5809 6370 
9307 8379 6326 5809 6370 8380 6328 5810 6404 
9308 8380 6328 5810 6404 8381 6330 5811 6438 
9309 8381 6330 5811 6438 8382 6332 5812 6472 
9310 8382 6332 5812 6472 8383 6334 5813 6506 
9311 8383 6334 5813 6506 8384 6336 5814 6540 
9312 8384 6336 5814 6540 1078 316 22 350 
3 182 5 735
9313 5626 5675 5901 5635 5791 6541 8385 6253 
9314 5791 6541 8385 6253 5792 6575 8386 6255 
9315 5792 6575 8386 6255 5793 6609 8387 6257 
9316 5793 6609 8387 6257 5794 6643 8388 6259 
9317 5794 6643 8388 6259 5795 6677 8389 6261 
9318 5795 6677 8389 6261 5796 6711 8390 6263 
9319 5796 6711 8390 6263 24 390 1150 356 
9320 5635 5901 5902 5636 6253 8385 8391 6254 
9321 6253 8385 8391 6254 6255 8386 8392 6256 
9322 6255 8386 8392 6256 6257 8387 8393 6258 
9323 6257 8387 8393 6258 6259 8388 8394 6260 
9324 6259 8388 8394 6260 6261 8389 8395 6262 
9325 6261 8389 8395 6262 6263 8390 8396 6264 
9326 6263 8390 8396 6264 356 1150 1149 355 
9327 5636 5902 5711 5627 6254 8391 6949 5797 
9328 6254 8391 6949 5797 6256 8392 6983 5798 
9329 6256 8392 6983 5798 6258 8393 7017 5799 
9330 6258 8393 7017 5799 6260 8394 7051 5800 
9331 6260 8394 7051 5800 6262 8395 7085 5801 
9332 6262 8395 7085 5801 6264 8396 7119 5802 
9333 6264 8396 7119 5802 355 1149 194 12 
9334 5675 5676 5903 5901 6541 6542 8397 8385 
9335 6541 6542 8397 8385 6575 6576 8398 8386 
9336 6575 6576 8398 8386 6609 6610 8399 8387 
9337 6609 6610 8399 8387 6643 6644 8400 8388 
9338 6643 6644 8400 8388 6677 6678 8401 8389 
9339 6677 6678 8401 8389 6711 6712 8402 8390 
9340 6711 6712 8402 8390 390 389 1148 1150 
9341 5901 5903 5904 5902 8385 8397 8403 8391 
9342 8385 8397 8403 8391 8386 8398 8404 8392 
9343 8386 8398 8404 8392 8387 8399 8405 8393 
9344 8387 8399 8405 8393 8388 8400 8406 8394 
9345 8388 8400 8406 8394 8389 8401 8407 8395 
9346 8389 8401 8407 8395 8390 8402 8408 8396 
9347 8390 8402 8408 8396 1150 1148 1147 1149 
9348 5902 5904 5712 5711 8391 8403 6950 6949 
9349 8391 8403 6950 6949 8392 8404 6984 6983 
9350 8392 8404 6984 6983 8393 8405 7018 7017 
9351 8393 8405 7018 7017 8394 8406 7052 7051 
9352 8394 8406 7052 7051 8395 8407 7086 7085 
9353 8395 8407 7086 7085 8396 8408 7120 7119 
9354 8396 8408 7120 7119 1149 1147 193 194 
9355 5676 5677 5905 5903 6542 6543 8409 8397 
9356 6542 6543 8409 8397 6576 6577 8410 8398 
9357 6576 6577 8410 8398 6610 6611 8411 8399 
9358 6610 6611 8411 8399 6644 6645 8412 8400 
9359 6644 6645 8412 8400 6678 6679 8413 8401 
9360 6678 6679 8413 8401 6712 6713 8414 8402 
9361 6712 6713 8414 8402 389 388 1146 1148 
9362 5903 5905 5906 5904 8397 8409 8415 8403 
9363 8397 8409 8415 8403 8398 8410 8416 8404 
9364 8398 8410 8416 8404 8399 8411 8417 8405 
9365 8399 8411 8417 8405 8400 8412 8418 8406 
9366 8400 8412 8418 8406 8401 8413 8419 8407 
9367 8401 8413 8419 8407 8402 8414 8420 8408 
9368 8402 8414 8420 8408 1148 1146 1145 1147 
9369 5904 5906 5713 5712 8403 8415 6951 6950 
9370 8403 8415 6951 6950 8404 8416 6985 6984 
9371 8404 8416 6985 6984 8405 8417 7019 7018 
9372 8405 8417 7019 7018 8406 8418 7053 7052 
9373 8406 8418 7053 7052 8407 8419 7087 7086 
9374 8407 8419 7087 7086 8408 8420 7121 7120 
9375 8408 8420 7121 7120 1147 1145 192 193 
9376 5677 5678 5907 5905 6543 6544 8421 8409 
9377 6543 6544 8421 8409 6577 6578 8422 8410 
9378 6577 6578 8422 8410 6611 6612 8423 8411 
9379 6611 6612 8423 8411 6645 6646 8424 8412 
9380 6645 6646 8424 8412 6679 6680 8425 8413 
9381 6679 6680 8425 8413 6713 6714 8426 8414 
9382 6713 6714 8426 8414 388 387 1144 1146 
9383 5905 5907 5908 5906 8409 8421 8427 8415 
9384 8409 8421 8427 8415 8410 8422 8428 8416 
9385 8410 8422 8428 8416 8411 8423 8429 8417 
9386 8411 8423 8429 8417 8412 8424 8430 8418 
9387 8412 8424 8430 8418 8413 8425 8431 8419 
9388 8413 8425 8431 8419 8414 8426 8432 8420 
9389 8414 8426 8432 8420 1146 1144 1143 1145 
9390 5906 5908 5714 5713 8415 8427 6952 6951 
9391 8415 8427 6952 6951 8416 8428 6986 6985 
9392 8416 8428 6986 6985 8417 8429 7020 7019 
9393 8417 8429 7020 7019 8418 8430 7054 7053 
9394 8418 8430 7054 7053 8419 8431 7088 7087 
9395 8419 8431 7088 7087 8420 8432 7122 7121 
9396 8420 8432 7122 7121 1145 1143 191 192 
9397 5678 5679 5909 5907 6544 6545 8433 8421 
9398 6544 6545 8433 8421 6578 6579 8434 8422 
9399 6578 6579 8434 8422 6612 6613 8435 8423 
9400 6612 6613 8435 8423 6646 6647 8436 8424 
9401 6646 6647 8436 8424 6680 6681 8437 8425 
9402 6680 6681 8437 8425 6714 6715 8438 8426 
9403 6714 6715 8438 8426 387 386 1142 1144 
9404 5907 5909 5910 5908 8421 8433 8439 8427 
9405 8421 8433 8439 8427 8422 8434 8440 8428 
9406 8422 8434 8440 8428 8423 8435 8441 8429 
9407 8423 8435 8441 8429 8424 8436 8442 8430 
9408 8424 8436 8442 8430 8425 8437 8443 8431 
9409 8425 8437 8443 8431 8426 8438 8444 8432 
9410 8426 8438 8444 8432 1144 1142 1141 1143 
9411 5908 5910 5715 5714 8427 8439 6953 6952 
9412 8427 8439 6953 6952 8428 8440 6987 6986 
9413 8428 8440 6987 6986 8429 8441 7021 7020 
9414 8429 8441 7021 7020 8430 8442 7055 7054 
9415 8430 8442 7055 7054 8431 8443 7089 7088 
9416 8431 8443 7089 7088 8432 8444 7123 7122 
9417 8432 8444 7123 7122 1143 1141 190 191 
9418 5679 5680 5911 5909 6545 6546 8445 8433 
9419 6545 6546 8445 8433 6579 6580 8446 8434 
9420 6579 6580 8446 8434 6613 6614 8447 8435 
9421 6613 6614 8447 8435 6647 6648 8448 8436 
9422 6647 6648 8448 8436 6681 6682 8449 8437 
9423 6681 6682 8449 8437 6715 6716 8450 8438 
9424 6715 6716 8450 8438 386 385 1140 1142 
9425 5909 5911 5912 5910 8433 8445 8451 8439 
9426 8433 8445 8451 8439 8434 8446 8452 8440 
9427 8434 8446 8452 8440 8435 8447 8453 8441 
9428 8435 8447 8453 8441 8436 8448 8454 8442 
9429 8436 8448 8454 8442 8437 8449 8455 8443 
9430 8437 8449 8455 8443 8438 8450 8456 8444 
9431 8438 8450 8456 8444 1142 1140 1139 1141 
9432 5910 5912 5716 5715 8439 8451 6954 6953 
9433 8439 8451 6954 6953 8440 8452 6988 6987 
9434 8440 8452 6988 6987 8441 8453 7022 7021 
9435 8441 8453 7022 7021 8442 8454 7056 7055 
9436 8442 8454 7056 7055 8443 8455 7090 7089 
9437 8443 8455 7090 7089 8444 8456 7124 7123 
9438 8444 8456 7124 7123 1141 1139 189 190 
9439 5680 5681 5913 5911 6546 6547 8457 8445 
9440 6546 6547 8457 8445 6580 6581 8458 8446 
9441 6580 6581 8458 8446 6614 6615 8459 8447 
9442 6614 6615 8459 8447 6648 6649 8460 8448 
9443 6648 6649 8460 8448 6682 6683 8461 8449 
9444 6682 6683 8461 8449 6716 6717 8462 8450 
9445 6716 6717 8462 8450 385 384 1138 1140 
9446 5911 5913 5914 5912 8445 8457 8463 8451 
9447 8445 8457 8463 8451 8446 8458 8464 8452 
9448 8446 8458 8464 8452 8447 8459 8465 8453 
9449 8447 8459 8465 8453 8448 8460 8466 8454 
9450 8448 8460 8466 8454 8449 8461 8467 8455 
9451 8449 8461 8467 8455 8450 8462 8468 8456 
9452 8450 8462 8468 8456 1140 1138 1137 1139 
9453 5912 5914 5717 5716 8451 8463 6955 6954 
9454 8451 8463 6955 6954 8452 8464 6989 6988 
9455 8452 8464 6989 6988 8453 8465 7023 7022 
9456 8453 8465 7023 7022 8454 8466 7057 7056 
9457 8454 8466 7057 7056 8455 8467 7091 7090 
9458 8455 8467 7091 7090 8456 8468 7125 7124 
9459 8456 8468 7125 7124 1139 1137 188 189 
9460 5681 5682 5915 5913 6547 6548 8469 8457 
9461 6547 6548 8469 8457 6581 6582 8470 8458 
9462 6581 6582 8470 8458 6615 6616 8471 8459 
9463 6615 6616 8471 8459 6649 6650 8472 8460 
9464 6649 6650 8472 8460 6683 6684 8473 8461 
9465 6683 6684 8473 8461 6717 6718 8474 8462 
9466 6717 6718 8474 8462 384 383 1136 1138 
9467 5913 5915 5916 5914 8457 8469 8475 8463 
9468 8457 8469 8475 8463 8458 8470 8476 8464 
9469 8458 8470 8476 8464 8459 8471 8477 8465 
9470 8459 8471 8477 8465 8460 8472 8478 8466 
9471 8460 8472 8478 8466 8461 8473 8479 8467 
9472 8461 8473 8479 8467 8462 8474 8480 8468 
9473 8462 8474 8480 8468 1138 1136 1135 1137 
9474 5914 5916 5718 5717 8463 8475 6956 6955 
9475 8463 8475 6956 6955 8464 8476 6990 6989 
9476 8464 8476 6990 6989 8465 8477 7024 7023 
9477 8465 8477 7024 7023 8466 8478 7058 7057 
9478 8466 8478 7058 7057 8467 8479 7092 7091 
9479 8467 8479 7092 7091 8468 8480 7126 7125 
9480 8468 8480 7126 7125 1137 1135 187 188 
9481 5682 5683 5917 5915 6548 6549 8481 8469 
9482 6548 6549 8481 8469 6582 6583 8482 8470 
9483 6582 6583 8482 8470 6616 6617 8483 8471 
9484 6616 6617 8483 8471 6650 6651 8484 8472 
9485 6650 6651 8484 8472 6684 6685 8485 8473 
9486 6684 6685 8485 8473 6718 6719 8486 8474 
9487 6718 6719 8486 8474 383 382 1134 1136 
9488 5915 5917 5918 5916 8469 8481 8487 8475 
9489 8469 8481 8487 8475 8470 8482 8488 8476 
9490 8470 8482 8488 8476 8471 8483 8489 8477 
9491 8471 8483 8489 8477 8472 8484 8490 8478 
9492 8472 8484 8490 8478 8473 8485 8491 8479 
9493 8473 8485 8491 8479 8474 8486 8492 8480 
9494 8474 8486 8492 8480 1136 1134 1133 1135 
9495 5916 5918 5719 5718 8475 8487 6957 6956 
9496 8475 8487 6957 6956 8476 8488 6991 6990 
9497 8476 8488 6991 6990 8477 8489 7025 7024 
9498 8477 8489 7025 7024 8478 8490 7059 7058 
9499 8478 8490 7059 7058 8479 8491 7093 7092 
9500 8479 8491 7093 7092 8480 8492 7127 7126 
9501 8480 8492 7127 7126 1135 1133 186 187 
9502 5683 5684 5919 5917 6549 6550 8493 8481 
9503 6549 6550 8493 8481 6583 6584 8494 8482 
9504 6583 6584 8494 8482 6617 6618 8495 8483 
9505 6617 6618 8495 8483 6651 6652 8496 8484 
9506 6651 6652 8496 8484 6685 6686 8497 8485 
9507 6685 6686 8497 8485 6719 6720 8498 8486 
9508 6719 6720 8498 8486 382 381 1132 1134 
9509 5917 5919 5920 5918 8481 8493 8499 8487 
9510 8481 8493 8499 8487 8482 8494 8500 8488 
9511 8482 8494 8500 8488 8483 8495 8501 8489 
9512 8483 8495 8501 8489 8484 8496 8502 8490 
9513 8484 8496 8502 8490 8485 8497 8503 8491 
9514 8485 8497 8503 8491 8486 8498 8504 8492 
9515 8486 8498 8504 8492 1134 1132 1131 1133 
9516 5918 5920 5720 5719 8487 8499 6958 6957 
9517 8487 8499 6958 6957 8488 8500 6992 6991 
9518 8488 8500 6992 6991 8489 8501 7026 7025 
9519 8489 8501 7026 7025 8490 8502 7060 7059 
9520 8490 8502 7060 7059 8491 8503 7094 7093 
9521 8491 8503 7094 7093 8492 8504 7128 7127 
9522 8492 8504 7128 7127 1133 1131 185 186 
9523 5684 5685 5921 5919 6550 6551 8505 8493 
9524 6550 6551 8505 8493 6584 6585 8506 8494 
9525 6584 6585 8506 8494 6618 6619 8507 8495 
9526 6618 6619 8507 8495 6652 6653 8508 8496 
9527 6652 6653 8508 8496 6686 6687 8509 8497 
9528 6686 6687 8509 8497 6720 6721 8510 8498 
9529 6720 6721 8510 8498 381 380 1130 1132 
9530 5919 5921 5922 5920 8493 8505 8511 8499 
9531 8493 8505 8511 8499 8494 8506 8512 8500 
9532 8494 8506 8512 8500 8495 8507 8513 8501 
9533 8495 8507 8513 8501 8496 8508 8514 8502 
9534 8496 8508 8514 8502 8497 8509 8515 8503 
9535 8497 8509 8515 8503 8498 8510 8516 8504 
9536 8498 8510 8516 8504 1132 1130 1129 1131 
9537 5920 5922 5721 5720 8499 8511 6959 6958 
9538 8499 8511 6959 6958 8500 8512 6993 6992 
9539 8500 8512 6993 6992 8501 8513 7027 7026 
9540 8501 8513 7027 7026 8502 8514 7061 7060 
9541 8502 8514 7061 7060 8503 8515 7095 7094 
9542 8503 8515 7095 7094 8504 8516 7129 7128 
9543 8504 8516 7129 7128 1131 1129 184 185 
9544 5685 5686 5923 5921 6551 6552 8517 8505 
9545 6551 6552 8517 8505 6585 6586 8518 8506 
9546 6585 6586 8518 8506 6619 6620 8519 8507 
9547 6619 6620 8519 8507 6653 6654 8520 8508 
9548 6653 6654 8520 8508 6687 6688 8521 8509 
9549 6687 6688 8521 8509 6721 6722 8522 8510 
9550 6721 6722 8522 8510 380 379 1128 1130 
9551 5921 5923 5924 5922 8505 8517 8523 8511 
9552 8505 8517 8523 8511 8506 8518 8524 8512 
9553 8506 8518 8524 8512 8507 8519 8525 8513 
9554 8507 8519 8525 8513 8508 8520 8526 8514 
9555 8508 8520 8526 8514 8509 8521 8527 8515 
9556 8509 8521 8527 8515 8510 8522 8528 8516 
9557 8510 8522 8528 8516 1130 1128 1127 1129 
9558 5922 5924 5722 5721 8511 8523 6960 6959 
9559 8511 8523 6960 6959 8512 8524 6994 6993 
9560 8512 8524 6994 6993 8513 8525 7028 7027 
9561 8513 8525 7028 7027 8514 8526 7062 7061 
9562 8514 8526 7062 7061 8515 8527 7096 7095 
9563 8515 8527 7096 7095 8516 8528 7130 7129 
9564 8516 8528 7130 7129 1129 1127 183 184 
9565 5686 5687 5925 5923 6552 6553 8529 8517 
9566 6552 6553 8529 8517 6586 6587 8530 8518 
9567 6586 6587 8530 8518 6620 6621 8531 8519 
9568 6620 6621 8531 8519 6654 6655 8532 8520 
9569 6654 6655 8532 8520 6688 6689 8533 8521 
9570 6688 6689 8533 8521 6722 6723 8534 8522 
9571 6722 6723 8534 8522 379 378 1126 1128 
9572 5923 5925 5926 5924 8517 8529 8535 8523 
9573 8517 8529 8535 8523 8518 8530 8536 8524 
9574 8518 8530 8536 8524 8519 8531 8537 8525 
9575 8519 8531 8537 8525 8520 8532 8538 8526 
9576 8520 8532 8538 8526 8521 8533 8539 8527 
9577 8521 8533 8539 8527 8522 8534 8540 8528 
9578 8522 8534 8540 8528 1128 1126 1125 1127 
9579 5924 5926 5723 5722 8523 8535 6961 6960 
9580 8523 8535 6961 6960 8524 8536 6995 6994 
9581 8524 8536 6995 6994 8525 8537 7029 7028 
9582 8525 8537 7029 7028 8526 8538 7063 7062 
9583 8526 8538 7063 7062 8527 8539 7097 7096 
9584 8527 8539 7097 7096 8528 8540 7131 7130 
9585 8528 8540 7131 7130 1127 1125 182 183 
9586 5687 5688 5927 5925 6553 6554 8541 8529 
9587 6553 6554 8541 8529 6587 6588 8542 8530 
9588 6587 6588 8542 8530 6621 6622 8543 8531 
9589 6621 6622 8543 8531 6655 6656 8544 8532 
9590 6655 6656 8544 8532 6689 6690 8545 8533 
9591 6689 6690 8545 8533 6723 6724 8546 8534 
9592 6723 6724 8546 8534 378 377 1124 1126 
9593 5925 5927 5928 5926 8529 8541 8547 8535 
9594 8529 8541 8547 8535 8530 8542 8548 8536 
9595 8530 8542 8548 8536 8531 8543 8549 8537 
9596 8531 8543 8549 8537 8532 8544 8550 8538 
9597 8532 8544 8550 8538 8533 8545 8551 8539 
9598 8533 8545 8551 8539 8534 8546 8552 8540 
9599 8534 8546 8552 8540 1126 1124 1123 1125 
9600 5926 5928 5724 5723 8535 8547 6962 6961 
9601 8535 8547 6962 6961 8536 8548 6996 6995 
9602 8536 8548 6996 6995 8537 8549 7030 7029 
9603 8537 8549 7030 7029 8538 8550 7064 7063 
9604 8538 8550 7064 7063 8539 8551 7098 7097 
9605 8539 8551 7098 7097 8540 8552 7132 7131 
9606 8540 8552 7132 7131 1125 1123 181 182 
9607 5688 5689 5929 5927 6554 6555 8553 8541 
9608 6554 6555 8553 8541 6588 6589 8554 8542 
9609 6588 6589 8554 8542 6622 6623 8555 8543 
9610 6622 6623 8555 8543 6656 6657 8556 8544 
9611 6656 6657 8556 8544 6690 6691 8557 8545 
9612 6690 6691 8557 8545 6724 6725 8558 8546 
9613 6724 6725 8558 8546 377 376 1122 1124 
9614 5927 5929 5930 5928 8541 8553 8559 8547 
9615 8541 8553 8559 8547 8542 8554 8560 8548 
9616 8542 8554 8560 8548 8543 8555 8561 8549 
9617 8543 8555 8561 8549 8544 8556 8562 8550 
9618 8544 8556 8562 8550 8545 8557 8563 8551 
9619 8545 8557 8563 8551 8546 8558 8564 8552 
9620 8546 8558 8564 8552 1124 1122 1121 1123 
9621 5928 5930 5725 5724 8547 8559 6963 6962 
9622 8547 8559 6963 6962 8548 8560 6997 6996 
9623 8548 8560 6997 6996 8549 8561 7031 7030 
9624 8549 8561 7031 7030 8550 8562 7065 7064 
9625 8550 8562 7065 7064 8551 8563 7099 7098 
9626 8551 8563 7099 7098 8552 8564 7133 7132 
9627 8552 8564 7133 7132 1123 1121 180 181 
9628 5689 5690 5931 5929 6555 6556 8565 8553 
9629 6555 6556 8565 8553 6589 6590 8566 8554 
9630 6589 6590 8566 8554 6623 6624 8567 8555 
9631 6623 6624 8567 8555 6657 6658 8568 8556 
9632 6657 6658 8568 8556 6691 6692 8569 8557 
9633 6691 6692 8569 8557 6725 6726 8570 8558 
9634 6725 6726 8570 8558 376 375 1120 1122 
9635 5929 5931 5932 5930 8553 8565 8571 8559 
9636 8553 8565 8571 8559 8554 8566 8572 8560 
9637 8554 8566 8572 8560 8555 8567 8573 8561 
9638 8555 8567 8573 8561 8556 8568 8574 8562 
9639 8556 8568 8574 8562 8557 8569 8575 8563 
9640 8557 8569 8575 8563 8558 8570 8576 8564 
9641 8558 8570 8576 8564 1122 1120 1119 1121 
9642 5930 5932 5726 5725 8559 8571 6964 6963 
9643 8559 8571 6964 6963 8560 8572 6998 6997 
9644 8560 8572 6998 6997 8561 8573 7032 7031 
9645 8561 8573 7032 7031 8562 8574 7066 7065 
9646 8562 8574 7066 7065 8563 8575 7100 7099 
9647 8563 8575 7100 7099 8564 8576 7134 7133 
9648 8564 8576 7134 7133 1121 1119 179 180 
9649 5690 5691 5933 5931 6556 6557 8577 8565 
9650 6556 6557 8577 8565 6590 6591 8578 8566 
9651 6590 6591 8578 8566 6624 6625 8579 8567 
9652 6624 6625 8579 8567 6658 6659 8580 8568 
9653 6658 6659 8580 8568 6692 6693 8581 8569 
9654 6692 6693 8581 8569 6726 6727 8582 8570 
9655 6726 6727 8582 8570 375 374 1118 1120 
9656 5931 5933 5934 5932 8565 8577 8583 8571 
9657 8565 8577 8583 8571 8566 8578 8584 8572 
9658 8566 8578 8584 8572 8567 8579 8585 8573 
9659 8567 8579 8585 8573 8568 8580 8586 8574 
9660 8568 8580 8586 8574 8569 8581 8587 8575 
9661 8569 8581 8587 8575 8570 8582 8588 8576 
9662 8570 8582 8588 8576 1120 1118 1117 1119 
9663 5932 5934 5727 5726 8571 8583 6965 6964 
9664 8571 8583 6965 6964 8572 8584 6999 6998 
9665 8572 8584 6999 6998 8573 8585 7033 7032 
9666 8573 8585 7033 7032 8574 8586 7067 7066 
9667 8574 8586 7067 7066 8575 8587 7101 7100 
9668 8575 8587 7101 7100 8576 8588 7135 7134 
9669 8576 8588 7135 7134 1119 1117 178 179 
9670 5691 5692 5935 5933 6557 6558 8589 8577 
9671 6557 6558 8589 8577 6591 6592 8590 8578 
9672 6591 6592 8590 8578 6625 6626 8591 8579 
9673 6625 6626 8591 8579 6659 6660 8592 8580 
9674 6659 6660 8592 8580 6693 6694 8593 8581 
9675 6693 6694 8593 8581 6727 6728 8594 8582 
9676 6727 6728 8594 8582 374 373 1116 1118 
9677 5933 5935 5936 5934 8577 8589 8595 8583 
9678 8577 8589 8595 8583 8578 8590 8596 8584 
9679 8578 8590 8596 8584 8579 8591 8597 8585 
9680 8579 8591 8597 8585 8580 8592 8598 8586 
9681 8580 8592 8598 8586 8581 8593 8599 8587 
9682 8581 8593 8599 8587 8582 8594 8600 8588 
9683 8582 8594 8600 8588 1118 1116 1115 1117 
9684 5934 5936 5728 5727 8583 8595 6966 6965 
9685 8583 8595 6966 6965 8584 8596 7000 6999 
9686 8584 8596 7000 6999 8585 8597 7034 7033 
9687 8585 8597 7034 7033 8586 8598 7068 7067 
9688 8586 8598 7068 7067 8587 8599 7102 7101 
9689 8587 8599 7102 7101 8588 8600 7136 7135 
9690 8588 8600 7136 7135 1117 1115 177 178 
9691 5692 5693 5937 5935 6558 6559 8601 8589 
9692 6558 6559 8601 8589 6592 6593 8602 8590 
9693 6592 6593 8602 8590 6626 6627 8603 8591 
9694 6626 6627 8603 8591 6660 6661 8604 8592 
9695 6660 6661 8604 8592 6694 6695 8605 8593 
9696 6694 6695 8605 8593 6728 6729 8606 8594 
9697 6728 6729 8606 8594 373 372 1114 1116 
9698 5935 5937 5938 5936 8589 8601 8607 8595 
9699 8589 8601 8607 8595 8590 8602 8608 8596 
9700 8590 8602 8608 8596 8591 8603 8609 8597 
9701 8591 8603 8609 8597 8592 8604 8610 8598 
9702 8592 8604 8610 8598 8593 8605 8611 8599 
9703 8593 8605 8611 8599 8594 8606 8612 8600 
9704 8594 8606 8612 8600 1116 1114 1113 1115 
9705 5936 5938 5729 5728 8595 8607 6967 6966 
9706 8595 8607 6967 6966 8596 8608 7001 7000 
9707 8596 8608 7001 7000 8597 8609 7035 7034 
9708 8597 8609 7035 7034 8598 8610 7069 7068 
9709 8598 8610 7069 7068 8599 8611 7103 7102 
9710 8599 8611 7103 7102 8600 8612 7137 7136 
9711 8600 8612 7137 7136 1115 1113 176 177 
9712 5693 5694 5939 5937 6559 6560 8613 8601 
9713 6559 6560 8613 8601 6593 6594 8614 8602 
9714 6593 6594 8614 8602 6627 6628 8615 8603 
9715 6627 6628 8615 8603 6661 6662 8616 8604 
9716 6661 6662 8616 8604 6695 6696 8617 8605 
9717 6695 6696 8617 8605 6729 6730 8618 8606 
9718 6729 6730 8618 8606 372 371 1112 1114 
9719 5937 5939 5940 5938 8601 8613 8619 8607 
9720 8601 8613 8619 8607 8602 8614 8620 8608 
9721 8602 8614 8620 8608 8603 8615 8621 8609 
9722 8603 8615 8621 8609 8604 8616 8622 8610 
9723 8604 8616 8622 8610 8605 8617 8623 8611 
9724 8605 8617 8623 8611 8606 8618 8624 8612 
9725 8606 8618 8624 8612 1114 1112 1111 1113 
9726 5938 5940 5730 5729 8607 8619 6968 6967 
9727 8607 8619 6968 6967 8608 8620 7002 7001 
9728 8608 8620 7002 7001 8609 8621 7036 7035 
9729 8609 8621 7036 7035 8610 8622 7070 7069 
9730 8610 8622 7070 7069 8611 8623 7104 7103 
9731 8611 8623 7104 7103 8612 8624 7138 7137 
9732 8612 8624 7138 7137 1113 1111 175 176 
9733 5694 5695 5941 5939 6560 6561 8625 8613 
9734 6560 6561 8625 8613 6594 6595 8626 8614 
9735 6594 6595 8626 8614 6628 6629 8627 8615 
9736 6628 6629 8627 8615 6662 6663 8628 8616 
9737 6662 6663 8628 8616 6696 6697 8629 8617 
9738 6696 6697 8629 8617 6730 6731 8630 8618 
9739 6730 6731 8630 8618 371 370 1110 1112 
9740 5939 5941 5942 5940 8613 8625 8631 8619 
9741 8613 8625 8631 8619 8614 8626 8632 8620 
9742 8614 8626 8632 8620 8615 8627 8633 8621 
9743 8615 8627 8633 8621 8616 8628 8634 8622 
9744 8616 8628 8634 8622 8617 8629 8635 8623 
9745 8617 8629 8635 8623 8618 8630 8636 8624 
9746 8618 8630 8636 8624 1112 1110 1109 1111 
9747 5940 5942 5731 5730 8619 8631 6969 6968 
9748 8619 8631 6969 6968 8620 8632 7003 7002 
9749 8620 8632 7003 7002 8621 8633 7037 7036 
9750 8621 8633 7037 7036 8622 8634 7071 7070 
9751 8622 8634 7071 7070 8623 8635 7105 7104 
9752 8623 8635 7105 7104 8624 8636 7139 7138 
9753 8624 8636 7139 7138 1111 1109 174 175 
9754 5695 5696 5943 5941 6561 6562 8637 8625 
9755 6561 6562 8637 8625 6595 6596 8638 8626 
9756 6595 6596 8638 8626 6629 6630 8639 8627 
9757 6629 6630 8639 8627 6663 6664 8640 8628 
9758 6663 6664 8640 8628 6697 6698 8641 8629 
9759 6697 6698 8641 8629 6731 6732 8642 8630 
9760 6731 6732 8642 8630 370 369 1108 1110 
9761 5941 5943 5944 5942 8625 8637 8643 8631 
9762 8625 8637 8643 8631 8626 8638 8644 8632 
9763 8626 8638 8644 8632 8627 8639 8645 8633 
9764 8627 8639 8645 8633 8628 8640 8646 8634 
9765 8628 8640 8646 8634 8629 8641 8647 8635 
9766 8629 8641 8647 8635 8630 8642 8648 8636 
9767 8630 8642 8648 8636 1110 1108 1107 1109 
9768 5942 5944 5732 5731 8631 8643 6970 6969 
9769 8631 8643 6970 6969 8632 8644 7004 7003 
9770 8632 8644 7004 7003 8633 8645 7038 7037 
9771 8633 8645 7038 7037 8634 8646 7072 7071 
9772 8634 8646 7072 7071 8635 8647 7106 7105 
9773 8635 8647 7106 7105 8636 8648 7140 7139 
9774 8636 8648 7140 7139 1109 1107 173 174 
9775 5696 5697 5945 5943 6562 6563 8649 8637 
9776 6562 6563 8649 8637 6596 6597 8650 8638 
9777 6596 6597 8650 8638 6630 6631 8651 8639 
9778 6630 6631 8651 8639 6664 6665 8652 8640 
9779 6664 6665 8652 8640 6698 6699 8653 8641 
9780 6698 6699 8653 8641 6732 6733 8654 8642 
9781 6732 6733 8654 8642 369 368 1106 1108 
9782 5943 5945 5946 5944 8637 8649 8655 8643 
9783 8637 8649 8655 8643 8638 8650 8656 8644 
9784 8638 8650 8656 8644 8639 8651 8657 8645 
9785 8639 8651 8657 8645 8640 8652 8658 8646 
9786 8640 8652 8658 8646 8641 8653 8659 8647 
9787 8641 8653 8659 8647 8642 8654 8660 8648 
9788 8642 8654 8660 8648 1108 1106 1105 1107 
9789 5944 5946 5733 5732 8643 8655 6971 6970 
9790 8643 8655 6971 6970 8644 8656 7005 7004 
9791 8644 8656 7005 7004 8645 8657 7039 7038 
9792 8645 8657 7039 7038 8646 8658 7073 7072 
9793 8646 8658 7073 7072 8647 8659 7107 7106 
9794 8647 8659 7107 7106 8648 8660 7141 7140 
9795 8648 8660 7141 7140 1107 1105 172 173 
9796 5697 5698 5947 5945 6563 6564 8661 8649 
9797 6563 6564 8661 8649 6597 6598 8662 8650 
9798 6597 6598 8662 8650 6631 6632 8663 8651 
9799 6631 6632 8663 8651 6665 6666 8664 8652 
9800 6665 6666 8664 8652 6699 6700 8665 8653 
9801 6699 6700 8665 8653 6733 6734 8666 8654 
9802 6733 6734 8666 8654 368 367 1104 1106 
9803 5945 5947 5948 5946 8649 8661 8667 8655 
9804 8649 8661 8667 8655 8650 8662 8668 8656 
9805 8650 8662 8668 8656 8651 8663 8669 8657 
9806 8651 8663 8669 8657 8652 8664 8670 8658 
9807 8652 8664 8670 8658 8653 8665 8671 8659 
9808 8653 8665 8671 8659 8654 8666 8672 8660 
9809 8654 8666 8672 8660 1106 1104 1103 1105 
9810 5946 5948 5734 5733 8655 8667 6972 6971 
9811 8655 8667 6972 6971 8656 8668 7006 7005 
9812 8656 8668 7006 7005 8657 8669 7040 7039 
9813 8657 8669 7040 7039 8658 8670 7074 7073 
9814 8658 8670 7074 7073 8659 8671 7108 7107 
9815 8659 8671 7108 7107 8660 8672 7142 7141 
9816 8660 8672 7142 7141 1105 1103 171 172 
9817 5698 5699 5949 5947 6564 6565 8673 8661 
9818 6564 6565 8673 8661 6598 6599 8674 8662 
9819 6598 6599 8674 8662 6632 6633 8675 8663 
9820 6632 6633 8675 8663 6666 6667 8676 8664 
9821 6666 6667 8676 8664 6700 6701 8677 8665 
9822 6700 6701 8677 8665 6734 6735 8678 8666 
9823 6734 6735 8678 8666 367 366 1102 1104 
9824 5947 5949 5950 5948 8661 8673 8679 8667 
9825 8661 8673 8679 8667 8662 8674 8680 8668 
9826 8662 8674 8680 8668 8663 8675 8681 8669 
9827 8663 8675 8681 8669 8664 8676 8682 8670 
9828 8664 8676 8682 8670 8665 8677 8683 8671 
9829 8665 8677 8683 8671 8666 8678 8684 8672 
9830 8666 8678 8684 8672 1104 1102 1101 1103 
9831 5948 5950 5735 5734 8667 8679 6973 6972 
9832 8667 8679 6973 6972 8668 8680 7007 7006 
9833 8668 8680 7007 7006 8669 8681 7041 7040 
9834 8669 8681 7041 7040 8670 8682 7075 7074 
9835 8670 8682 7075 7074 8671 8683 7109 7108 
9836 8671 8683 7109 7108 8672 8684 7143 7142 
9837 8672 8684 7143 7142 1103 1101 170 171 
9838 5699 5700 5951 5949 6565 6566 8685 8673 
9839 6565 6566 8685 8673 6599 6600 8686 8674 
9840 6599 6600 8686 8674 6633 6634 8687 8675 
9841 6633 6634 8687 8675 6667 6668 8688 8676 
9842 6667 6668 8688 8676 6701 6702 8689 8677 
9843 6701 6702 8689 8677 6735 6736 8690 8678 
9844 6735 6736 8690 8678 366 365 1100 1102 
9845 5949 5951 5952 5950 8673 8685 8691 8679 
9846 8673 8685 8691 8679 8674 8686 8692 8680 
9847 8674 8686 8692 8680 8675 8687 8693 8681 
9848 8675 8687 8693 8681 8676 8688 8694 8682 
9849 8676 8688 8694 8682 8677 8689 8695 8683 
9850 8677 8689 8695 8683 8678 8690 8696 8684 
9851 8678 8690 8696 8684 1102 1100 1099 1101 
9852 5950 5952 5736 5735 8679 8691 6974 6973 
9853 8679 8691 6974 6973 8680 8692 7008 7007 
9854 8680 8692 7008 7007 8681 8693 7042 7041 
9855 8681 8693 7042 7041 8682 8694 7076 7075 
9856 8682 8694 7076 7075 8683 8695 7110 7109 
9857 8683 8695 7110 7109 8684 8696 7144 7143 
9858 8684 8696 7144 7143 1101 1099 169 170 
9859 5700 5701 5953 5951 6566 6567 8697 8685 
9860 6566 6567 8697 8685 6600 6601 8698 8686 
9861 6600 6601 8698 8686 6634 6635 8699 8687 
9862 6634 6635 8699 8687 6668 6669 8700 8688 
9863 6668 6669 8700 8688 6702 6703 8701 8689 
9864 6702 6703 8701 8689 6736 6737 8702 8690 
9865 6736 6737 8702 8690 365 364 1098 1100 
9866 5951 5953 5954 5952 8685 8697 8703 8691 
9867 8685 8697 8703 8691 8686 8698 8704 8692 
9868 8686 8698 8704 8692 8687 8699 8705 8693 
9869 8687 8699 8705 8693 8688 8700 8706 8694 
9870 8688 8700 8706 8694 8689 8701 8707 8695 
9871 8689 8701 8707 8695 8690 8702 8708 8696 
9872 8690 8702 8708 8696 1100 1098 1097 1099 
9873 5952 5954 5737 5736 8691 8703 6975 6974 
9874 8691 8703 6975 6974 8692 8704 7009 7008 
9875 8692 8704 7009 7008 8693 8705 7043 7042 
9876 8693 8705 7043 7042 8694 8706 7077 7076 
9877 8694 8706 7077 7076 8695 8707 7111 7110 
9878 8695 8707 7111 7110 8696 8708 7145 7144 
9879 8696 8708 7145 7144 1099 1097 168 169 
9880 5701 5702 5955 5953 6567 6568 8709 8697 
9881 6567 6568 8709 8697 6601 6602 8710 8698 
9882 6601 6602 8710 8698 6635 6636 8711 8699 
9883 6635 6636 8711 8699 6669 6670 8712 8700 
9884 6669 6670 8712 8700 6703 6704 8713 8701 
9885 6703 6704 8713 8701 6737 6738 8714 8702 
9886 6737 6738 8714 8702 364 363 1096 1098 
9887 5953 5955 5956 5954 8697 8709 8715 8703 
9888 8697 8709 8715 8703 8698 8710 8716 8704 
9889 8698 8710 8716 8704 8699 8711 8717 8705 
9890 8699 8711 8717 8705 8700 8712 8718 8706 
9891 8700 8712 8718 8706 8701 8713 8719 8707 
9892 8701 8713 8719 8707 8702 8714 8720 8708 
9893 8702 8714 8720 8708 1098 1096 1095 1097 
9894 5954 5956 5738 5737 8703 8715 6976 6975 
9895 8703 8715 6976 6975 8704 8716 7010 7009 
9896 8704 8716 7010 7009 8705 8717 7044 7043 
9897 8705 8717 7044 7043 8706 8718 7078 7077 
9898 8706 8718 7078 7077 8707 8719 7112 7111 
9899 8707 8719 7112 7111 8708 8720 7146 7145 
9900 8708 8720 7146 7145 1097 1095 167 168 
9901 5702 5703 5957 5955 6568 6569 8721 8709 
9902 6568 6569 8721 8709 6602 6603 8722 8710 
9903 6602 6603 8722 8710 6636 6637 8723 8711 
9904 6636 6637 8723 8711 6670 6671 8724 8712 
9905 6670 6671 8724 8712 6704 6705 8725 8713 
9906 6704 6705 8725 8713 6738 6739 8726 8714 
9907 6738 6739 8726 8714 363 362 1094 1096 
9908 5955 5957 5958 5956 8709 8721 8727 8715 
9909 8709 8721 8727 8715 8710 8722 8728 8716 
9910 8710 8722 8728 8716 8711 8723 8729 8717 
9911 8711 8723 8729 8717 8712 8724 8730 8718 
9912 8712 8724 8730 8718 8713 8725 8731 8719 
9913 8713 8725 8731 8719 8714 8726 8732 8720 
9914 8714 8726 8732 8720 1096 1094 1093 1095 
9915 5956 5958 5739 5738 8715 8727 6977 6976 
9916 8715 8727 6977 6976 8716 8728 7011 7010 
9917 8716 8728 7011 7010 8717 8729 7045 7044 
9918 8717 8729 7045 7044 8718 8730 7079 7078 
9919 8718 8730 7079 7078 8719 8731 7113 7112 
9920 8719 8731 7113 7112 8720 8732 7147 7146 
9921 8720 8732 7147 7146 1095 1093 166 167 
9922 5703 5704 5959 5957 6569 6570 8733 8721 
9923 6569 6570 8733 8721 6603 6604 8734 8722 
9924 6603 6604 8734 8722 6637 6638 8735 8723 
9925 6637 6638 8735 8723 6671 6672 8736 8724 
9926 6671 6672 8736 8724 6705 6706 8737 8725 
9927 6705 6706 8737 8725 6739 6740 8738 8726 
9928 6739 6740 8738 8726 362 361 1092 1094 
9929 5957 5959 5960 5958 8721 8733 8739 8727 
9930 8721 8733 8739 8727 8722 8734 8740 8728 
9931 8722 8734 8740 8728 8723 8735 8741 8729 
9932 8723 8735 8741 8729 8724 8736 8742 8730 
9933 8724 8736 8742 8730 8725 8737 8743 8731 
9934 8725 8737 8743 8731 8726 8738 8744 8732 
9935 8726 8738 8744 8732 1094 1092 1091 1093 
9936 5958 5960 5740 5739 8727 8739 6978 6977 
9937 8727 8739 6978 6977 8728 8740 7012 7011 
9938 8728 8740 7012 7011 8729 8741 7046 7045 
9939 8729 8741 7046 7045 8730 8742 7080 7079 
9940 8730 8742 7080 7079 8731 8743 7114 7113 
9941 8731 8743 7114 7113 8732 8744 7148 7147 
9942 8732 8744 7148 7147 1093 1091 165 166 
9943 5704 5705 5961 5959 6570 6571 8745 8733 
9944 6570 6571 8745 8733 6604 6605 8746 8734 
9945 6604 6605 8746 8734 6638 6639 8747 8735 
9946 6638 6639 8747 8735 6672 6673 8748 8736 
9947 6672 6673 8748 8736 6706 6707 8749 8737 
9948 6706 6707 8749 8737 6740 6741 8750 8738 
9949 6740 6741 8750 8738 361 360 1090 1092 
9950 5959 5961 5962 5960 8733 8745 8751 8739 
9951 8733 8745 8751 8739 8734 8746 8752 8740 
9952 8734 8746 8752 8740 8735 8747 8753 8741 
9953 8735 8747 8753 8741 8736 8748 8754 8742 
9954 8736 8748 8754 8742 8737 8749 8755 8743 
9955 8737 8749 8755 8743 8738 8750 8756 8744 
9956 8738 8750 8756 8744 1092 1090 1089 1091 
9957 5960 5962 5741 5740 8739 8751 6979 6978 
9958 8739 8751 6979 6978 8740 8752 7013 7012 
9959 8740 8752 7013 7012 8741 8753 7047 7046 
9960 8741 8753 7047 7046 8742 8754 7081 7080 
9961 8742 8754 7081 7080 8743 8755 7115 7114 
9962 8743 8755 7115 7114 8744 8756 7149 7148 
9963 8744 8756 7149 7148 1091 1089 164 165 
9964 5705 5706 5963 5961 6571 6572 8757 8745 
9965 6571 6572 8757 8745 6605 6606 8758 8746 
9966 6605 6606 8758 8746 6639 6640 8759 8747 
9967 6639 6640 8759 8747 6673 6674 8760 8748 
9968 6673 6674 8760 8748 6707 6708 8761 8749 
9969 6707 6708 8761 8749 6741 6742 8762 8750 
9970 6741 6742 8762 8750 360 359 1088 1090 
9971 5961 5963 5964 5962 8745 8757 8763 8751 
9972 8745 8757 8763 8751 8746 8758 8764 8752 
9973 8746 8758 8764 8752 8747 8759 8765 8753 
9974 8747 8759 8765 8753 8748 8760 8766 8754 
9975 8748 8760 8766 8754 8749 8761 8767 8755 
9976 8749 8761 8767 8755 8750 8762 8768 8756 
9977 8750 8762 8768 8756 1090 1088 1087 1089 
9978 5962 5964 5742 5741 8751 8763 6980 6979 
9979 8751 8763 6980 6979 8752 8764 7014 7013 
9980 8752 8764 7014 7013 8753 8765 7048 7047 
9981 8753 8765 7048 7047 8754 8766 7082 7081 
9982 8754 8766 7082 7081 8755 8767 7116 7115 
9983 8755 8767 7116 7115 8756 8768 7150 7149 
9984 8756 8768 7150 7149 1089 1087 163 164 
9985 5706 5707 5965 5963 6572 6573 8769 8757 
9986 6572 6573 8769 8757 6606 6607 8770 8758 
9987 6606 6607 8770 8758 6640 6641 8771 8759 
9988 6640 6641 8771 8759 6674 6675 8772 8760 
9989 6674 6675 8772 8760 6708 6709 8773 8761 
9990 6708 6709 8773 8761 6742 6743 8774 8762 
9991 6742 6743 8774 8762 359 358 1086 1088 
9992 5963 5965 5966 5964 8757 8769 8775 8763 
9993 8757 8769 8775 8763 8758 8770 8776 8764 
9994 8758 8770 8776 8764 8759 8771 8777 8765 
9995 8759 8771 8777 8765 8760 8772 8778 8766 
9996 8760 8772 8778 8766 8761 8773 8779 8767 
9997 8761 8773 8779 8767 8762 8774 8780 8768 
9998 8762 8774 8780 8768 1088 1086 1085 1087 
9999 5964 5966 5743 5742 8763 8775 6981 6980 
10000 8763 8775 6981 6980 8764 8776 7015 7014 
10001 8764 8776 7015 7014 8765 8777 7049 7048 
10002 8765 8777 7049 7048 8766 8778 7083 7082 
10003 8766 8778 7083 7082 8767 8779 7117 7116 
10004 8767 8779 7117 7116 8768 8780 7151 7150 
10005 8768 8780 7151 7150 1087 1085 162 163 
10006 5707 5708 5967 5965 6573 6574 8781 8769 
10007 6573 6574 8781 8769 6607 6608 8782 8770 
10008 6607 6608 8782 8770 6641 6642 8783 8771 
10009 6641 6642 8783 8771 6675 6676 8784 8772 
10010 6675 6676 8784 8772 6709 6710 8785 8773 
10011 6709 6710 8785 8773 6743 6744 8786 8774 
10012 6743 6744 8786 8774 358 357 1084 1086 
10013 5965 5967 5968 5966 8769 8781 8787 8775 
10014 8769 8781 8787 8775 8770 8782 8788 8776 
10015 8770 8782 8788 8776 8771 8783 8789 8777 
10016 8771 8783 8789 8777 8772 8784 8790 8778 
10017 8772 8784 8790 8778 8773 8785 8791 8779 
10018 8773 8785 8791 8779 8774 8786 8792 8780 
10019 8774 8786 8792 8780 1086 1084 1083 1085 
10020 5966 5968 5744 5743 8775 8787 6982 6981 
10021 8775 8787 6982 6981 8776 8788 7016 7015 
10022 8776 8788 7016 7015 8777 8789 7050 7049 
10023 8777 8789 7050 7049 8778 8790 7084 7083 
10024 8778 8790 7084 7083 8779 8791 7118 7117 
10025 8779 8791 7118 7117 8780 8792 7152 7151 
10026 8780 8792 7152 7151 1085 1083 161 162 
10027 5708 5630 5745 5967 6574 5815 6301 8781 
10028 6574 5815 6301 8781 6608 5816 6302 8782 
10029 6608 5816 6302 8782 6642 5817 6303 8783 
10030 6642 5817 6303 8783 6676 5818 6304 8784 
10031 6676 5818 6304 8784 6710 5819 6305 8785 
10032 6710 5819 6305 8785 6744 5820 6306 8786 
10033 6744 5820 6306 8786 357 23 352 1084 
10034 5967 5745 5746 5968 8781 6301 6307 8787 
10035 8781 6301 6307 8787 8782 6302 6308 8788 
10036 8782 6302 6308 8788 8783 6303 6309 8789 
10037 8783 6303 6309 8789 8784 6304 6310 8790 
10038 8784 6304 6310 8790 8785 6305 6311 8791 
10039 8785 6305 6311 8791 8786 6306 6312 8792 
10040 8786 6306 6312 8792 1084 352 351 1083 
10041 5968 5746 5631 5744 8787 6307 5821 6982 
10042 8787 6307 5821 6982 8788 6308 5822 7016 
10043 8788 6308 5822 7016 8789 6309 5823 7050 
10044 8789 6309 5823 7050 8790 6310 5824 7084 
10045 8790 6310 5824 7084 8791 6311 5825 7118 
10046 8791 6311 5825 7118 8792 6312 5826 7152 
10047 8792 6312 5826 7152 1083 351 11 161 
3 183 5 63
10048 5628 5639 7153 5638 5803 6277 8793 6266 
10049 5803 6277 8793 6266 5804 6278 8794 6268 
10050 5804 6278 8794 6268 5805 6279 8795 6270 
10051 5805 6279 8795 6270 5806 6280 8796 6272 
10052 5806 6280 8796 6272 5807 6281 8797 6274 
10053 5807 6281 8797 6274 5808 6282 8798 6276 
10054 5808 6282 8798 6276 9 313 1153 196 
10055 5638 7153 7154 5637 6266 8793 8799 6265 
10056 6266 8793 8799 6265 6268 8794 8800 6267 
10057 6268 8794 8800 6267 6270 8795 8801 6269 
10058 6270 8795 8801 6269 6272 8796 8802 6271 
10059 6272 8796 8802 6271 6274 8797 8803 6273 
10060 6274 8797 8803 6273 6276 8798 8804 6275 
10061 6276 8798 8804 6275 196 1153 1151 195 
10062 5637 7154 5636 5627 6265 8799 6254 5797 
10063 6265 8799 6254 5797 6267 8800 6256 5798 
10064 6267 8800 6256 5798 6269 8801 6258 5799 
10065 6269 8801 6258 5799 6271 8802 6260 5800 
10066 6271 8802 6260 5800 6273 8803 6262 5801 
10067 6273 8803 6262 5801 6275 8804 6264 5802 
10068 6275 8804 6264 5802 195 1151 355 12 
10069 5639 5640 7155 7153 6277 6283 8805 8793 
10070 6277 6283 8805 8793 6278 6284 8806 8794 
10071 6278 6284 8806 8794 6279 6285 8807 8795 
10072 6279 6285 8807 8795 6280 6286 8808 8796 
10073 6280 6286 8808 8796 6281 6287 8809 8797 
10074 6281 6287 8809 8797 6282 6288 8810 8798 
10075 6282 6288 8810 8798 313 314 1154 1153 
10076 7153 7155 7156 7154 8793 8805 8811 8799 
10077 8793 8805 8811 8799 8794 8806 8812 8800 
10078 8794 8806 8812 8800 8795 8807 8813 8801 
10079 8795 8807 8813 8801 8796 8808 8814 8802 
10080 8796 8808 8814 8802 8797 8809 8815 8803 
10081 8797 8809 8815 8803 8798 8810 8816 8804 
10082 8798 8810 8816 8804 1153 1154 1152 1151 
10083 7154 7156 5635 5636 8799 8811 6253 6254 
10084 8799 8811 6253 6254 8800 8812 6255 6256 
10085 8800 8812 6255 6256 8801 8813 6257 6258 
10086 8801 8813 6257 6258 8802 8814 6259 6260 
10087 8802 8814 6259 6260 8803 8815 6261 6262 
10088 8803 8815 6261 6262 8804 8816 6263 6264 
10089 8804 8816 6263 6264 1151 1152 356 355 
10090 5640 5625 5633 7155 6283 5785 6241 8805 
10091 6283 5785 6241 8805 6284 5786 6242 8806 
10092 6284 5786 6242 8806 6285 5787 6243 8807 
10093 6285 5787 6243 8807 6286 5788 6244 8808 
10094 6286 5788 6244 8808 6287 5789 6245 8809 
10095 6287 5789 6245 8809 6288 5790 6246 8810 
10096 6288 5790 6246 8810 314 21 392 1154 
10097 7155 5633 5634 7156 8805 6241 6247 8811 
10098 8805 6241 6247 8811 8806 6242 6248 8812 
10099 8806 6242 6248 8812 8807 6243 6249 8813 
10100 8807 6243 6249 8813 8808 6244 6250 8814 
10101 8808 6244 6250 8814 8809 6245 6251 8815 
10102 8809 6245 6251 8815 8810 6246 6252 8816 
10103 8810 6246 6252 8816 1154 392 391 1152 
10104 7156 5634 5626 5635 8811 6247 5791 6253 
10105 8811 6247 5791 6253 8812 6248 5792 6255 
10106 8812 6248 5792 6255 8813 6249 5793 6257 
10107 8813 6249 5793 6257 8814 6250 5794 6259 
10108 8814 6250 5794 6259 8815 6251 5795 6261 
10109 8815 6251 5795 6261 8816 6252 5796 6263 
10110 8816 6252 5796 6263 1152 391 24 356 
3 184 5 63
10111 7157 5783 5632 5782 8817 6325 5827 6319 
10112 8817 6325 5827 6319 8818 6327 5828 6320 
10113 8818 6327 5828 6320 8819 6329 5829 6321 
10114 8819 6329 5829 6321 8820 6331 5830 6322 
10115 8820 6331 5830 6322 8821 6333 5831 6323 
10116 8821 6333 5831 6323 8822 6335 5832 6324 
10117 8822 6335 5832 6324 1079 315 10 159 
10118 7158 7157 5782 5781 8823 8817 6319 6313 
10119 8823 8817 6319 6313 8824 8818 6320 6314 
10120 8824 8818 6320 6314 8825 8819 6321 6315 
10121 8825 8819 6321 6315 8826 8820 6322 6316 
10122 8826 8820 6322 6316 8827 8821 6323 6317 
10123 8827 8821 6323 6317 8828 8822 6324 6318 
10124 8828 8822 6324 6318 1081 1079 159 160 
10125 5746 7158 5781 5631 6307 8823 6313 5821 
10126 6307 8823 6313 5821 6308 8824 6314 5822 
10127 6308 8824 6314 5822 6309 8825 6315 5823 
10128 6309 8825 6315 5823 6310 8826 6316 5824 
10129 6310 8826 6316 5824 6311 8827 6317 5825 
10130 6311 8827 6317 5825 6312 8828 6318 5826 
10131 6312 8828 6318 5826 351 1081 160 11 
10132 7159 5784 5783 7157 8829 6326 6325 8817 
10133 8829 6326 6325 8817 8830 6328 6327 8818 
10134 8830 6328 6327 8818 8831 6330 6329 8819 
10135 8831 6330 6329 8819 8832 6332 6331 8820 
10136 8832 6332 6331 8820 8833 6334 6333 8821 
10137 8833 6334 6333 8821 8834 6336 6335 8822 
10138 8834 6336 6335 8822 1080 316 315 1079 
10139 7160 7159 7157 7158 8835 8829 8817 8823 
10140 8835 8829 8817 8823 8836 8830 8818 8824 
10141 8836 8830 8818 8824 8837 8831 8819 8825 
10142 8837 8831 8819 8825 8838 8832 8820 8826 
10143 8838 8832 8820 8826 8839 8833 8821 8827 
10144 8839 8833 8821 8827 8840 8834 8822 8828 
10145 8840 8834 8822 8828 1082 1080 1079 1081 
10146 5745 7160 7158 5746 6301 8835 8823 6307 
10147 6301 8835 8823 6307 6302 8836 8824 6308 
10148 6302 8836 8824 6308 6303 8837 8825 6309 
10149 6303 8837 8825 6309 6304 8838 8826 6310 
10150 6304 8838 8826 6310 6305 8839 8827 6311 
10151 6305 8839 8827 6311 6306 8840 8828 6312 
10152 6306 8840 8828 6312 352 1082 1081 351 
10153 5709 5629 5784 7159 6289 5809 6326 8829 
10154 6289 5809 6326 8829 6291 5810 6328 8830 
10155 6291 5810 6328 8830 6293 5811 6330 8831 
10156 6293 5811 6330 8831 6295 5812 6332 8832 
10157 6295 5812 6332 8832 6297 5813 6334 8833 
10158 6297 5813 6334 8833 6299 5814 6336 8834 
10159 6299 5814 6336 8834 353 22 316 1080 
10160 5710 5709 7159 7160 6290 6289 8829 8835 
10161 6290 6289 8829 8835 6292 6291 8830 8836 
10162 6292 6291 8830 8836 6294 6293 8831 8837 
10163 6294 6293 8831 8837 6296 6295 8832 8838 
10164 6296 6295 8832 8838 6298 6297 8833 8839 
10165 6298 6297 8833 8839 6300 6299 8834 8840 
10166 6300 6299 8834 8840 354 353 1080 1082 
10167 5630 5710 7160 5745 5815 6290 8835 6301 
10168 5815 6290 8835 6301 5816 6292 8836 6302 
10169 5816 6292 8836 6302 5817 6294 8837 6303 
10170 5817 6294 8837 6303 5818 6296 8838 6304 
10171 5818 6296 8838 6304 5819 6298 8839 6305 
10172 5819 6298 8839 6305 5820 6300 8840 6306 
10173 5820 6300 8840 6306 23 354 1082 352 
$EndElements
