$MeshFormat
4.1 0 8
$EndMeshFormat
$PhysicalNames
8
0 5 "point_heel"
0 6 "point_toe"
1 1 "curve_wellbore"
2 2 "surface_wellbore_cylinder"
2 3 "surface_wellbore_toe"
2 4 "surface_wellbore_heel"
2 9 "surface_cap_rock"
3 7 "volume_reservoir"
$EndPhysicalNames
$Entities
16 32 28 6
2 0 -0.05388153672641492 -7.566118463273584 1 5 
3 0 0.05388153672641492 -7.566118463273584 0 
4 0 0.05388153672641492 -7.673881536726414 0 
5 0 -0.05388153672641492 -7.673881536726414 0 
6 800.1 -0.05388153672641492 -7.566118463273584 1 6 
7 800.1 0.05388153672641492 -7.566118463273584 0 
8 800.1 0.05388153672641492 -7.673881536726414 0 
9 800.1 -0.05388153672641492 -7.673881536726414 0 
10 -10.97280000000001 -10.9728 10.9728 0 
11 -10.97280000000001 10.9728 10.9728 0 
12 -10.97280000000001 10.9728 -10.9728 0 
13 -10.97280000000001 -10.9728 -10.9728 0 
14 811.0728 -10.9728 10.9728 0 
15 811.0728 10.9728 10.9728 0 
16 811.0728 10.9728 -10.9728 0 
17 811.0728 -10.9728 -10.9728 0 
1 -0.03717026817819778 -0.09105180490461272 -7.603288731451782 0.03717026817819778 0.09105180490461269 -7.506629731821802 0 2 2 -3 
2 -0.0492302828876496 0.00465125383876528 -7.723111819614064 0.0492302828876496 0.1254302828876496 -7.516888180385934 0 2 3 -4 
3 -0.07233023782636401 -0.1262117745527789 -7.768530237826363 0.07233023782636401 0.1262117745527789 -7.60155129890005 0 2 4 -5 
4 -0.04923028288787924 -0.1254302828878792 -7.723111819614293 0.04923028288787924 -0.004651253838535652 -7.516888180385705 0 2 5 -2 
5 -0.03419879461483788 -0.08808033134124038 -7.60031725788841 800.1341987946148 -0.01968274211158946 -7.531919668658759 1 1 2 2 -6 
6 -0.03419879461466735 0.01968274211172882 -7.60031725788827 800.1341987946147 0.08808033134110102 -7.531919668658898 0 2 3 -7 
7 800.0628297318218 -0.09105180490461272 -7.603288731451782 800.1371702681782 0.09105180490461269 -7.506629731821802 0 2 6 -7 
8 -0.05234299652903474 0.001538540197393433 -7.726224533255436 800.152342996529 0.1062245332554364 -7.621538540197393 0 2 4 -8 
9 800.0507697171124 0.00465125383876528 -7.723111819614064 800.1492302828876 0.1254302828876496 -7.516888180385934 0 2 7 -8 
10 -0.05234299652903474 -0.1062245332554413 -7.726224533255441 800.152342996529 -0.001538540197388562 -7.621538540197387 0 2 5 -9 
11 800.0276697621737 -0.1262117745527789 -7.768530237826363 800.1723302378264 0.1262117745527789 -7.60155129890005 0 2 8 -9 
12 800.0507697171122 -0.1254302828878792 -7.723111819614293 800.1492302828879 -0.004651253838535652 -7.516888180385705 0 2 9 -6 
13 -11.00699879461484 -11.00699879461482 10.93860120538517 811.1069987946148 -10.93860120538517 11.00699879461482 0 2 10 -14 
14 -11.00699879461467 10.93860120538531 10.93860120538531 811.1069987946147 11.00699879461469 11.00699879461469 0 2 11 -15 
15 -11.02514299652904 10.92045700347098 -11.02514299652902 811.125142996529 11.02514299652902 -10.92045700347098 0 2 12 -16 
16 -11.02514299652904 -11.02514299652903 -11.02514299652903 811.125142996529 -10.92045700347097 -10.92045700347097 0 2 13 -17 
17 -10.97282674692011 -10.97282674692011 10.97277325307989 -10.9727732530799 10.97282674692011 10.97282674692011 0 2 10 -11 
18 -10.97288014524132 10.97271985475869 -10.97288014524131 -10.97271985475869 10.97288014524131 10.97288014524131 0 2 11 -12 
19 -10.97284971912008 -10.97284971912007 -10.97284971912007 -10.97275028087994 10.97284971912007 -10.97275028087993 0 2 12 -13 
20 -10.97288014524069 -10.97288014524068 -10.97288014524068 -10.97271985475932 -10.97271985475932 10.97288014524068 0 2 13 -10 
21 811.0727732530787 -10.9728267469213 10.9727732530787 811.0728267469214 10.9728267469213 10.9728267469213 0 2 14 -15 
22 811.0727198547575 10.97271985475739 -10.97288014524261 811.0728801452426 10.97288014524261 10.97288014524261 0 2 15 -16 
23 811.0727502808797 -10.97284971912023 -10.97284971912023 811.0728497191203 10.97284971912023 -10.97275028087977 0 2 16 -17 
24 811.0727198547598 -10.9728801452402 -10.9728801452402 811.0728801452402 -10.9727198547598 10.9728801452402 0 2 17 -14 
25 -11.00870837526169 -11.00870837526168 -7.602026838535265 0.03590837526168134 -0.0179731614647336 11.00870837526168 0 2 2 -10 
26 -11.00870837526167 0.01797316146474692 -7.602026838535252 0.03590837526166801 11.00870837526167 11.00870837526167 0 2 3 -11 
27 -11.02775959675942 -0.001078060032995154 -11.02775959675941 0.05495959675941009 11.02775959675941 -7.618921939967004 0 2 4 -12 
28 -11.02775959675942 -11.02775959675941 -11.02775959675941 0.05495959675941187 0.00107806003299693 -7.618921939967002 0 2 5 -13 
29 800.0640916247382 -11.00870837526181 -7.602026838535398 811.1087083752618 -0.01797316146460037 11.00870837526181 0 2 6 -14 
30 800.0640916247387 0.01797316146512884 -7.60202683853487 811.1087083752614 11.00870837526129 11.00870837526128 0 2 7 -15 
31 800.0450404032405 -0.001078060033090189 -11.0277595967595 811.1277595967596 11.0277595967595 -7.618921939966909 0 2 8 -16 
32 800.0450404032405 -11.02775959675951 -11.02775959675951 811.1277595967596 0.001078060033095518 -7.618921939966904 0 2 9 -17 
1 -1.000000224848918e-07 -0.05388163672641494 -7.566118563273585 800.1000001 0.05388163672641491 -7.543799899999999 1 2 4 5 7 -6 -1 
2 -1.000000224848918e-07 0.05388143672641488 -7.673881636726414 800.1000001 0.07620010000000001 -7.566118363273584 1 2 4 6 9 -8 -2 
3 -1.000000224848918e-07 -0.05388163672641487 -7.6962001 800.1000001 0.0538816367264149 -7.673881436726414 1 2 4 8 11 -10 -3 
4 -1.000000224848918e-07 -0.07620010000000001 -7.673881636726414 800.1000001 -0.05388143672641489 -7.566118363273584 1 2 4 10 12 -5 -4 
39 -10.97288014524132 -10.97288014524131 -10.97288014524131 -10.97271985475869 10.97288014524131 10.97288014524131 0 4 17 18 19 20 
40 811.0727198547575 -10.97288014524261 -10.97288014524261 811.0728801452426 10.97288014524261 10.97288014524261 0 4 21 22 23 24 
41 -11.02514299652904 -11.02514299652903 -11.02514299652903 811.125142996529 -10.92045700347097 11.02514299652903 0 4 13 -24 -16 20 
42 -11.02514299652904 10.92045700347098 -11.02514299652902 811.125142996529 11.02514299652902 11.02514299652902 0 4 14 22 -15 -18 
43 -11.00699879461484 -11.00699879461482 10.93860120538517 811.1069987946148 11.00699879461482 11.00699879461482 1 9 4 17 14 -21 -13 
44 -11.02514299652904 -11.02514299652903 -11.02514299652903 811.125142996529 11.02514299652903 -10.92045700347097 1 9 4 19 16 -23 -15 
49 -11.52119373415016 -12.07008145968109 -8.56737883907183 0.5431151649201418 12.07008145968108 11.89990529909868 0 4 25 17 -26 -1 
50 -20.03221094471477 -2.006055657547769 -18.38767592220188 1.622426988229529 20.07743526919881 12.45107637772035 0 4 2 27 -18 -26 
51 -11.5212902393862 -12.07008149319433 -11.13932081709227 0.5377741023540175 12.07008149319429 -6.602137464086139 0 4 3 28 -19 -27 
52 -20.03221094471384 -20.07743526919825 -18.38767592220183 1.622426988229469 2.006055657580372 12.45107637772038 0 4 28 20 -25 -4 
57 799.5568848337713 -12.07008145968108 -8.567378839072163 811.6211937341493 12.0700814596811 11.89990529910518 0 4 29 21 -30 -7 
58 798.4775730117693 -2.006055657552594 -18.38767592220183 820.1322109446921 20.07743526922022 12.45107637772034 0 4 30 22 -31 -9 
59 799.5622258976464 -12.07008149319431 -11.13932081709134 811.621290239359 12.07008149319433 -6.602137464121606 0 4 31 23 -32 -11 
60 798.4775730117706 -20.07743526921138 -18.38767592220181 820.1322109447036 2.006055657538889 12.45107637772033 0 4 12 29 -24 -32 
63 -11.00870837526185 -11.00870837526181 -7.602026838535399 811.1087083752618 -0.01797316146460037 11.00870837526181 0 4 25 13 -29 -5 
64 -11.00870837526168 0.01797316146474692 -7.602026838535253 811.1087083752617 11.00870837526167 11.00870837526167 0 4 26 14 -30 -6 
67 -11.02775959675949 -11.02775959675951 -11.02775959675951 811.1277595967596 0.001078060033095518 -7.618921939966904 0 4 28 16 -32 -10 
68 -11.02775959675949 -0.001078060033090189 -11.0277595967595 811.1277595967596 11.0277595967595 -7.618921939966909 0 4 27 15 -31 -8 
71 -1e-07 -0.1185416111364897 -7.738541608826671 1e-07 0.1185416111364901 -7.501458388781192 1 4 4 -4 -3 -2 -1 
72 800.0999998997427 -0.1185416111364897 -7.738541608826671 800.1000001001605 0.1185416111364901 -7.501458388781192 1 3 4 -12 -11 -9 -7 
73 -1.000000224848918e-07 -0.05388163672641494 -7.566118563273585 800.1000001 0.05388163672641491 -7.543799899999999 0 4 5 7 -6 -1 
74 -1.000000224848918e-07 -0.05388163672641487 -7.6962001 800.1000001 0.0538816367264149 -7.673881436726414 0 4 8 11 -10 -3 
75 -1.000000224848918e-07 -0.07620010000000001 -7.673881636726414 800.1000001 -0.05388143672641489 -7.566118363273584 0 4 10 12 -5 -4 
76 -1.000000224848918e-07 0.05388143672641488 -7.673881636726414 800.1000001 0.07620010000000001 -7.566118363273584 0 4 6 9 -8 -2 
79 -11.55710200941195 -12.10598973494291 -8.603287114333977 811.6571020094111 12.10598973494291 11.93581357436699 1 7 6 -73 49 -57 -63 64 -43 
80 -11.57624973614571 -12.12504098995384 -11.19428031385178 811.6762497361186 12.12504098995384 -6.547177967326629 1 7 6 -74 -51 -59 67 -68 -44 
81 -20.08717044147335 -20.13239476597089 -18.44263541896134 820.1871704414632 2.061015154339882 12.50603587447989 1 7 6 -75 52 60 63 -67 -41 
82 -20.08717044147426 -2.061015154312098 -18.44263541896138 820.1871704414517 20.13239476597973 12.50603587447986 1 7 6 -76 -50 -58 -64 68 42 
83 -20.03229098995608 -20.07751531443956 -18.38775596744319 1.622507033470843 20.07751531444013 12.45115642296169 1 7 6 71 -49 50 51 -52 39 
84 798.4774929665267 -20.07751531445399 -18.38775596744443 820.1322909899462 20.07751531446283 12.45115642296295 1 7 6 -72 57 58 59 -60 -40 
$EndEntities
$Nodes
78 3520 1 3520
0 2 0 1
1
0 -0.05388153672641492 -7.566118463273584
0 3 0 1
2
0 0.05388153672641492 -7.566118463273584
0 4 0 1
3
0 0.05388153672641492 -7.673881536726414
0 5 0 1
4
0 -0.05388153672641492 -7.673881536726414
0 6 0 1
5
800.1 -0.05388153672641492 -7.566118463273584
0 7 0 1
6
800.1 0.05388153672641492 -7.566118463273584
0 8 0 1
7
800.1 0.05388153672641492 -7.673881536726414
0 9 0 1
8
800.1 -0.05388153672641492 -7.673881536726414
0 10 0 1
9
-10.97280000000001 -10.9728 10.9728
0 11 0 1
10
-10.97280000000001 10.9728 10.9728
0 12 0 1
11
-10.97280000000001 10.9728 -10.9728
0 13 0 1
12
-10.97280000000001 -10.9728 -10.9728
0 14 0 1
13
811.0728 -10.9728 10.9728
0 15 0 1
14
811.0728 10.9728 10.9728
0 16 0 1
15
811.0728 10.9728 -10.9728
0 17 0 1
16
811.0728 -10.9728 -10.9728
1 1 0 2
17
18
0 -0.01972201123681221 -7.546396452036772
0 0.01972201123681191 -7.546396452036772
1 2 0 2
19
20
0 0.07360354796322703 -7.600277988763187
0 0.07360354796322696 -7.639722011236811
1 3 0 2
21
22
0 0.01972201123681204 -7.693603547963226
0 -0.01972201123681212 -7.693603547963226
1 4 0 2
23
24
0 -0.07360354796322698 -7.639722011236811
0 -0.07360354796322705 -7.600277988763187
1 5 0 34
25
26
27
28
29
30
31
32
33
34
35
36
37
38
39
40
41
42
43
44
45
46
47
48
49
50
51
52
53
54
55
56
57
58
22.85999999999996 -0.05388153672641492 -7.566118463273584
45.71999999999993 -0.05388153672641492 -7.566118463273584
68.5799999999999 -0.05388153672641492 -7.566118463273584
91.43999999999987 -0.05388153672641492 -7.566118463273584
114.2999999999999 -0.05388153672641492 -7.566118463273584
137.1599999999998 -0.05388153672641492 -7.566118463273584
160.0199999999998 -0.05388153672641492 -7.566118463273584
182.8799999999998 -0.05388153672641492 -7.566118463273584
205.7399999999998 -0.05388153672641492 -7.566118463273584
228.5999999999997 -0.05388153672641492 -7.566118463273584
251.4599999999997 -0.05388153672641492 -7.566118463273584
274.3199999999996 -0.05388153672641492 -7.566118463273584
297.1799999999996 -0.05388153672641492 -7.566118463273584
320.0399999999995 -0.05388153672641492 -7.566118463273584
342.8999999999994 -0.05388153672641492 -7.566118463273584
365.7599999999994 -0.05388153672641492 -7.566118463273584
388.6199999999993 -0.05388153672641492 -7.566118463273584
411.4799999999992 -0.05388153672641492 -7.566118463273584
434.3399999999992 -0.05388153672641492 -7.566118463273584
457.199999999999 -0.05388153672641492 -7.566118463273584
480.059999999999 -0.05388153672641492 -7.566118463273584
502.919999999999 -0.05388153672641492 -7.566118463273584
525.7799999999989 -0.05388153672641492 -7.566118463273584
548.6399999999991 -0.05388153672641492 -7.566118463273584
571.4999999999991 -0.05388153672641492 -7.566118463273584
594.3599999999992 -0.05388153672641492 -7.566118463273584
617.2199999999993 -0.05388153672641492 -7.566118463273584
640.0799999999995 -0.05388153672641492 -7.566118463273584
662.9399999999995 -0.05388153672641492 -7.566118463273584
685.7999999999996 -0.05388153672641492 -7.566118463273584
708.6599999999997 -0.05388153672641492 -7.566118463273584
731.5199999999998 -0.05388153672641492 -7.566118463273584
754.3799999999999 -0.05388153672641492 -7.566118463273584
777.24 -0.05388153672641492 -7.566118463273584
1 6 0 34
59
60
61
62
63
64
65
66
67
68
69
70
71
72
73
74
75
76
77
78
79
80
81
82
83
84
85
86
87
88
89
90
91
92
22.85999999999996 0.05388153672641492 -7.566118463273584
45.71999999999993 0.05388153672641492 -7.566118463273584
68.5799999999999 0.05388153672641492 -7.566118463273584
91.43999999999987 0.05388153672641492 -7.566118463273584
114.2999999999999 0.05388153672641492 -7.566118463273584
137.1599999999998 0.05388153672641492 -7.566118463273584
160.0199999999998 0.05388153672641492 -7.566118463273584
182.8799999999998 0.05388153672641492 -7.566118463273584
205.7399999999998 0.05388153672641492 -7.566118463273584
228.5999999999997 0.05388153672641492 -7.566118463273584
251.4599999999997 0.05388153672641492 -7.566118463273584
274.3199999999996 0.05388153672641492 -7.566118463273584
297.1799999999996 0.05388153672641492 -7.566118463273584
320.0399999999995 0.05388153672641492 -7.566118463273584
342.8999999999994 0.05388153672641492 -7.566118463273584
365.7599999999994 0.05388153672641492 -7.566118463273584
388.6199999999993 0.05388153672641492 -7.566118463273584
411.4799999999992 0.05388153672641492 -7.566118463273584
434.3399999999992 0.05388153672641492 -7.566118463273584
457.199999999999 0.05388153672641492 -7.566118463273584
480.059999999999 0.05388153672641492 -7.566118463273584
502.919999999999 0.05388153672641492 -7.566118463273584
525.7799999999989 0.05388153672641492 -7.566118463273584
548.6399999999991 0.05388153672641492 -7.566118463273584
571.4999999999991 0.05388153672641492 -7.566118463273584
594.3599999999992 0.05388153672641492 -7.566118463273584
617.2199999999993 0.05388153672641492 -7.566118463273584
640.0799999999995 0.05388153672641492 -7.566118463273584
662.9399999999995 0.05388153672641492 -7.566118463273584
685.7999999999996 0.05388153672641492 -7.566118463273584
708.6599999999997 0.05388153672641492 -7.566118463273584
731.5199999999998 0.05388153672641492 -7.566118463273584
754.3799999999999 0.05388153672641492 -7.566118463273584
777.24 0.05388153672641492 -7.566118463273584
1 7 0 2
93
94
800.1 -0.01972201123681221 -7.546396452036772
800.1 0.01972201123681191 -7.546396452036772
1 8 0 34
95
96
97
98
99
100
101
102
103
104
105
106
107
108
109
110
111
112
113
114
115
116
117
118
119
120
121
122
123
124
125
126
127
128
22.85999999999996 0.05388153672641492 -7.673881536726414
45.71999999999993 0.05388153672641492 -7.673881536726414
68.5799999999999 0.05388153672641492 -7.673881536726414
91.43999999999987 0.05388153672641492 -7.673881536726414
114.2999999999999 0.05388153672641492 -7.673881536726414
137.1599999999998 0.05388153672641492 -7.673881536726414
160.0199999999998 0.05388153672641492 -7.673881536726414
182.8799999999998 0.05388153672641492 -7.673881536726414
205.7399999999998 0.05388153672641492 -7.673881536726414
228.5999999999997 0.05388153672641492 -7.673881536726414
251.4599999999997 0.05388153672641492 -7.673881536726414
274.3199999999996 0.05388153672641492 -7.673881536726414
297.1799999999996 0.05388153672641492 -7.673881536726414
320.0399999999995 0.05388153672641492 -7.673881536726414
342.8999999999994 0.05388153672641492 -7.673881536726414
365.7599999999994 0.05388153672641492 -7.673881536726414
388.6199999999993 0.05388153672641492 -7.673881536726414
411.4799999999992 0.05388153672641492 -7.673881536726414
434.3399999999992 0.05388153672641492 -7.673881536726414
457.199999999999 0.05388153672641492 -7.673881536726414
480.059999999999 0.05388153672641492 -7.673881536726414
502.919999999999 0.05388153672641492 -7.673881536726414
525.7799999999989 0.05388153672641492 -7.673881536726414
548.6399999999991 0.05388153672641492 -7.673881536726414
571.4999999999991 0.05388153672641492 -7.673881536726414
594.3599999999992 0.05388153672641492 -7.673881536726414
617.2199999999993 0.05388153672641492 -7.673881536726414
640.0799999999995 0.05388153672641492 -7.673881536726414
662.9399999999995 0.05388153672641492 -7.673881536726414
685.7999999999996 0.05388153672641492 -7.673881536726414
708.6599999999997 0.05388153672641492 -7.673881536726414
731.5199999999998 0.05388153672641492 -7.673881536726414
754.3799999999999 0.05388153672641492 -7.673881536726414
777.24 0.05388153672641492 -7.673881536726414
1 9 0 2
129
130
800.1 0.07360354796322703 -7.600277988763187
800.1 0.07360354796322696 -7.639722011236811
1 10 0 34
131
132
133
134
135
136
137
138
139
140
141
142
143
144
145
146
147
148
149
150
151
152
153
154
155
156
157
158
159
160
161
162
163
164
22.85999999999996 -0.05388153672641492 -7.673881536726414
45.71999999999993 -0.05388153672641492 -7.673881536726414
68.5799999999999 -0.05388153672641492 -7.673881536726414
91.43999999999987 -0.05388153672641492 -7.673881536726414
114.2999999999999 -0.05388153672641492 -7.673881536726414
137.1599999999998 -0.05388153672641492 -7.673881536726414
160.0199999999998 -0.05388153672641492 -7.673881536726414
182.8799999999998 -0.05388153672641492 -7.673881536726414
205.7399999999998 -0.05388153672641492 -7.673881536726414
228.5999999999997 -0.05388153672641492 -7.673881536726414
251.4599999999997 -0.05388153672641492 -7.673881536726414
274.3199999999996 -0.05388153672641492 -7.673881536726414
297.1799999999996 -0.05388153672641492 -7.673881536726414
320.0399999999995 -0.05388153672641492 -7.673881536726414
342.8999999999994 -0.05388153672641492 -7.673881536726414
365.7599999999994 -0.05388153672641492 -7.673881536726414
388.6199999999993 -0.05388153672641492 -7.673881536726414
411.4799999999992 -0.05388153672641492 -7.673881536726414
434.3399999999992 -0.05388153672641492 -7.673881536726414
457.199999999999 -0.05388153672641492 -7.673881536726414
480.059999999999 -0.05388153672641492 -7.673881536726414
502.919999999999 -0.05388153672641492 -7.673881536726414
525.7799999999989 -0.05388153672641492 -7.673881536726414
548.6399999999991 -0.05388153672641492 -7.673881536726414
571.4999999999991 -0.05388153672641492 -7.673881536726414
594.3599999999992 -0.05388153672641492 -7.673881536726414
617.2199999999993 -0.05388153672641492 -7.673881536726414
640.0799999999995 -0.05388153672641492 -7.673881536726414
662.9399999999995 -0.05388153672641492 -7.673881536726414
685.7999999999996 -0.05388153672641492 -7.673881536726414
708.6599999999997 -0.05388153672641492 -7.673881536726414
731.5199999999998 -0.05388153672641492 -7.673881536726414
754.3799999999999 -0.05388153672641492 -7.673881536726414
777.24 -0.05388153672641492 -7.673881536726414
1 11 0 2
165
166
800.1 0.01972201123681204 -7.693603547963226
800.1 -0.01972201123681212 -7.693603547963226
1 12 0 2
167
168
800.1 -0.07360354796322698 -7.639722011236811
800.1 -0.07360354796322705 -7.600277988763187
1 13 0 34
169
170
171
172
173
174
175
176
177
178
179
180
181
182
183
184
185
186
187
188
189
190
191
192
193
194
195
196
197
198
199
200
201
202
12.51421714285716 -10.9728 10.9728
36.00123428571433 -10.9728 10.9728
59.48825142857149 -10.9728 10.9728
82.97526857142866 -10.9728 10.9728
106.4622857142858 -10.9728 10.9728
129.949302857143 -10.9728 10.9728
153.4363200000002 -10.9728 10.9728
176.9233371428574 -10.9728 10.9728
200.4103542857146 -10.9728 10.9728
223.8973714285717 -10.9728 10.9728
247.3843885714289 -10.9728 10.9728
270.871405714286 -10.9728 10.9728
294.3584228571431 -10.9728 10.9728
317.8454400000002 -10.9728 10.9728
341.3324571428574 -10.9728 10.9728
364.8194742857145 -10.9728 10.9728
388.3064914285716 -10.9728 10.9728
411.7935085714287 -10.9728 10.9728
435.2805257142859 -10.9728 10.9728
458.7675428571431 -10.9728 10.9728
482.2545600000003 -10.9728 10.9728
505.7415771428574 -10.9728 10.9728
529.2285942857145 -10.9728 10.9728
552.7156114285716 -10.9728 10.9728
576.2026285714288 -10.9728 10.9728
599.6896457142859 -10.9728 10.9728
623.176662857143 -10.9728 10.9728
646.6636800000001 -10.9728 10.9728
670.1506971428572 -10.9728 10.9728
693.6377142857143 -10.9728 10.9728
717.1247314285714 -10.9728 10.9728
740.6117485714285 -10.9728 10.9728
764.0987657142856 -10.9728 10.9728
787.5857828571427 -10.9728 10.9728
1 14 0 34
203
204
205
206
207
208
209
210
211
212
213
214
215
216
217
218
219
220
221
222
223
224
225
226
227
228
229
230
231
232
233
234
235
236
12.51421714285716 10.9728 10.9728
36.00123428571433 10.9728 10.9728
59.48825142857149 10.9728 10.9728
82.97526857142866 10.9728 10.9728
106.4622857142858 10.9728 10.9728
129.949302857143 10.9728 10.9728
153.4363200000002 10.9728 10.9728
176.9233371428574 10.9728 10.9728
200.4103542857146 10.9728 10.9728
223.8973714285717 10.9728 10.9728
247.3843885714289 10.9728 10.9728
270.871405714286 10.9728 10.9728
294.3584228571431 10.9728 10.9728
317.8454400000002 10.9728 10.9728
341.3324571428574 10.9728 10.9728
364.8194742857145 10.9728 10.9728
388.3064914285716 10.9728 10.9728
411.7935085714287 10.9728 10.9728
435.2805257142859 10.9728 10.9728
458.7675428571431 10.9728 10.9728
482.2545600000003 10.9728 10.9728
505.7415771428574 10.9728 10.9728
529.2285942857145 10.9728 10.9728
552.7156114285716 10.9728 10.9728
576.2026285714288 10.9728 10.9728
599.6896457142859 10.9728 10.9728
623.176662857143 10.9728 10.9728
646.6636800000001 10.9728 10.9728
670.1506971428572 10.9728 10.9728
693.6377142857143 10.9728 10.9728
717.1247314285714 10.9728 10.9728
740.6117485714285 10.9728 10.9728
764.0987657142856 10.9728 10.9728
787.5857828571427 10.9728 10.9728
1 15 0 34
237
238
239
240
241
242
243
244
245
246
247
248
249
250
251
252
253
254
255
256
257
258
259
260
261
262
263
264
265
266
267
268
269
270
12.51421714285716 10.9728 -10.9728
36.00123428571433 10.9728 -10.9728
59.48825142857149 10.9728 -10.9728
82.97526857142866 10.9728 -10.9728
106.4622857142858 10.9728 -10.9728
129.949302857143 10.9728 -10.9728
153.4363200000002 10.9728 -10.9728
176.9233371428574 10.9728 -10.9728
200.4103542857146 10.9728 -10.9728
223.8973714285717 10.9728 -10.9728
247.3843885714289 10.9728 -10.9728
270.871405714286 10.9728 -10.9728
294.3584228571431 10.9728 -10.9728
317.8454400000002 10.9728 -10.9728
341.3324571428574 10.9728 -10.9728
364.8194742857145 10.9728 -10.9728
388.3064914285716 10.9728 -10.9728
411.7935085714287 10.9728 -10.9728
435.2805257142859 10.9728 -10.9728
458.7675428571431 10.9728 -10.9728
482.2545600000003 10.9728 -10.9728
505.7415771428574 10.9728 -10.9728
529.2285942857145 10.9728 -10.9728
552.7156114285716 10.9728 -10.9728
576.2026285714288 10.9728 -10.9728
599.6896457142859 10.9728 -10.9728
623.176662857143 10.9728 -10.9728
646.6636800000001 10.9728 -10.9728
670.1506971428572 10.9728 -10.9728
693.6377142857143 10.9728 -10.9728
717.1247314285714 10.9728 -10.9728
740.6117485714285 10.9728 -10.9728
764.0987657142856 10.9728 -10.9728
787.5857828571427 10.9728 -10.9728
1 16 0 34
271
272
273
274
275
276
277
278
279
280
281
282
283
284
285
286
287
288
289
290
291
292
293
294
295
296
297
298
299
300
301
302
303
304
12.51421714285716 -10.9728 -10.9728
36.00123428571433 -10.9728 -10.9728
59.48825142857149 -10.9728 -10.9728
82.97526857142866 -10.9728 -10.9728
106.4622857142858 -10.9728 -10.9728
129.949302857143 -10.9728 -10.9728
153.4363200000002 -10.9728 -10.9728
176.9233371428574 -10.9728 -10.9728
200.4103542857146 -10.9728 -10.9728
223.8973714285717 -10.9728 -10.9728
247.3843885714289 -10.9728 -10.9728
270.871405714286 -10.9728 -10.9728
294.3584228571431 -10.9728 -10.9728
317.8454400000002 -10.9728 -10.9728
341.3324571428574 -10.9728 -10.9728
364.8194742857145 -10.9728 -10.9728
388.3064914285716 -10.9728 -10.9728
411.7935085714287 -10.9728 -10.9728
435.2805257142859 -10.9728 -10.9728
458.7675428571431 -10.9728 -10.9728
482.2545600000003 -10.9728 -10.9728
505.7415771428574 -10.9728 -10.9728
529.2285942857145 -10.9728 -10.9728
552.7156114285716 -10.9728 -10.9728
576.2026285714288 -10.9728 -10.9728
599.6896457142859 -10.9728 -10.9728
623.176662857143 -10.9728 -10.9728
646.6636800000001 -10.9728 -10.9728
670.1506971428572 -10.9728 -10.9728
693.6377142857143 -10.9728 -10.9728
717.1247314285714 -10.9728 -10.9728
740.6117485714285 -10.9728 -10.9728
764.0987657142856 -10.9728 -10.9728
787.5857828571427 -10.9728 -10.9728
1 17 0 2
305
306
-10.97280000000001 -3.6576 10.9728
-10.97280000000001 3.6576 10.9728
1 18 0 2
307
308
-10.97280000000001 10.9728 3.6576
-10.97280000000001 10.9728 -3.6576
1 19 0 2
309
310
-10.97280000000001 3.6576 -10.9728
-10.97280000000001 -3.6576 -10.9728
1 20 0 2
311
312
-10.97280000000001 -10.9728 -3.6576
-10.97280000000001 -10.9728 3.6576
1 21 0 2
313
314
811.0728 -3.6576 10.9728
811.0728 3.6576 10.9728
1 22 0 2
315
316
811.0728 10.9728 3.6576
811.0728 10.9728 -3.6576
1 23 0 2
317
318
811.0728 3.6576 -10.9728
811.0728 -3.6576 -10.9728
1 24 0 2
319
320
811.0728 -10.9728 -3.6576
811.0728 -10.9728 3.6576
1 25 0 6
321
322
323
324
325
326
-0.2547514464074431 -0.307382035388915 -7.135707237939249
-0.6623537179678588 -0.7129827907670567 -6.447049349533041
-1.314517341511521 -1.361943988472865 -5.345196746588579
-2.357979179009962 -2.400281944435163 -3.582232514585698
-4.027518113305423 -4.061622668300794 -0.7614897530148861
-6.698780371887445 -6.719767790373295 3.751698604184016
1 26 0 6
327
328
329
330
331
332
-0.2547514464074431 0.307382035388915 -7.135707237939249
-0.6623537179678588 0.7129827907670567 -6.447049349533041
-1.314517341511521 1.361943988472865 -5.345196746588579
-2.357979179009962 2.400281944435163 -3.582232514585698
-4.027518113305423 4.061622668300794 -0.7614897530148861
-6.698780371887445 6.719767790373295 3.751698604184016
1 27 0 6
333
334
335
336
337
338
-0.2547514460861527 0.3073820350692022 -7.750471308620485
-0.6623537169397296 0.7129827897439761 -7.873014930758052
-1.314517339044011 1.361943986017472 -8.069084722792464
-2.35797917374594 2.400281939196989 -8.382796401873421
-4.027518102777377 4.061622657824445 -8.884735086451268
-6.698780352883019 6.719767771462188 -9.687836970848982
1 28 0 6
339
340
341
342
343
344
-0.2547514460861527 -0.3073820350692022 -7.750471308620485
-0.6623537169397296 -0.7129827897439761 -7.873014930758052
-1.314517339044011 -1.361943986017472 -8.069084722792464
-2.35797917374594 -2.400281939196989 -8.382796401873421
-4.027518102777377 -4.061622657824445 -8.884735086451268
-6.698780352883019 -6.719767771462188 -9.687836970848982
1 29 0 6
345
346
347
348
349
350
800.3547514464075 -0.307382035388915 -7.135707237939249
800.7623537179679 -0.7129827907670567 -6.447049349533041
801.4145173415116 -1.361943988472865 -5.345196746588579
802.45797917901 -2.400281944435163 -3.582232514585698
804.1275181133054 -4.061622668300794 -0.7614897530148861
806.7987803718875 -6.719767790373295 3.751698604184016
1 30 0 6
351
352
353
354
355
356
800.3547514464075 0.307382035388915 -7.135707237939249
800.7623537179679 0.7129827907670567 -6.447049349533041
801.4145173415116 1.361943988472865 -5.345196746588579
802.45797917901 2.400281944435163 -3.582232514585698
804.1275181133054 4.061622668300794 -0.7614897530148861
806.7987803718875 6.719767790373295 3.751698604184016
1 31 0 6
357
358
359
360
361
362
800.3547514460862 0.3073820350692022 -7.750471308620485
800.7623537169397 0.7129827897439761 -7.873014930758052
801.414517339044 1.361943986017472 -8.069084722792464
802.4579791737459 2.400281939196989 -8.382796401873421
804.1275181027773 4.061622657824445 -8.884735086451268
806.798780352883 6.719767771462188 -9.687836970848982
1 32 0 6
363
364
365
366
367
368
800.3547514460862 -0.3073820350692022 -7.750471308620485
800.7623537169397 -0.7129827897439761 -7.873014930758052
801.414517339044 -1.361943986017472 -8.069084722792464
802.4579791737459 -2.400281939196989 -8.382796401873421
804.1275181027773 -4.061622657824445 -8.884735086451268
806.798780352883 -6.719767771462188 -9.687836970848982
2 1 0 68
369
370
371
372
373
374
375
376
377
378
379
380
381
382
383
384
385
386
387
388
389
390
391
392
393
394
395
396
397
398
399
400
401
402
403
404
405
406
407
408
409
410
411
412
413
414
415
416
417
418
419
420
421
422
423
424
425
426
427
428
429
430
431
432
433
434
435
436
22.85999999999996 -0.01972201123681228 -7.546396452036772
22.85999999999996 0.01972201123681191 -7.546396452036772
45.71999999999996 -0.01972201123681221 -7.546396452036772
45.71999999999993 0.01972201123681191 -7.546396452036772
68.5799999999999 -0.01972201123681221 -7.546396452036772
68.5799999999999 0.01972201123681191 -7.546396452036772
91.43999999999991 -0.01972201123681221 -7.546396452036772
91.43999999999987 0.01972201123681191 -7.546396452036772
114.2999999999999 -0.01972201123681221 -7.546396452036772
114.2999999999999 0.01972201123681191 -7.546396452036772
137.1599999999998 -0.01972201123681221 -7.546396452036772
137.1599999999998 0.01972201123681191 -7.546396452036772
160.0199999999998 -0.01972201123681228 -7.546396452036772
160.0199999999998 0.01972201123681191 -7.546396452036772
182.8799999999998 -0.01972201123681221 -7.546396452036772
182.8799999999998 0.01972201123681191 -7.546396452036772
205.7399999999997 -0.01972201123681221 -7.546396452036772
205.7399999999997 0.01972201123681197 -7.546396452036772
228.5999999999997 -0.01972201123681221 -7.546396452036772
228.5999999999998 0.01972201123681191 -7.546396452036772
251.4599999999997 -0.01972201123681228 -7.546396452036772
251.4599999999997 0.01972201123681191 -7.546396452036772
274.3199999999996 -0.01972201123681221 -7.546396452036772
274.3199999999996 0.01972201123681191 -7.546396452036772
297.1799999999996 -0.01972201123681228 -7.546396452036772
297.1799999999996 0.01972201123681191 -7.546396452036772
320.0399999999995 -0.01972201123681228 -7.546396452036772
320.0399999999995 0.01972201123681191 -7.546396452036772
342.8999999999994 -0.01972201123681221 -7.546396452036772
342.8999999999994 0.01972201123681191 -7.546396452036772
365.7599999999993 -0.01972201123681221 -7.546396452036772
365.7599999999993 0.01972201123681191 -7.546396452036772
388.6199999999994 -0.01972201123681221 -7.546396452036772
388.6199999999992 0.01972201123681191 -7.546396452036772
411.4799999999992 -0.01972201123681221 -7.546396452036772
411.4799999999993 0.01972201123681191 -7.546396452036772
434.3399999999992 -0.01972201123681221 -7.546396452036772
434.3399999999991 0.01972201123681191 -7.546396452036772
457.1999999999989 -0.01972201123681221 -7.546396452036772
457.199999999999 0.01972201123681191 -7.546396452036772
480.059999999999 -0.01972201123681221 -7.546396452036772
480.059999999999 0.01972201123681191 -7.546396452036772
502.919999999999 -0.01972201123681221 -7.546396452036772
502.919999999999 0.01972201123681191 -7.546396452036772
525.7799999999989 -0.01972201123681221 -7.546396452036772
525.7799999999989 0.01972201123681197 -7.546396452036772
548.6399999999992 -0.01972201123681221 -7.546396452036772
548.6399999999991 0.01972201123681191 -7.546396452036772
571.4999999999991 -0.01972201123681221 -7.546396452036772
571.4999999999991 0.01972201123681197 -7.546396452036772
594.3599999999992 -0.01972201123681221 -7.546396452036772
594.3599999999992 0.01972201123681191 -7.546396452036772
617.2199999999993 -0.01972201123681221 -7.546396452036772
617.2199999999993 0.01972201123681191 -7.546396452036772
640.0799999999997 -0.01972201123681221 -7.546396452036772
640.0799999999995 0.01972201123681191 -7.546396452036772
662.9399999999994 -0.01972201123681228 -7.546396452036772
662.9399999999995 0.01972201123681191 -7.546396452036772
685.7999999999998 -0.01972201123681221 -7.546396452036772
685.7999999999996 0.01972201123681197 -7.546396452036772
708.6599999999996 -0.01972201123681221 -7.546396452036772
708.6599999999997 0.01972201123681185 -7.546396452036772
731.52 -0.01972201123681214 -7.546396452036772
731.5199999999998 0.01972201123681191 -7.546396452036772
754.3799999999999 -0.01972201123681221 -7.546396452036772
754.3799999999998 0.01972201123681191 -7.546396452036772
777.24 -0.01972201123681228 -7.546396452036772
777.24 0.01972201123681185 -7.546396452036772
2 2 0 68
437
438
439
440
441
442
443
444
445
446
447
448
449
450
451
452
453
454
455
456
457
458
459
460
461
462
463
464
465
466
467
468
469
470
471
472
473
474
475
476
477
478
479
480
481
482
483
484
485
486
487
488
489
490
491
492
493
494
495
496
497
498
499
500
501
502
503
504
22.85999999999996 0.07360354796322703 -7.600277988763187
22.85999999999996 0.07360354796322696 -7.639722011236811
45.71999999999993 0.07360354796322703 -7.600277988763187
45.71999999999994 0.07360354796322696 -7.639722011236811
68.5799999999999 0.07360354796322703 -7.600277988763187
68.5799999999999 0.07360354796322696 -7.639722011236811
91.43999999999986 0.07360354796322703 -7.600277988763187
91.43999999999988 0.07360354796322696 -7.639722011236811
114.2999999999999 0.07360354796322703 -7.600277988763187
114.2999999999999 0.07360354796322696 -7.639722011236811
137.1599999999998 0.07360354796322703 -7.600277988763187
137.1599999999998 0.07360354796322696 -7.639722011236811
160.0199999999998 0.07360354796322703 -7.600277988763187
160.0199999999998 0.07360354796322696 -7.639722011236811
182.8799999999998 0.07360354796322703 -7.600277988763187
182.8799999999998 0.07360354796322696 -7.639722011236811
205.7399999999998 0.07360354796322703 -7.600277988763187
205.7399999999997 0.07360354796322696 -7.639722011236811
228.5999999999997 0.07360354796322703 -7.600277988763187
228.5999999999998 0.07360354796322696 -7.639722011236811
251.4599999999997 0.07360354796322703 -7.600277988763187
251.4599999999997 0.07360354796322696 -7.639722011236811
274.3199999999996 0.07360354796322703 -7.600277988763187
274.3199999999996 0.07360354796322696 -7.639722011236811
297.1799999999996 0.07360354796322703 -7.600277988763187
297.1799999999996 0.07360354796322696 -7.639722011236811
320.0399999999996 0.07360354796322703 -7.600277988763187
320.0399999999995 0.07360354796322696 -7.639722011236811
342.8999999999994 0.07360354796322703 -7.600277988763187
342.8999999999994 0.07360354796322696 -7.639722011236811
365.7599999999993 0.07360354796322703 -7.600277988763187
365.7599999999994 0.07360354796322696 -7.639722011236811
388.6199999999992 0.07360354796322703 -7.600277988763187
388.6199999999993 0.07360354796322696 -7.639722011236811
411.4799999999993 0.07360354796322703 -7.600277988763187
411.4799999999993 0.07360354796322696 -7.639722011236811
434.3399999999991 0.07360354796322703 -7.600277988763187
434.3399999999992 0.07360354796322696 -7.639722011236811
457.199999999999 0.07360354796322703 -7.600277988763187
457.199999999999 0.07360354796322696 -7.639722011236811
480.0599999999989 0.07360354796322703 -7.600277988763187
480.059999999999 0.07360354796322696 -7.639722011236811
502.919999999999 0.07360354796322703 -7.600277988763187
502.919999999999 0.07360354796322696 -7.639722011236811
525.7799999999989 0.07360354796322703 -7.600277988763187
525.7799999999989 0.07360354796322696 -7.639722011236811
548.6399999999991 0.07360354796322703 -7.600277988763187
548.6399999999991 0.07360354796322696 -7.639722011236811
571.4999999999991 0.07360354796322703 -7.600277988763187
571.4999999999991 0.07360354796322696 -7.639722011236811
594.3599999999992 0.07360354796322703 -7.600277988763187
594.3599999999992 0.07360354796322696 -7.639722011236811
617.2199999999996 0.07360354796322703 -7.600277988763187
617.2199999999993 0.07360354796322698 -7.639722011236811
640.0799999999995 0.07360354796322703 -7.600277988763187
640.0799999999995 0.07360354796322696 -7.639722011236811
662.9399999999994 0.07360354796322703 -7.600277988763187
662.9399999999995 0.07360354796322696 -7.639722011236811
685.7999999999998 0.07360354796322703 -7.600277988763187
685.7999999999996 0.07360354796322696 -7.639722011236811
708.6599999999996 0.07360354796322703 -7.600277988763187
708.6599999999999 0.07360354796322696 -7.639722011236811
731.5199999999998 0.07360354796322703 -7.600277988763187
731.5199999999999 0.07360354796322696 -7.639722011236811
754.3799999999998 0.07360354796322703 -7.600277988763187
754.3799999999998 0.07360354796322696 -7.639722011236811
777.2400000000002 0.07360354796322703 -7.600277988763187
777.24 0.07360354796322696 -7.639722011236811
2 3 0 68
505
506
507
508
509
510
511
512
513
514
515
516
517
518
519
520
521
522
523
524
525
526
527
528
529
530
531
532
533
534
535
536
537
538
539
540
541
542
543
544
545
546
547
548
549
550
551
552
553
554
555
556
557
558
559
560
561
562
563
564
565
566
567
568
569
570
571
572
22.85999999999996 0.01972201123681207 -7.693603547963226
22.85999999999996 -0.01972201123681212 -7.693603547963226
45.71999999999993 0.01972201123681204 -7.693603547963226
45.71999999999994 -0.01972201123681212 -7.693603547963226
68.57999999999988 0.0197220112368121 -7.693603547963226
68.5799999999999 -0.01972201123681212 -7.693603547963226
91.43999999999987 0.01972201123681207 -7.693603547963226
91.43999999999988 -0.01972201123681212 -7.693603547963226
114.2999999999998 0.01972201123681201 -7.693603547963226
114.2999999999999 -0.01972201123681212 -7.693603547963226
137.1599999999998 0.01972201123681204 -7.693603547963226
137.1599999999998 -0.01972201123681212 -7.693603547963226
160.0199999999998 0.01972201123681207 -7.693603547963226
160.0199999999998 -0.01972201123681212 -7.693603547963226
182.8799999999999 0.01972201123681201 -7.693603547963226
182.8799999999998 -0.01972201123681212 -7.693603547963226
205.7399999999998 0.0197220112368121 -7.693603547963226
205.7399999999998 -0.01972201123681212 -7.693603547963226
228.5999999999997 0.01972201123681207 -7.693603547963226
228.5999999999997 -0.01972201123681212 -7.693603547963226
251.4599999999997 0.01972201123681204 -7.693603547963226
251.4599999999997 -0.01972201123681212 -7.693603547963226
274.3199999999995 0.01972201123681207 -7.693603547963226
274.3199999999996 -0.01972201123681212 -7.693603547963226
297.1799999999996 0.01972201123681207 -7.693603547963226
297.1799999999996 -0.01972201123681212 -7.693603547963226
320.0399999999995 0.01972201123681207 -7.693603547963226
320.0399999999995 -0.01972201123681212 -7.693603547963226
342.8999999999994 0.01972201123681204 -7.693603547963226
342.8999999999994 -0.01972201123681212 -7.693603547963226
365.7599999999993 0.01972201123681201 -7.693603547963226
365.7599999999993 -0.01972201123681212 -7.693603547963226
388.6199999999994 0.01972201123681204 -7.693603547963226
388.6199999999992 -0.01972201123681212 -7.693603547963226
411.4799999999991 0.01972201123681207 -7.693603547963226
411.4799999999992 -0.01972201123681212 -7.693603547963226
434.3399999999993 0.01972201123681204 -7.693603547963226
434.3399999999992 -0.01972201123681212 -7.693603547963226
457.199999999999 0.01972201123681204 -7.693603547963226
457.199999999999 -0.01972201123681212 -7.693603547963226
480.059999999999 0.01972201123681204 -7.693603547963226
480.0599999999991 -0.01972201123681212 -7.693603547963226
502.919999999999 0.01972201123681207 -7.693603547963226
502.919999999999 -0.01972201123681212 -7.693603547963226
525.7799999999991 0.01972201123681204 -7.693603547963226
525.7799999999989 -0.01972201123681212 -7.693603547963226
548.6399999999991 0.01972201123681207 -7.693603547963226
548.6399999999991 -0.01972201123681212 -7.693603547963226
571.4999999999991 0.01972201123681204 -7.693603547963226
571.4999999999991 -0.01972201123681212 -7.693603547963226
594.3599999999992 0.01972201123681204 -7.693603547963226
594.3599999999992 -0.01972201123681212 -7.693603547963226
617.2199999999993 0.01972201123681207 -7.693603547963226
617.2199999999993 -0.01972201123681208 -7.693603547963226
640.0799999999995 0.01972201123681207 -7.693603547963226
640.0799999999995 -0.01972201123681212 -7.693603547963226
662.9399999999995 0.01972201123681201 -7.693603547963226
662.9399999999994 -0.01972201123681212 -7.693603547963226
685.7999999999996 0.01972201123681204 -7.693603547963226
685.7999999999996 -0.01972201123681212 -7.693603547963226
708.6599999999996 0.01972201123681201 -7.693603547963226
708.6599999999999 -0.01972201123681212 -7.693603547963226
731.5199999999998 0.01972201123681204 -7.693603547963226
731.5199999999998 -0.01972201123681212 -7.693603547963226
754.3799999999998 0.01972201123681207 -7.693603547963226
754.3799999999999 -0.01972201123681212 -7.693603547963226
777.24 0.01972201123681204 -7.693603547963226
777.24 -0.01972201123681215 -7.693603547963226
2 4 0 68
573
574
575
576
577
578
579
580
581
582
583
584
585
586
587
588
589
590
591
592
593
594
595
596
597
598
599
600
601
602
603
604
605
606
607
608
609
610
611
612
613
614
615
616
617
618
619
620
621
622
623
624
625
626
627
628
629
630
631
632
633
634
635
636
637
638
639
640
22.85999999999996 -0.07360354796322698 -7.639722011236811
22.85999999999996 -0.07360354796322705 -7.600277988763187
45.71999999999996 -0.07360354796322698 -7.639722011236811
45.71999999999993 -0.07360354796322703 -7.600277988763187
68.5799999999999 -0.07360354796322698 -7.639722011236811
68.5799999999999 -0.07360354796322703 -7.600277988763187
91.43999999999991 -0.07360354796322698 -7.639722011236811
91.43999999999987 -0.07360354796322703 -7.600277988763187
114.2999999999999 -0.07360354796322698 -7.639722011236811
114.2999999999999 -0.07360354796322702 -7.600277988763187
137.1599999999998 -0.07360354796322698 -7.639722011236811
137.1599999999998 -0.07360354796322709 -7.600277988763187
160.0199999999998 -0.07360354796322698 -7.639722011236811
160.0199999999998 -0.07360354796322702 -7.600277988763187
182.8799999999998 -0.07360354796322698 -7.639722011236811
182.8799999999998 -0.07360354796322705 -7.600277988763187
205.7399999999997 -0.07360354796322698 -7.639722011236811
205.7399999999998 -0.07360354796322703 -7.600277988763187
228.5999999999997 -0.07360354796322698 -7.639722011236811
228.5999999999997 -0.07360354796322703 -7.600277988763187
251.4599999999997 -0.07360354796322698 -7.639722011236811
251.4599999999997 -0.07360354796322703 -7.600277988763187
274.3199999999996 -0.07360354796322698 -7.639722011236811
274.3199999999996 -0.07360354796322703 -7.600277988763187
297.1799999999996 -0.07360354796322698 -7.639722011236811
297.1799999999996 -0.07360354796322703 -7.600277988763187
320.0399999999995 -0.07360354796322698 -7.639722011236811
320.0399999999995 -0.07360354796322703 -7.600277988763187
342.8999999999994 -0.07360354796322698 -7.639722011236811
342.8999999999994 -0.07360354796322702 -7.600277988763187
365.7599999999993 -0.07360354796322698 -7.639722011236811
365.7599999999994 -0.07360354796322702 -7.600277988763187
388.6199999999994 -0.07360354796322698 -7.639722011236811
388.6199999999993 -0.07360354796322702 -7.600277988763187
411.4799999999992 -0.07360354796322698 -7.639722011236811
411.4799999999992 -0.07360354796322703 -7.600277988763187
434.3399999999992 -0.07360354796322698 -7.639722011236811
434.339999999999 -0.07360354796322703 -7.600277988763187
457.1999999999989 -0.07360354796322698 -7.639722011236811
457.199999999999 -0.07360354796322705 -7.600277988763187
480.059999999999 -0.07360354796322698 -7.639722011236811
480.0599999999991 -0.07360354796322703 -7.600277988763187
502.919999999999 -0.07360354796322698 -7.639722011236811
502.919999999999 -0.07360354796322703 -7.600277988763187
525.7799999999989 -0.07360354796322698 -7.639722011236811
525.7799999999989 -0.07360354796322703 -7.600277988763187
548.6399999999992 -0.07360354796322699 -7.639722011236811
548.6399999999991 -0.07360354796322703 -7.600277988763187
571.4999999999991 -0.07360354796322698 -7.639722011236811
571.4999999999991 -0.07360354796322703 -7.600277988763187
594.3599999999992 -0.07360354796322698 -7.639722011236811
594.3599999999992 -0.07360354796322703 -7.600277988763187
617.2199999999993 -0.07360354796322698 -7.639722011236811
617.2199999999993 -0.07360354796322703 -7.600277988763187
640.0799999999997 -0.07360354796322698 -7.639722011236811
640.0799999999996 -0.07360354796322703 -7.600277988763187
662.9399999999994 -0.07360354796322698 -7.639722011236811
662.9399999999995 -0.07360354796322703 -7.600277988763187
685.7999999999998 -0.07360354796322698 -7.639722011236811
685.7999999999996 -0.07360354796322703 -7.600277988763187
708.6599999999996 -0.07360354796322696 -7.639722011236811
708.6599999999997 -0.07360354796322703 -7.600277988763187
731.52 -0.07360354796322699 -7.639722011236811
731.5199999999998 -0.07360354796322705 -7.600277988763187
754.3799999999999 -0.07360354796322698 -7.639722011236811
754.3799999999998 -0.07360354796322703 -7.600277988763187
777.24 -0.07360354796322696 -7.639722011236811
777.24 -0.07360354796322703 -7.600277988763187
2 39 0 4
641
642
643
644
-10.97280000000001 -3.6576 3.657600000000001
-10.97280000000001 -3.6576 -3.6576
-10.97280000000001 3.657600000000001 3.657600000000001
-10.97280000000001 3.6576 -3.6576
2 40 0 4
645
646
647
648
811.0728 -3.6576 3.657600000000001
811.0728 -3.6576 -3.6576
811.0728 3.657600000000001 3.657600000000001
811.0728 3.6576 -3.6576
2 41 0 68
649
650
651
652
653
654
655
656
657
658
659
660
661
662
663
664
665
666
667
668
669
670
671
672
673
674
675
676
677
678
679
680
681
682
683
684
685
686
687
688
689
690
691
692
693
694
695
696
697
698
699
700
701
702
703
704
705
706
707
708
709
710
711
712
713
714
715
716
12.51421714285709 -10.9728 3.657600000000001
12.51421714285709 -10.9728 -3.657600000000002
36.00123428571419 -10.9728 3.657600000000001
36.0012342857143 -10.9728 -3.657600000000001
59.48825142857146 -10.9728 3.657600000000001
59.48825142857157 -10.9728 -3.657600000000001
82.97526857142873 -10.9728 3.6576
82.97526857142873 -10.9728 -3.6576
106.4622857142858 -10.9728 3.657600000000001
106.4622857142858 -10.9728 -3.657600000000002
129.9493028571429 -10.9728 3.657600000000001
129.949302857143 -10.9728 -3.657600000000002
153.4363200000002 -10.9728 3.657600000000001
153.4363200000001 -10.9728 -3.6576
176.9233371428574 -10.9728 3.657600000000001
176.9233371428574 -10.9728 -3.657600000000002
200.4103542857146 -10.9728 3.6576
200.4103542857146 -10.9728 -3.657600000000001
223.8973714285717 -10.9728 3.6576
223.8973714285718 -10.9728 -3.657600000000001
247.3843885714289 -10.9728 3.657600000000001
247.3843885714289 -10.9728 -3.657600000000001
270.8714057142861 -10.9728 3.657600000000001
270.871405714286 -10.9728 -3.657600000000001
294.3584228571431 -10.9728 3.6576
294.3584228571431 -10.9728 -3.657600000000001
317.8454400000002 -10.9728 3.657600000000001
317.8454400000002 -10.9728 -3.6576
341.3324571428574 -10.9728 3.6576
341.3324571428574 -10.9728 -3.657600000000001
364.8194742857145 -10.9728 3.6576
364.8194742857145 -10.9728 -3.657600000000001
388.3064914285716 -10.9728 3.657600000000001
388.3064914285716 -10.9728 -3.657600000000001
411.7935085714287 -10.9728 3.6576
411.7935085714287 -10.9728 -3.657600000000001
435.280525714286 -10.9728 3.6576
435.280525714286 -10.9728 -3.657600000000001
458.7675428571431 -10.9728 3.6576
458.7675428571431 -10.9728 -3.657600000000001
482.2545600000003 -10.9728 3.6576
482.2545600000003 -10.9728 -3.6576
505.7415771428573 -10.9728 3.6576
505.7415771428574 -10.9728 -3.657600000000001
529.2285942857145 -10.9728 3.657600000000001
529.2285942857145 -10.9728 -3.657600000000001
552.7156114285716 -10.9728 3.6576
552.7156114285717 -10.9728 -3.6576
576.2026285714289 -10.9728 3.657600000000001
576.2026285714288 -10.9728 -3.657600000000001
599.6896457142859 -10.9728 3.6576
599.6896457142859 -10.9728 -3.6576
623.176662857143 -10.9728 3.6576
623.176662857143 -10.9728 -3.657600000000001
646.6636800000001 -10.9728 3.657600000000001
646.6636800000002 -10.9728 -3.6576
670.1506971428572 -10.9728 3.6576
670.1506971428572 -10.9728 -3.6576
693.6377142857143 -10.9728 3.6576
693.6377142857143 -10.9728 -3.6576
717.1247314285714 -10.9728 3.6576
717.1247314285713 -10.9728 -3.657600000000001
740.6117485714285 -10.9728 3.6576
740.6117485714285 -10.9728 -3.657600000000001
764.0987657142855 -10.9728 3.657600000000001
764.0987657142855 -10.9728 -3.657600000000001
787.5857828571428 -10.9728 3.657600000000001
787.5857828571427 -10.9728 -3.657600000000001
2 42 0 68
717
718
719
720
721
722
723
724
725
726
727
728
729
730
731
732
733
734
735
736
737
738
739
740
741
742
743
744
745
746
747
748
749
750
751
752
753
754
755
756
757
758
759
760
761
762
763
764
765
766
767
768
769
770
771
772
773
774
775
776
777
778
779
780
781
782
783
784
12.51421714285709 10.9728 3.657600000000001
12.51421714285709 10.9728 -3.657600000000002
36.00123428571419 10.9728 3.657600000000001
36.0012342857143 10.9728 -3.657600000000001
59.48825142857146 10.9728 3.657600000000001
59.48825142857157 10.9728 -3.657600000000001
82.97526857142873 10.9728 3.6576
82.97526857142873 10.9728 -3.6576
106.4622857142858 10.9728 3.657600000000001
106.4622857142858 10.9728 -3.657600000000002
129.9493028571429 10.9728 3.657600000000001
129.949302857143 10.9728 -3.657600000000002
153.4363200000002 10.9728 3.657600000000001
153.4363200000001 10.9728 -3.6576
176.9233371428574 10.9728 3.657600000000001
176.9233371428574 10.9728 -3.657600000000002
200.4103542857146 10.9728 3.6576
200.4103542857146 10.9728 -3.657600000000001
223.8973714285717 10.9728 3.6576
223.8973714285718 10.9728 -3.657600000000001
247.3843885714289 10.9728 3.657600000000001
247.3843885714289 10.9728 -3.657600000000001
270.8714057142861 10.9728 3.657600000000001
270.871405714286 10.9728 -3.657600000000001
294.3584228571431 10.9728 3.6576
294.3584228571431 10.9728 -3.657600000000001
317.8454400000002 10.9728 3.657600000000001
317.8454400000002 10.9728 -3.6576
341.3324571428574 10.9728 3.6576
341.3324571428574 10.9728 -3.657600000000001
364.8194742857145 10.9728 3.6576
364.8194742857145 10.9728 -3.657600000000001
388.3064914285716 10.9728 3.657600000000001
388.3064914285716 10.9728 -3.657600000000001
411.7935085714287 10.9728 3.6576
411.7935085714287 10.9728 -3.657600000000001
435.280525714286 10.9728 3.6576
435.280525714286 10.9728 -3.657600000000001
458.7675428571431 10.9728 3.6576
458.7675428571431 10.9728 -3.657600000000001
482.2545600000003 10.9728 3.6576
482.2545600000003 10.9728 -3.6576
505.7415771428573 10.9728 3.6576
505.7415771428574 10.9728 -3.657600000000001
529.2285942857145 10.9728 3.657600000000001
529.2285942857145 10.9728 -3.657600000000001
552.7156114285716 10.9728 3.6576
552.7156114285717 10.9728 -3.6576
576.2026285714289 10.9728 3.657600000000001
576.2026285714288 10.9728 -3.657600000000001
599.6896457142859 10.9728 3.6576
599.6896457142859 10.9728 -3.6576
623.176662857143 10.9728 3.6576
623.176662857143 10.9728 -3.657600000000001
646.6636800000001 10.9728 3.657600000000001
646.6636800000002 10.9728 -3.6576
670.1506971428572 10.9728 3.6576
670.1506971428572 10.9728 -3.6576
693.6377142857143 10.9728 3.6576
693.6377142857143 10.9728 -3.6576
717.1247314285714 10.9728 3.6576
717.1247314285713 10.9728 -3.657600000000001
740.6117485714285 10.9728 3.6576
740.6117485714285 10.9728 -3.657600000000001
764.0987657142855 10.9728 3.657600000000001
764.0987657142855 10.9728 -3.657600000000001
787.5857828571428 10.9728 3.657600000000001
787.5857828571427 10.9728 -3.657600000000001
2 43 0 68
785
786
787
788
789
790
791
792
793
794
795
796
797
798
799
800
801
802
803
804
805
806
807
808
809
810
811
812
813
814
815
816
817
818
819
820
821
822
823
824
825
826
827
828
829
830
831
832
833
834
835
836
837
838
839
840
841
842
843
844
845
846
847
848
849
850
851
852
12.51421714285715 -3.657600000000001 10.9728
36.00123428571436 -3.657600000000001 10.9728
59.48825142857146 -3.657600000000001 10.9728
82.97526857142867 -3.6576 10.9728
106.4622857142858 -3.657600000000001 10.9728
129.949302857143 -3.657600000000001 10.9728
153.4363200000003 -3.6576 10.9728
176.9233371428573 -3.6576 10.9728
200.4103542857145 -3.657600000000001 10.9728
223.8973714285717 -3.657600000000001 10.9728
247.3843885714289 -3.657600000000001 10.9728
270.871405714286 -3.6576 10.9728
294.3584228571431 -3.657600000000001 10.9728
317.8454400000002 -3.6576 10.9728
341.3324571428574 -3.6576 10.9728
364.8194742857145 -3.657600000000002 10.9728
388.3064914285716 -3.657600000000001 10.9728
411.7935085714287 -3.6576 10.9728
435.280525714286 -3.6576 10.9728
458.767542857143 -3.657600000000002 10.9728
482.2545600000003 -3.6576 10.9728
505.7415771428574 -3.657600000000001 10.9728
529.2285942857145 -3.6576 10.9728
552.7156114285716 -3.6576 10.9728
576.2026285714288 -3.657600000000001 10.9728
599.6896457142859 -3.6576 10.9728
623.176662857143 -3.657600000000002 10.9728
646.6636800000001 -3.6576 10.9728
670.1506971428572 -3.657599999999999 10.9728
693.6377142857143 -3.6576 10.9728
717.1247314285714 -3.6576 10.9728
740.6117485714285 -3.6576 10.9728
764.0987657142856 -3.657600000000001 10.9728
787.5857828571427 -3.657600000000001 10.9728
12.51421714285715 3.657600000000001 10.9728
36.00123428571436 3.657600000000001 10.9728
59.48825142857152 3.6576 10.9728
82.97526857142867 3.6576 10.9728
106.4622857142858 3.6576 10.9728
129.949302857143 3.657600000000002 10.9728
153.4363200000002 3.6576 10.9728
176.9233371428573 3.657600000000001 10.9728
200.4103542857146 3.657600000000001 10.9728
223.8973714285717 3.6576 10.9728
247.3843885714289 3.657600000000001 10.9728
270.871405714286 3.657600000000001 10.9728
294.3584228571431 3.6576 10.9728
317.8454400000002 3.6576 10.9728
341.3324571428574 3.6576 10.9728
364.8194742857145 3.657600000000001 10.9728
388.3064914285716 3.6576 10.9728
411.7935085714287 3.6576 10.9728
435.280525714286 3.657600000000001 10.9728
458.7675428571431 3.657600000000001 10.9728
482.2545600000003 3.657600000000001 10.9728
505.7415771428574 3.657600000000001 10.9728
529.2285942857145 3.657600000000001 10.9728
552.7156114285716 3.6576 10.9728
576.2026285714289 3.657600000000002 10.9728
599.6896457142859 3.6576 10.9728
623.176662857143 3.657600000000001 10.9728
646.6636800000001 3.6576 10.9728
670.1506971428572 3.6576 10.9728
693.6377142857143 3.6576 10.9728
717.1247314285714 3.6576 10.9728
740.6117485714285 3.657600000000001 10.9728
764.0987657142856 3.657600000000001 10.9728
787.5857828571427 3.657600000000001 10.9728
2 44 0 68
853
854
855
856
857
858
859
860
861
862
863
864
865
866
867
868
869
870
871
872
873
874
875
876
877
878
879
880
881
882
883
884
885
886
887
888
889
890
891
892
893
894
895
896
897
898
899
900
901
902
903
904
905
906
907
908
909
910
911
912
913
914
915
916
917
918
919
920
12.51421714285715 3.657600000000001 -10.9728
36.00123428571436 3.657600000000001 -10.9728
59.48825142857146 3.657600000000001 -10.9728
82.97526857142867 3.6576 -10.9728
106.4622857142858 3.657600000000001 -10.9728
129.949302857143 3.657600000000001 -10.9728
153.4363200000003 3.6576 -10.9728
176.9233371428573 3.6576 -10.9728
200.4103542857145 3.657600000000001 -10.9728
223.8973714285717 3.657600000000001 -10.9728
247.3843885714289 3.657600000000001 -10.9728
270.871405714286 3.6576 -10.9728
294.3584228571431 3.657600000000001 -10.9728
317.8454400000002 3.6576 -10.9728
341.3324571428574 3.6576 -10.9728
364.8194742857145 3.657600000000002 -10.9728
388.3064914285716 3.657600000000001 -10.9728
411.7935085714287 3.6576 -10.9728
435.280525714286 3.6576 -10.9728
458.767542857143 3.657600000000002 -10.9728
482.2545600000003 3.6576 -10.9728
505.7415771428574 3.657600000000001 -10.9728
529.2285942857145 3.6576 -10.9728
552.7156114285716 3.6576 -10.9728
576.2026285714288 3.657600000000001 -10.9728
599.6896457142859 3.6576 -10.9728
623.176662857143 3.657600000000002 -10.9728
646.6636800000001 3.6576 -10.9728
670.1506971428572 3.657599999999999 -10.9728
693.6377142857143 3.6576 -10.9728
717.1247314285714 3.6576 -10.9728
740.6117485714285 3.6576 -10.9728
764.0987657142856 3.657600000000001 -10.9728
787.5857828571427 3.657600000000001 -10.9728
12.51421714285715 -3.657600000000001 -10.9728
36.00123428571436 -3.657600000000001 -10.9728
59.48825142857152 -3.6576 -10.9728
82.97526857142867 -3.6576 -10.9728
106.4622857142858 -3.6576 -10.9728
129.949302857143 -3.657600000000002 -10.9728
153.4363200000002 -3.6576 -10.9728
176.9233371428573 -3.657600000000001 -10.9728
200.4103542857146 -3.657600000000001 -10.9728
223.8973714285717 -3.6576 -10.9728
247.3843885714289 -3.657600000000001 -10.9728
270.871405714286 -3.657600000000001 -10.9728
294.3584228571431 -3.6576 -10.9728
317.8454400000002 -3.6576 -10.9728
341.3324571428574 -3.6576 -10.9728
364.8194742857145 -3.657600000000001 -10.9728
388.3064914285716 -3.6576 -10.9728
411.7935085714287 -3.6576 -10.9728
435.280525714286 -3.657600000000001 -10.9728
458.7675428571431 -3.657600000000001 -10.9728
482.2545600000003 -3.657600000000001 -10.9728
505.7415771428574 -3.657600000000001 -10.9728
529.2285942857145 -3.657600000000001 -10.9728
552.7156114285716 -3.6576 -10.9728
576.2026285714289 -3.657600000000002 -10.9728
599.6896457142859 -3.6576 -10.9728
623.176662857143 -3.657600000000001 -10.9728
646.6636800000001 -3.6576 -10.9728
670.1506971428572 -3.6576 -10.9728
693.6377142857143 -3.6576 -10.9728
717.1247314285714 -3.6576 -10.9728
740.6117485714285 -3.657600000000001 -10.9728
764.0987657142856 -3.657600000000001 -10.9728
787.5857828571427 -3.657600000000001 -10.9728
2 49 0 12
921
922
923
924
925
926
927
928
929
930
931
932
-0.2702806119186394 -0.1041648698689193 -7.124746589051949
-0.2702806119186361 0.1041648698689207 -7.124746589051961
-0.6656461999870278 -0.2393090252480899 -6.430093564048821
-0.6656461999870119 0.239309025248091 -6.430093564048843
-1.315835281308003 -0.455528563437832 -5.328205080608965
-1.315835281307971 0.4555285634378341 -5.328205080609006
-2.356764154926718 -0.801472388850023 -3.565670893230384
-2.356764154926643 0.8014723888500245 -3.565670893230467
-4.024406284436334 -1.354985400177629 -0.7468768441293115
-4.024406284436156 1.354985400177636 -0.7468768441294205
-6.694964702001068 -2.240606384017231 3.761815535785107
-6.694964702000606 2.240606384017235 3.761815535785047
2 50 0 12
933
934
935
936
937
938
939
940
941
942
943
944
-0.2695817989525545 0.3144272430400302 -7.33863761412591
-0.660389694701866 0.7346405689605064 -6.920625175597744
-1.306963354999932 1.388236711526893 -6.251475777742819
-2.344866052735906 2.430096257306892 -5.180930949580109
-4.011178504714976 4.091451239450003 -3.468034045181857
-6.685615366803847 6.741248282595974 -0.7274043592802126
-0.2702400941314122 0.3137635265828193 -7.546908047098098
-0.6590967850521054 0.7359248909309397 -7.399238639272219
-1.303734250243291 1.391476114227718 -7.162510084273958
-2.343086856450693 2.431877442751359 -6.783859800984755
-4.00890313566029 4.093732946724475 -6.177997195049405
-6.683255182732907 6.743616823481471 -5.208619055398509
2 51 0 12
945
946
947
948
949
950
951
952
953
954
955
956
-0.2696491644654773 0.1041174709633813 -7.738930148984807
-0.666297474838337 0.239289004246384 -7.886209451243015
-1.317369753839909 0.4555200759936048 -8.085579500150766
-2.358889004817684 0.8014598729001403 -8.402769373485434
-4.026838446027416 1.354974998430194 -8.905528812278861
-6.697100865251709 2.240599975969132 -9.704827795280249
-0.269649164465473 -0.1041174709633807 -7.738930148984805
-0.6662974748383417 -0.2392890042463839 -7.886209451243021
-1.31736975383992 -0.4555200759936034 -8.085579500150729
-2.358889004817646 -0.8014598729001432 -8.40276937348545
-4.026838446027434 -1.354974998430217 -8.905528812278902
-6.697100865251475 -2.240599975969144 -9.704827795280771
2 52 0 12
957
958
959
960
961
962
963
964
965
966
967
968
-0.2702400941314124 -0.3137635265828219 -7.546908047098093
-0.2695817989525526 -0.3144272430400226 -7.338637614125906
-0.6590967850521072 -0.735924890930948 -7.399238639272217
-0.6603896947018612 -0.7346405689604889 -6.920625175597737
-1.303734250243292 -1.391476114227735 -7.162510084273952
-1.306963354999906 -1.388236711526865 -6.251475777742812
-2.34308685645064 -2.431877442751374 -6.783859800984725
-2.344866052735821 -2.430096257306862 -5.180930949580102
-4.008903135660222 -4.093732946724482 -6.177997195049399
-4.011178504714867 -4.091451239449866 -3.468034045181858
-6.683255182732886 -6.743616823481615 -5.208619055398491
-6.685615366803598 -6.741248282595861 -0.7274043592802117
2 57 0 12
969
970
971
972
973
974
975
976
977
978
979
980
800.3702806119185 -0.1041648698689252 -7.124746589051755
800.3702806119188 0.1041648698689183 -7.124746589051802
800.7656461999868 -0.2393090252480939 -6.430093564048693
800.7656461999866 0.2393090252480902 -6.430093564048715
801.4158352813085 -0.4555285634378328 -5.328205080609109
801.4158352813079 0.4555285634378314 -5.328205080609093
802.4567641549263 -0.8014723888500256 -3.565670893230227
802.456764154927 0.8014723888500236 -3.565670893230261
804.124406284436 -1.35498540017763 -0.74687684412959
804.1244062844357 1.354985400177636 -0.7468768441296361
806.7949647020021 -2.240606384017231 3.761815535784261
806.7949647020015 2.24060638401723 3.761815535784288
2 58 0 12
981
982
983
984
985
986
987
988
989
990
991
992
800.3695817989526 0.3144272430401145 -7.338637614125906
800.3702400941316 0.3137635265828834 -7.546908047098096
800.7603896947015 0.734640568960621 -6.920625175597724
800.7590967850525 0.735924890931031 -7.399238639272214
801.4069633550005 1.388236711526968 -6.251475777742808
801.4037342502435 1.391476114227896 -7.162510084273952
802.444866052736 2.430096257306972 -5.180930949580077
802.443086856451 2.431877442751381 -6.783859800984718
804.1111785047162 4.091451239450085 -3.468034045181817
804.1089031356601 4.093732946724551 -6.177997195049376
806.7856153668048 6.741248282595333 -0.7274043592801469
806.7832551827344 6.743616823480711 -5.208619055398449
2 59 0 12
993
994
995
996
997
998
999
1000
1001
1002
1003
1004
800.3696491644648 0.1041174709633769 -7.738930148984738
800.3696491644652 -0.1041174709633842 -7.738930148984752
800.7662974748384 0.2392890042463806 -7.886209451242836
800.7662974748383 -0.2392890042463848 -7.88620945124284
801.4173697538398 0.4555200759936007 -8.085579500150542
801.4173697538396 -0.4555200759936062 -8.085579500150594
802.4588890048171 0.8014598729001383 -8.402769373485109
802.4588890048176 -0.8014598729001438 -8.402769373485244
804.1268384460262 1.354974998430203 -8.905528812278982
804.1268384460266 -1.354974998430209 -8.905528812278769
806.7971008652499 2.240599975969137 -9.70482779528098
806.7971008652514 -2.240599975969149 -9.704827795280313
2 60 0 12
1005
1006
1007
1008
1009
1010
1011
1012
1013
1014
1015
1016
800.3702400941311 -0.3137635265828796 -7.546908047098097
800.759096785052 -0.7359248909310101 -7.399238639272244
801.4037342502431 -1.391476114228075 -7.162510084274004
802.44308685645 -2.431877442751089 -6.783859800984756
804.1089031356604 -4.093732946724426 -6.177997195049453
806.7832551827329 -6.743616823481095 -5.208619055398547
800.3695817989521 -0.3144272430401552 -7.338637614125901
800.7603896947016 -0.7346405689606967 -6.920625175597743
801.4069633549997 -1.388236711527159 -6.251475777742833
802.4448660527357 -2.430096257306945 -5.180930949580117
804.1111785047151 -4.091451239450095 -3.468034045181886
806.7856153668044 -6.741248282595882 -0.7274043592802446
2 63 0 204
1017
1018
1019
1020
1021
1022
1023
1024
1025
1026
1027
1028
1029
1030
1031
1032
1033
1034
1035
1036
1037
1038
1039
1040
1041
1042
1043
1044
1045
1046
1047
1048
1049
1050
1051
1052
1053
1054
1055
1056
1057
1058
1059
1060
1061
1062
1063
1064
1065
1066
1067
1068
1069
1070
1071
1072
1073
1074
1075
1076
1077
1078
1079
1080
1081
1082
1083
1084
1085
1086
1087
1088
1089
1090
1091
1092
1093
1094
1095
1096
1097
1098
1099
1100
1101
1102
1103
1104
1105
1106
1107
1108
1109
1110
1111
1112
1113
1114
1115
1116
1117
1118
1119
1120
1121
1122
1123
1124
1125
1126
1127
1128
1129
1130
1131
1132
1133
1134
1135
1136
1137
1138
1139
1140
1141
1142
1143
1144
1145
1146
1147
1148
1149
1150
1151
1152
1153
1154
1155
1156
1157
1158
1159
1160
1161
1162
1163
1164
1165
1166
1167
1168
1169
1170
1171
1172
1173
1174
1175
1176
1177
1178
1179
1180
1181
1182
1183
1184
1185
1186
1187
1188
1189
1190
1191
1192
1193
1194
1195
1196
1197
1198
1199
1200
1201
1202
1203
1204
1205
1206
1207
1208
1209
1210
1211
1212
1213
1214
1215
1216
1217
1218
1219
1220
22.61980577910151 -0.3073820353889145 -7.135707237939248
45.49436300461042 -0.3073820353889163 -7.135707237939246
68.36892023011944 -0.3073820353889145 -7.135707237939248
91.24347745562852 -0.3073820353889154 -7.135707237939248
114.1180346811374 -0.3073820353889145 -7.135707237939248
136.9925919066464 -0.3073820353889163 -7.135707237939246
159.8671491321554 -0.3073820353889172 -7.135707237939244
182.7417063576644 -0.3073820353889145 -7.135707237939248
205.6162635831733 -0.3073820353889163 -7.135707237939246
228.4908208086822 -0.3073820353889163 -7.135707237939246
251.3653780341912 -0.3073820353889145 -7.135707237939248
274.2399352597001 -0.3073820353889163 -7.135707237939246
297.1144924852091 -0.3073820353889163 -7.135707237939246
319.9890497107181 -0.3073820353889154 -7.135707237939248
342.8636069362269 -0.3073820353889172 -7.135707237939244
365.7381641617359 -0.3073820353889145 -7.135707237939248
388.6127213872448 -0.3073820353889172 -7.135707237939244
411.4872786127538 -0.3073820353889154 -7.135707237939248
434.3618358382627 -0.3073820353889154 -7.135707237939248
457.2363930637715 -0.3073820353889172 -7.135707237939244
480.1109502892805 -0.3073820353889154 -7.135707237939248
502.9855075147895 -0.3073820353889154 -7.135707237939248
525.8600647402985 -0.3073820353889145 -7.135707237939248
548.7346219658076 -0.3073820353889145 -7.135707237939248
571.6091791913166 -0.3073820353889172 -7.135707237939244
594.4837364168258 -0.3073820353889145 -7.135707237939248
617.3582936423348 -0.3073820353889154 -7.135707237939248
640.232850867844 -0.3073820353889154 -7.135707237939248
663.1074080933529 -0.3073820353889154 -7.135707237939248
685.981965318862 -0.3073820353889154 -7.135707237939248
708.8565225443713 -0.3073820353889145 -7.135707237939248
731.7310797698802 -0.3073820353889145 -7.135707237939248
754.6056369953894 -0.3073820353889163 -7.135707237939246
777.4801942208985 -0.3073820353889145 -7.135707237939248
22.23549506591598 -0.7129827907670583 -6.447049349533038
45.13334384979981 -0.7129827907670574 -6.44704934953304
68.03119263368359 -0.7129827907670583 -6.447049349533038
90.92904141756753 -0.7129827907670592 -6.447049349533036
113.8268902014513 -0.7129827907670574 -6.44704934953304
136.7247389853353 -0.7129827907670574 -6.44704934953304
159.6225877692191 -0.7129827907670574 -6.44704934953304
182.5204365531031 -0.7129827907670583 -6.447049349533038
205.4182853369869 -0.7129827907670583 -6.447049349533038
228.3161341208707 -0.7129827907670583 -6.447049349533038
251.2139829047545 -0.7129827907670583 -6.447049349533038
274.1118316886383 -0.7129827907670583 -6.447049349533038
297.0096804725221 -0.7129827907670583 -6.447049349533038
319.907529256406 -0.7129827907670565 -6.447049349533041
342.8053780402898 -0.7129827907670583 -6.447049349533038
365.7032268241736 -0.7129827907670583 -6.447049349533038
388.6010756080574 -0.7129827907670565 -6.447049349533041
411.4989243919412 -0.7129827907670565 -6.447049349533041
434.396773175825 -0.7129827907670583 -6.447049349533038
457.2946219597088 -0.7129827907670583 -6.447049349533038
480.1924707435927 -0.7129827907670583 -6.447049349533038
503.0903195274765 -0.7129827907670583 -6.447049349533038
525.9881683113604 -0.7129827907670592 -6.447049349533036
548.8860170952444 -0.7129827907670583 -6.447049349533038
571.7838658791283 -0.7129827907670583 -6.447049349533038
594.6817146630121 -0.7129827907670565 -6.447049349533041
617.5795634468961 -0.7129827907670565 -6.447049349533041
640.4774122307801 -0.7129827907670583 -6.447049349533038
663.3752610146641 -0.7129827907670583 -6.447049349533038
686.2731097985481 -0.7129827907670583 -6.447049349533038
709.170958582432 -0.7129827907670583 -6.447049349533038
732.0688073663159 -0.7129827907670583 -6.447049349533038
754.9666561501999 -0.7129827907670583 -6.447049349533038
777.8645049340839 -0.7129827907670583 -6.447049349533038
21.62059793514635 -1.361943988472865 -5.345196746588578
44.55571321180406 -1.361943988472866 -5.345196746588576
67.49082848846177 -1.361943988472864 -5.345196746588581
90.42594376511965 -1.361943988472866 -5.345196746588576
113.3610590417774 -1.361943988472865 -5.34519674658858
136.2961743184351 -1.361943988472865 -5.34519674658858
159.2312895950929 -1.361943988472867 -5.345196746588575
182.1664048717508 -1.361943988472865 -5.34519674658858
205.1015201484085 -1.361943988472865 -5.34519674658858
228.0366354250663 -1.361943988472866 -5.345196746588576
250.971750701724 -1.361943988472865 -5.345196746588578
273.9068659783818 -1.361943988472867 -5.345196746588575
296.8419812550395 -1.361943988472865 -5.34519674658858
319.7770965316973 -1.361943988472866 -5.345196746588576
342.7122118083549 -1.361943988472865 -5.34519674658858
365.6473270850128 -1.361943988472866 -5.345196746588576
388.5824423616705 -1.361943988472865 -5.345196746588578
411.5175576383282 -1.361943988472865 -5.34519674658858
434.452672914986 -1.361943988472867 -5.345196746588575
457.3877881916437 -1.361943988472865 -5.345196746588578
480.3229034683014 -1.361943988472866 -5.345196746588576
503.2580187449592 -1.361943988472865 -5.345196746588578
526.193134021617 -1.361943988472865 -5.345196746588578
549.1282492982748 -1.361943988472865 -5.34519674658858
572.0633645749327 -1.361943988472865 -5.345196746588578
594.9984798515907 -1.361943988472865 -5.34519674658858
617.9335951282485 -1.361943988472865 -5.34519674658858
640.8687104049066 -1.361943988472865 -5.345196746588578
663.8038256815643 -1.361943988472867 -5.345196746588575
686.7389409582222 -1.361943988472865 -5.34519674658858
709.67405623488 -1.361943988472865 -5.34519674658858
732.609171511538 -1.361943988472866 -5.345196746588576
755.5442867881957 -1.361943988472865 -5.34519674658858
778.4794020648537 -1.361943988472865 -5.345196746588578
20.6367624883618 -2.400281944435162 -3.582232514585699
43.63150415573398 -2.400281944435164 -3.582232514585695
66.62624582310593 -2.400281944435162 -3.582232514585699
89.62098749047794 -2.400281944435164 -3.582232514585695
112.6157291578499 -2.400281944435164 -3.582232514585695
135.6104708252219 -2.400281944435164 -3.582232514585695
158.6052124925938 -2.400281944435164 -3.582232514585696
181.5999541599659 -2.400281944435164 -3.582232514585696
204.5946958273379 -2.400281944435164 -3.582232514585696
227.5894374947099 -2.400281944435162 -3.582232514585699
250.5841791620819 -2.400281944435163 -3.582232514585697
273.5789208294538 -2.400281944435164 -3.582232514585695
296.5736624968257 -2.400281944435162 -3.582232514585699
319.5684041641977 -2.400281944435163 -3.582232514585697
342.5631458315696 -2.400281944435163 -3.582232514585697
365.5578874989416 -2.400281944435164 -3.582232514585696
388.5526291663135 -2.400281944435163 -3.582232514585697
411.5473708336854 -2.400281944435164 -3.582232514585695
434.5421125010574 -2.400281944435163 -3.582232514585698
457.5368541684293 -2.400281944435164 -3.582232514585696
480.5315958358012 -2.400281944435164 -3.582232514585695
503.5263375031733 -2.400281944435164 -3.582232514585695
526.5210791705452 -2.400281944435163 -3.582232514585698
549.5158208379173 -2.400281944435164 -3.582232514585696
572.5105625052893 -2.400281944435164 -3.582232514585696
595.5053041726615 -2.400281944435164 -3.582232514585695
618.5000458400335 -2.400281944435164 -3.582232514585695
641.4947875074056 -2.400281944435164 -3.582232514585696
664.4895291747775 -2.400281944435164 -3.582232514585695
687.4842708421497 -2.400281944435164 -3.582232514585696
710.4790125095217 -2.400281944435164 -3.582232514585695
733.4737541768939 -2.400281944435164 -3.582232514585695
756.4684958442658 -2.400281944435164 -3.582232514585695
779.463237511638 -2.400281944435164 -3.582232514585695
19.0626257788835 -4.061622668300795 -0.761489753014885
42.15276967107229 -4.061622668300796 -0.7614897530148836
65.24291356326114 -4.061622668300796 -0.7614897530148836
88.3330574554501 -4.061622668300795 -0.7614897530148841
111.4232013476389 -4.061622668300795 -0.7614897530148841
134.5133452398278 -4.061622668300796 -0.7614897530148832
157.6034891320168 -4.061622668300796 -0.7614897530148841
180.6936330242056 -4.061622668300796 -0.7614897530148841
203.7837769163944 -4.061622668300796 -0.7614897530148841
226.8739208085834 -4.061622668300795 -0.7614897530148845
249.9640647007722 -4.061622668300795 -0.7614897530148841
273.0542085929609 -4.061622668300796 -0.7614897530148832
296.1443524851499 -4.061622668300795 -0.7614897530148845
319.2344963773387 -4.061622668300796 -0.7614897530148832
342.3246402695275 -4.061622668300796 -0.7614897530148841
365.4147841617163 -4.061622668300795 -0.7614897530148841
388.5049280539051 -4.061622668300795 -0.7614897530148845
411.595071946094 -4.061622668300796 -0.7614897530148841
434.6852158382829 -4.061622668300795 -0.7614897530148841
457.7753597304716 -4.061622668300796 -0.7614897530148832
480.8655036226605 -4.061622668300796 -0.7614897530148832
503.9556475148495 -4.061622668300795 -0.7614897530148841
527.0457914070382 -4.061622668300796 -0.7614897530148841
550.1359352992272 -4.061622668300796 -0.7614897530148836
573.226079191416 -4.061622668300796 -0.7614897530148832
596.3162230836051 -4.061622668300796 -0.7614897530148841
619.4063669757941 -4.061622668300796 -0.7614897530148832
642.496510867983 -4.061622668300796 -0.7614897530148832
665.5866547601718 -4.061622668300796 -0.7614897530148832
688.6767986523608 -4.061622668300796 -0.7614897530148841
711.7669425445497 -4.061622668300796 -0.7614897530148841
734.8570864367384 -4.061622668300796 -0.7614897530148832
757.9472303289276 -4.061622668300796 -0.7614897530148841
781.0373742211166 -4.061622668300796 -0.7614897530148832
16.54400707793474 -6.719767790373296 3.751698604184019
39.78679452775685 -6.719767790373295 3.751698604184018
63.02958197757891 -6.719767790373296 3.751698604184019
86.27236942740103 -6.719767790373296 3.751698604184019
109.5151568772233 -6.719767790373296 3.751698604184019
132.7579443270454 -6.719767790373295 3.751698604184018
156.0007317768676 -6.719767790373295 3.751698604184019
179.2435192266897 -6.719767790373296 3.751698604184019
202.4863066765119 -6.719767790373295 3.751698604184019
225.729094126334 -6.719767790373296 3.751698604184019
248.9718815761561 -6.719767790373295 3.751698604184019
272.2146690259782 -6.719767790373295 3.751698604184018
295.4574564758004 -6.719767790373295 3.751698604184019
318.7002439256224 -6.719767790373295 3.751698604184019
341.9430313754445 -6.719767790373296 3.751698604184019
365.1858188252667 -6.719767790373295 3.751698604184019
388.4286062750887 -6.719767790373295 3.751698604184019
411.6713937249109 -6.719767790373296 3.751698604184019
434.914181174733 -6.719767790373296 3.751698604184019
458.1569686245551 -6.719767790373295 3.751698604184019
481.3997560743773 -6.719767790373296 3.751698604184019
504.6425435241994 -6.719767790373295 3.751698604184019
527.8853309740215 -6.719767790373296 3.751698604184019
551.1281184238437 -6.719767790373296 3.751698604184019
574.3709058736658 -6.719767790373296 3.751698604184019
597.613693323488 -6.719767790373295 3.751698604184018
620.8564807733102 -6.719767790373296 3.751698604184019
644.0992682231323 -6.719767790373295 3.751698604184018
667.3420556729545 -6.719767790373296 3.751698604184019
690.5848431227766 -6.719767790373296 3.751698604184019
713.8276305725988 -6.719767790373295 3.751698604184019
737.0704180224209 -6.719767790373296 3.751698604184019
760.313205472243 -6.719767790373295 3.751698604184019
783.5559929220651 -6.719767790373295 3.751698604184019
2 64 0 204
1221
1222
1223
1224
1225
1226
1227
1228
1229
1230
1231
1232
1233
1234
1235
1236
1237
1238
1239
1240
1241
1242
1243
1244
1245
1246
1247
1248
1249
1250
1251
1252
1253
1254
1255
1256
1257
1258
1259
1260
1261
1262
1263
1264
1265
1266
1267
1268
1269
1270
1271
1272
1273
1274
1275
1276
1277
1278
1279
1280
1281
1282
1283
1284
1285
1286
1287
1288
1289
1290
1291
1292
1293
1294
1295
1296
1297
1298
1299
1300
1301
1302
1303
1304
1305
1306
1307
1308
1309
1310
1311
1312
1313
1314
1315
1316
1317
1318
1319
1320
1321
1322
1323
1324
1325
1326
1327
1328
1329
1330
1331
1332
1333
1334
1335
1336
1337
1338
1339
1340
1341
1342
1343
1344
1345
1346
1347
1348
1349
1350
1351
1352
1353
1354
1355
1356
1357
1358
1359
1360
1361
1362
1363
1364
1365
1366
1367
1368
1369
1370
1371
1372
1373
1374
1375
1376
1377
1378
1379
1380
1381
1382
1383
1384
1385
1386
1387
1388
1389
1390
1391
1392
1393
1394
1395
1396
1397
1398
1399
1400
1401
1402
1403
1404
1405
1406
1407
1408
1409
1410
1411
1412
1413
1414
1415
1416
1417
1418
1419
1420
1421
1422
1423
1424
22.61980577910151 0.3073820353889145 -7.135707237939248
45.49436300461042 0.3073820353889163 -7.135707237939246
68.36892023011944 0.3073820353889145 -7.135707237939248
91.24347745562852 0.3073820353889154 -7.135707237939248
114.1180346811374 0.3073820353889145 -7.135707237939248
136.9925919066464 0.3073820353889163 -7.135707237939246
159.8671491321554 0.3073820353889172 -7.135707237939244
182.7417063576644 0.3073820353889145 -7.135707237939248
205.6162635831733 0.3073820353889163 -7.135707237939246
228.4908208086822 0.3073820353889163 -7.135707237939246
251.3653780341912 0.3073820353889145 -7.135707237939248
274.2399352597001 0.3073820353889163 -7.135707237939246
297.1144924852091 0.3073820353889163 -7.135707237939246
319.9890497107181 0.3073820353889154 -7.135707237939248
342.8636069362269 0.3073820353889172 -7.135707237939244
365.7381641617359 0.3073820353889145 -7.135707237939248
388.6127213872448 0.3073820353889172 -7.135707237939244
411.4872786127538 0.3073820353889154 -7.135707237939248
434.3618358382627 0.3073820353889154 -7.135707237939248
457.2363930637715 0.3073820353889172 -7.135707237939244
480.1109502892805 0.3073820353889154 -7.135707237939248
502.9855075147895 0.3073820353889154 -7.135707237939248
525.8600647402985 0.3073820353889145 -7.135707237939248
548.7346219658076 0.3073820353889145 -7.135707237939248
571.6091791913166 0.3073820353889172 -7.135707237939244
594.4837364168258 0.3073820353889145 -7.135707237939248
617.3582936423348 0.3073820353889154 -7.135707237939248
640.232850867844 0.3073820353889154 -7.135707237939248
663.1074080933529 0.3073820353889154 -7.135707237939248
685.981965318862 0.3073820353889154 -7.135707237939248
708.8565225443713 0.3073820353889145 -7.135707237939248
731.7310797698802 0.3073820353889145 -7.135707237939248
754.6056369953894 0.3073820353889163 -7.135707237939246
777.4801942208985 0.3073820353889145 -7.135707237939248
22.23549506591598 0.7129827907670583 -6.447049349533038
45.13334384979981 0.7129827907670574 -6.44704934953304
68.03119263368359 0.7129827907670583 -6.447049349533038
90.92904141756753 0.7129827907670592 -6.447049349533036
113.8268902014513 0.7129827907670574 -6.44704934953304
136.7247389853353 0.7129827907670574 -6.44704934953304
159.6225877692191 0.7129827907670574 -6.44704934953304
182.5204365531031 0.7129827907670583 -6.447049349533038
205.4182853369869 0.7129827907670583 -6.447049349533038
228.3161341208707 0.7129827907670583 -6.447049349533038
251.2139829047545 0.7129827907670583 -6.447049349533038
274.1118316886383 0.7129827907670583 -6.447049349533038
297.0096804725221 0.7129827907670583 -6.447049349533038
319.907529256406 0.7129827907670565 -6.447049349533041
342.8053780402898 0.7129827907670583 -6.447049349533038
365.7032268241736 0.7129827907670583 -6.447049349533038
388.6010756080574 0.7129827907670565 -6.447049349533041
411.4989243919412 0.7129827907670565 -6.447049349533041
434.396773175825 0.7129827907670583 -6.447049349533038
457.2946219597088 0.7129827907670583 -6.447049349533038
480.1924707435927 0.7129827907670583 -6.447049349533038
503.0903195274765 0.7129827907670583 -6.447049349533038
525.9881683113604 0.7129827907670592 -6.447049349533036
548.8860170952444 0.7129827907670583 -6.447049349533038
571.7838658791283 0.7129827907670583 -6.447049349533038
594.6817146630121 0.7129827907670565 -6.447049349533041
617.5795634468961 0.7129827907670565 -6.447049349533041
640.4774122307801 0.7129827907670583 -6.447049349533038
663.3752610146641 0.7129827907670583 -6.447049349533038
686.2731097985481 0.7129827907670583 -6.447049349533038
709.170958582432 0.7129827907670583 -6.447049349533038
732.0688073663159 0.7129827907670583 -6.447049349533038
754.9666561501999 0.7129827907670583 -6.447049349533038
777.8645049340839 0.7129827907670583 -6.447049349533038
21.62059793514635 1.361943988472865 -5.345196746588578
44.55571321180406 1.361943988472866 -5.345196746588576
67.49082848846177 1.361943988472864 -5.345196746588581
90.42594376511965 1.361943988472866 -5.345196746588576
113.3610590417774 1.361943988472865 -5.34519674658858
136.2961743184351 1.361943988472865 -5.34519674658858
159.2312895950929 1.361943988472867 -5.345196746588575
182.1664048717508 1.361943988472865 -5.34519674658858
205.1015201484085 1.361943988472865 -5.34519674658858
228.0366354250663 1.361943988472866 -5.345196746588576
250.971750701724 1.361943988472865 -5.345196746588578
273.9068659783818 1.361943988472867 -5.345196746588575
296.8419812550395 1.361943988472865 -5.34519674658858
319.7770965316973 1.361943988472866 -5.345196746588576
342.7122118083549 1.361943988472865 -5.34519674658858
365.6473270850128 1.361943988472866 -5.345196746588576
388.5824423616705 1.361943988472865 -5.345196746588578
411.5175576383282 1.361943988472865 -5.34519674658858
434.452672914986 1.361943988472867 -5.345196746588575
457.3877881916437 1.361943988472865 -5.345196746588578
480.3229034683014 1.361943988472866 -5.345196746588576
503.2580187449592 1.361943988472865 -5.345196746588578
526.193134021617 1.361943988472865 -5.345196746588578
549.1282492982748 1.361943988472865 -5.34519674658858
572.0633645749327 1.361943988472865 -5.345196746588578
594.9984798515907 1.361943988472865 -5.34519674658858
617.9335951282485 1.361943988472865 -5.34519674658858
640.8687104049066 1.361943988472865 -5.345196746588578
663.8038256815643 1.361943988472867 -5.345196746588575
686.7389409582222 1.361943988472865 -5.34519674658858
709.67405623488 1.361943988472865 -5.34519674658858
732.609171511538 1.361943988472866 -5.345196746588576
755.5442867881957 1.361943988472865 -5.34519674658858
778.4794020648537 1.361943988472865 -5.345196746588578
20.6367624883618 2.400281944435162 -3.582232514585699
43.63150415573398 2.400281944435164 -3.582232514585695
66.62624582310593 2.400281944435162 -3.582232514585699
89.62098749047794 2.400281944435164 -3.582232514585695
112.6157291578499 2.400281944435164 -3.582232514585695
135.6104708252219 2.400281944435164 -3.582232514585695
158.6052124925938 2.400281944435164 -3.582232514585696
181.5999541599659 2.400281944435164 -3.582232514585696
204.5946958273379 2.400281944435164 -3.582232514585696
227.5894374947099 2.400281944435162 -3.582232514585699
250.5841791620819 2.400281944435163 -3.582232514585697
273.5789208294538 2.400281944435164 -3.582232514585695
296.5736624968257 2.400281944435162 -3.582232514585699
319.5684041641977 2.400281944435163 -3.582232514585697
342.5631458315696 2.400281944435163 -3.582232514585697
365.5578874989416 2.400281944435164 -3.582232514585696
388.5526291663135 2.400281944435163 -3.582232514585697
411.5473708336854 2.400281944435164 -3.582232514585695
434.5421125010574 2.400281944435163 -3.582232514585698
457.5368541684293 2.400281944435164 -3.582232514585696
480.5315958358012 2.400281944435164 -3.582232514585695
503.5263375031733 2.400281944435164 -3.582232514585695
526.5210791705452 2.400281944435163 -3.582232514585698
549.5158208379173 2.400281944435164 -3.582232514585696
572.5105625052893 2.400281944435164 -3.582232514585696
595.5053041726615 2.400281944435164 -3.582232514585695
618.5000458400335 2.400281944435164 -3.582232514585695
641.4947875074056 2.400281944435164 -3.582232514585696
664.4895291747775 2.400281944435164 -3.582232514585695
687.4842708421497 2.400281944435164 -3.582232514585696
710.4790125095217 2.400281944435164 -3.582232514585695
733.4737541768939 2.400281944435164 -3.582232514585695
756.4684958442658 2.400281944435164 -3.582232514585695
779.463237511638 2.400281944435164 -3.582232514585695
19.0626257788835 4.061622668300795 -0.761489753014885
42.15276967107229 4.061622668300796 -0.7614897530148836
65.24291356326114 4.061622668300796 -0.7614897530148836
88.3330574554501 4.061622668300795 -0.7614897530148841
111.4232013476389 4.061622668300795 -0.7614897530148841
134.5133452398278 4.061622668300796 -0.7614897530148832
157.6034891320168 4.061622668300796 -0.7614897530148841
180.6936330242056 4.061622668300796 -0.7614897530148841
203.7837769163944 4.061622668300796 -0.7614897530148841
226.8739208085834 4.061622668300795 -0.7614897530148845
249.9640647007722 4.061622668300795 -0.7614897530148841
273.0542085929609 4.061622668300796 -0.7614897530148832
296.1443524851499 4.061622668300795 -0.7614897530148845
319.2344963773387 4.061622668300796 -0.7614897530148832
342.3246402695275 4.061622668300796 -0.7614897530148841
365.4147841617163 4.061622668300795 -0.7614897530148841
388.5049280539051 4.061622668300795 -0.7614897530148845
411.595071946094 4.061622668300796 -0.7614897530148841
434.6852158382829 4.061622668300795 -0.7614897530148841
457.7753597304716 4.061622668300796 -0.7614897530148832
480.8655036226605 4.061622668300796 -0.7614897530148832
503.9556475148495 4.061622668300795 -0.7614897530148841
527.0457914070382 4.061622668300796 -0.7614897530148841
550.1359352992272 4.061622668300796 -0.7614897530148836
573.226079191416 4.061622668300796 -0.7614897530148832
596.3162230836051 4.061622668300796 -0.7614897530148841
619.4063669757941 4.061622668300796 -0.7614897530148832
642.496510867983 4.061622668300796 -0.7614897530148832
665.5866547601718 4.061622668300796 -0.7614897530148832
688.6767986523608 4.061622668300796 -0.7614897530148841
711.7669425445497 4.061622668300796 -0.7614897530148841
734.8570864367384 4.061622668300796 -0.7614897530148832
757.9472303289276 4.061622668300796 -0.7614897530148841
781.0373742211166 4.061622668300796 -0.7614897530148832
16.54400707793474 6.719767790373296 3.751698604184019
39.78679452775685 6.719767790373295 3.751698604184018
63.02958197757891 6.719767790373296 3.751698604184019
86.27236942740103 6.719767790373296 3.751698604184019
109.5151568772233 6.719767790373296 3.751698604184019
132.7579443270454 6.719767790373295 3.751698604184018
156.0007317768676 6.719767790373295 3.751698604184019
179.2435192266897 6.719767790373296 3.751698604184019
202.4863066765119 6.719767790373295 3.751698604184019
225.729094126334 6.719767790373296 3.751698604184019
248.9718815761561 6.719767790373295 3.751698604184019
272.2146690259782 6.719767790373295 3.751698604184018
295.4574564758004 6.719767790373295 3.751698604184019
318.7002439256224 6.719767790373295 3.751698604184019
341.9430313754445 6.719767790373296 3.751698604184019
365.1858188252667 6.719767790373295 3.751698604184019
388.4286062750887 6.719767790373295 3.751698604184019
411.6713937249109 6.719767790373296 3.751698604184019
434.914181174733 6.719767790373296 3.751698604184019
458.1569686245551 6.719767790373295 3.751698604184019
481.3997560743773 6.719767790373296 3.751698604184019
504.6425435241994 6.719767790373295 3.751698604184019
527.8853309740215 6.719767790373296 3.751698604184019
551.1281184238437 6.719767790373296 3.751698604184019
574.3709058736658 6.719767790373296 3.751698604184019
597.613693323488 6.719767790373295 3.751698604184018
620.8564807733102 6.719767790373296 3.751698604184019
644.0992682231323 6.719767790373295 3.751698604184018
667.3420556729545 6.719767790373296 3.751698604184019
690.5848431227766 6.719767790373296 3.751698604184019
713.8276305725988 6.719767790373295 3.751698604184019
737.0704180224209 6.719767790373296 3.751698604184019
760.313205472243 6.719767790373295 3.751698604184019
783.5559929220651 6.719767790373295 3.751698604184019
2 67 0 204
1425
1426
1427
1428
1429
1430
1431
1432
1433
1434
1435
1436
1437
1438
1439
1440
1441
1442
1443
1444
1445
1446
1447
1448
1449
1450
1451
1452
1453
1454
1455
1456
1457
1458
1459
1460
1461
1462
1463
1464
1465
1466
1467
1468
1469
1470
1471
1472
1473
1474
1475
1476
1477
1478
1479
1480
1481
1482
1483
1484
1485
1486
1487
1488
1489
1490
1491
1492
1493
1494
1495
1496
1497
1498
1499
1500
1501
1502
1503
1504
1505
1506
1507
1508
1509
1510
1511
1512
1513
1514
1515
1516
1517
1518
1519
1520
1521
1522
1523
1524
1525
1526
1527
1528
1529
1530
1531
1532
1533
1534
1535
1536
1537
1538
1539
1540
1541
1542
1543
1544
1545
1546
1547
1548
1549
1550
1551
1552
1553
1554
1555
1556
1557
1558
1559
1560
1561
1562
1563
1564
1565
1566
1567
1568
1569
1570
1571
1572
1573
1574
1575
1576
1577
1578
1579
1580
1581
1582
1583
1584
1585
1586
1587
1588
1589
1590
1591
1592
1593
1594
1595
1596
1597
1598
1599
1600
1601
1602
1603
1604
1605
1606
1607
1608
1609
1610
1611
1612
1613
1614
1615
1616
1617
1618
1619
1620
1621
1622
1623
1624
1625
1626
1627
1628
22.61980577940449 -0.3073820350692014 -7.750471308620485
45.49436300489504 -0.3073820350691996 -7.750471308620484
68.36892023038581 -0.3073820350692023 -7.750471308620485
91.24347745587636 -0.3073820350692005 -7.750471308620485
114.118034681367 -0.3073820350692014 -7.750471308620485
136.9925919068575 -0.3073820350692014 -7.750471308620485
159.867149132348 -0.3073820350692005 -7.750471308620485
182.7417063578387 -0.3073820350692014 -7.750471308620485
205.6162635833294 -0.3073820350692014 -7.750471308620485
228.4908208088199 -0.3073820350692014 -7.750471308620485
251.3653780343106 -0.3073820350691996 -7.750471308620484
274.2399352598011 -0.3073820350692005 -7.750471308620485
297.1144924852917 -0.3073820350692014 -7.750471308620485
319.9890497107823 -0.3073820350692023 -7.750471308620485
342.8636069362728 -0.3073820350692005 -7.750471308620485
365.7381641617634 -0.3073820350692014 -7.750471308620485
388.6127213872539 -0.3073820350692023 -7.750471308620485
411.4872786127446 -0.3073820350692005 -7.750471308620485
434.3618358382352 -0.3073820350692023 -7.750471308620485
457.2363930637256 -0.3073820350692014 -7.750471308620485
480.1109502892162 -0.3073820350692014 -7.750471308620485
502.9855075147069 -0.3073820350692023 -7.750471308620485
525.8600647401975 -0.3073820350692023 -7.750471308620485
548.7346219656883 -0.3073820350692023 -7.750471308620485
571.6091791911789 -0.3073820350692014 -7.750471308620485
594.4837364166697 -0.3073820350692014 -7.750471308620485
617.3582936421603 -0.3073820350692014 -7.750471308620485
640.2328508676512 -0.3073820350692023 -7.750471308620485
663.1074080931419 -0.3073820350692014 -7.750471308620485
685.9819653186327 -0.3073820350692014 -7.750471308620485
708.8565225441234 -0.3073820350692023 -7.750471308620485
731.7310797696141 -0.3073820350692023 -7.750471308620485
754.6056369951048 -0.3073820350692014 -7.750471308620485
777.4801942205954 -0.3073820350692014 -7.750471308620485
22.23549506688539 -0.7129827897439744 -7.873014930758052
45.13334385071045 -0.7129827897439744 -7.873014930758052
68.03119263453561 -0.7129827897439744 -7.873014930758052
90.92904141836073 -0.7129827897439753 -7.873014930758052
113.8268902021856 -0.7129827897439736 -7.873014930758051
136.7247389860108 -0.7129827897439753 -7.873014930758052
159.6225877698361 -0.7129827897439736 -7.873014930758051
182.520436553661 -0.7129827897439736 -7.873014930758051
205.4182853374862 -0.7129827897439753 -7.873014930758052
228.3161341213113 -0.7129827897439744 -7.873014930758052
251.2139829051364 -0.7129827897439753 -7.873014930758052
274.1118316889614 -0.7129827897439744 -7.873014930758052
297.0096804727866 -0.7129827897439744 -7.873014930758052
319.9075292566116 -0.7129827897439753 -7.873014930758052
342.8053780404367 -0.7129827897439736 -7.873014930758051
365.7032268242617 -0.7129827897439744 -7.873014930758052
388.6010756080867 -0.7129827897439753 -7.873014930758052
411.4989243919118 -0.7129827897439744 -7.873014930758052
434.3967731757369 -0.7129827897439753 -7.873014930758052
457.2946219595619 -0.7129827897439753 -7.873014930758052
480.192470743387 -0.7129827897439744 -7.873014930758052
503.090319527212 -0.7129827897439753 -7.873014930758052
525.9881683110373 -0.7129827897439744 -7.873014930758052
548.8860170948625 -0.7129827897439753 -7.873014930758052
571.7838658786877 -0.7129827897439744 -7.873014930758052
594.6817146625128 -0.7129827897439744 -7.873014930758052
617.5795634463382 -0.7129827897439736 -7.873014930758051
640.4774122301633 -0.7129827897439744 -7.873014930758052
663.3752610139886 -0.7129827897439753 -7.873014930758052
686.2731097978137 -0.7129827897439744 -7.873014930758052
709.1709585816388 -0.7129827897439744 -7.873014930758052
732.0688073654642 -0.7129827897439744 -7.873014930758052
754.9666561492894 -0.7129827897439744 -7.873014930758052
777.8645049331146 -0.7129827897439744 -7.873014930758052
21.62059793747278 -1.36194398601747 -8.069084722792464
44.55571321398958 -1.361943986017469 -8.069084722792464
67.49082849050637 -1.361943986017471 -8.069084722792464
90.42594376702311 -1.36194398601747 -8.069084722792464
113.36105904354 -1.36194398601747 -8.069084722792464
136.2961743200566 -1.36194398601747 -8.069084722792464
159.2312895965734 -1.361943986017469 -8.069084722792464
182.1664048730902 -1.361943986017471 -8.069084722792464
205.101520149607 -1.361943986017471 -8.069084722792464
228.0366354261237 -1.36194398601747 -8.069084722792464
250.9717507026406 -1.36194398601747 -8.069084722792464
273.9068659791573 -1.361943986017471 -8.069084722792464
296.8419812556741 -1.361943986017471 -8.069084722792464
319.7770965321909 -1.36194398601747 -8.069084722792464
342.7122118087075 -1.36194398601747 -8.069084722792464
365.6473270852242 -1.361943986017471 -8.069084722792464
388.582442361741 -1.36194398601747 -8.069084722792464
411.5175576382577 -1.36194398601747 -8.069084722792464
434.4526729147745 -1.361943986017469 -8.069084722792464
457.3877881912912 -1.361943986017471 -8.069084722792464
480.3229034678079 -1.36194398601747 -8.069084722792464
503.2580187443248 -1.361943986017471 -8.069084722792464
526.1931340208415 -1.36194398601747 -8.069084722792464
549.1282492973584 -1.361943986017471 -8.069084722792464
572.0633645738752 -1.36194398601747 -8.069084722792464
594.9984798503922 -1.361943986017471 -8.069084722792464
617.933595126909 -1.361943986017471 -8.069084722792464
640.868710403426 -1.361943986017471 -8.069084722792464
663.8038256799427 -1.36194398601747 -8.069084722792464
686.7389409564596 -1.361943986017471 -8.069084722792464
709.6740562329765 -1.36194398601747 -8.069084722792464
732.6091715094933 -1.361943986017471 -8.069084722792464
755.5442867860102 -1.361943986017471 -8.069084722792464
778.4794020625272 -1.361943986017471 -8.069084722792464
20.63676249332525 -2.400281939196988 -8.382796401873421
43.63150416039645 -2.400281939196988 -8.382796401873421
66.62624582746776 -2.400281939196988 -8.382796401873421
89.62098749453878 -2.400281939196989 -8.382796401873421
112.6157291616099 -2.400281939196987 -8.382796401873421
135.6104708286813 -2.400281939196989 -8.382796401873421
158.6052124957523 -2.400281939196988 -8.382796401873421
181.5999541628234 -2.400281939196988 -8.382796401873421
204.5946958298946 -2.400281939196989 -8.382796401873421
227.5894374969659 -2.400281939196989 -8.382796401873421
250.584179164037 -2.400281939196988 -8.382796401873421
273.5789208311081 -2.400281939196988 -8.382796401873421
296.5736624981793 -2.400281939196988 -8.382796401873421
319.5684041652504 -2.400281939196988 -8.382796401873421
342.5631458323215 -2.400281939196989 -8.382796401873421
365.5578874993927 -2.400281939196988 -8.382796401873421
388.5526291664638 -2.400281939196988 -8.382796401873421
411.547370833535 -2.400281939196989 -8.382796401873421
434.5421125006062 -2.400281939196989 -8.382796401873421
457.5368541676773 -2.400281939196989 -8.382796401873421
480.5315958347485 -2.400281939196988 -8.382796401873421
503.5263375018197 -2.400281939196988 -8.382796401873421
526.5210791688908 -2.400281939196989 -8.382796401873421
549.5158208359621 -2.400281939196989 -8.382796401873421
572.5105625030333 -2.400281939196989 -8.382796401873421
595.5053041701046 -2.400281939196989 -8.382796401873421
618.5000458371759 -2.400281939196988 -8.382796401873421
641.4947875042471 -2.400281939196988 -8.382796401873421
664.4895291713184 -2.400281939196989 -8.382796401873421
687.4842708383896 -2.400281939196988 -8.382796401873421
710.4790125054608 -2.400281939196989 -8.382796401873421
733.4737541725322 -2.400281939196989 -8.382796401873421
756.4684958396035 -2.400281939196989 -8.382796401873421
779.4632375066747 -2.400281939196989 -8.382796401873421
19.06262578881007 -4.061622657824445 -8.884735086451268
42.15276968039717 -4.061622657824445 -8.884735086451268
65.24291357198445 -4.061622657824445 -8.884735086451268
88.33305746357166 -4.061622657824445 -8.884735086451268
111.423201355159 -4.061622657824445 -8.884735086451268
134.5133452467463 -4.061622657824445 -8.884735086451268
157.6034891383335 -4.061622657824445 -8.884735086451268
180.6936330299209 -4.061622657824445 -8.884735086451268
203.7837769215081 -4.061622657824445 -8.884735086451268
226.8739208130953 -4.061622657824445 -8.884735086451268
249.9640647046826 -4.061622657824445 -8.884735086451268
273.0542085962698 -4.061622657824445 -8.884735086451268
296.144352487857 -4.061622657824445 -8.884735086451268
319.2344963794443 -4.061622657824445 -8.884735086451268
342.3246402710315 -4.061622657824445 -8.884735086451268
365.4147841626187 -4.061622657824445 -8.884735086451268
388.5049280542059 -4.061622657824445 -8.884735086451268
411.5950719457932 -4.061622657824445 -8.884735086451268
434.6852158373804 -4.061622657824445 -8.884735086451268
457.7753597289677 -4.061622657824445 -8.884735086451268
480.8655036205549 -4.061622657824445 -8.884735086451268
503.9556475121422 -4.061622657824445 -8.884735086451268
527.0457914037295 -4.061622657824445 -8.884735086451268
550.1359352953168 -4.061622657824445 -8.884735086451268
573.2260791869041 -4.061622657824445 -8.884735086451268
596.3162230784915 -4.061622657824445 -8.884735086451268
619.4063669700788 -4.061622657824445 -8.884735086451268
642.4965108616661 -4.061622657824445 -8.884735086451268
665.5866547532535 -4.061622657824445 -8.884735086451268
688.6767986448407 -4.061622657824445 -8.884735086451268
711.766942536428 -4.061622657824445 -8.884735086451268
734.8570864280152 -4.061622657824445 -8.884735086451268
757.9472303196026 -4.061622657824445 -8.884735086451268
781.03737421119 -4.061622657824445 -8.884735086451268
16.54400709585309 -6.719767771462188 -9.687836970848982
39.78679454458927 -6.719767771462187 -9.687836970848982
63.02958199332556 -6.719767771462187 -9.687836970848982
86.27236944206163 -6.719767771462188 -9.687836970848982
109.5151568907978 -6.719767771462188 -9.687836970848982
132.757944339534 -6.719767771462188 -9.687836970848982
156.0007317882702 -6.719767771462188 -9.687836970848982
179.2435192370064 -6.719767771462188 -9.687836970848982
202.4863066857425 -6.719767771462187 -9.687836970848982
225.7290941344787 -6.719767771462188 -9.687836970848982
248.971881583215 -6.719767771462188 -9.687836970848982
272.2146690319511 -6.719767771462188 -9.687836970848982
295.4574564806873 -6.719767771462188 -9.687836970848982
318.7002439294233 -6.719767771462188 -9.687836970848982
341.9430313781595 -6.719767771462188 -9.687836970848982
365.1858188268956 -6.719767771462188 -9.687836970848982
388.4286062756318 -6.719767771462188 -9.687836970848982
411.6713937243679 -6.719767771462188 -9.687836970848982
434.9141811731041 -6.719767771462188 -9.687836970848982
458.1569686218402 -6.719767771462188 -9.687836970848982
481.3997560705764 -6.719767771462188 -9.687836970848982
504.6425435193125 -6.719767771462188 -9.687836970848982
527.8853309680486 -6.719767771462188 -9.687836970848982
551.1281184167849 -6.719767771462188 -9.687836970848982
574.3709058655211 -6.719767771462188 -9.687836970848982
597.6136933142573 -6.719767771462187 -9.687836970848982
620.8564807629934 -6.719767771462188 -9.687836970848982
644.0992682117297 -6.719767771462188 -9.687836970848982
667.3420556604658 -6.719767771462188 -9.687836970848982
690.5848431092021 -6.719767771462188 -9.687836970848982
713.8276305579383 -6.719767771462188 -9.687836970848982
737.0704180066743 -6.719767771462188 -9.687836970848982
760.3132054554105 -6.719767771462188 -9.687836970848982
783.5559929041466 -6.719767771462188 -9.687836970848982
2 68 0 204
1629
1630
1631
1632
1633
1634
1635
1636
1637
1638
1639
1640
1641
1642
1643
1644
1645
1646
1647
1648
1649
1650
1651
1652
1653
1654
1655
1656
1657
1658
1659
1660
1661
1662
1663
1664
1665
1666
1667
1668
1669
1670
1671
1672
1673
1674
1675
1676
1677
1678
1679
1680
1681
1682
1683
1684
1685
1686
1687
1688
1689
1690
1691
1692
1693
1694
1695
1696
1697
1698
1699
1700
1701
1702
1703
1704
1705
1706
1707
1708
1709
1710
1711
1712
1713
1714
1715
1716
1717
1718
1719
1720
1721
1722
1723
1724
1725
1726
1727
1728
1729
1730
1731
1732
1733
1734
1735
1736
1737
1738
1739
1740
1741
1742
1743
1744
1745
1746
1747
1748
1749
1750
1751
1752
1753
1754
1755
1756
1757
1758
1759
1760
1761
1762
1763
1764
1765
1766
1767
1768
1769
1770
1771
1772
1773
1774
1775
1776
1777
1778
1779
1780
1781
1782
1783
1784
1785
1786
1787
1788
1789
1790
1791
1792
1793
1794
1795
1796
1797
1798
1799
1800
1801
1802
1803
1804
1805
1806
1807
1808
1809
1810
1811
1812
1813
1814
1815
1816
1817
1818
1819
1820
1821
1822
1823
1824
1825
1826
1827
1828
1829
1830
1831
1832
22.61980577940449 0.3073820350692014 -7.750471308620485
45.49436300489504 0.3073820350691996 -7.750471308620484
68.36892023038581 0.3073820350692023 -7.750471308620485
91.24347745587636 0.3073820350692005 -7.750471308620485
114.118034681367 0.3073820350692014 -7.750471308620485
136.9925919068575 0.3073820350692014 -7.750471308620485
159.867149132348 0.3073820350692005 -7.750471308620485
182.7417063578387 0.3073820350692014 -7.750471308620485
205.6162635833294 0.3073820350692014 -7.750471308620485
228.4908208088199 0.3073820350692014 -7.750471308620485
251.3653780343106 0.3073820350691996 -7.750471308620484
274.2399352598011 0.3073820350692005 -7.750471308620485
297.1144924852917 0.3073820350692014 -7.750471308620485
319.9890497107823 0.3073820350692023 -7.750471308620485
342.8636069362728 0.3073820350692005 -7.750471308620485
365.7381641617634 0.3073820350692014 -7.750471308620485
388.6127213872539 0.3073820350692023 -7.750471308620485
411.4872786127446 0.3073820350692005 -7.750471308620485
434.3618358382352 0.3073820350692023 -7.750471308620485
457.2363930637256 0.3073820350692014 -7.750471308620485
480.1109502892162 0.3073820350692014 -7.750471308620485
502.9855075147069 0.3073820350692023 -7.750471308620485
525.8600647401975 0.3073820350692023 -7.750471308620485
548.7346219656883 0.3073820350692023 -7.750471308620485
571.6091791911789 0.3073820350692014 -7.750471308620485
594.4837364166697 0.3073820350692014 -7.750471308620485
617.3582936421603 0.3073820350692014 -7.750471308620485
640.2328508676512 0.3073820350692023 -7.750471308620485
663.1074080931419 0.3073820350692014 -7.750471308620485
685.9819653186327 0.3073820350692014 -7.750471308620485
708.8565225441234 0.3073820350692023 -7.750471308620485
731.7310797696141 0.3073820350692023 -7.750471308620485
754.6056369951048 0.3073820350692014 -7.750471308620485
777.4801942205954 0.3073820350692014 -7.750471308620485
22.23549506688539 0.7129827897439744 -7.873014930758052
45.13334385071045 0.7129827897439744 -7.873014930758052
68.03119263453561 0.7129827897439744 -7.873014930758052
90.92904141836073 0.7129827897439753 -7.873014930758052
113.8268902021856 0.7129827897439736 -7.873014930758051
136.7247389860108 0.7129827897439753 -7.873014930758052
159.6225877698361 0.7129827897439736 -7.873014930758051
182.520436553661 0.7129827897439736 -7.873014930758051
205.4182853374862 0.7129827897439753 -7.873014930758052
228.3161341213113 0.7129827897439744 -7.873014930758052
251.2139829051364 0.7129827897439753 -7.873014930758052
274.1118316889614 0.7129827897439744 -7.873014930758052
297.0096804727866 0.7129827897439744 -7.873014930758052
319.9075292566116 0.7129827897439753 -7.873014930758052
342.8053780404367 0.7129827897439736 -7.873014930758051
365.7032268242617 0.7129827897439744 -7.873014930758052
388.6010756080867 0.7129827897439753 -7.873014930758052
411.4989243919118 0.7129827897439744 -7.873014930758052
434.3967731757369 0.7129827897439753 -7.873014930758052
457.2946219595619 0.7129827897439753 -7.873014930758052
480.192470743387 0.7129827897439744 -7.873014930758052
503.090319527212 0.7129827897439753 -7.873014930758052
525.9881683110373 0.7129827897439744 -7.873014930758052
548.8860170948625 0.7129827897439753 -7.873014930758052
571.7838658786877 0.7129827897439744 -7.873014930758052
594.6817146625128 0.7129827897439744 -7.873014930758052
617.5795634463382 0.7129827897439736 -7.873014930758051
640.4774122301633 0.7129827897439744 -7.873014930758052
663.3752610139886 0.7129827897439753 -7.873014930758052
686.2731097978137 0.7129827897439744 -7.873014930758052
709.1709585816388 0.7129827897439744 -7.873014930758052
732.0688073654642 0.7129827897439744 -7.873014930758052
754.9666561492894 0.7129827897439744 -7.873014930758052
777.8645049331146 0.7129827897439744 -7.873014930758052
21.62059793747278 1.36194398601747 -8.069084722792464
44.55571321398958 1.361943986017469 -8.069084722792464
67.49082849050637 1.361943986017471 -8.069084722792464
90.42594376702311 1.36194398601747 -8.069084722792464
113.36105904354 1.36194398601747 -8.069084722792464
136.2961743200566 1.36194398601747 -8.069084722792464
159.2312895965734 1.361943986017469 -8.069084722792464
182.1664048730902 1.361943986017471 -8.069084722792464
205.101520149607 1.361943986017471 -8.069084722792464
228.0366354261237 1.36194398601747 -8.069084722792464
250.9717507026406 1.36194398601747 -8.069084722792464
273.9068659791573 1.361943986017471 -8.069084722792464
296.8419812556741 1.361943986017471 -8.069084722792464
319.7770965321909 1.36194398601747 -8.069084722792464
342.7122118087075 1.36194398601747 -8.069084722792464
365.6473270852242 1.361943986017471 -8.069084722792464
388.582442361741 1.36194398601747 -8.069084722792464
411.5175576382577 1.36194398601747 -8.069084722792464
434.4526729147745 1.361943986017469 -8.069084722792464
457.3877881912912 1.361943986017471 -8.069084722792464
480.3229034678079 1.36194398601747 -8.069084722792464
503.2580187443248 1.361943986017471 -8.069084722792464
526.1931340208415 1.36194398601747 -8.069084722792464
549.1282492973584 1.361943986017471 -8.069084722792464
572.0633645738752 1.36194398601747 -8.069084722792464
594.9984798503922 1.361943986017471 -8.069084722792464
617.933595126909 1.361943986017471 -8.069084722792464
640.868710403426 1.361943986017471 -8.069084722792464
663.8038256799427 1.36194398601747 -8.069084722792464
686.7389409564596 1.361943986017471 -8.069084722792464
709.6740562329765 1.36194398601747 -8.069084722792464
732.6091715094933 1.361943986017471 -8.069084722792464
755.5442867860102 1.361943986017471 -8.069084722792464
778.4794020625272 1.361943986017471 -8.069084722792464
20.63676249332525 2.400281939196988 -8.382796401873421
43.63150416039645 2.400281939196988 -8.382796401873421
66.62624582746776 2.400281939196988 -8.382796401873421
89.62098749453878 2.400281939196989 -8.382796401873421
112.6157291616099 2.400281939196987 -8.382796401873421
135.6104708286813 2.400281939196989 -8.382796401873421
158.6052124957523 2.400281939196988 -8.382796401873421
181.5999541628234 2.400281939196988 -8.382796401873421
204.5946958298946 2.400281939196989 -8.382796401873421
227.5894374969659 2.400281939196989 -8.382796401873421
250.584179164037 2.400281939196988 -8.382796401873421
273.5789208311081 2.400281939196988 -8.382796401873421
296.5736624981793 2.400281939196988 -8.382796401873421
319.5684041652504 2.400281939196988 -8.382796401873421
342.5631458323215 2.400281939196989 -8.382796401873421
365.5578874993927 2.400281939196988 -8.382796401873421
388.5526291664638 2.400281939196988 -8.382796401873421
411.547370833535 2.400281939196989 -8.382796401873421
434.5421125006062 2.400281939196989 -8.382796401873421
457.5368541676773 2.400281939196989 -8.382796401873421
480.5315958347485 2.400281939196988 -8.382796401873421
503.5263375018197 2.400281939196988 -8.382796401873421
526.5210791688908 2.400281939196989 -8.382796401873421
549.5158208359621 2.400281939196989 -8.382796401873421
572.5105625030333 2.400281939196989 -8.382796401873421
595.5053041701046 2.400281939196989 -8.382796401873421
618.5000458371759 2.400281939196988 -8.382796401873421
641.4947875042471 2.400281939196988 -8.382796401873421
664.4895291713184 2.400281939196989 -8.382796401873421
687.4842708383896 2.400281939196988 -8.382796401873421
710.4790125054608 2.400281939196989 -8.382796401873421
733.4737541725322 2.400281939196989 -8.382796401873421
756.4684958396035 2.400281939196989 -8.382796401873421
779.4632375066747 2.400281939196989 -8.382796401873421
19.06262578881007 4.061622657824445 -8.884735086451268
42.15276968039717 4.061622657824445 -8.884735086451268
65.24291357198445 4.061622657824445 -8.884735086451268
88.33305746357166 4.061622657824445 -8.884735086451268
111.423201355159 4.061622657824445 -8.884735086451268
134.5133452467463 4.061622657824445 -8.884735086451268
157.6034891383335 4.061622657824445 -8.884735086451268
180.6936330299209 4.061622657824445 -8.884735086451268
203.7837769215081 4.061622657824445 -8.884735086451268
226.8739208130953 4.061622657824445 -8.884735086451268
249.9640647046826 4.061622657824445 -8.884735086451268
273.0542085962698 4.061622657824445 -8.884735086451268
296.144352487857 4.061622657824445 -8.884735086451268
319.2344963794443 4.061622657824445 -8.884735086451268
342.3246402710315 4.061622657824445 -8.884735086451268
365.4147841626187 4.061622657824445 -8.884735086451268
388.5049280542059 4.061622657824445 -8.884735086451268
411.5950719457932 4.061622657824445 -8.884735086451268
434.6852158373804 4.061622657824445 -8.884735086451268
457.7753597289677 4.061622657824445 -8.884735086451268
480.8655036205549 4.061622657824445 -8.884735086451268
503.9556475121422 4.061622657824445 -8.884735086451268
527.0457914037295 4.061622657824445 -8.884735086451268
550.1359352953168 4.061622657824445 -8.884735086451268
573.2260791869041 4.061622657824445 -8.884735086451268
596.3162230784915 4.061622657824445 -8.884735086451268
619.4063669700788 4.061622657824445 -8.884735086451268
642.4965108616661 4.061622657824445 -8.884735086451268
665.5866547532535 4.061622657824445 -8.884735086451268
688.6767986448407 4.061622657824445 -8.884735086451268
711.766942536428 4.061622657824445 -8.884735086451268
734.8570864280152 4.061622657824445 -8.884735086451268
757.9472303196026 4.061622657824445 -8.884735086451268
781.03737421119 4.061622657824445 -8.884735086451268
16.54400709585309 6.719767771462188 -9.687836970848982
39.78679454458927 6.719767771462187 -9.687836970848982
63.02958199332556 6.719767771462187 -9.687836970848982
86.27236944206163 6.719767771462188 -9.687836970848982
109.5151568907978 6.719767771462188 -9.687836970848982
132.757944339534 6.719767771462188 -9.687836970848982
156.0007317882702 6.719767771462188 -9.687836970848982
179.2435192370064 6.719767771462188 -9.687836970848982
202.4863066857425 6.719767771462187 -9.687836970848982
225.7290941344787 6.719767771462188 -9.687836970848982
248.971881583215 6.719767771462188 -9.687836970848982
272.2146690319511 6.719767771462188 -9.687836970848982
295.4574564806873 6.719767771462188 -9.687836970848982
318.7002439294233 6.719767771462188 -9.687836970848982
341.9430313781595 6.719767771462188 -9.687836970848982
365.1858188268956 6.719767771462188 -9.687836970848982
388.4286062756318 6.719767771462188 -9.687836970848982
411.6713937243679 6.719767771462188 -9.687836970848982
434.9141811731041 6.719767771462188 -9.687836970848982
458.1569686218402 6.719767771462188 -9.687836970848982
481.3997560705764 6.719767771462188 -9.687836970848982
504.6425435193125 6.719767771462188 -9.687836970848982
527.8853309680486 6.719767771462188 -9.687836970848982
551.1281184167849 6.719767771462188 -9.687836970848982
574.3709058655211 6.719767771462188 -9.687836970848982
597.6136933142573 6.719767771462187 -9.687836970848982
620.8564807629934 6.719767771462188 -9.687836970848982
644.0992682117297 6.719767771462188 -9.687836970848982
667.3420556604658 6.719767771462188 -9.687836970848982
690.5848431092021 6.719767771462188 -9.687836970848982
713.8276305579383 6.719767771462188 -9.687836970848982
737.0704180066743 6.719767771462188 -9.687836970848982
760.3132054554105 6.719767771462188 -9.687836970848982
783.5559929041466 6.719767771462188 -9.687836970848982
2 71 0 4
1833
1834
1835
1836
0 -0.02625788842635603 -7.64625787462731
0 0.02625788842635578 -7.646257874627309
0 -0.02625788258033909 -7.593742123038012
0 0.02625788258033868 -7.593742123038005
2 72 0 4
1837
1838
1839
1840
800.0999999999998 -0.02625788842635603 -7.64625787462731
800.1000000000001 0.02625788842635578 -7.646257874627309
800.0999999999999 -0.02625788258033909 -7.593742123038012
800.0999999999992 0.02625788258033868 -7.593742123038005
3 79 0 408
1841
1842
1843
1844
1845
1846
1847
1848
1849
1850
1851
1852
1853
1854
1855
1856
1857
1858
1859
1860
1861
1862
1863
1864
1865
1866
1867
1868
1869
1870
1871
1872
1873
1874
1875
1876
1877
1878
1879
1880
1881
1882
1883
1884
1885
1886
1887
1888
1889
1890
1891
1892
1893
1894
1895
1896
1897
1898
1899
1900
1901
1902
1903
1904
1905
1906
1907
1908
1909
1910
1911
1912
1913
1914
1915
1916
1917
1918
1919
1920
1921
1922
1923
1924
1925
1926
1927
1928
1929
1930
1931
1932
1933
1934
1935
1936
1937
1938
1939
1940
1941
1942
1943
1944
1945
1946
1947
1948
1949
1950
1951
1952
1953
1954
1955
1956
1957
1958
1959
1960
1961
1962
1963
1964
1965
1966
1967
1968
1969
1970
1971
1972
1973
1974
1975
1976
1977
1978
1979
1980
1981
1982
1983
1984
1985
1986
1987
1988
1989
1990
1991
1992
1993
1994
1995
1996
1997
1998
1999
2000
2001
2002
2003
2004
2005
2006
2007
2008
2009
2010
2011
2012
2013
2014
2015
2016
2017
2018
2019
2020
2021
2022
2023
2024
2025
2026
2027
2028
2029
2030
2031
2032
2033
2034
2035
2036
2037
2038
2039
2040
2041
2042
2043
2044
2045
2046
2047
2048
2049
2050
2051
2052
2053
2054
2055
2056
2057
2058
2059
2060
2061
2062
2063
2064
2065
2066
2067
2068
2069
2070
2071
2072
2073
2074
2075
2076
2077
2078
2079
2080
2081
2082
2083
2084
2085
2086
2087
2088
2089
2090
2091
2092
2093
2094
2095
2096
2097
2098
2099
2100
2101
2102
2103
2104
2105
2106
2107
2108
2109
2110
2111
2112
2113
2114
2115
2116
2117
2118
2119
2120
2121
2122
2123
2124
2125
2126
2127
2128
2129
2130
2131
2132
2133
2134
2135
2136
2137
2138
2139
2140
2141
2142
2143
2144
2145
2146
2147
2148
2149
2150
2151
2152
2153
2154
2155
2156
2157
2158
2159
2160
2161
2162
2163
2164
2165
2166
2167
2168
2169
2170
2171
2172
2173
2174
2175
2176
2177
2178
2179
2180
2181
2182
2183
2184
2185
2186
2187
2188
2189
2190
2191
2192
2193
2194
2195
2196
2197
2198
2199
2200
2201
2202
2203
2204
2205
2206
2207
2208
2209
2210
2211
2212
2213
2214
2215
2216
2217
2218
2219
2220
2221
2222
2223
2224
2225
2226
2227
2228
2229
2230
2231
2232
2233
2234
2235
2236
2237
2238
2239
2240
2241
2242
2243
2244
2245
2246
2247
2248
22.60516399447664 -0.1041648698689194 -7.12474658905194
22.23239072572646 -0.2393090252480905 -6.430093564048818
21.61935530619539 -0.455528563437832 -5.328205080608969
20.63790808249742 -0.8014723888500234 -3.565670893230379
19.06555978896005 -1.354985400177629 -0.7468768441293188
16.54760470954191 -2.240606384017234 3.761815535785085
22.60516399447667 0.1041648698689205 -7.124746589051952
22.23239072572648 0.2393090252480914 -6.430093564048837
21.61935530619541 0.455528563437834 -5.328205080609007
20.63790808249751 0.8014723888500245 -3.565670893230462
19.06555978896022 1.354985400177636 -0.7468768441294245
16.54760470954233 2.240606384017237 3.761815535785027
45.48060860087192 -0.1041648698689201 -7.124746589051935
45.13042765143997 -0.2393090252480903 -6.430093564048809
44.55454589369867 -0.4555285634378322 -5.328205080608972
43.63258031992198 -0.8014723888500246 -3.565670893230371
42.15552586235634 -1.35498540017763 -0.7468768441293259
39.79017412108488 -2.240606384017232 3.761815535785062
45.48060860087193 0.104164869868921 -7.124746589051949
45.13042765143994 0.2393090252480911 -6.43009356404883
44.55454589369863 0.4555285634378343 -5.328205080609011
43.63258031992206 0.8014723888500249 -3.56567089323045
42.15552586235648 1.354985400177638 -0.7468768441294311
39.79017412108526 2.240606384017236 3.761815535785008
68.35605320726729 -0.1041648698689197 -7.124746589051927
68.0284645771534 -0.2393090252480906 -6.430093564048808
67.48973648120186 -0.4555285634378315 -5.328205080608981
66.62725255734627 -0.8014723888500234 -3.56567089323037
65.24549193575263 -1.35498540017763 -0.7468768441293334
63.03274353262771 -2.240606384017233 3.761815535785041
68.35605320726734 0.1041648698689203 -7.124746589051945
68.0284645771534 0.2393090252480914 -6.430093564048824
67.48973648120185 0.4555285634378332 -5.328205080609014
66.62725255734642 0.801472388850024 -3.565670893230451
65.24549193575278 1.354985400177637 -0.746876844129436
63.03274353262811 2.240606384017235 3.761815535784987
91.23149781366273 -0.1041648698689201 -7.124746589051922
90.926501502867 -0.239309025248091 -6.430093564048805
90.4249270687053 -0.4555285634378323 -5.328205080608983
89.62192479477071 -0.801472388850024 -3.565670893230362
88.33545800914906 -1.354985400177629 -0.7468768441293405
86.27531294417061 -2.240606384017232 3.761815535785014
91.23149781366276 0.1041648698689205 -7.124746589051938
90.92650150286691 0.2393090252480916 -6.430093564048827
90.42492706870526 0.455528563437834 -5.328205080609018
89.62192479477079 0.801472388850025 -3.565670893230441
88.33545800914924 1.354985400177637 -0.7468768441294436
86.27531294417096 2.240606384017235 3.761815535784964
114.1069424200579 -0.10416486986892 -7.124746589051917
113.8245384285804 -0.2393090252480906 -6.430093564048804
113.3601176562086 -0.4555285634378322 -5.328205080608988
112.616597032195 -0.8014723888500239 -3.565670893230358
111.4254240825453 -1.354985400177629 -0.7468768441293494
109.5178823557136 -2.240606384017233 3.76181553578499
114.1069424200581 0.1041648698689202 -7.124746589051934
113.8245384285804 0.2393090252480909 -6.430093564048826
113.3601176562084 0.4555285634378335 -5.328205080609021
112.6165970321952 0.801472388850025 -3.565670893230434
111.4254240825455 1.354985400177636 -0.7468768441294489
109.517882355714 2.240606384017235 3.761815535784941
136.9823870264532 -0.1041648698689208 -7.124746589051911
136.722575354294 -0.239309025248091 -6.430093564048798
136.2953082437117 -0.455528563437832 -5.32820508060899
135.6112692696194 -0.8014723888500244 -3.565670893230353
134.5153901559417 -1.354985400177631 -0.7468768441293556
132.7604517672566 -2.240606384017232 3.761815535784965
136.9823870264533 0.1041648698689207 -7.124746589051933
136.7225753542941 0.2393090252480911 -6.43009356404882
136.2953082437116 0.4555285634378333 -5.328205080609026
135.6112692696196 0.801472388850025 -3.56567089323043
134.5153901559418 1.354985400177637 -0.7468768441294551
132.7604517672569 2.240606384017235 3.761815535784919
159.8578316328486 -0.1041648698689212 -7.124746589051902
159.6206122800074 -0.239309025248091 -6.430093564048795
159.2304988312152 -0.4555285634378329 -5.32820508060899
158.6059415070437 -0.801472388850024 -3.56567089323035
157.6053562293382 -1.35498540017763 -0.7468768441293649
156.0030211787997 -2.240606384017233 3.761815535784941
159.8578316328487 0.1041648698689209 -7.124746589051923
159.6206122800075 0.2393090252480908 -6.430093564048819
159.2304988312151 0.4555285634378341 -5.328205080609018
158.6059415070438 0.8014723888500241 -3.565670893230424
157.6053562293382 1.354985400177636 -0.7468768441294622
156.0030211787999 2.240606384017234 3.761815535784898
182.733276239244 -0.1041648698689205 -7.124746589051902
182.5186492057212 -0.2393090252480912 -6.43009356404879
182.1656894187185 -0.4555285634378318 -5.328205080609001
181.6006137444681 -0.8014723888500244 -3.565670893230346
180.6953223027344 -1.35498540017763 -0.7468768441293725
179.2455905903425 -2.240606384017233 3.761815535784918
182.7332762392441 0.10416486986892 -7.124746589051924
182.5186492057211 0.2393090252480913 -6.430093564048811
182.1656894187184 0.4555285634378333 -5.328205080609027
181.6006137444683 0.8014723888500251 -3.565670893230418
180.6953223027344 1.354985400177637 -0.7468768441294671
179.2455905903427 2.240606384017235 3.761815535784875
205.6087208456393 -0.1041648698689213 -7.124746589051895
205.4166861314345 -0.2393090252480914 -6.430093564048787
205.1008800062217 -0.455528563437832 -5.328205080609004
204.5952859818924 -0.8014723888500244 -3.565670893230342
203.7852883761307 -1.354985400177631 -0.7468768441293806
202.4881600018855 -2.240606384017233 3.761815535784892
205.6087208456392 0.1041648698689206 -7.124746589051917
205.4166861314345 0.2393090252480914 -6.430093564048802
205.1008800062216 0.4555285634378335 -5.328205080609032
204.5952859818926 0.8014723888500249 -3.565670893230413
203.7852883761307 1.354985400177638 -0.7468768441294718
202.4881600018857 2.240606384017235 3.761815535784855
228.4841654520345 -0.1041648698689215 -7.12474658905189
228.3147230571481 -0.2393090252480916 -6.430093564048782
228.036070593725 -0.4555285634378327 -5.328205080609003
227.5899582193169 -0.8014723888500239 -3.565670893230339
226.8752544495271 -1.354985400177629 -0.7468768441293894
225.7307294134285 -2.240606384017233 3.76181553578487
228.4841654520347 0.1041648698689204 -7.124746589051917
228.3147230571481 0.2393090252480913 -6.430093564048804
228.036070593725 0.4555285634378335 -5.32820508060903
227.5899582193172 0.801472388850024 -3.565670893230408
226.8752544495273 1.354985400177637 -0.74687684412948
225.7307294134287 2.240606384017234 3.761815535784833
251.3596100584298 -0.1041648698689211 -7.124746589051883
251.2127599828616 -0.2393090252480918 -6.43009356404878
250.9712611812282 -0.4555285634378322 -5.328205080609011
250.5846304567412 -0.8014723888500243 -3.565670893230334
249.9652205229236 -1.354985400177629 -0.7468768441293974
248.9732988249713 -2.240606384017233 3.761815535784845
251.35961005843 0.1041648698689198 -7.124746589051908
251.2127599828615 0.2393090252480911 -6.430093564048796
250.9712611812282 0.4555285634378333 -5.328205080609032
250.5846304567415 0.8014723888500246 -3.5656708932304
249.9652205229236 1.354985400177637 -0.746876844129486
248.9732988249716 2.240606384017235 3.761815535784812
274.235054664825 -0.1041648698689219 -7.124746589051878
274.1107969085751 -0.2393090252480917 -6.430093564048775
273.9064517687318 -0.4555285634378329 -5.328205080609011
273.5793026941654 -0.8014723888500244 -3.565670893230326
273.0551865963198 -1.35498540017763 -0.7468768441294044
272.2158682365144 -2.240606384017233 3.76181553578482
274.2350546648252 0.1041648698689203 -7.124746589051905
274.110796908575 0.2393090252480912 -6.430093564048795
273.9064517687316 0.4555285634378339 -5.328205080609033
273.5793026941659 0.801472388850025 -3.565670893230394
273.0551865963197 1.354985400177636 -0.7468768441294915
272.2158682365143 2.240606384017235 3.761815535784788
297.1104992712204 -0.104164869868922 -7.124746589051872
297.0088338342886 -0.2393090252480919 -6.430093564048771
296.841642356235 -0.455528563437832 -5.328205080609019
296.5739749315898 -0.801472388850024 -3.565670893230326
296.1451526697161 -1.354985400177629 -0.7468768441294127
295.4584376480572 -2.240606384017233 3.761815535784797
297.1104992712205 0.1041648698689202 -7.124746589051897
297.0088338342885 0.2393090252480911 -6.430093564048792
296.8416423562349 0.4555285634378328 -5.328205080609039
296.5739749315902 0.8014723888500239 -3.56567089323039
296.1451526697162 1.354985400177636 -0.7468768441294993
295.4584376480573 2.240606384017235 3.761815535784767
319.9859438776159 -0.1041648698689219 -7.124746589051867
319.9068707600021 -0.2393090252480914 -6.430093564048771
319.7768329437382 -0.4555285634378325 -5.328205080609025
319.5686471690141 -0.8014723888500245 -3.56567089323032
319.2351187431122 -1.35498540017763 -0.7468768441294202
318.7010070596002 -2.240606384017232 3.761815535784772
319.9859438776159 0.1041648698689199 -7.124746589051892
319.9068707600021 0.2393090252480906 -6.430093564048789
319.776832943738 0.4555285634378334 -5.328205080609039
319.5686471690145 0.8014723888500246 -3.565670893230384
319.2351187431123 1.354985400177636 -0.7468768441295037
318.7010070596001 2.240606384017233 3.761815535784746
342.861388484011 -0.1041648698689226 -7.124746589051862
342.8049076857155 -0.2393090252480922 -6.430093564048763
342.7120235312412 -0.4555285634378319 -5.32820508060903
342.5633194064386 -0.8014723888500246 -3.565670893230314
342.3250848165088 -1.35498540017763 -0.7468768441294292
341.943576471143 -2.240606384017232 3.761815535784749
342.8613884840111 0.1041648698689204 -7.124746589051889
342.8049076857155 0.2393090252480911 -6.430093564048782
342.7120235312411 0.4555285634378325 -5.328205080609047
342.5633194064387 0.8014723888500245 -3.565670893230376
342.3250848165085 1.354985400177636 -0.7468768441295108
341.9435764711433 2.240606384017233 3.761815535784726
365.7368330904063 -0.1041648698689219 -7.124746589051856
365.7029446114288 -0.2393090252480923 -6.430093564048763
365.6472141187446 -0.4555285634378328 -5.328205080609035
365.5579916438627 -0.8014723888500247 -3.565670893230309
365.4150508899049 -1.35498540017763 -0.7468768441294364
365.186145882686 -2.240606384017232 3.761815535784724
365.7368330904063 0.1041648698689195 -7.124746589051885
365.7029446114286 0.239309025248091 -6.430093564048784
365.6472141187442 0.4555285634378332 -5.328205080609046
365.5579916438629 0.8014723888500244 -3.565670893230371
365.415050889905 1.354985400177638 -0.7468768441295159
365.1861458826859 2.240606384017233 3.761815535784702
388.6122776968018 -0.1041648698689229 -7.124746589051842
388.6009815371426 -0.2393090252480918 -6.430093564048761
388.5824047062482 -0.4555285634378325 -5.328205080609032
388.5526638812869 -0.8014723888500248 -3.565670893230305
388.5050169633016 -1.354985400177629 -0.7468768441294452
388.4287152942288 -2.240606384017233 3.7618155357847
388.6122776968018 0.1041648698689202 -7.124746589051877
388.6009815371422 0.2393090252480904 -6.430093564048783
388.5824047062479 0.4555285634378327 -5.328205080609046
388.5526638812872 0.8014723888500244 -3.565670893230364
388.5050169633012 1.354985400177636 -0.7468768441295237
388.4287152942285 2.240606384017233 3.761815535784679
411.4877223031968 -0.1041648698689225 -7.124746589051845
411.4990184628557 -0.239309025248092 -6.430093564048754
411.5175952937513 -0.4555285634378318 -5.328205080609038
411.5473361187114 -0.801472388850025 -3.5656708932303
411.5949830366974 -1.354985400177629 -0.7468768441294533
411.6712847057718 -2.240606384017233 3.761815535784677
411.4877223031975 0.1041648698689196 -7.124746589051874
411.4990184628558 0.2393090252480903 -6.430093564048778
411.5175952937512 0.4555285634378323 -5.328205080609053
411.5473361187119 0.8014723888500245 -3.565670893230359
411.5949830366975 1.354985400177636 -0.7468768441295293
411.6712847057717 2.240606384017232 3.76181553578466
434.3631669095921 -0.1041648698689227 -7.12474658905184
434.3970553885695 -0.2393090252480926 -6.43009356404875
434.4527858812544 -0.4555285634378331 -5.32820508060904
434.5420083561357 -0.8014723888500245 -3.565670893230299
434.684949110094 -1.354985400177629 -0.7468768441294612
434.9138541173146 -2.240606384017232 3.76181553578465
434.3631669095923 0.1041648698689195 -7.124746589051871
434.3970553885694 0.239309025248091 -6.430093564048768
434.452785881254 0.4555285634378333 -5.328205080609053
434.542008356136 0.8014723888500239 -3.565670893230355
434.6849491100939 1.354985400177638 -0.7468768441295348
434.9138541173147 2.240606384017233 3.761815535784638
457.2386115159873 -0.1041648698689234 -7.12474658905183
457.2950923142828 -0.2393090252480927 -6.430093564048747
457.3879764687579 -0.4555285634378327 -5.328205080609048
457.5366805935599 -0.8014723888500253 -3.565670893230295
457.7749151834902 -1.354985400177631 -0.7468768441294684
458.1564235288573 -2.240606384017232 3.761815535784629
457.2386115159875 0.10416486986892 -7.124746589051865
457.2950923142827 0.239309025248091 -6.430093564048769
457.3879764687574 0.4555285634378326 -5.328205080609054
457.5366805935602 0.8014723888500245 -3.565670893230347
457.7749151834901 1.354985400177636 -0.7468768441295404
458.1564235288574 2.240606384017234 3.761815535784617
480.1140561223826 -0.104164869868923 -7.124746589051826
480.1931292399963 -0.2393090252480928 -6.430093564048743
480.323167056261 -0.4555285634378324 -5.328205080609052
480.5313528309846 -0.8014723888500248 -3.565670893230285
480.8648812568865 -1.35498540017763 -0.7468768441294763
481.3989929404008 -2.240606384017232 3.761815535784604
480.1140561223831 0.1041648698689194 -7.124746589051862
480.1931292399964 0.239309025248091 -6.430093564048761
480.3231670562608 0.4555285634378328 -5.328205080609056
480.5313528309848 0.8014723888500244 -3.565670893230341
480.8648812568865 1.354985400177636 -0.7468768441295461
481.3989929404008 2.240606384017232 3.761815535784595
502.9895007287778 -0.1041648698689232 -7.124746589051824
503.0911661657099 -0.2393090252480931 -6.430093564048739
503.2583576437644 -0.4555285634378324 -5.328205080609052
503.5260250684088 -0.8014723888500253 -3.565670893230283
503.9548473302827 -1.354985400177631 -0.7468768441294842
504.6415623519434 -2.240606384017233 3.761815535784578
502.9895007287784 0.1041648698689194 -7.124746589051856
503.0911661657096 0.239309025248091 -6.430093564048761
503.258357643764 0.4555285634378325 -5.32820508060906
503.5260250684094 0.8014723888500244 -3.565670893230333
503.9548473302828 1.354985400177636 -0.7468768441295534
504.6415623519432 2.240606384017233 3.761815535784573
525.8649453351733 -0.104164869868923 -7.124746589051815
525.9892030914233 -0.2393090252480934 -6.430093564048732
526.1935482312673 -0.4555285634378323 -5.32820508060906
526.5206973058331 -0.8014723888500253 -3.565670893230279
527.0448134036791 -1.35498540017763 -0.7468768441294933
527.8841317634864 -2.240606384017232 3.761815535784557
525.8649453351737 0.1041648698689191 -7.124746589051852
525.9892030914233 0.2393090252480913 -6.430093564048754
526.1935482312668 0.4555285634378327 -5.328205080609063
526.5206973058336 0.801472388850024 -3.56567089323033
527.0448134036792 1.354985400177637 -0.7468768441295607
527.8841317634862 2.240606384017234 3.761815535784551
548.7403899415689 -0.1041648698689232 -7.124746589051812
548.8872400171372 -0.2393090252480931 -6.430093564048733
549.1287388187708 -0.4555285634378324 -5.328205080609068
549.5153695432576 -0.8014723888500255 -3.565670893230272
550.1347794770757 -1.35498540017763 -0.7468768441294986
551.1267011750298 -2.240606384017234 3.76181553578453
548.740389941569 0.1041648698689189 -7.124746589051848
548.8872400171367 0.2393090252480908 -6.430093564048754
549.1287388187702 0.4555285634378319 -5.328205080609068
549.5153695432581 0.8014723888500241 -3.565670893230322
550.1347794770757 1.354985400177636 -0.7468768441295652
551.1267011750292 2.240606384017232 3.76181553578453
571.6158345479641 -0.1041648698689242 -7.124746589051803
571.7852769428507 -0.2393090252480932 -6.430093564048725
572.0639294062745 -0.4555285634378325 -5.328205080609068
572.5100417806817 -0.8014723888500253 -3.565670893230269
573.2247455504715 -1.354985400177631 -0.7468768441295063
574.3692705865724 -2.240606384017232 3.761815535784506
571.6158345479646 0.1041648698689198 -7.124746589051843
571.7852769428504 0.239309025248091 -6.430093564048748
572.0639294062742 0.4555285634378324 -5.328205080609067
572.5100417806823 0.8014723888500246 -3.565670893230318
573.224745550472 1.354985400177638 -0.7468768441295704
574.3692705865724 2.240606384017234 3.761815535784509
594.4912791543599 -0.1041648698689235 -7.124746589051803
594.683313868564 -0.2393090252480929 -6.430093564048726
594.9991199937781 -0.4555285634378321 -5.328205080609074
595.5047140181061 -0.8014723888500251 -3.565670893230265
596.3147116238686 -1.35498540017763 -0.7468768441295155
597.6118399981151 -2.240606384017232 3.761815535784482
594.4912791543603 0.1041648698689188 -7.124746589051839
594.6833138685641 0.2393090252480902 -6.430093564048748
594.9991199937773 0.4555285634378318 -5.328205080609074
595.5047140181069 0.8014723888500246 -3.565670893230313
596.3147116238683 1.354985400177636 -0.7468768441295776
597.6118399981151 2.240606384017232 3.761815535784486
617.3667237607552 -0.104164869868924 -7.124746589051793
617.5813507942777 -0.239309025248093 -6.430093564048725
617.9343105812811 -0.4555285634378324 -5.328205080609079
618.4993862555311 -0.8014723888500263 -3.56567089323026
619.404677697265 -1.354985400177631 -0.7468768441295235
620.8544094096584 -2.240606384017232 3.761815535784458
617.3667237607553 0.104164869868919 -7.124746589051835
617.5813507942777 0.2393090252480903 -6.430093564048748
617.9343105812808 0.4555285634378317 -5.328205080609075
618.4993862555312 0.8014723888500248 -3.565670893230305
619.4046776972648 1.354985400177637 -0.7468768441295829
620.8544094096582 2.240606384017233 3.761815535784464
640.242168367151 -0.1041648698689242 -7.124746589051789
640.4793877199916 -0.2393090252480936 -6.430093564048718
640.8695011687851 -0.4555285634378327 -5.328205080609081
641.4940584929554 -0.8014723888500253 -3.565670893230256
642.4946437706614 -1.35498540017763 -0.7468768441295315
644.0969788212009 -2.240606384017231 3.761815535784431
640.2421683671507 0.1041648698689189 -7.124746589051833
640.4793877199911 0.2393090252480908 -6.43009356404874
640.8695011687843 0.4555285634378317 -5.328205080609073
641.4940584929559 0.8014723888500239 -3.565670893230301
642.4946437706609 1.354985400177637 -0.7468768441295891
644.0969788212007 2.240606384017231 3.761815535784441
663.1176129735454 -0.1041648698689243 -7.124746589051784
663.3774246457051 -0.2393090252480936 -6.430093564048713
663.8046917562879 -0.4555285634378332 -5.328205080609079
664.4887307303794 -0.8014723888500261 -3.56567089323025
665.5846098440576 -1.354985400177631 -0.7468768441295395
667.3395482327441 -2.240606384017231 3.76181553578441
663.117612973546 0.1041648698689188 -7.124746589051826
663.3774246457051 0.2393090252480909 -6.430093564048734
663.8046917562875 0.4555285634378324 -5.328205080609074
664.4887307303801 0.8014723888500245 -3.565670893230294
665.5846098440574 1.354985400177636 -0.7468768441295962
667.3395482327437 2.24060638401723 3.761815535784421
685.9930575799415 -0.1041648698689245 -7.124746589051777
686.2754615714194 -0.2393090252480939 -6.430093564048709
686.7398823437916 -0.455528563437832 -5.328205080609089
687.4834029678043 -0.8014723888500254 -3.565670893230249
688.6745759174545 -1.354985400177631 -0.7468768441295475
690.582117644287 -2.240606384017232 3.761815535784386
685.9930575799415 0.1041648698689188 -7.124746589051821
686.2754615714186 0.2393090252480908 -6.430093564048733
686.7398823437909 0.4555285634378314 -5.328205080609082
687.4834029678048 0.801472388850024 -3.565670893230287
688.6745759174539 1.354985400177636 -0.7468768441296033
690.5821176442865 2.24060638401723 3.761815535784399
708.8685021863372 -0.1041648698689243 -7.124746589051774
709.1734984971318 -0.2393090252480938 -6.430093564048705
709.6750729312951 -0.4555285634378324 -5.328205080609095
710.4780752052283 -0.801472388850026 -3.565670893230242
711.7645419908503 -1.354985400177631 -0.7468768441295568
713.8246870558305 -2.240606384017234 3.761815535784361
708.8685021863371 0.1041648698689183 -7.124746589051816
709.1734984971323 0.2393090252480906 -6.430093564048724
709.6750729312947 0.4555285634378313 -5.328205080609085
710.4780752052287 0.8014723888500245 -3.56567089323028
711.7645419908498 1.354985400177636 -0.7468768441296091
713.8246870558299 2.240606384017231 3.761815535784377
731.7439467927323 -0.1041648698689245 -7.124746589051766
732.0715354228463 -0.239309025248094 -6.430093564048703
732.6102635187984 -0.4555285634378329 -5.328205080609097
733.4727474426533 -0.8014723888500261 -3.565670893230238
734.8545080642468 -1.35498540017763 -0.746876844129563
737.0672564673729 -2.240606384017232 3.76181553578434
731.7439467927323 0.1041648698689184 -7.124746589051809
732.0715354228456 0.2393090252480908 -6.430093564048727
732.6102635187975 0.4555285634378321 -5.328205080609082
733.4727474426534 0.8014723888500245 -3.565670893230277
734.8545080642465 1.354985400177637 -0.746876844129615
737.0672564673731 2.240606384017231 3.761815535784357
754.6193913991279 -0.1041648698689254 -7.124746589051761
754.9695723485594 -0.2393090252480942 -6.430093564048697
755.5454541063012 -0.4555285634378326 -5.328205080609103
756.4674196800775 -0.801472388850026 -3.565670893230234
757.9444741376434 -1.354985400177631 -0.7468768441295731
760.3098258789157 -2.240606384017232 3.761815535784314
754.6193913991279 0.1041648698689189 -7.124746589051808
754.969572348559 0.2393090252480907 -6.430093564048719
755.5454541063009 0.4555285634378313 -5.328205080609089
756.4674196800779 0.8014723888500249 -3.565670893230271
757.9444741376429 1.354985400177638 -0.7468768441296237
760.3098258789153 2.240606384017232 3.761815535784335
777.4948360055228 -0.104164869868925 -7.124746589051759
777.8676092742735 -0.2393090252480944 -6.430093564048694
778.4806446938055 -0.455528563437833 -5.328205080609103
779.4620919175014 -0.8014723888500267 -3.565670893230228
781.0344402110396 -1.35498540017763 -0.7468768441295798
783.5523952904588 -2.240606384017233 3.76181553578429
777.4948360055233 0.1041648698689182 -7.124746589051804
777.8676092742726 0.2393090252480905 -6.430093564048716
778.4806446938045 0.4555285634378312 -5.328205080609088
779.4620919175022 0.8014723888500246 -3.565670893230263
781.0344402110392 1.354985400177636 -0.746876844129626
783.5523952904584 2.240606384017231 3.761815535784314
3 80 0 408
2249
2250
2251
2252
2253
2254
2255
2256
2257
2258
2259
2260
2261
2262
2263
2264
2265
2266
2267
2268
2269
2270
2271
2272
2273
2274
2275
2276
2277
2278
2279
2280
2281
2282
2283
2284
2285
2286
2287
2288
2289
2290
2291
2292
2293
2294
2295
2296
2297
2298
2299
2300
2301
2302
2303
2304
2305
2306
2307
2308
2309
2310
2311
2312
2313
2314
2315
2316
2317
2318
2319
2320
2321
2322
2323
2324
2325
2326
2327
2328
2329
2330
2331
2332
2333
2334
2335
2336
2337
2338
2339
2340
2341
2342
2343
2344
2345
2346
2347
2348
2349
2350
2351
2352
2353
2354
2355
2356
2357
2358
2359
2360
2361
2362
2363
2364
2365
2366
2367
2368
2369
2370
2371
2372
2373
2374
2375
2376
2377
2378
2379
2380
2381
2382
2383
2384
2385
2386
2387
2388
2389
2390
2391
2392
2393
2394
2395
2396
2397
2398
2399
2400
2401
2402
2403
2404
2405
2406
2407
2408
2409
2410
2411
2412
2413
2414
2415
2416
2417
2418
2419
2420
2421
2422
2423
2424
2425
2426
2427
2428
2429
2430
2431
2432
2433
2434
2435
2436
2437
2438
2439
2440
2441
2442
2443
2444
2445
2446
2447
2448
2449
2450
2451
2452
2453
2454
2455
2456
2457
2458
2459
2460
2461
2462
2463
2464
2465
2466
2467
2468
2469
2470
2471
2472
2473
2474
2475
2476
2477
2478
2479
2480
2481
2482
2483
2484
2485
2486
2487
2488
2489
2490
2491
2492
2493
2494
2495
2496
2497
2498
2499
2500
2501
2502
2503
2504
2505
2506
2507
2508
2509
2510
2511
2512
2513
2514
2515
2516
2517
2518
2519
2520
2521
2522
2523
2524
2525
2526
2527
2528
2529
2530
2531
2532
2533
2534
2535
2536
2537
2538
2539
2540
2541
2542
2543
2544
2545
2546
2547
2548
2549
2550
2551
2552
2553
2554
2555
2556
2557
2558
2559
2560
2561
2562
2563
2564
2565
2566
2567
2568
2569
2570
2571
2572
2573
2574
2575
2576
2577
2578
2579
2580
2581
2582
2583
2584
2585
2586
2587
2588
2589
2590
2591
2592
2593
2594
2595
2596
2597
2598
2599
2600
2601
2602
2603
2604
2605
2606
2607
2608
2609
2610
2611
2612
2613
2614
2615
2616
2617
2618
2619
2620
2621
2622
2623
2624
2625
2626
2627
2628
2629
2630
2631
2632
2633
2634
2635
2636
2637
2638
2639
2640
2641
2642
2643
2644
2645
2646
2647
2648
2649
2650
2651
2652
2653
2654
2655
2656
22.60575935921824 0.1041174709633809 -7.738930148984806
22.23177666658098 0.2392890042463834 -7.886209451243008
21.61790851780808 0.4555200759936044 -8.085579500150759
20.63590465260044 0.8014598729001404 -8.402769373485429
19.06326660803142 1.354974998430194 -8.905528812278867
16.54559061276256 2.240599975969134 -9.70482779528027
22.60575935921826 -0.1041174709633805 -7.738930148984801
22.23177666658097 -0.2392890042463836 -7.886209451243015
21.61790851780806 -0.4555200759936031 -8.085579500150725
20.63590465260049 -0.8014598729001429 -8.402769373485445
19.0632666080314 -1.354974998430216 -8.905528812278899
16.54559061276282 -2.240599975969146 -9.704827795280758
45.48116788290189 0.1041174709633802 -7.738930148984804
45.12985080800026 0.2392890042463834 -7.886209451243
44.55318678945606 0.4555200759936037 -8.085579500150752
43.63069831001859 0.8014598729001403 -8.402769373485416
42.15337166208995 1.354974998430194 -8.905528812278863
39.78828209077692 2.240599975969132 -9.704827795280291
45.48116788290191 -0.10411747096338 -7.738930148984801
45.12985080800025 -0.2392890042463836 -7.886209451243008
44.55318678945608 -0.4555200759936027 -8.08557950015072
43.63069831001864 -0.8014598729001433 -8.402769373485439
42.15337166208994 -1.354974998430217 -8.905528812278897
39.78828209077723 -2.240599975969145 -9.704827795280748
68.35657640658573 0.1041174709633811 -7.7389301489848
68.0279249494196 0.2392890042463832 -7.886209451242999
67.48846506110404 0.4555200759936047 -8.085579500150743
66.6254919674368 0.8014598729001401 -8.402769373485407
65.24347671614855 1.354974998430195 -8.905528812278874
63.03097356879137 2.240599975969134 -9.704827795280316
68.35657640658572 -0.1041174709633809 -7.738930148984799
68.0279249494196 -0.2392890042463834 -7.886209451243004
67.48846506110405 -0.4555200759936036 -8.085579500150716
66.62549196743691 -0.8014598729001428 -8.402769373485436
65.24347671614859 -1.354974998430216 -8.905528812278892
63.03097356879173 -2.240599975969143 -9.704827795280732
91.23198493026935 0.1041174709633802 -7.738930148984801
90.92599909083893 0.2392890042463834 -7.886209451242996
90.42374333275201 0.4555200759936043 -8.085579500150743
89.6202856248548 0.8014598729001406 -8.4027693734854
88.3335817702072 1.354974998430194 -8.905528812278876
86.27366504680559 2.240599975969132 -9.704827795280334
91.23198493026939 -0.1041174709633805 -7.738930148984796
90.92599909083891 -0.2392890042463838 -7.886209451242999
90.42374333275197 -0.4555200759936029 -8.085579500150716
89.62028562485489 -0.8014598729001428 -8.40276937348543
88.33358177020725 -1.354974998430216 -8.905528812278884
86.27366504680602 -2.240599975969145 -9.704827795280718
114.1073934539531 0.1041174709633804 -7.738930148984798
113.8240732322581 0.2392890042463827 -7.886209451242988
113.3590216044 0.4555200759936038 -8.085579500150736
112.6150792822728 0.8014598729001398 -8.402769373485388
111.4236868242659 1.354974998430195 -8.905528812278881
109.51635652482 2.240599975969133 -9.704827795280353
114.1073934539532 -0.1041174709633809 -7.738930148984797
113.8240732322581 -0.2392890042463833 -7.886209451242993
113.3590216044 -0.4555200759936031 -8.085579500150713
112.6150792822729 -0.8014598729001429 -8.40276937348542
111.423686824266 -1.354974998430216 -8.905528812278883
109.5163565248204 -2.240599975969145 -9.7048277952807
136.9828019776368 0.1041174709633802 -7.738930148984796
136.7221473736774 0.2392890042463832 -7.886209451242985
136.2942998760478 0.4555200759936038 -8.085579500150727
135.6098729396913 0.8014598729001404 -8.402769373485377
134.5137918783247 1.354974998430195 -8.905528812278886
132.7590480028343 2.240599975969134 -9.704827795280377
136.9828019776367 -0.1041174709633811 -7.738930148984793
136.7221473736774 -0.239289004246384 -7.886209451242987
136.2942998760477 -0.4555200759936035 -8.085579500150706
135.6098729396914 -0.8014598729001439 -8.402769373485416
134.5137918783246 -1.354974998430216 -8.905528812278883
132.7590480028348 -2.240599975969146 -9.704827795280693
159.8582105013203 0.1041174709633799 -7.738930148984791
159.620221515097 0.2392890042463825 -7.886209451242977
159.2295781476958 0.4555200759936033 -8.08557950015072
158.6046665971093 0.8014598729001403 -8.402769373485372
157.6038969323833 1.354974998430194 -8.90552881227889
156.0017394808486 2.240599975969134 -9.704827795280396
159.8582105013203 -0.1041174709633808 -7.73893014898479
159.620221515097 -0.2392890042463832 -7.886209451242985
159.2295781476958 -0.4555200759936031 -8.085579500150704
158.6046665971093 -0.8014598729001428 -8.402769373485409
157.6038969323833 -1.354974998430215 -8.905528812278876
156.0017394808492 -2.240599975969145 -9.704827795280671
182.733619025004 0.1041174709633799 -7.738930148984794
182.5182956565161 0.2392890042463826 -7.886209451242972
182.164856419344 0.4555200759936042 -8.085579500150713
181.5994602545272 0.8014598729001393 -8.402769373485361
180.6940019864421 1.354974998430196 -8.905528812278892
179.2444309588631 2.240599975969133 -9.704827795280419
182.7336190250042 -0.1041174709633812 -7.738930148984793
182.518295656516 -0.2392890042463833 -7.88620945124298
182.1648564193438 -0.4555200759936041 -8.0855795001507
181.5994602545272 -0.8014598729001428 -8.4027693734854
180.6940019864422 -1.354974998430216 -8.905528812278874
179.2444309588634 -2.240599975969147 -9.704827795280668
205.6090275486878 0.1041174709633799 -7.73893014898479
205.4163697979355 0.239289004246383 -7.886209451242967
205.1001346909919 0.4555200759936042 -8.085579500150704
204.5942539119454 0.8014598729001404 -8.402769373485356
203.7841070405007 1.354974998430196 -8.90552881227889
202.4871224368773 2.240599975969133 -9.704827795280439
205.609027548688 -0.1041174709633813 -7.738930148984791
205.4163697979355 -0.2392890042463839 -7.886209451242976
205.1001346909919 -0.455520075993604 -8.085579500150692
204.5942539119454 -0.8014598729001433 -8.402769373485398
203.7841070405007 -1.354974998430214 -8.905528812278869
202.4871224368779 -2.240599975969146 -9.70482779528065
228.4844360723714 0.1041174709633798 -7.73893014898479
228.3144439393548 0.2392890042463826 -7.886209451242961
228.0354129626399 0.4555200759936031 -8.085579500150702
227.5890475693636 0.8014598729001406 -8.402769373485341
226.8742120945592 1.354974998430197 -8.905528812278897
225.7298139148916 2.240599975969132 -9.704827795280462
228.4844360723715 -0.1041174709633814 -7.738930148984791
228.3144439393548 -0.2392890042463837 -7.886209451242968
228.0354129626397 -0.4555200759936034 -8.08557950015069
227.5890475693638 -0.8014598729001432 -8.402769373485391
226.8742120945595 -1.354974998430214 -8.905528812278861
225.7298139148922 -2.240599975969145 -9.704827795280639
251.3598445960552 0.1041174709633791 -7.738930148984784
251.2125180807741 0.2392890042463829 -7.886209451242959
250.9706912342877 0.4555200759936035 -8.085579500150692
250.5838412267816 0.8014598729001399 -8.402769373485327
249.9643171486181 1.354974998430196 -8.905528812278895
248.9725053929061 2.240599975969133 -9.70482779528048
251.3598445960552 -0.1041174709633809 -7.738930148984783
251.2125180807741 -0.2392890042463841 -7.886209451242961
250.9706912342878 -0.4555200759936039 -8.085579500150686
250.5838412267818 -0.8014598729001438 -8.402769373485388
249.964317148618 -1.354974998430214 -8.90552881227886
248.9725053929068 -2.240599975969147 -9.704827795280622
274.2352531197387 0.1041174709633793 -7.738930148984787
274.1105922221932 0.2392890042463822 -7.886209451242951
273.9059695059356 0.4555200759936032 -8.085579500150686
273.5786348841996 0.8014598729001393 -8.402769373485324
273.0544222026764 1.354974998430197 -8.905528812278904
272.2151968709204 2.240599975969133 -9.704827795280504
274.235253119739 -0.1041174709633813 -7.738930148984787
274.1105922221932 -0.2392890042463837 -7.886209451242959
273.9059695059357 -0.4555200759936045 -8.085579500150683
273.5786348841997 -0.8014598729001431 -8.402769373485381
273.0544222026766 -1.354974998430214 -8.905528812278861
272.2151968709211 -2.240599975969146 -9.704827795280611
297.1106616434225 0.1041174709633795 -7.738930148984783
297.0086663636129 0.2392890042463821 -7.886209451242949
296.8412477775836 0.4555200759936033 -8.085579500150681
296.5734285416178 0.8014598729001398 -8.402769373485313
296.1445272567352 1.354974998430197 -8.905528812278909
295.4578883489347 2.240599975969134 -9.704827795280526
297.1106616434228 -0.1041174709633817 -7.738930148984785
297.0086663636126 -0.2392890042463838 -7.886209451242951
296.8412477775836 -0.4555200759936045 -8.085579500150679
296.5734285416181 -0.801459872900143 -8.40276937348537
296.1445272567354 -1.354974998430214 -8.905528812278853
295.4578883489353 -2.240599975969144 -9.704827795280604
319.9860701671061 0.1041174709633796 -7.738930148984778
319.906740505032 0.2392890042463825 -7.886209451242941
319.7765260492315 0.4555200759936027 -8.085579500150679
319.5682221990359 0.8014598729001388 -8.402769373485302
319.2346323107939 1.354974998430197 -8.905528812278913
318.7005798269488 2.240599975969134 -9.704827795280544
319.9860701671062 -0.1041174709633821 -7.738930148984782
319.9067405050319 -0.2392890042463841 -7.886209451242949
319.7765260492315 -0.455520075993604 -8.085579500150677
319.568222199036 -0.8014598729001428 -8.402769373485366
319.2346323107939 -1.354974998430214 -8.905528812278847
318.7005798269495 -2.240599975969145 -9.704827795280588
342.8614786907899 0.1041174709633788 -7.738930148984778
342.8048146464513 0.2392890042463818 -7.886209451242936
342.7118043208794 0.4555200759936024 -8.085579500150672
342.5630158564538 0.8014598729001394 -8.402769373485295
342.3247373648525 1.354974998430198 -8.905528812278908
341.9432713049631 2.240599975969134 -9.704827795280559
342.8614786907899 -0.1041174709633816 -7.738930148984781
342.8048146464511 -0.2392890042463835 -7.886209451242941
342.7118043208794 -0.455520075993604 -8.085579500150672
342.563015856454 -0.8014598729001432 -8.402769373485363
342.3247373648527 -1.354974998430214 -8.905528812278847
341.943271304964 -2.240599975969144 -9.704827795280574
365.7368872144732 0.104117470963379 -7.738930148984775
365.7028887878704 0.239289004246382 -7.886209451242929
365.6470825925277 0.4555200759936031 -8.085579500150665
365.5578095138719 0.8014598729001394 -8.402769373485285
365.414842418911 1.354974998430198 -8.905528812278918
365.1859627829776 2.240599975969135 -9.704827795280584
365.7368872144732 -0.104117470963382 -7.738930148984779
365.7028887878703 -0.2392890042463839 -7.886209451242936
365.6470825925275 -0.455520075993605 -8.08557950015067
365.5578095138722 -0.8014598729001431 -8.402769373485356
365.4148424189112 -1.354974998430213 -8.90552881227884
365.1859627829783 -2.240599975969148 -9.704827795280561
388.6122957381572 0.1041174709633793 -7.738930148984775
388.6009629292898 0.2392890042463822 -7.886209451242926
388.5823608641754 0.4555200759936027 -8.085579500150656
388.5526031712901 0.8014598729001398 -8.402769373485278
388.5049474729697 1.354974998430198 -8.905528812278918
388.428654260992 2.240599975969135 -9.704827795280602
388.6122957381572 -0.1041174709633824 -7.738930148984777
388.6009629292896 -0.2392890042463842 -7.88620945124293
388.5823608641752 -0.4555200759936044 -8.085579500150663
388.5526031712904 -0.8014598729001433 -8.402769373485349
388.5049474729697 -1.354974998430213 -8.90552881227884
388.4286542609926 -2.240599975969145 -9.704827795280545
411.4877042618407 0.1041174709633785 -7.738930148984771
411.4990370707085 0.2392890042463818 -7.886209451242919
411.5176391358232 0.4555200759936019 -8.085579500150649
411.5473968287081 0.8014598729001401 -8.402769373485267
411.5950525270283 1.354974998430198 -8.905528812278925
411.671345739006 2.240599975969135 -9.704827795280623
411.4877042618409 -0.1041174709633819 -7.738930148984775
411.4990370707088 -0.2392890042463839 -7.886209451242927
411.5176391358233 -0.4555200759936042 -8.08557950015066
411.5473968287085 -0.8014598729001431 -8.402769373485345
411.5950525270283 -1.354974998430212 -8.905528812278831
411.671345739007 -2.240599975969146 -9.704827795280531
434.3631127855247 0.1041174709633789 -7.738930148984771
434.3971112121285 0.2392890042463818 -7.886209451242916
434.4529174074711 0.4555200759936018 -8.085579500150642
434.5421904861263 0.8014598729001391 -8.402769373485258
434.6851575810869 1.354974998430198 -8.905528812278924
434.9140372170206 2.240599975969135 -9.704827795280647
434.3631127855247 -0.1041174709633826 -7.738930148984773
434.3971112121282 -0.2392890042463843 -7.886209451242923
434.452917407471 -0.455520075993604 -8.085579500150656
434.5421904861263 -0.8014598729001436 -8.402769373485338
434.6851575810869 -1.354974998430213 -8.905528812278829
434.9140372170215 -2.240599975969148 -9.704827795280517
457.238521309208 0.1041174709633785 -7.73893014898477
457.2951853535474 0.239289004246382 -7.886209451242914
457.3881956791192 0.4555200759936027 -8.085579500150638
457.5369841435443 0.801459872900139 -8.402769373485251
457.7752626351457 1.354974998430199 -8.905528812278932
458.1567286950346 2.240599975969134 -9.704827795280664
457.2385213092081 -0.1041174709633824 -7.738930148984775
457.2951853535476 -0.2392890042463843 -7.886209451242919
457.3881956791192 -0.4555200759936048 -8.085579500150649
457.5369841435445 -0.8014598729001436 -8.402769373485334
457.7752626351461 -1.354974998430212 -8.905528812278824
458.1567286950357 -2.240599975969148 -9.70482779528051
480.1139298328917 0.1041174709633783 -7.738930148984767
480.1932594949667 0.2392890042463813 -7.886209451242904
480.3234739507675 0.4555200759936014 -8.085579500150631
480.5317778009629 0.8014598729001394 -8.402769373485238
480.865367689204 1.354974998430199 -8.905528812278929
481.3994201730491 2.240599975969134 -9.704827795280689
480.113929832892 -0.1041174709633825 -7.73893014898477
480.1932594949668 -0.2392890042463839 -7.886209451242906
480.3234739507671 -0.4555200759936044 -8.085579500150647
480.5317778009629 -0.8014598729001436 -8.402769373485327
480.8653676892046 -1.354974998430212 -8.905528812278824
481.3994201730501 -2.240599975969148 -9.704827795280496
502.9893383565756 0.1041174709633787 -7.738930148984765
503.091333636386 0.2392890042463818 -7.886209451242903
503.2587522224152 0.4555200759936024 -8.085579500150624
503.5265714583809 0.8014598729001392 -8.402769373485231
503.9554727432632 1.3549749984302 -8.90552881227894
504.6421116510636 2.240599975969134 -9.704827795280707
502.9893383565755 -0.1041174709633829 -7.738930148984771
503.091333636386 -0.2392890042463843 -7.886209451242906
503.2587522224148 -0.455520075993605 -8.085579500150642
503.5265714583808 -0.8014598729001432 -8.40276937348532
503.9554727432632 -1.354974998430212 -8.905528812278819
504.6421116510645 -2.240599975969149 -9.704827795280481
525.8647468802592 0.1041174709633784 -7.738930148984761
525.9894077778054 0.2392890042463813 -7.886209451242896
526.1940304940633 0.4555200759936014 -8.085579500150613
526.5213651157989 0.8014598729001393 -8.402769373485221
527.0455777973215 1.3549749984302 -8.905528812278941
527.8848031290777 2.240599975969136 -9.70482779528073
525.8647468802591 -0.104117470963383 -7.738930148984768
525.9894077778056 -0.2392890042463841 -7.886209451242902
526.1940304940628 -0.4555200759936048 -8.085579500150638
526.5213651157989 -0.8014598729001436 -8.402769373485317
527.0455777973217 -1.354974998430212 -8.905528812278812
527.8848031290784 -2.240599975969149 -9.704827795280467
548.7401554039429 0.1041174709633784 -7.738930148984762
548.8874819192249 0.2392890042463814 -7.88620945124289
549.1293087657109 0.4555200759936022 -8.085579500150608
549.5161587732174 0.801459872900139 -8.402769373485214
550.1356828513804 1.354974998430199 -8.905528812278947
551.1274946070922 2.240599975969135 -9.704827795280753
548.7401554039429 -0.104117470963383 -7.738930148984767
548.887481919225 -0.2392890042463844 -7.886209451242896
549.1293087657107 -0.4555200759936053 -8.085579500150637
549.5161587732173 -0.8014598729001428 -8.40276937348531
550.1356828513807 -1.354974998430211 -8.905528812278813
551.1274946070934 -2.240599975969146 -9.704827795280453
571.6155639276268 0.1041174709633779 -7.738930148984757
571.7855560606441 0.2392890042463812 -7.886209451242884
572.0645870373595 0.4555200759936014 -8.085579500150608
572.5109524306348 0.8014598729001394 -8.402769373485203
573.2257879054392 1.354974998430201 -8.905528812278947
574.3701860851062 2.240599975969136 -9.704827795280774
571.6155639276268 -0.1041174709633829 -7.738930148984768
571.785556060644 -0.2392890042463841 -7.886209451242892
572.0645870373593 -0.4555200759936048 -8.085579500150635
572.5109524306353 -0.8014598729001434 -8.402769373485302
573.2257879054393 -1.354974998430212 -8.905528812278805
574.3701860851077 -2.240599975969148 -9.704827795280439
594.4909724513108 0.1041174709633777 -7.738930148984758
594.6836302020635 0.239289004246381 -7.88620945124288
594.9998653090071 0.4555200759936017 -8.085579500150597
595.5057460880537 0.8014598729001388 -8.402769373485194
596.3158929594979 1.354974998430201 -8.905528812278952
597.6128775631209 2.240599975969135 -9.704827795280794
594.4909724513107 -0.104117470963383 -7.738930148984766
594.6836302020635 -0.2392890042463841 -7.886209451242883
594.999865309007 -0.4555200759936053 -8.085579500150629
595.5057460880538 -0.8014598729001433 -8.402769373485299
596.3158929594978 -1.35497499843021 -8.905528812278805
597.6128775631216 -2.240599975969147 -9.704827795280424
617.3663809749945 0.1041174709633776 -7.738930148984752
617.581704343483 0.2392890042463807 -7.886209451242875
617.9351435806553 0.4555200759936021 -8.085579500150592
618.5005397454713 0.801459872900139 -8.402769373485183
619.4059980135564 1.354974998430201 -8.905528812278952
620.8555690411351 2.240599975969135 -9.704827795280815
617.3663809749946 -0.1041174709633831 -7.738930148984762
617.581704343483 -0.2392890042463838 -7.886209451242882
617.9351435806552 -0.4555200759936058 -8.085579500150624
618.5005397454715 -0.8014598729001434 -8.402769373485294
619.4059980135567 -1.354974998430211 -8.905528812278796
620.8555690411361 -2.240599975969149 -9.704827795280417
640.2417894986779 0.1041174709633778 -7.738930148984753
640.4797784849023 0.2392890042463809 -7.886209451242869
640.8704218523035 0.4555200759936017 -8.085579500150585
641.4953334028896 0.8014598729001388 -8.402769373485174
642.4961030676153 1.3549749984302 -8.905528812278961
644.0982605191497 2.240599975969135 -9.704827795280835
640.2417894986785 -0.1041174709633835 -7.73893014898476
640.4797784849023 -0.2392890042463841 -7.886209451242872
640.8704218523033 -0.4555200759936052 -8.085579500150622
641.4953334028902 -0.8014598729001434 -8.402769373485286
642.4961030676154 -1.35497499843021 -8.905528812278796
644.098260519151 -2.240599975969146 -9.704827795280401
663.1171980223619 0.1041174709633773 -7.73893014898475
663.3778526263225 0.2392890042463808 -7.886209451242867
663.8057001239516 0.4555200759936006 -8.085579500150581
664.4901270603081 0.8014598729001382 -8.402769373485164
665.5862081216738 1.3549749984302 -8.905528812278961
667.3409519971639 2.240599975969134 -9.704827795280858
663.1171980223622 -0.1041174709633833 -7.738930148984759
663.3778526263219 -0.2392890042463844 -7.88620945124287
663.8057001239514 -0.4555200759936052 -8.085579500150621
664.4901270603082 -0.8014598729001434 -8.402769373485281
665.5862081216742 -1.35497499843021 -8.90552881227879
667.3409519971649 -2.240599975969146 -9.704827795280389
685.9926065460456 0.1041174709633772 -7.73893014898475
686.2759267677413 0.2392890042463806 -7.886209451242859
686.7409783955995 0.4555200759936012 -8.085579500150573
687.4849207177266 0.8014598729001388 -8.402769373485159
688.6763131757323 1.354974998430201 -8.905528812278966
690.5836434751784 2.240599975969134 -9.704827795280879
685.9926065460461 -0.1041174709633833 -7.738930148984756
686.2759267677416 -0.2392890042463841 -7.886209451242865
686.7409783955991 -0.4555200759936059 -8.085579500150613
687.4849207177265 -0.8014598729001432 -8.402769373485276
688.6763131757328 -1.354974998430209 -8.905528812278789
690.5836434751799 -2.240599975969146 -9.704827795280375
708.8680150697294 0.1041174709633774 -7.738930148984744
709.1740009091606 0.2392890042463805 -7.886209451242854
709.6762566672471 0.4555200759936012 -8.085579500150565
710.4797143751443 0.8014598729001385 -8.402769373485148
711.7664182297917 1.354974998430201 -8.905528812278966
713.8263349531924 2.240599975969137 -9.704827795280901
708.8680150697301 -0.1041174709633838 -7.738930148984756
709.174000909161 -0.2392890042463842 -7.886209451242857
709.676256667247 -0.4555200759936053 -8.085579500150612
710.4797143751446 -0.8014598729001431 -8.402769373485265
711.7664182297915 -1.35497499843021 -8.90552881227878
713.8263349531941 -2.240599975969149 -9.704827795280362
731.7434235934137 0.1041174709633773 -7.738930148984746
732.0720750505797 0.2392890042463804 -7.886209451242848
732.6115349388958 0.4555200759936011 -8.085579500150558
733.4745080325624 0.8014598729001382 -8.402769373485139
734.8565232838499 1.354974998430202 -8.905528812278975
737.0690264312066 2.240599975969137 -9.704827795280913
731.7434235934136 -0.1041174709633839 -7.738930148984752
732.0720750505799 -0.2392890042463843 -7.886209451242855
732.6115349388955 -0.4555200759936062 -8.085579500150606
733.4745080325628 -0.8014598729001432 -8.402769373485263
734.8565232838504 -1.35497499843021 -8.905528812278783
737.069026431208 -2.240599975969148 -9.704827795280343
754.6188321170974 0.1041174709633769 -7.738930148984745
754.9701491919996 0.2392890042463804 -7.886209451242844
755.5468132105436 0.4555200759936013 -8.085579500150553
756.4693016899806 0.8014598729001384 -8.402769373485128
757.9466283379084 1.354974998430202 -8.905528812278975
760.311717909221 2.240599975969137 -9.704827795280943
754.6188321170974 -0.1041174709633837 -7.738930148984755
754.9701491919998 -0.2392890042463843 -7.886209451242848
755.5468132105436 -0.4555200759936062 -8.085579500150603
756.4693016899812 -0.8014598729001438 -8.402769373485258
757.946628337909 -1.354974998430211 -8.905528812278774
760.3117179092229 -2.240599975969149 -9.704827795280332
777.4942406407808 0.1041174709633767 -7.73893014898474
777.8682233334193 0.2392890042463803 -7.886209451242837
778.4820914821921 0.4555200759936011 -8.085579500150549
779.4640953473992 0.8014598729001392 -8.402769373485121
781.0367333919676 1.354974998430203 -8.905528812278982
783.5544093872353 2.240599975969138 -9.704827795280957
777.4942406407815 -0.1041174709633838 -7.738930148984753
777.8682233334189 -0.2392890042463843 -7.886209451242845
778.482091482192 -0.4555200759936059 -8.085579500150596
779.4640953473991 -0.8014598729001438 -8.402769373485251
781.036733391968 -1.35497499843021 -8.905528812278776
783.5544093872372 -2.24059997596915 -9.704827795280327
3 81 0 408
2657
2658
2659
2660
2661
2662
2663
2664
2665
2666
2667
2668
2669
2670
2671
2672
2673
2674
2675
2676
2677
2678
2679
2680
2681
2682
2683
2684
2685
2686
2687
2688
2689
2690
2691
2692
2693
2694
2695
2696
2697
2698
2699
2700
2701
2702
2703
2704
2705
2706
2707
2708
2709
2710
2711
2712
2713
2714
2715
2716
2717
2718
2719
2720
2721
2722
2723
2724
2725
2726
2727
2728
2729
2730
2731
2732
2733
2734
2735
2736
2737
2738
2739
2740
2741
2742
2743
2744
2745
2746
2747
2748
2749
2750
2751
2752
2753
2754
2755
2756
2757
2758
2759
2760
2761
2762
2763
2764
2765
2766
2767
2768
2769
2770
2771
2772
2773
2774
2775
2776
2777
2778
2779
2780
2781
2782
2783
2784
2785
2786
2787
2788
2789
2790
2791
2792
2793
2794
2795
2796
2797
2798
2799
2800
2801
2802
2803
2804
2805
2806
2807
2808
2809
2810
2811
2812
2813
2814
2815
2816
2817
2818
2819
2820
2821
2822
2823
2824
2825
2826
2827
2828
2829
2830
2831
2832
2833
2834
2835
2836
2837
2838
2839
2840
2841
2842
2843
2844
2845
2846
2847
2848
2849
2850
2851
2852
2853
2854
2855
2856
2857
2858
2859
2860
2861
2862
2863
2864
2865
2866
2867
2868
2869
2870
2871
2872
2873
2874
2875
2876
2877
2878
2879
2880
2881
2882
2883
2884
2885
2886
2887
2888
2889
2890
2891
2892
2893
2894
2895
2896
2897
2898
2899
2900
2901
2902
2903
2904
2905
2906
2907
2908
2909
2910
2911
2912
2913
2914
2915
2916
2917
2918
2919
2920
2921
2922
2923
2924
2925
2926
2927
2928
2929
2930
2931
2932
2933
2934
2935
2936
2937
2938
2939
2940
2941
2942
2943
2944
2945
2946
2947
2948
2949
2950
2951
2952
2953
2954
2955
2956
2957
2958
2959
2960
2961
2962
2963
2964
2965
2966
2967
2968
2969
2970
2971
2972
2973
2974
2975
2976
2977
2978
2979
2980
2981
2982
2983
2984
2985
2986
2987
2988
2989
2990
2991
2992
2993
2994
2995
2996
2997
2998
2999
3000
3001
3002
3003
3004
3005
3006
3007
3008
3009
3010
3011
3012
3013
3014
3015
3016
3017
3018
3019
3020
3021
3022
3023
3024
3025
3026
3027
3028
3029
3030
3031
3032
3033
3034
3035
3036
3037
3038
3039
3040
3041
3042
3043
3044
3045
3046
3047
3048
3049
3050
3051
3052
3053
3054
3055
3056
3057
3058
3059
3060
3061
3062
3063
3064
22.60520219696177 -0.3137635265828229 -7.546908047098094
22.23856588837942 -0.7359248909309489 -7.399238639272217
21.63076484977061 -1.391476114227744 -7.162510084273952
20.65080382106071 -2.431877442751365 -6.783859800984725
19.08017704352046 -4.093732946724479 -6.177997195049399
16.55864511342322 -6.743616823481599 -5.20861905539849
22.60582287527327 -0.3144272430400256 -7.338637614125904
22.23734685928108 -0.7346405689604956 -6.920625175597738
21.62772026528583 -1.388236711526872 -6.251475777742814
20.64912629313462 -2.430096257306862 -5.180930949580103
19.07803169555461 -4.091451239449874 -3.468034045181856
16.55641979701373 -6.74124828259586 -0.7274043592802117
45.48064448805495 -0.3137635265828239 -7.546908047098092
45.13622856181092 -0.7359248909309509 -7.399238639272217
44.56526394978452 -1.391476114227753 -7.16251008427395
43.64469449857226 -2.431877442751357 -6.783859800984728
42.16925722270094 -4.093732946724479 -6.1779971950494
39.80054540957941 -6.743616823481579 -5.208619055398495
45.48122754949903 -0.31442724304003 -7.338637614125901
45.13508341326396 -0.7346405689605009 -6.920625175597735
44.56240388557146 -1.388236711526882 -6.251475777742814
43.64311863900532 -2.430096257306867 -5.180930949580102
42.16724189582389 -4.091451239449881 -3.468034045181857
39.79845496083107 -6.74124828259586 -0.7274043592802135
68.35608677914814 -0.3137635265828268 -7.546908047098095
68.03389123524244 -0.7359248909309526 -7.399238639272215
67.49976304979835 -1.391476114227763 -7.16251008427396
66.63858517608377 -2.431877442751349 -6.783859800984731
65.25833740188153 -4.093732946724476 -6.177997195049407
63.04244570573571 -6.743616823481566 -5.208619055398493
68.35663222372489 -0.3144272430400337 -7.338637614125901
68.03281996724688 -0.7346405689605076 -6.920625175597739
67.49708750585711 -1.388236711526889 -6.251475777742816
66.637110984876 -2.430096257306868 -5.180930949580106
65.25645209609333 -4.091451239449885 -3.468034045181859
63.04049012464851 -6.741248282595862 -0.7274043592802126
91.23152907024148 -0.3137635265828276 -7.546908047098094
90.93155390867403 -0.7359248909309554 -7.399238639272221
90.4342621498123 -1.391476114227773 -7.16251008427396
89.63247585359517 -2.431877442751342 -6.78385980098473
88.34741758106213 -4.093732946724476 -6.177997195049406
86.28434600189176 -6.743616823481551 -5.208619055398493
91.23203689795089 -0.3144272430400373 -7.338637614125901
90.93055652122985 -0.7346405689605142 -6.920625175597737
90.43177112614283 -1.388236711526899 -6.251475777742815
89.63110333074656 -2.430096257306872 -5.180930949580103
88.34566229636282 -4.091451239449892 -3.468034045181862
86.28252528846585 -6.741248282595865 -0.7274043592802153
114.1069713613346 -0.3137635265828294 -7.546908047098094
113.8292165821054 -0.7359248909309553 -7.399238639272219
113.3687612498262 -1.391476114227782 -7.162510084273959
112.6263665311064 -2.431877442751333 -6.783859800984727
111.4364977602427 -4.093732946724472 -6.177997195049407
109.526246298048 -6.743616823481536 -5.208619055398496
114.1074415721766 -0.3144272430400409 -7.3386376141259
113.8282930752127 -0.7346405689605182 -6.920625175597738
113.3664547464285 -1.388236711526906 -6.251475777742818
112.6250956766171 -2.430096257306873 -5.1809309495801
111.4348724966322 -4.091451239449899 -3.468034045181859
109.5245604522833 -6.741248282595862 -0.727404359280214
136.9824136524277 -0.3137635265828317 -7.546908047098092
136.726879255537 -0.7359248909309585 -7.39923863927222
136.3032603498399 -1.391476114227792 -7.16251008427396
135.6202572086181 -2.431877442751326 -6.783859800984728
134.5255779394233 -4.093732946724471 -6.177997195049405
132.7681465942042 -6.743616823481524 -5.208619055398504
136.9828462464024 -0.314427243040046 -7.338637614125902
136.7260296291957 -0.7346405689605249 -6.920625175597737
136.301138366714 -1.388236711526915 -6.251475777742817
135.6190880224879 -2.430096257306878 -5.1809309495801
134.5240826969016 -4.091451239449906 -3.468034045181859
132.7665956161006 -6.741248282595866 -0.7274043592802157
159.8578559435208 -0.3137635265828328 -7.546908047098093
159.6245419289686 -0.7359248909309594 -7.399238639272225
159.2377594498538 -1.391476114227801 -7.16251008427396
158.6141478861293 -2.431877442751317 -6.783859800984731
157.6146581186038 -4.093732946724471 -6.177997195049414
156.0100468903603 -6.743616823481511 -5.208619055398499
159.8582509206281 -0.31442724304005 -7.338637614125902
159.6237661831788 -0.7346405689605302 -6.920625175597737
159.2358219869998 -1.388236711526924 -6.251475777742813
158.6130803683583 -2.43009625730688 -5.180930949580103
157.6132928971712 -4.091451239449913 -3.468034045181862
156.0086307799181 -6.741248282595864 -0.7274043592802162
182.7332982346142 -0.3137635265828344 -7.546908047098095
182.5222046024 -0.7359248909309611 -7.399238639272224
182.1722585498679 -1.391476114227812 -7.162510084273964
181.6080385636408 -2.431877442751309 -6.783859800984732
180.7037382977846 -4.093732946724469 -6.177997195049414
179.2519471865165 -6.743616823481493 -5.208619055398503
182.733655594854 -0.3144272430400521 -7.338637614125899
182.5215027371615 -0.7346405689605368 -6.920625175597738
182.1705056072857 -1.388236711526931 -6.25147577774282
181.6070727142288 -2.430096257306881 -5.180930949580105
180.7025030974405 -4.091451239449921 -3.468034045181861
179.2506659437355 -6.741248282595864 -0.7274043592802197
205.6087405257071 -0.3137635265828367 -7.546908047098094
205.4198672758316 -0.7359248909309637 -7.399238639272226
205.1067576498816 -1.391476114227822 -7.162510084273965
204.6019292411521 -2.431877442751299 -6.783859800984734
203.7928184769651 -4.09373294672447 -6.177997195049414
202.4938474826726 -6.743616823481478 -5.208619055398502
205.6090602690798 -0.3144272430400572 -7.338637614125902
205.4192392911445 -0.7346405689605431 -6.920625175597736
205.1051892275712 -1.38823671152694 -6.25147577774282
204.6010650600995 -2.430096257306884 -5.180930949580102
203.79171329771 -4.091451239449927 -3.468034045181865
202.4927011075529 -6.741248282595864 -0.7274043592802175
228.4841828168003 -0.3137635265828381 -7.546908047098094
228.3175299492632 -0.735924890930965 -7.399238639272225
228.0412567498955 -1.39147611422783 -7.162510084273967
227.5958199186638 -2.431877442751292 -6.783859800984734
226.8818986561457 -4.093732946724466 -6.177997195049414
225.7357477788288 -6.743616823481462 -5.208619055398507
228.4844649433055 -0.3144272430400611 -7.338637614125901
228.3169758451277 -0.7346405689605487 -6.920625175597735
228.0398728478568 -1.388236711526949 -6.25147577774282
227.5950574059702 -2.430096257306886 -5.180930949580113
226.8809234979794 -4.091451239449932 -3.468034045181863
225.7347362713701 -6.741248282595867 -0.7274043592802202
251.3596251078936 -0.3137635265828381 -7.546908047098093
251.2151926226947 -0.7359248909309678 -7.399238639272222
250.9757558499093 -1.391476114227841 -7.162510084273965
250.589710596175 -2.431877442751283 -6.783859800984736
249.9709788353262 -4.093732946724465 -6.177997195049416
248.9776480749851 -6.743616823481449 -5.208619055398507
251.3598696175315 -0.3144272430400631 -7.338637614125902
251.2147123991105 -0.734640568960555 -6.920625175597736
250.9745564681427 -1.388236711526957 -6.251475777742818
250.5890497518407 -2.430096257306887 -5.180930949580107
249.9701336982488 -4.091451239449938 -3.468034045181864
248.9767714351876 -6.741248282595867 -0.7274043592802206
274.2350673989868 -0.313763526582841 -7.546908047098094
274.112855296126 -0.7359248909309686 -7.399238639272227
273.9102549499232 -1.391476114227852 -7.162510084273967
273.5836012736864 -2.431877442751277 -6.783859800984737
273.0600590145066 -4.093732946724465 -6.17799719504942
272.2195483711411 -6.743616823481434 -5.208619055398511
274.2352742917572 -0.3144272430400682 -7.338637614125902
274.1124489530931 -0.7346405689605608 -6.920625175597741
273.9092400884283 -1.388236711526966 -6.251475777742821
273.5830420977111 -2.430096257306892 -5.180930949580103
273.0593438985181 -4.091451239449945 -3.468034045181867
272.218806599005 -6.741248282595867 -0.7274043592802206
297.1105096900801 -0.3137635265828432 -7.546908047098094
297.0105179695578 -0.7359248909309704 -7.399238639272228
296.8447540499371 -1.391476114227861 -7.162510084273974
296.5774919511978 -2.431877442751267 -6.783859800984736
296.1491391936872 -4.093732946724462 -6.177997195049421
295.4614486672974 -6.74361682348142 -5.208619055398509
297.1106789659832 -0.3144272430400724 -7.338637614125902
297.0101855070762 -0.7346405689605668 -6.920625175597741
296.8439237087138 -1.388236711526974 -6.251475777742822
296.577034443582 -2.430096257306891 -5.180930949580111
296.1485540987875 -4.091451239449952 -3.468034045181867
295.4608417628223 -6.741248282595868 -0.7274043592802224
319.9859519811731 -0.3137635265828453 -7.546908047098095
319.908180642989 -0.7359248909309722 -7.399238639272228
319.7792531499508 -1.39147611422787 -7.162510084273975
319.5713826287092 -2.431877442751259 -6.783859800984736
319.2382193728679 -4.093732946724462 -6.177997195049421
318.7033489634533 -6.743616823481406 -5.20861905539851
319.9860836402087 -0.314427243040076 -7.338637614125902
319.9079220610591 -0.7346405689605721 -6.92062517559774
319.7786073289994 -1.388236711526983 -6.25147577774282
319.5710267894526 -2.430096257306896 -5.180930949580108
319.237764299057 -4.09145123944996 -3.468034045181868
318.7028769266396 -6.741248282595867 -0.7274043592802228
342.8613942722661 -0.3137635265828461 -7.54690804709809
342.8058433164207 -0.7359248909309735 -7.399238639272228
342.7137522499644 -1.391476114227879 -7.162510084273973
342.5652733062206 -2.431877442751252 -6.783859800984743
342.3272995520484 -4.093732946724458 -6.177997195049421
341.9452492596096 -6.743616823481387 -5.208619055398513
342.8614883144346 -0.3144272430400801 -7.338637614125902
342.8056586150421 -0.7346405689605782 -6.920625175597742
342.713290949285 -1.38823671152699 -6.251475777742823
342.565019135323 -2.430096257306897 -5.180930949580111
342.3269744993262 -4.091451239449963 -3.468034045181869
341.9449120904569 -6.741248282595867 -0.7274043592802246
365.7368365633593 -0.3137635265828476 -7.546908047098095
365.7035059898519 -0.7359248909309757 -7.399238639272228
365.6482513499787 -1.391476114227892 -7.162510084273974
365.5591639837321 -2.431877442751243 -6.78385980098474
365.4163797312288 -4.093732946724455 -6.177997195049421
365.1871495557658 -6.743616823481373 -5.208619055398517
365.7368929886602 -0.3144272430400823 -7.338637614125902
365.7033951690249 -0.7346405689605848 -6.920625175597741
365.6479745695709 -1.388236711527 -6.251475777742822
365.5590114811935 -2.4300962573069 -5.180930949580111
365.4161846995958 -4.09145123944997 -3.468034045181867
365.1869472542742 -6.741248282595871 -0.727404359280226
388.6122788544527 -0.3137635265828506 -7.546908047098093
388.6011686632835 -0.7359248909309776 -7.399238639272232
388.5827504499925 -1.3914761142279 -7.162510084273973
388.5530546612434 -2.431877442751236 -6.783859800984738
388.5054599104093 -4.093732946724455 -6.177997195049427
388.429049851922 -6.743616823481357 -5.208619055398515
388.6122976628862 -0.3144272430400884 -7.338637614125901
388.6011317230076 -0.7346405689605897 -6.920625175597741
388.5826581898567 -1.388236711527008 -6.251475777742821
388.5530038270641 -2.430096257306902 -5.180930949580111
388.5053948998651 -4.091451239449976 -3.468034045181871
388.4289824180915 -6.741248282595871 -0.727404359280226
411.4877211455457 -0.3137635265828506 -7.546908047098094
411.4988313367147 -0.7359248909309783 -7.399238639272233
411.5172495500061 -1.391476114227909 -7.16251008427398
411.5469453387548 -2.431877442751229 -6.783859800984741
411.5945400895901 -4.093732946724455 -6.177997195049429
411.670950148078 -6.743616823481345 -5.208619055398518
411.4877023371118 -0.3144272430400904 -7.338637614125902
411.4988682769904 -0.7346405689605955 -6.92062517559774
411.5173418101421 -1.388236711527015 -6.251475777742824
411.5469961729345 -2.430096257306906 -5.180930949580111
411.5946051001343 -4.091451239449984 -3.46803404518187
411.6710175819089 -6.741248282595871 -0.7274043592802273
434.363163436639 -0.3137635265828535 -7.546908047098093
434.3964940101466 -0.7359248909309815 -7.399238639272231
434.45174865002 -1.391476114227918 -7.162510084273977
434.5408360162662 -2.43187744275122 -6.783859800984743
434.6836202687704 -4.093732946724451 -6.177997195049427
434.9128504442343 -6.743616823481331 -5.208619055398522
434.3631070113374 -0.3144272430400948 -7.338637614125901
434.3966048309734 -0.7346405689606024 -6.920625175597742
434.4520254304275 -1.388236711527024 -6.251475777742822
434.5409885188051 -2.430096257306908 -5.180930949580111
434.6838153004036 -4.091451239449992 -3.46803404518187
434.9130527457265 -6.741248282595869 -0.7274043592802286
457.2386057277316 -0.3137635265828552 -7.546908047098097
457.2941566835778 -0.7359248909309833 -7.399238639272233
457.3862477500338 -1.391476114227929 -7.16251008427398
457.5347266937772 -2.431877442751212 -6.783859800984745
457.772700447951 -4.093732946724451 -6.177997195049428
458.1547507403899 -6.743616823481318 -5.208619055398521
457.2385116855637 -0.3144272430400995 -7.338637614125897
457.2943413849565 -0.7346405689606088 -6.92062517559774
457.3867090507137 -1.388236711527034 -6.251475777742826
457.5349808646758 -2.430096257306911 -5.180930949580111
457.773025500673 -4.091451239449999 -3.468034045181871
458.1550879095434 -6.741248282595871 -0.72740435928023
480.1140480188253 -0.3137635265828562 -7.546908047098097
480.1918193570094 -0.7359248909309846 -7.39923863927223
480.3207468500476 -1.391476114227938 -7.162510084273981
480.5286173712894 -2.431877442751202 -6.783859800984746
480.8617806271317 -4.093732946724447 -6.177997195049436
481.3966510365465 -6.7436168234813 -5.208619055398522
480.1139163597894 -0.3144272430401022 -7.338637614125902
480.1920779389396 -0.7346405689606146 -6.92062517559774
480.3213926709993 -1.388236711527042 -6.251475777742824
480.5289732105466 -2.430096257306912 -5.18093094958011
480.8622357009428 -4.091451239450006 -3.468034045181873
481.3971230733612 -6.741248282595871 -0.7274043592802315
502.9894903099182 -0.3137635265828584 -7.546908047098094
503.0894820304409 -0.7359248909309869 -7.399238639272236
503.2552459500615 -1.391476114227949 -7.162510084273984
503.5225080488007 -2.431877442751195 -6.783859800984744
503.9508608063121 -4.093732946724447 -6.177997195049435
504.6385513327024 -6.743616823481286 -5.208619055398522
502.9893210340149 -0.3144272430401062 -7.3386376141259
503.0898144929223 -0.7346405689606204 -6.92062517559774
503.2560762912849 -1.38823671152705 -6.251475777742827
503.522965556417 -2.430096257306915 -5.18093094958011
503.9514459012119 -4.091451239450009 -3.468034045181876
504.6391582371782 -6.741248282595873 -0.7274043592802311
525.8649326010117 -0.3137635265828598 -7.546908047098096
525.9871447038723 -0.7359248909309882 -7.399238639272236
526.1897450500753 -1.391476114227958 -7.162510084273985
526.5163987263122 -2.431877442751188 -6.783859800984745
527.0399409854929 -4.093732946724447 -6.177997195049436
527.8804516288583 -6.743616823481269 -5.208619055398525
525.8647257082411 -0.3144272430401093 -7.338637614125903
525.9875510469051 -0.7346405689606268 -6.920625175597738
526.1907599115704 -1.388236711527059 -6.251475777742828
526.5169579022878 -2.430096257306916 -5.180930949580112
527.0406561014812 -4.091451239450016 -3.468034045181875
527.8811934009952 -6.741248282595874 -0.7274043592802295
548.7403748921047 -0.3137635265828612 -7.546908047098095
548.8848073773047 -0.7359248909309904 -7.399238639272235
549.1242441500892 -1.391476114227968 -7.16251008427399
549.5102894038235 -2.431877442751178 -6.783859800984748
550.1290211646738 -4.093732946724444 -6.177997195049435
551.1223519250146 -6.743616823481256 -5.208619055398527
548.7401303824669 -0.3144272430401133 -7.338637614125901
548.8852876008882 -0.7346405689606323 -6.920625175597742
549.1254435318559 -1.388236711527066 -6.251475777742828
549.5109502481581 -2.43009625730692 -5.18093094958011
550.1298663017509 -4.091451239450024 -3.468034045181875
551.1232285648132 -6.741248282595873 -0.7274043592802326
571.615817183198 -0.3137635265828633 -7.546908047098093
571.7824700507356 -0.7359248909309917 -7.399238639272238
572.0587432501038 -1.391476114227977 -7.162510084273988
572.5041800813345 -2.431877442751171 -6.783859800984748
573.2181013438538 -4.093732946724442 -6.177997195049434
574.3642522211712 -6.743616823481242 -5.208619055398533
571.6155350566929 -0.3144272430401184 -7.338637614125898
571.7830241548712 -0.7346405689606379 -6.92062517559774
572.0601271521419 -1.388236711527076 -6.251475777742826
572.5049425940286 -2.430096257306921 -5.180930949580108
573.2190765020202 -4.091451239450031 -3.468034045181877
574.3652637286307 -6.741248282595874 -0.7274043592802331
594.4912594742914 -0.3137635265828639 -7.546908047098092
594.6801327241672 -0.7359248909309927 -7.399238639272239
594.9932423501176 -1.391476114227988 -7.162510084273987
595.4980707588467 -2.431877442751163 -6.783859800984749
596.307181523035 -4.09373294672444 -6.177997195049441
597.6061525173269 -6.743616823481222 -5.208619055398532
594.4909397309187 -0.3144272430401204 -7.338637614125901
594.6807607088542 -0.734640568960643 -6.920625175597744
594.9948107724276 -1.388236711527083 -6.251475777742831
595.4989349398995 -2.430096257306924 -5.180930949580113
596.3082867022899 -4.091451239450038 -3.468034045181876
597.6072988924479 -6.741248282595874 -0.7274043592802348
617.3667017653845 -0.3137635265828662 -7.546908047098097
617.5777953975992 -0.7359248909309939 -7.39923863927224
617.9277414501312 -1.391476114227997 -7.162510084273993
618.4919614363581 -2.431877442751154 -6.783859800984752
619.3962617022155 -4.093732946724439 -6.17799719504944
620.8480528134835 -6.743616823481211 -5.208619055398532
617.3663444051449 -0.3144272430401248 -7.338637614125899
617.5784972628372 -0.7346405689606483 -6.920625175597742
617.9294943927135 -1.388236711527091 -6.251475777742829
618.4929272857702 -2.430096257306927 -5.180930949580112
619.3974969025592 -4.09145123945004 -3.468034045181879
620.8493340562652 -6.741248282595874 -0.7274043592802353
640.242144056478 -0.3137635265828684 -7.546908047098096
640.475458071031 -0.7359248909309971 -7.399238639272239
640.8622405501459 -1.391476114228007 -7.162510084273993
641.4858521138693 -2.431877442751146 -6.783859800984749
642.4853418813958 -4.093732946724436 -6.17799719504944
644.0899531096399 -6.743616823481196 -5.208619055398536
640.2417490793706 -0.3144272430401291 -7.338637614125899
640.4762338168206 -0.7346405689606557 -6.920625175597744
640.8641780129994 -1.388236711527101 -6.251475777742829
641.4869196316407 -2.430096257306929 -5.180930949580112
642.4867071028287 -4.091451239450048 -3.468034045181878
644.091369220083 -6.741248282595878 -0.7274043592802382
663.1175863475711 -0.3137635265828695 -7.546908047098098
663.3731207444623 -0.7359248909309992 -7.399238639272241
663.7967396501595 -1.391476114228016 -7.162510084273991
664.4797427913807 -2.431877442751138 -6.783859800984748
665.5744220605765 -4.093732946724435 -6.177997195049443
667.3318534057955 -6.74361682348118 -5.208619055398536
663.1171537535964 -0.3144272430401323 -7.338637614125897
663.3739703708035 -0.7346405689606622 -6.92062517559774
663.798861633285 -1.38823671152711 -6.251475777742824
664.4809119775115 -2.430096257306932 -5.180930949580116
665.5759173030985 -4.091451239450057 -3.468034045181878
667.3334043839002 -6.741248282595877 -0.7274043592802385
685.9930286386649 -0.3137635265828711 -7.546908047098097
686.2707834178943 -0.7359248909310006 -7.399238639272238
686.7312387501734 -1.391476114228026 -7.162510084273995
687.4736334688927 -2.43187744275113 -6.783859800984752
688.6635022397572 -4.093732946724432 -6.177997195049445
690.573753701952 -6.743616823481169 -5.208619055398536
685.9925584278226 -0.3144272430401361 -7.338637614125898
686.2717069247867 -0.734640568960668 -6.920625175597741
686.733545253571 -1.388236711527117 -6.251475777742831
687.4749043233824 -2.430096257306934 -5.180930949580117
688.6651275033678 -4.091451239450062 -3.46803404518188
690.5754395477175 -6.741248282595878 -0.7274043592802383
708.8684709297579 -0.3137635265828728 -7.546908047098095
709.1684460913253 -0.7359248909310024 -7.399238639272238
709.6657378501867 -1.391476114228035 -7.162510084273993
710.4675241464039 -2.431877442751122 -6.783859800984756
711.7525824189381 -4.093732946724433 -6.17799719504945
713.8156539981079 -6.743616823481154 -5.208619055398537
708.8679631020487 -0.3144272430401397 -7.338637614125899
709.1694434787694 -0.7346405689606735 -6.920625175597739
709.6682288738559 -1.388236711527125 -6.25147577774283
710.4688966692529 -2.430096257306936 -5.180930949580112
711.7543377036369 -4.09145123945007 -3.468034045181882
713.8174747115347 -6.741248282595879 -0.7274043592802403
731.7439132208513 -0.3137635265828747 -7.546908047098097
732.0661087647572 -0.735924890931004 -7.399238639272241
732.6002369502013 -1.391476114228047 -7.162510084273999
733.4614148239156 -2.431877442751114 -6.783859800984755
734.8416625981189 -4.093732946724433 -6.177997195049449
737.0575542942639 -6.74361682348114 -5.208619055398539
731.7433677762745 -0.3144272430401435 -7.338637614125899
732.0671800327524 -0.7346405689606791 -6.920625175597742
732.6029124941423 -1.388236711527135 -6.251475777742831
733.4628890151236 -2.430096257306939 -5.180930949580113
734.8435479039064 -4.091451239450078 -3.468034045181883
737.0595098753521 -6.741248282595878 -0.7274043592802402
754.6193555119447 -0.3137635265828761 -7.546908047098097
754.9637714381888 -0.7359248909310059 -7.399238639272241
755.5347360502152 -1.391476114228055 -7.162510084274001
756.455305501427 -2.431877442751106 -6.783859800984755
757.9307427772992 -4.093732946724429 -6.177997195049449
760.2994545904206 -6.743616823481122 -5.208619055398541
754.6187724505004 -0.3144272430401481 -7.338637614125898
754.9649165867355 -0.7346405689606853 -6.920625175597739
755.5375961144284 -1.388236711527142 -6.251475777742835
756.4568813609941 -2.43009625730694 -5.180930949580119
757.9327581041762 -4.09145123945008 -3.468034045181882
760.3015450391696 -6.741248282595882 -0.7274043592802402
777.4947978030373 -0.3137635265828773 -7.546908047098098
777.8614341116206 -0.7359248909310078 -7.399238639272244
778.4692351502296 -1.391476114228066 -7.162510084274
779.4491961789383 -2.431877442751098 -6.783859800984755
781.0198229564799 -4.093732946724431 -6.177997195049448
783.5413548865765 -6.743616823481108 -5.208619055398544
777.4941771247268 -0.3144272430401508 -7.338637614125897
777.8626531407185 -0.7346405689606913 -6.920625175597743
778.4722797347142 -1.388236711527151 -6.251475777742832
779.450873706865 -2.430096257306943 -5.180930949580119
781.0219683044459 -4.091451239450089 -3.468034045181884
783.543580202987 -6.741248282595881 -0.7274043592802431
3 82 0 408
3065
3066
3067
3068
3069
3070
3071
3072
3073
3074
3075
3076
3077
3078
3079
3080
3081
3082
3083
3084
3085
3086
3087
3088
3089
3090
3091
3092
3093
3094
3095
3096
3097
3098
3099
3100
3101
3102
3103
3104
3105
3106
3107
3108
3109
3110
3111
3112
3113
3114
3115
3116
3117
3118
3119
3120
3121
3122
3123
3124
3125
3126
3127
3128
3129
3130
3131
3132
3133
3134
3135
3136
3137
3138
3139
3140
3141
3142
3143
3144
3145
3146
3147
3148
3149
3150
3151
3152
3153
3154
3155
3156
3157
3158
3159
3160
3161
3162
3163
3164
3165
3166
3167
3168
3169
3170
3171
3172
3173
3174
3175
3176
3177
3178
3179
3180
3181
3182
3183
3184
3185
3186
3187
3188
3189
3190
3191
3192
3193
3194
3195
3196
3197
3198
3199
3200
3201
3202
3203
3204
3205
3206
3207
3208
3209
3210
3211
3212
3213
3214
3215
3216
3217
3218
3219
3220
3221
3222
3223
3224
3225
3226
3227
3228
3229
3230
3231
3232
3233
3234
3235
3236
3237
3238
3239
3240
3241
3242
3243
3244
3245
3246
3247
3248
3249
3250
3251
3252
3253
3254
3255
3256
3257
3258
3259
3260
3261
3262
3263
3264
3265
3266
3267
3268
3269
3270
3271
3272
3273
3274
3275
3276
3277
3278
3279
3280
3281
3282
3283
3284
3285
3286
3287
3288
3289
3290
3291
3292
3293
3294
3295
3296
3297
3298
3299
3300
3301
3302
3303
3304
3305
3306
3307
3308
3309
3310
3311
3312
3313
3314
3315
3316
3317
3318
3319
3320
3321
3322
3323
3324
3325
3326
3327
3328
3329
3330
3331
3332
3333
3334
3335
3336
3337
3338
3339
3340
3341
3342
3343
3344
3345
3346
3347
3348
3349
3350
3351
3352
3353
3354
3355
3356
3357
3358
3359
3360
3361
3362
3363
3364
3365
3366
3367
3368
3369
3370
3371
3372
3373
3374
3375
3376
3377
3378
3379
3380
3381
3382
3383
3384
3385
3386
3387
3388
3389
3390
3391
3392
3393
3394
3395
3396
3397
3398
3399
3400
3401
3402
3403
3404
3405
3406
3407
3408
3409
3410
3411
3412
3413
3414
3415
3416
3417
3418
3419
3420
3421
3422
3423
3424
3425
3426
3427
3428
3429
3430
3431
3432
3433
3434
3435
3436
3437
3438
3439
3440
3441
3442
3443
3444
3445
3446
3447
3448
3449
3450
3451
3452
3453
3454
3455
3456
3457
3458
3459
3460
3461
3462
3463
3464
3465
3466
3467
3468
3469
3470
3471
3472
22.60582287527326 0.3144272430400321 -7.338637614125905
22.23734685928105 0.73464056896051 -6.920625175597739
21.62772026528583 1.388236711526894 -6.251475777742819
20.64912629313455 2.430096257306894 -5.18093094958011
19.07803169555454 4.091451239450006 -3.468034045181853
16.55641979701351 6.741248282595955 -0.7274043592802102
22.60520219696179 0.3137635265828205 -7.546908047098098
22.23856588837943 0.7359248909309419 -7.399238639272212
21.63076484977063 1.391476114227722 -7.16251008427396
20.65080382106069 2.431877442751357 -6.783859800984754
19.08017704352038 4.093732946724477 -6.177997195049404
16.55864511342322 6.743616823481449 -5.208619055398506
45.48122754949902 0.314427243040035 -7.338637614125908
45.13508341326392 0.7346405689605129 -6.92062517559774
44.56240388557148 1.388236711526897 -6.251475777742815
43.64311863900526 2.430096257306897 -5.180930949580105
42.16724189582388 4.09145123945001 -3.468034045181851
39.79845496083084 6.741248282595935 -0.7274043592802071
45.48064448805496 0.3137635265828216 -7.546908047098098
45.13622856181095 0.7359248909309442 -7.399238639272212
44.56526394978451 1.391476114227727 -7.162510084273956
43.64469449857224 2.431877442751359 -6.783859800984749
42.16925722270085 4.09373294672448 -6.177997195049404
39.80054540957946 6.743616823481425 -5.208619055398506
68.35663222372497 0.3144272430400371 -7.338637614125906
68.03281996724687 0.7346405689605164 -6.920625175597739
67.49708750585717 1.388236711526899 -6.25147577774282
66.6371109848759 2.430096257306899 -5.18093094958011
65.25645209609331 4.091451239450009 -3.46803404518185
63.04049012464829 6.741248282595919 -0.7274043592802037
68.35608677914831 0.3137635265828247 -7.546908047098099
68.03389123524248 0.7359248909309468 -7.399238639272213
67.49976304979839 1.391476114227733 -7.16251008427396
66.63858517608379 2.431877442751359 -6.78385980098475
65.25833740188141 4.09373294672448 -6.177997195049404
63.04244570573579 6.743616823481407 -5.208619055398504
91.23203689795088 0.3144272430400395 -7.338637614125907
90.93055652122985 0.7346405689605207 -6.920625175597738
90.43177112614289 1.388236711526901 -6.251475777742816
89.63110333074657 2.430096257306901 -5.180930949580103
88.34566229636283 4.091451239450013 -3.46803404518185
86.28252528846572 6.741248282595901 -0.7274043592802031
91.23152907024145 0.3137635265828256 -7.546908047098099
90.93155390867408 0.735924890930951 -7.399238639272214
90.4342621498123 1.391476114227738 -7.162510084273956
89.63247585359517 2.431877442751361 -6.783859800984748
88.34741758106199 4.093732946724484 -6.1779971950494
86.28434600189193 6.743616823481382 -5.208619055398501
114.1074415721767 0.3144272430400416 -7.338637614125906
113.8282930752126 0.7346405689605227 -6.920625175597739
113.3664547464286 1.388236711526903 -6.251475777742819
112.6250956766171 2.430096257306903 -5.180930949580102
111.4348724966323 4.091451239450016 -3.468034045181848
109.5245604522832 6.741248282595881 -0.7274043592802015
114.1069713613347 0.3137635265828278 -7.546908047098099
113.8292165821054 0.7359248909309513 -7.399238639272213
113.3687612498262 1.391476114227742 -7.16251008427396
112.6263665311066 2.43187744275136 -6.78385980098475
111.4364977602426 4.093732946724483 -6.1779971950494
109.5262462980481 6.743616823481359 -5.208619055398501
136.9828462464025 0.3144272430400451 -7.338637614125908
136.7260296291956 0.7346405689605262 -6.92062517559774
136.3011383667142 1.388236711526905 -6.251475777742816
135.6190880224878 2.430096257306906 -5.180930949580102
134.5240826969018 4.091451239450016 -3.468034045181847
132.7665956161005 6.741248282595866 -0.7274043592802002
136.9824136524278 0.3137635265828302 -7.546908047098097
136.7268792555371 0.7359248909309553 -7.399238639272214
136.30326034984 1.391476114227747 -7.162510084273955
135.6202572086182 2.431877442751363 -6.783859800984748
134.5255779394232 4.093732946724487 -6.1779971950494
132.7681465942044 6.74361682348134 -5.208619055398499
159.8582509206283 0.314427243040048 -7.338637614125905
159.6237661831786 0.734640568960529 -6.920625175597739
159.235821987 1.388236711526909 -6.251475777742812
158.6130803683582 2.430096257306908 -5.180930949580103
157.6132928971712 4.09145123945002 -3.468034045181845
156.008630779918 6.741248282595847 -0.7274043592801989
159.857855943521 0.3137635265828316 -7.5469080470981
159.6245419289687 0.7359248909309567 -7.399238639272214
159.2377594498539 1.391476114227753 -7.162510084273956
158.6141478861295 2.431877442751362 -6.78385980098475
157.6146581186037 4.09373294672449 -6.177997195049398
156.0100468903605 6.743616823481319 -5.208619055398497
182.7336555948541 0.3144272430400487 -7.338637614125904
182.5215027371616 0.7346405689605328 -6.920625175597741
182.1705056072857 1.388236711526909 -6.251475777742819
181.6070727142288 2.430096257306911 -5.180930949580103
180.7025030974407 4.091451239450024 -3.468034045181844
179.2506659437353 6.741248282595828 -0.7274043592801955
182.7332982346143 0.3137635265828332 -7.546908047098098
182.5222046024002 0.7359248909309598 -7.399238639272214
182.1722585498678 1.391476114227758 -7.162510084273959
181.608038563641 2.431877442751363 -6.783859800984741
180.7037382977843 4.093732946724491 -6.177997195049401
179.2519471865168 6.743616823481297 -5.208619055398493
205.6090602690799 0.3144272430400524 -7.338637614125905
205.4192392911445 0.7346405689605369 -6.920625175597738
205.1051892275714 1.388236711526912 -6.251475777742812
204.6010650600994 2.430096257306913 -5.180930949580102
203.7917132977101 4.091451239450024 -3.468034045181843
202.4927011075528 6.741248282595807 -0.7274043592801944
205.6087405257074 0.3137635265828357 -7.546908047098096
205.4198672758316 0.7359248909309634 -7.399238639272217
205.1067576498818 1.391476114227764 -7.162510084273957
204.6019292411524 2.431877442751365 -6.78385980098474
203.7928184769648 4.093732946724495 -6.177997195049397
202.493847482673 6.743616823481276 -5.208619055398495
228.4844649433057 0.3144272430400549 -7.338637614125906
228.3169758451274 0.7346405689605395 -6.920625175597738
228.0398728478571 1.388236711526915 -6.251475777742812
227.5950574059701 2.430096257306914 -5.180930949580102
226.8809234979796 4.091451239450027 -3.468034045181843
225.7347362713702 6.741248282595789 -0.727404359280192
228.4841828168007 0.3137635265828375 -7.5469080470981
228.3175299492632 0.735924890930965 -7.399238639272214
228.0412567498957 1.391476114227768 -7.162510084273957
227.595819918664 2.431877442751365 -6.783859800984741
226.8818986561456 4.093732946724495 -6.177997195049397
225.7357477788292 6.743616823481256 -5.208619055398492
251.3598696175315 0.3144272430400555 -7.338637614125908
251.2147123991104 0.7346405689605434 -6.920625175597737
250.9745564681427 1.388236711526916 -6.251475777742812
250.5890497518408 2.430096257306916 -5.180930949580099
249.9701336982491 4.091451239450031 -3.468034045181841
248.9767714351875 6.74124828259577 -0.72740435928019
251.3596251078939 0.3137635265828375 -7.546908047098096
251.2151926226949 0.7359248909309686 -7.399238639272212
250.9757558499094 1.391476114227774 -7.162510084273955
250.5897105961755 2.431877442751365 -6.783859800984741
249.9709788353262 4.093732946724498 -6.177997195049397
248.9776480749854 6.743616823481228 -5.208619055398489
274.2352742917574 0.3144272430400595 -7.338637614125903
274.1124489530933 0.7346405689605463 -6.920625175597733
273.9092400884284 1.38823671152692 -6.251475777742813
273.5830420977114 2.43009625730692 -5.180930949580095
273.0593438985183 4.091451239450031 -3.468034045181839
272.2188065990049 6.741248282595754 -0.7274043592801888
274.235067398987 0.3137635265828405 -7.546908047098098
274.1128552961262 0.7359248909309704 -7.399238639272213
273.9102549499235 1.391476114227779 -7.162510084273956
273.5836012736868 2.431877442751365 -6.783859800984742
273.0600590145065 4.093732946724501 -6.177997195049395
272.2195483711416 6.743616823481207 -5.208619055398486
297.1106789659833 0.314427243040062 -7.338637614125906
297.0101855070761 0.7346405689605493 -6.920625175597734
296.8439237087142 1.388236711526921 -6.251475777742812
296.577034443582 2.430096257306922 -5.180930949580101
296.1485540987878 4.091451239450034 -3.468034045181838
295.4608417628222 6.741248282595735 -0.7274043592801862
297.1105096900802 0.3137635265828429 -7.546908047098095
297.0105179695577 0.735924890930973 -7.399238639272214
296.8447540499371 1.391476114227784 -7.162510084273956
296.5774919511982 2.431877442751365 -6.783859800984743
296.1491391936871 4.093732946724501 -6.177997195049396
295.4614486672979 6.743616823481185 -5.208619055398486
319.9860836402091 0.3144272430400642 -7.338637614125905
319.9079220610593 0.7346405689605519 -6.92062517559774
319.778607329 1.388236711526923 -6.251475777742812
319.5710267894525 2.430096257306924 -5.180930949580095
319.2377642990575 4.091451239450038 -3.468034045181837
318.7028769266395 6.741248282595715 -0.7274043592801849
319.9859519811733 0.313763526582845 -7.5469080470981
319.9081806429894 0.7359248909309757 -7.399238639272213
319.7792531499511 1.391476114227788 -7.162510084273955
319.5713826287098 2.431877442751366 -6.78385980098474
319.2382193728676 4.093732946724504 -6.177997195049393
318.703348963454 6.743616823481164 -5.208619055398481
342.8614883144348 0.3144272430400673 -7.338637614125902
342.8056586150421 0.7346405689605557 -6.920625175597734
342.7132909492853 1.388236711526925 -6.251475777742812
342.5650191353231 2.430096257306927 -5.180930949580095
342.3269744993266 4.091451239450038 -3.468034045181838
341.9449120904569 6.741248282595697 -0.7274043592801818
342.8613942722665 0.3137635265828463 -7.546908047098096
342.8058433164206 0.7359248909309775 -7.399238639272214
342.7137522499648 1.391476114227793 -7.162510084273956
342.5652733062212 2.431877442751367 -6.78385980098474
342.3272995520483 4.093732946724509 -6.177997195049393
341.9452492596101 6.743616823481142 -5.208619055398483
365.7368929886606 0.3144272430400682 -7.338637614125907
365.7033951690246 0.7346405689605591 -6.920625175597733
365.647974569571 1.388236711526928 -6.251475777742814
365.5590114811935 2.430096257306929 -5.180930949580095
365.4161846995962 4.091451239450041 -3.468034045181838
365.1869472542743 6.741248282595681 -0.7274043592801813
365.7368365633598 0.3137635265828479 -7.546908047098099
365.7035059898521 0.7359248909309809 -7.399238639272216
365.6482513499785 1.3914761142278 -7.16251008427396
365.5591639837323 2.431877442751369 -6.783859800984735
365.4163797312288 4.093732946724509 -6.177997195049395
365.1871495557662 6.743616823481124 -5.20861905539848
388.6122976628863 0.3144272430400726 -7.3386376141259
388.6011317230078 0.7346405689605617 -6.920625175597731
388.5826581898566 1.388236711526929 -6.251475777742811
388.5530038270639 2.430096257306931 -5.180930949580095
388.5053948998655 4.091451239450045 -3.468034045181833
388.4289824180917 6.741248282595661 -0.7274043592801793
388.612278854453 0.3137635265828511 -7.546908047098094
388.6011686632839 0.7359248909309836 -7.399238639272215
388.5827504499928 1.391476114227804 -7.162510084273956
388.553054661244 2.431877442751369 -6.783859800984735
388.5054599104092 4.093732946724512 -6.177997195049392
388.4290498519223 6.743616823481101 -5.208619055398481
411.4877023371122 0.3144272430400734 -7.338637614125907
411.4988682769904 0.7346405689605643 -6.920625175597732
411.5173418101424 1.388236711526931 -6.251475777742812
411.5469961729349 2.430096257306935 -5.180930949580093
411.5946051001349 4.091451239450045 -3.468034045181835
411.6710175819089 6.741248282595645 -0.7274043592801775
411.4877211455463 0.3137635265828512 -7.546908047098097
411.4988313367154 0.7359248909309855 -7.399238639272213
411.5172495500064 1.391476114227808 -7.162510084273956
411.5469453387556 2.43187744275137 -6.783859800984736
411.5945400895898 4.093732946724512 -6.177997195049391
411.6709501480786 6.743616823481082 -5.208619055398476
434.3631070113378 0.3144272430400762 -7.338637614125907
434.3966048309736 0.7346405689605695 -6.920625175597733
434.4520254304281 1.388236711526934 -6.251475777742814
434.5409885188052 2.430096257306936 -5.180930949580093
434.6838153004044 4.091451239450049 -3.468034045181833
434.9130527457264 6.741248282595626 -0.7274043592801747
434.3631634366391 0.3137635265828543 -7.546908047098097
434.3964940101469 0.735924890930989 -7.399238639272214
434.45174865002 1.391476114227814 -7.162510084273958
434.5408360162667 2.43187744275137 -6.783859800984736
434.6836202687705 4.093732946724516 -6.177997195049389
434.9128504442347 6.74361682348106 -5.208619055398476
457.2385116855637 0.3144272430400796 -7.338637614125905
457.2943413849563 0.7346405689605726 -6.920625175597732
457.3867090507137 1.388236711526937 -6.251475777742812
457.5349808646757 2.430096257306938 -5.180930949580087
457.7730255006736 4.091451239450052 -3.468034045181832
458.1550879095436 6.741248282595609 -0.7274043592801734
457.2386057277324 0.3137635265828562 -7.546908047098093
457.2941566835783 0.7359248909309917 -7.399238639272214
457.3862477500342 1.39147611422782 -7.162510084273956
457.5347266937782 2.431877442751372 -6.783859800984736
457.7727004479509 4.09373294672452 -6.177997195049389
458.154750740391 6.743616823481036 -5.208619055398474
480.1139163597895 0.3144272430400807 -7.338637614125906
480.1920779389392 0.7346405689605761 -6.920625175597731
480.3213926709996 1.388236711526939 -6.251475777742813
480.5289732105467 2.43009625730694 -5.180930949580088
480.8622357009432 4.091451239450052 -3.46803404518183
481.3971230733611 6.74124828259559 -0.7274043592801726
480.1140480188254 0.3137635265828573 -7.546908047098098
480.1918193570097 0.7359248909309939 -7.399238639272212
480.3207468500478 1.391476114227824 -7.162510084273956
480.5286173712898 2.431877442751372 -6.783859800984729
480.8617806271315 4.093732946724519 -6.177997195049388
481.3966510365473 6.743616823481013 -5.208619055398472
502.9893210340154 0.3144272430400835 -7.338637614125907
503.0898144929223 0.7346405689605792 -6.920625175597734
503.2560762912852 1.38823671152694 -6.251475777742812
503.5229655564171 2.430096257306944 -5.180930949580088
503.9514459012128 4.091451239450056 -3.468034045181829
504.6391582371786 6.74124828259557 -0.7274043592801692
502.9894903099188 0.3137635265828597 -7.546908047098097
503.0894820304415 0.7359248909309971 -7.399238639272215
503.2552459500621 1.39147611422783 -7.162510084273956
503.5225080488013 2.431877442751373 -6.783859800984727
503.9508608063119 4.093732946724523 -6.177997195049384
504.6385513327033 6.74361682348099 -5.208619055398474
525.8647257082412 0.3144272430400853 -7.338637614125906
525.9875510469051 0.7346405689605828 -6.920625175597729
526.1907599115707 1.388236711526943 -6.251475777742813
526.5169579022878 2.430096257306944 -5.180930949580087
527.0406561014822 4.091451239450056 -3.468034045181829
527.8811934009956 6.741248282595551 -0.7274043592801676
525.8649326010118 0.3137635265828612 -7.546908047098097
525.9871447038729 0.7359248909309997 -7.399238639272212
526.1897450500755 1.391476114227834 -7.162510084273957
526.5163987263124 2.431877442751373 -6.783859800984729
527.0399409854926 4.093732946724526 -6.177997195049385
527.8804516288593 6.74361682348097 -5.208619055398469
548.7401303824673 0.3144272430400877 -7.338637614125903
548.8852876008882 0.7346405689605857 -6.920625175597725
549.1254435318564 1.388236711526944 -6.251475777742813
549.5109502481586 2.430096257306947 -5.18093094958009
550.1298663017519 4.09145123945006 -3.468034045181826
551.1232285648135 6.741248282595534 -0.7274043592801657
548.7403748921055 0.3137635265828631 -7.5469080470981
548.8848073773042 0.7359248909310023 -7.399238639272212
549.1242441500896 1.39147611422784 -7.162510084273956
549.5102894038243 2.431877442751374 -6.783859800984728
550.1290211646733 4.093732946724526 -6.177997195049385
551.1223519250159 6.743616823480947 -5.208619055398469
571.6155350566933 0.3144272430400916 -7.338637614125902
571.7830241548712 0.734640568960589 -6.920625175597728
572.0601271521425 1.388236711526946 -6.251475777742813
572.5049425940289 2.43009625730695 -5.180930949580088
573.2190765020208 4.091451239450064 -3.468034045181826
574.3652637286307 6.741248282595514 -0.7274043592801638
571.6158171831985 0.3137635265828652 -7.546908047098094
571.7824700507362 0.7359248909310041 -7.399238639272212
572.0587432501037 1.391476114227844 -7.162510084273956
572.5041800813356 2.431877442751373 -6.783859800984727
573.2181013438537 4.09373294672453 -6.177997195049387
574.3642522211721 6.743616823480927 -5.208619055398464
594.4909397309189 0.3144272430400922 -7.338637614125902
594.6807607088542 0.7346405689605908 -6.920625175597735
594.9948107724282 1.388236711526948 -6.251475777742813
595.4989349399002 2.430096257306952 -5.180930949580085
596.3082867022906 4.091451239450067 -3.468034045181824
597.6072988924479 6.7412482825955 -0.7274043592801624
594.4912594742918 0.3137635265828662 -7.5469080470981
594.6801327241676 0.7359248909310062 -7.399238639272215
594.9932423501176 1.39147611422785 -7.162510084273955
595.498070758847 2.431877442751375 -6.783859800984728
596.3071815230345 4.093732946724534 -6.177997195049386
597.6061525173282 6.743616823480907 -5.208619055398464
617.3663444051454 0.3144272430400951 -7.338637614125905
617.5784972628379 0.7346405689605935 -6.920625175597733
617.9294943927143 1.388236711526951 -6.251475777742813
618.4929272857703 2.430096257306956 -5.180930949580082
619.3974969025603 4.091451239450066 -3.468034045181824
620.8493340562655 6.741248282595481 -0.7274043592801602
617.3667017653852 0.3137635265828683 -7.546908047098097
617.5777953975991 0.7359248909310088 -7.399238639272213
617.9277414501316 1.391476114227855 -7.162510084273956
618.4919614363588 2.431877442751375 -6.783859800984727
619.396261702215 4.093732946724534 -6.177997195049382
620.8480528134845 6.743616823480886 -5.208619055398462
640.2417490793713 0.3144272430400979 -7.338637614125908
640.4762338168202 0.734640568960599 -6.920625175597725
640.864178013 1.388236711526954 -6.251475777742808
641.4869196316411 2.430096257306956 -5.180930949580085
642.4867071028297 4.09145123945007 -3.468034045181821
644.0913692200828 6.741248282595459 -0.7274043592801596
640.2421440564784 0.3137635265828708 -7.546908047098098
640.475458071031 0.7359248909310121 -7.399238639272209
640.8622405501459 1.391476114227861 -7.162510084273956
641.4858521138701 2.431877442751375 -6.783859800984722
642.4853418813958 4.093732946724537 -6.177997195049382
644.0899531096409 6.743616823480862 -5.208619055398462
663.1171537535968 0.3144272430401001 -7.338637614125909
663.3739703708036 0.7346405689606025 -6.920625175597725
663.7988616332856 1.388236711526956 -6.251475777742806
664.4809119775117 2.430096257306959 -5.180930949580082
665.575917303099 4.09145123945007 -3.46803404518182
667.3334043839005 6.741248282595441 -0.7274043592801571
663.1175863475718 0.313763526582872 -7.546908047098095
663.3731207444627 0.7359248909310157 -7.39923863927221
663.7967396501598 1.391476114227865 -7.162510084273954
664.4797427913819 2.431877442751377 -6.783859800984722
665.5744220605764 4.093732946724536 -6.177997195049382
667.3318534057969 6.743616823480843 -5.208619055398457
685.9925584278228 0.3144272430401024 -7.338637614125906
686.2717069247867 0.7346405689606051 -6.920625175597726
686.7335452535715 1.388236711526957 -6.251475777742812
687.4749043233826 2.430096257306961 -5.180930949580081
688.6651275033689 4.091451239450073 -3.46803404518182
690.5754395477178 6.741248282595422 -0.7274043592801549
685.9930286386652 0.3137635265828738 -7.546908047098097
686.2707834178943 0.7359248909310174 -7.399238639272212
686.7312387501734 1.391476114227871 -7.162510084273955
687.4736334688937 2.431877442751377 -6.783859800984722
688.6635022397569 4.093732946724541 -6.177997195049383
690.5737537019533 6.743616823480822 -5.208619055398457
708.8679631020492 0.3144272430401047 -7.338637614125906
709.1694434787692 0.7346405689606086 -6.920625175597727
709.6682288738568 1.388236711526959 -6.251475777742812
710.4688966692526 2.430096257306964 -5.18093094958008
711.7543377036375 4.091451239450077 -3.468034045181819
713.8174747115353 6.741248282595405 -0.7274043592801543
708.8684709297588 0.3137635265828759 -7.546908047098096
709.1684460913257 0.7359248909310201 -7.399238639272212
709.665737850188 1.391476114227875 -7.162510084273955
710.4675241464048 2.431877442751379 -6.783859800984723
711.7525824189375 4.09373294672454 -6.177997195049378
713.8156539981093 6.743616823480797 -5.208619055398456
731.7433677762747 0.314427243040107 -7.338637614125907
732.0671800327522 0.7346405689606114 -6.920625175597726
732.602912494143 1.388236711526963 -6.251475777742805
733.4628890151237 2.430096257306966 -5.180930949580082
734.843547903908 4.091451239450078 -3.468034045181818
737.0595098753524 6.741248282595388 -0.7274043592801507
731.7439132208518 0.3137635265828778 -7.546908047098097
732.0661087647577 0.7359248909310228 -7.399238639272211
732.6002369502017 1.391476114227882 -7.162510084273952
733.4614148239164 2.431877442751379 -6.783859800984722
734.8416625981179 4.093732946724544 -6.177997195049378
737.0575542942656 6.743616823480775 -5.208619055398455
754.6187724505011 0.3144272430401102 -7.338637614125903
754.9649165867353 0.7346405689606148 -6.920625175597726
755.5375961144287 1.388236711526963 -6.251475777742804
756.4568813609945 2.430096257306968 -5.180930949580079
757.9327581041766 4.091451239450079 -3.468034045181817
760.3015450391695 6.741248282595368 -0.7274043592801482
754.6193555119448 0.3137635265828797 -7.546908047098094
754.9637714381893 0.7359248909310254 -7.399238639272208
755.534736050215 1.391476114227886 -7.162510084273956
756.4553055014281 2.431877442751379 -6.78385980098472
757.9307427772987 4.093732946724548 -6.177997195049378
760.2994545904219 6.743616823480752 -5.208619055398452
777.4941771247268 0.3144272430401114 -7.338637614125903
777.8626531407187 0.7346405689606185 -6.920625175597726
778.472279734715 1.388236711526967 -6.251475777742804
779.4508737068657 2.430096257306971 -5.180930949580078
781.0219683044472 4.091451239450085 -3.468034045181815
783.5435802029872 6.741248282595349 -0.7274043592801475
777.4947978030384 0.3137635265828809 -7.5469080470981
777.8614341116206 0.7359248909310281 -7.399238639272212
778.4692351502295 1.391476114227891 -7.162510084273957
779.4491961789391 2.431877442751381 -6.783859800984722
781.0198229564792 4.093732946724548 -6.177997195049378
783.5413548865783 6.743616823480734 -5.208619055398451
3 83 0 24
3473
3474
3475
3476
3477
3478
3479
3480
3481
3482
3483
3484
3485
3486
3487
3488
3489
3490
3491
3492
3493
3494
3495
3496
-0.2853482948880245 -0.1062231930150262 -7.535523136180649
-0.6628234509909043 -0.2469072197485184 -7.402347219687612
-1.306075173372724 -0.4653333885272405 -7.167809142628601
-2.343288402470713 -0.8119659453979099 -6.791624630685619
-4.007412754870588 -1.365657761777783 -6.186964568200919
-6.680863634349737 -2.248536943200669 -5.216559105087994
-0.2853482948880263 0.1062231930150244 -7.535523136180653
-0.6628234509908952 0.2469072197485105 -7.402347219687612
-1.306075173372707 0.4653333885272249 -7.167809142628634
-2.343288402470732 0.8119659453978934 -6.791624630685644
-4.007412754870541 1.365657761777761 -6.186964568200929
-6.680863634349747 2.248536943200519 -5.216559105087673
-0.2849004820864575 -0.1064602257234532 -7.327520714239903
-0.6638992686808463 -0.2464857804854506 -6.913755327989343
-1.308792786462872 -0.4642564113565131 -6.245679828711835
-2.344359313704255 -0.8113763837279157 -5.176577468302966
-4.008877399885532 -1.364900655071033 -3.465247487494656
-6.682511757668915 -2.247749561209711 -0.7263382015120294
-0.2849004820864574 0.106460225723462 -7.327520714239907
-0.6638992686808357 0.246485780485469 -6.91375532798935
-1.308792786462856 0.4642564113565429 -6.245679828711872
-2.344359313704246 0.8113763837279462 -5.176577468303016
-4.008877399885442 1.364900655071166 -3.465247487494711
-6.682511757668769 2.247749561209822 -0.7263382015118931
3 84 0 24
3497
3498
3499
3500
3501
3502
3503
3504
3505
3506
3507
3508
3509
3510
3511
3512
3513
3514
3515
3516
3517
3518
3519
3520
800.3853482948874 -0.1062231930150476 -7.53552313618055
800.7628234509905 -0.2469072197485313 -7.402347219687469
801.4060751733723 -0.4653333885274102 -7.167809142628593
802.4432884024703 -0.8119659453977134 -6.791624630685436
804.1074127548698 -1.365657761777716 -6.186964568200952
806.7808636343503 -2.248536943200579 -5.21655910508799
800.3853482948879 0.1062231930150441 -7.535523136180556
800.7628234509909 0.2469072197485481 -7.402347219687459
801.406075173373 0.4653333885272265 -7.167809142628531
802.4432884024707 0.8119659453980009 -6.791624630685344
804.1074127548695 1.365657761777837 -6.186964568201082
806.7808636343498 2.248536943200187 -5.216559105088393
800.3849004820859 -0.1064602257235188 -7.32752071423975
800.7638992686805 -0.2464857804855539 -6.913755327989193
801.4087927864628 -0.4642564113566858 -6.245679828711896
802.4443593137038 -0.8113763837279467 -5.176577468302795
804.1088773998855 -1.364900655071155 -3.465247487494804
806.7825117576706 -2.247749561209941 -0.7263382015124438
800.3849004820853 0.1064602257234709 -7.327520714239771
800.763899268679 0.2464857804854743 -6.913755327989197
801.4087927864624 0.464256411356492 -6.245679828711854
802.4443593137036 0.8113763837279709 -5.176577468302753
804.1088773998853 1.364900655071148 -3.465247487494878
806.7825117576692 2.247749561209385 -0.7263382015126123
$EndNodes
$Elements
17 3751 1 3751
0 2 15 1
1 1 
0 6 15 1
2 5 
1 5 1 35
3 1 25 
4 25 26 
5 26 27 
6 27 28 
7 28 29 
8 29 30 
9 30 31 
10 31 32 
11 32 33 
12 33 34 
13 34 35 
14 35 36 
15 36 37 
16 37 38 
17 38 39 
18 39 40 
19 40 41 
20 41 42 
21 42 43 
22 43 44 
23 44 45 
24 45 46 
25 46 47 
26 47 48 
27 48 49 
28 49 50 
29 50 51 
30 51 52 
31 52 53 
32 53 54 
33 54 55 
34 55 56 
35 56 57 
36 57 58 
37 58 5 
2 1 3 105
38 1 25 369 17 
39 17 369 370 18 
40 18 370 59 2 
41 25 26 371 369 
42 369 371 372 370 
43 370 372 60 59 
44 26 27 373 371 
45 371 373 374 372 
46 372 374 61 60 
47 27 28 375 373 
48 373 375 376 374 
49 374 376 62 61 
50 28 29 377 375 
51 375 377 378 376 
52 376 378 63 62 
53 29 30 379 377 
54 377 379 380 378 
55 378 380 64 63 
56 30 31 381 379 
57 379 381 382 380 
58 380 382 65 64 
59 31 32 383 381 
60 381 383 384 382 
61 382 384 66 65 
62 32 33 385 383 
63 383 385 386 384 
64 384 386 67 66 
65 33 34 387 385 
66 385 387 388 386 
67 386 388 68 67 
68 34 35 389 387 
69 387 389 390 388 
70 388 390 69 68 
71 35 36 391 389 
72 389 391 392 390 
73 390 392 70 69 
74 36 37 393 391 
75 391 393 394 392 
76 392 394 71 70 
77 37 38 395 393 
78 393 395 396 394 
79 394 396 72 71 
80 38 39 397 395 
81 395 397 398 396 
82 396 398 73 72 
83 39 40 399 397 
84 397 399 400 398 
85 398 400 74 73 
86 40 41 401 399 
87 399 401 402 400 
88 400 402 75 74 
89 41 42 403 401 
90 401 403 404 402 
91 402 404 76 75 
92 42 43 405 403 
93 403 405 406 404 
94 404 406 77 76 
95 43 44 407 405 
96 405 407 408 406 
97 406 408 78 77 
98 44 45 409 407 
99 407 409 410 408 
100 408 410 79 78 
101 45 46 411 409 
102 409 411 412 410 
103 410 412 80 79 
104 46 47 413 411 
105 411 413 414 412 
106 412 414 81 80 
107 47 48 415 413 
108 413 415 416 414 
109 414 416 82 81 
110 48 49 417 415 
111 415 417 418 416 
112 416 418 83 82 
113 49 50 419 417 
114 417 419 420 418 
115 418 420 84 83 
116 50 51 421 419 
117 419 421 422 420 
118 420 422 85 84 
119 51 52 423 421 
120 421 423 424 422 
121 422 424 86 85 
122 52 53 425 423 
123 423 425 426 424 
124 424 426 87 86 
125 53 54 427 425 
126 425 427 428 426 
127 426 428 88 87 
128 54 55 429 427 
129 427 429 430 428 
130 428 430 89 88 
131 55 56 431 429 
132 429 431 432 430 
133 430 432 90 89 
134 56 57 433 431 
135 431 433 434 432 
136 432 434 91 90 
137 57 58 435 433 
138 433 435 436 434 
139 434 436 92 91 
140 58 5 93 435 
141 435 93 94 436 
142 436 94 6 92 
2 2 3 105
143 2 59 437 19 
144 19 437 438 20 
145 20 438 95 3 
146 59 60 439 437 
147 437 439 440 438 
148 438 440 96 95 
149 60 61 441 439 
150 439 441 442 440 
151 440 442 97 96 
152 61 62 443 441 
153 441 443 444 442 
154 442 444 98 97 
155 62 63 445 443 
156 443 445 446 444 
157 444 446 99 98 
158 63 64 447 445 
159 445 447 448 446 
160 446 448 100 99 
161 64 65 449 447 
162 447 449 450 448 
163 448 450 101 100 
164 65 66 451 449 
165 449 451 452 450 
166 450 452 102 101 
167 66 67 453 451 
168 451 453 454 452 
169 452 454 103 102 
170 67 68 455 453 
171 453 455 456 454 
172 454 456 104 103 
173 68 69 457 455 
174 455 457 458 456 
175 456 458 105 104 
176 69 70 459 457 
177 457 459 460 458 
178 458 460 106 105 
179 70 71 461 459 
180 459 461 462 460 
181 460 462 107 106 
182 71 72 463 461 
183 461 463 464 462 
184 462 464 108 107 
185 72 73 465 463 
186 463 465 466 464 
187 464 466 109 108 
188 73 74 467 465 
189 465 467 468 466 
190 466 468 110 109 
191 74 75 469 467 
192 467 469 470 468 
193 468 470 111 110 
194 75 76 471 469 
195 469 471 472 470 
196 470 472 112 111 
197 76 77 473 471 
198 471 473 474 472 
199 472 474 113 112 
200 77 78 475 473 
201 473 475 476 474 
202 474 476 114 113 
203 78 79 477 475 
204 475 477 478 476 
205 476 478 115 114 
206 79 80 479 477 
207 477 479 480 478 
208 478 480 116 115 
209 80 81 481 479 
210 479 481 482 480 
211 480 482 117 116 
212 81 82 483 481 
213 481 483 484 482 
214 482 484 118 117 
215 82 83 485 483 
216 483 485 486 484 
217 484 486 119 118 
218 83 84 487 485 
219 485 487 488 486 
220 486 488 120 119 
221 84 85 489 487 
222 487 489 490 488 
223 488 490 121 120 
224 85 86 491 489 
225 489 491 492 490 
226 490 492 122 121 
227 86 87 493 491 
228 491 493 494 492 
229 492 494 123 122 
230 87 88 495 493 
231 493 495 496 494 
232 494 496 124 123 
233 88 89 497 495 
234 495 497 498 496 
235 496 498 125 124 
236 89 90 499 497 
237 497 499 500 498 
238 498 500 126 125 
239 90 91 501 499 
240 499 501 502 500 
241 500 502 127 126 
242 91 92 503 501 
243 501 503 504 502 
244 502 504 128 127 
245 92 6 129 503 
246 503 129 130 504 
247 504 130 7 128 
2 3 3 105
248 3 95 505 21 
249 21 505 506 22 
250 22 506 131 4 
251 95 96 507 505 
252 505 507 508 506 
253 506 508 132 131 
254 96 97 509 507 
255 507 509 510 508 
256 508 510 133 132 
257 97 98 511 509 
258 509 511 512 510 
259 510 512 134 133 
260 98 99 513 511 
261 511 513 514 512 
262 512 514 135 134 
263 99 100 515 513 
264 513 515 516 514 
265 514 516 136 135 
266 100 101 517 515 
267 515 517 518 516 
268 516 518 137 136 
269 101 102 519 517 
270 517 519 520 518 
271 518 520 138 137 
272 102 103 521 519 
273 519 521 522 520 
274 520 522 139 138 
275 103 104 523 521 
276 521 523 524 522 
277 522 524 140 139 
278 104 105 525 523 
279 523 525 526 524 
280 524 526 141 140 
281 105 106 527 525 
282 525 527 528 526 
283 526 528 142 141 
284 106 107 529 527 
285 527 529 530 528 
286 528 530 143 142 
287 107 108 531 529 
288 529 531 532 530 
289 530 532 144 143 
290 108 109 533 531 
291 531 533 534 532 
292 532 534 145 144 
293 109 110 535 533 
294 533 535 536 534 
295 534 536 146 145 
296 110 111 537 535 
297 535 537 538 536 
298 536 538 147 146 
299 111 112 539 537 
300 537 539 540 538 
301 538 540 148 147 
302 112 113 541 539 
303 539 541 542 540 
304 540 542 149 148 
305 113 114 543 541 
306 541 543 544 542 
307 542 544 150 149 
308 114 115 545 543 
309 543 545 546 544 
310 544 546 151 150 
311 115 116 547 545 
312 545 547 548 546 
313 546 548 152 151 
314 116 117 549 547 
315 547 549 550 548 
316 548 550 153 152 
317 117 118 551 549 
318 549 551 552 550 
319 550 552 154 153 
320 118 119 553 551 
321 551 553 554 552 
322 552 554 155 154 
323 119 120 555 553 
324 553 555 556 554 
325 554 556 156 155 
326 120 121 557 555 
327 555 557 558 556 
328 556 558 157 156 
329 121 122 559 557 
330 557 559 560 558 
331 558 560 158 157 
332 122 123 561 559 
333 559 561 562 560 
334 560 562 159 158 
335 123 124 563 561 
336 561 563 564 562 
337 562 564 160 159 
338 124 125 565 563 
339 563 565 566 564 
340 564 566 161 160 
341 125 126 567 565 
342 565 567 568 566 
343 566 568 162 161 
344 126 127 569 567 
345 567 569 570 568 
346 568 570 163 162 
347 127 128 571 569 
348 569 571 572 570 
349 570 572 164 163 
350 128 7 165 571 
351 571 165 166 572 
352 572 166 8 164 
2 4 3 105
353 4 131 573 23 
354 23 573 574 24 
355 24 574 25 1 
356 131 132 575 573 
357 573 575 576 574 
358 574 576 26 25 
359 132 133 577 575 
360 575 577 578 576 
361 576 578 27 26 
362 133 134 579 577 
363 577 579 580 578 
364 578 580 28 27 
365 134 135 581 579 
366 579 581 582 580 
367 580 582 29 28 
368 135 136 583 581 
369 581 583 584 582 
370 582 584 30 29 
371 136 137 585 583 
372 583 585 586 584 
373 584 586 31 30 
374 137 138 587 585 
375 585 587 588 586 
376 586 588 32 31 
377 138 139 589 587 
378 587 589 590 588 
379 588 590 33 32 
380 139 140 591 589 
381 589 591 592 590 
382 590 592 34 33 
383 140 141 593 591 
384 591 593 594 592 
385 592 594 35 34 
386 141 142 595 593 
387 593 595 596 594 
388 594 596 36 35 
389 142 143 597 595 
390 595 597 598 596 
391 596 598 37 36 
392 143 144 599 597 
393 597 599 600 598 
394 598 600 38 37 
395 144 145 601 599 
396 599 601 602 600 
397 600 602 39 38 
398 145 146 603 601 
399 601 603 604 602 
400 602 604 40 39 
401 146 147 605 603 
402 603 605 606 604 
403 604 606 41 40 
404 147 148 607 605 
405 605 607 608 606 
406 606 608 42 41 
407 148 149 609 607 
408 607 609 610 608 
409 608 610 43 42 
410 149 150 611 609 
411 609 611 612 610 
412 610 612 44 43 
413 150 151 613 611 
414 611 613 614 612 
415 612 614 45 44 
416 151 152 615 613 
417 613 615 616 614 
418 614 616 46 45 
419 152 153 617 615 
420 615 617 618 616 
421 616 618 47 46 
422 153 154 619 617 
423 617 619 620 618 
424 618 620 48 47 
425 154 155 621 619 
426 619 621 622 620 
427 620 622 49 48 
428 155 156 623 621 
429 621 623 624 622 
430 622 624 50 49 
431 156 157 625 623 
432 623 625 626 624 
433 624 626 51 50 
434 157 158 627 625 
435 625 627 628 626 
436 626 628 52 51 
437 158 159 629 627 
438 627 629 630 628 
439 628 630 53 52 
440 159 160 631 629 
441 629 631 632 630 
442 630 632 54 53 
443 160 161 633 631 
444 631 633 634 632 
445 632 634 55 54 
446 161 162 635 633 
447 633 635 636 634 
448 634 636 56 55 
449 162 163 637 635 
450 635 637 638 636 
451 636 638 57 56 
452 163 164 639 637 
453 637 639 640 638 
454 638 640 58 57 
455 164 8 167 639 
456 639 167 168 640 
457 640 168 5 58 
2 43 3 105
458 9 305 785 169 
459 169 785 786 170 
460 170 786 787 171 
461 171 787 788 172 
462 172 788 789 173 
463 173 789 790 174 
464 174 790 791 175 
465 175 791 792 176 
466 176 792 793 177 
467 177 793 794 178 
468 178 794 795 179 
469 179 795 796 180 
470 180 796 797 181 
471 181 797 798 182 
472 182 798 799 183 
473 183 799 800 184 
474 184 800 801 185 
475 185 801 802 186 
476 186 802 803 187 
477 187 803 804 188 
478 188 804 805 189 
479 189 805 806 190 
480 190 806 807 191 
481 191 807 808 192 
482 192 808 809 193 
483 193 809 810 194 
484 194 810 811 195 
485 195 811 812 196 
486 196 812 813 197 
487 197 813 814 198 
488 198 814 815 199 
489 199 815 816 200 
490 200 816 817 201 
491 201 817 818 202 
492 202 818 313 13 
493 305 306 819 785 
494 785 819 820 786 
495 786 820 821 787 
496 787 821 822 788 
497 788 822 823 789 
498 789 823 824 790 
499 790 824 825 791 
500 791 825 826 792 
501 792 826 827 793 
502 793 827 828 794 
503 794 828 829 795 
504 795 829 830 796 
505 796 830 831 797 
506 797 831 832 798 
507 798 832 833 799 
508 799 833 834 800 
509 800 834 835 801 
510 801 835 836 802 
511 802 836 837 803 
512 803 837 838 804 
513 804 838 839 805 
514 805 839 840 806 
515 806 840 841 807 
516 807 841 842 808 
517 808 842 843 809 
518 809 843 844 810 
519 810 844 845 811 
520 811 845 846 812 
521 812 846 847 813 
522 813 847 848 814 
523 814 848 849 815 
524 815 849 850 816 
525 816 850 851 817 
526 817 851 852 818 
527 818 852 314 313 
528 306 10 203 819 
529 819 203 204 820 
530 820 204 205 821 
531 821 205 206 822 
532 822 206 207 823 
533 823 207 208 824 
534 824 208 209 825 
535 825 209 210 826 
536 826 210 211 827 
537 827 211 212 828 
538 828 212 213 829 
539 829 213 214 830 
540 830 214 215 831 
541 831 215 216 832 
542 832 216 217 833 
543 833 217 218 834 
544 834 218 219 835 
545 835 219 220 836 
546 836 220 221 837 
547 837 221 222 838 
548 838 222 223 839 
549 839 223 224 840 
550 840 224 225 841 
551 841 225 226 842 
552 842 226 227 843 
553 843 227 228 844 
554 844 228 229 845 
555 845 229 230 846 
556 846 230 231 847 
557 847 231 232 848 
558 848 232 233 849 
559 849 233 234 850 
560 850 234 235 851 
561 851 235 236 852 
562 852 236 14 314 
2 44 3 105
563 11 309 853 237 
564 237 853 854 238 
565 238 854 855 239 
566 239 855 856 240 
567 240 856 857 241 
568 241 857 858 242 
569 242 858 859 243 
570 243 859 860 244 
571 244 860 861 245 
572 245 861 862 246 
573 246 862 863 247 
574 247 863 864 248 
575 248 864 865 249 
576 249 865 866 250 
577 250 866 867 251 
578 251 867 868 252 
579 252 868 869 253 
580 253 869 870 254 
581 254 870 871 255 
582 255 871 872 256 
583 256 872 873 257 
584 257 873 874 258 
585 258 874 875 259 
586 259 875 876 260 
587 260 876 877 261 
588 261 877 878 262 
589 262 878 879 263 
590 263 879 880 264 
591 264 880 881 265 
592 265 881 882 266 
593 266 882 883 267 
594 267 883 884 268 
595 268 884 885 269 
596 269 885 886 270 
597 270 886 317 15 
598 309 310 887 853 
599 853 887 888 854 
600 854 888 889 855 
601 855 889 890 856 
602 856 890 891 857 
603 857 891 892 858 
604 858 892 893 859 
605 859 893 894 860 
606 860 894 895 861 
607 861 895 896 862 
608 862 896 897 863 
609 863 897 898 864 
610 864 898 899 865 
611 865 899 900 866 
612 866 900 901 867 
613 867 901 902 868 
614 868 902 903 869 
615 869 903 904 870 
616 870 904 905 871 
617 871 905 906 872 
618 872 906 907 873 
619 873 907 908 874 
620 874 908 909 875 
621 875 909 910 876 
622 876 910 911 877 
623 877 911 912 878 
624 878 912 913 879 
625 879 913 914 880 
626 880 914 915 881 
627 881 915 916 882 
628 882 916 917 883 
629 883 917 918 884 
630 884 918 919 885 
631 885 919 920 886 
632 886 920 318 317 
633 310 12 271 887 
634 887 271 272 888 
635 888 272 273 889 
636 889 273 274 890 
637 890 274 275 891 
638 891 275 276 892 
639 892 276 277 893 
640 893 277 278 894 
641 894 278 279 895 
642 895 279 280 896 
643 896 280 281 897 
644 897 281 282 898 
645 898 282 283 899 
646 899 283 284 900 
647 900 284 285 901 
648 901 285 286 902 
649 902 286 287 903 
650 903 287 288 904 
651 904 288 289 905 
652 905 289 290 906 
653 906 290 291 907 
654 907 291 292 908 
655 908 292 293 909 
656 909 293 294 910 
657 910 294 295 911 
658 911 295 296 912 
659 912 296 297 913 
660 913 297 298 914 
661 914 298 299 915 
662 915 299 300 916 
663 916 300 301 917 
664 917 301 302 918 
665 918 302 303 919 
666 919 303 304 920 
667 920 304 16 318 
2 71 3 9
668 4 23 1833 22 
669 22 1833 1834 21 
670 21 1834 20 3 
671 23 24 1835 1833 
672 1833 1835 1836 1834 
673 1834 1836 19 20 
674 24 1 17 1835 
675 1835 17 18 1836 
676 1836 18 2 19 
2 72 3 9
677 8 167 1837 166 
678 166 1837 1838 165 
679 165 1838 130 7 
680 167 168 1839 1837 
681 1837 1839 1840 1838 
682 1838 1840 129 130 
683 168 5 93 1839 
684 1839 93 94 1840 
685 1840 94 6 129 
3 79 5 735
686 1 25 369 17 321 1017 1841 921 
687 321 1017 1841 921 322 1051 1842 923 
688 322 1051 1842 923 323 1085 1843 925 
689 323 1085 1843 925 324 1119 1844 927 
690 324 1119 1844 927 325 1153 1845 929 
691 325 1153 1845 929 326 1187 1846 931 
692 326 1187 1846 931 9 169 785 305 
693 17 369 370 18 921 1841 1847 922 
694 921 1841 1847 922 923 1842 1848 924 
695 923 1842 1848 924 925 1843 1849 926 
696 925 1843 1849 926 927 1844 1850 928 
697 927 1844 1850 928 929 1845 1851 930 
698 929 1845 1851 930 931 1846 1852 932 
699 931 1846 1852 932 305 785 819 306 
700 18 370 59 2 922 1847 1221 327 
701 922 1847 1221 327 924 1848 1255 328 
702 924 1848 1255 328 926 1849 1289 329 
703 926 1849 1289 329 928 1850 1323 330 
704 928 1850 1323 330 930 1851 1357 331 
705 930 1851 1357 331 932 1852 1391 332 
706 932 1852 1391 332 306 819 203 10 
707 25 26 371 369 1017 1018 1853 1841 
708 1017 1018 1853 1841 1051 1052 1854 1842 
709 1051 1052 1854 1842 1085 1086 1855 1843 
710 1085 1086 1855 1843 1119 1120 1856 1844 
711 1119 1120 1856 1844 1153 1154 1857 1845 
712 1153 1154 1857 1845 1187 1188 1858 1846 
713 1187 1188 1858 1846 169 170 786 785 
714 369 371 372 370 1841 1853 1859 1847 
715 1841 1853 1859 1847 1842 1854 1860 1848 
716 1842 1854 1860 1848 1843 1855 1861 1849 
717 1843 1855 1861 1849 1844 1856 1862 1850 
718 1844 1856 1862 1850 1845 1857 1863 1851 
719 1845 1857 1863 1851 1846 1858 1864 1852 
720 1846 1858 1864 1852 785 786 820 819 
721 370 372 60 59 1847 1859 1222 1221 
722 1847 1859 1222 1221 1848 1860 1256 1255 
723 1848 1860 1256 1255 1849 1861 1290 1289 
724 1849 1861 1290 1289 1850 1862 1324 1323 
725 1850 1862 1324 1323 1851 1863 1358 1357 
726 1851 1863 1358 1357 1852 1864 1392 1391 
727 1852 1864 1392 1391 819 820 204 203 
728 26 27 373 371 1018 1019 1865 1853 
729 1018 1019 1865 1853 1052 1053 1866 1854 
730 1052 1053 1866 1854 1086 1087 1867 1855 
731 1086 1087 1867 1855 1120 1121 1868 1856 
732 1120 1121 1868 1856 1154 1155 1869 1857 
733 1154 1155 1869 1857 1188 1189 1870 1858 
734 1188 1189 1870 1858 170 171 787 786 
735 371 373 374 372 1853 1865 1871 1859 
736 1853 1865 1871 1859 1854 1866 1872 1860 
737 1854 1866 1872 1860 1855 1867 1873 1861 
738 1855 1867 1873 1861 1856 1868 1874 1862 
739 1856 1868 1874 1862 1857 1869 1875 1863 
740 1857 1869 1875 1863 1858 1870 1876 1864 
741 1858 1870 1876 1864 786 787 821 820 
742 372 374 61 60 1859 1871 1223 1222 
743 1859 1871 1223 1222 1860 1872 1257 1256 
744 1860 1872 1257 1256 1861 1873 1291 1290 
745 1861 1873 1291 1290 1862 1874 1325 1324 
746 1862 1874 1325 1324 1863 1875 1359 1358 
747 1863 1875 1359 1358 1864 1876 1393 1392 
748 1864 1876 1393 1392 820 821 205 204 
749 27 28 375 373 1019 1020 1877 1865 
750 1019 1020 1877 1865 1053 1054 1878 1866 
751 1053 1054 1878 1866 1087 1088 1879 1867 
752 1087 1088 1879 1867 1121 1122 1880 1868 
753 1121 1122 1880 1868 1155 1156 1881 1869 
754 1155 1156 1881 1869 1189 1190 1882 1870 
755 1189 1190 1882 1870 171 172 788 787 
756 373 375 376 374 1865 1877 1883 1871 
757 1865 1877 1883 1871 1866 1878 1884 1872 
758 1866 1878 1884 1872 1867 1879 1885 1873 
759 1867 1879 1885 1873 1868 1880 1886 1874 
760 1868 1880 1886 1874 1869 1881 1887 1875 
761 1869 1881 1887 1875 1870 1882 1888 1876 
762 1870 1882 1888 1876 787 788 822 821 
763 374 376 62 61 1871 1883 1224 1223 
764 1871 1883 1224 1223 1872 1884 1258 1257 
765 1872 1884 1258 1257 1873 1885 1292 1291 
766 1873 1885 1292 1291 1874 1886 1326 1325 
767 1874 1886 1326 1325 1875 1887 1360 1359 
768 1875 1887 1360 1359 1876 1888 1394 1393 
769 1876 1888 1394 1393 821 822 206 205 
770 28 29 377 375 1020 1021 1889 1877 
771 1020 1021 1889 1877 1054 1055 1890 1878 
772 1054 1055 1890 1878 1088 1089 1891 1879 
773 1088 1089 1891 1879 1122 1123 1892 1880 
774 1122 1123 1892 1880 1156 1157 1893 1881 
775 1156 1157 1893 1881 1190 1191 1894 1882 
776 1190 1191 1894 1882 172 173 789 788 
777 375 377 378 376 1877 1889 1895 1883 
778 1877 1889 1895 1883 1878 1890 1896 1884 
779 1878 1890 1896 1884 1879 1891 1897 1885 
780 1879 1891 1897 1885 1880 1892 1898 1886 
781 1880 1892 1898 1886 1881 1893 1899 1887 
782 1881 1893 1899 1887 1882 1894 1900 1888 
783 1882 1894 1900 1888 788 789 823 822 
784 376 378 63 62 1883 1895 1225 1224 
785 1883 1895 1225 1224 1884 1896 1259 1258 
786 1884 1896 1259 1258 1885 1897 1293 1292 
787 1885 1897 1293 1292 1886 1898 1327 1326 
788 1886 1898 1327 1326 1887 1899 1361 1360 
789 1887 1899 1361 1360 1888 1900 1395 1394 
790 1888 1900 1395 1394 822 823 207 206 
791 29 30 379 377 1021 1022 1901 1889 
792 1021 1022 1901 1889 1055 1056 1902 1890 
793 1055 1056 1902 1890 1089 1090 1903 1891 
794 1089 1090 1903 1891 1123 1124 1904 1892 
795 1123 1124 1904 1892 1157 1158 1905 1893 
796 1157 1158 1905 1893 1191 1192 1906 1894 
797 1191 1192 1906 1894 173 174 790 789 
798 377 379 380 378 1889 1901 1907 1895 
799 1889 1901 1907 1895 1890 1902 1908 1896 
800 1890 1902 1908 1896 1891 1903 1909 1897 
801 1891 1903 1909 1897 1892 1904 1910 1898 
802 1892 1904 1910 1898 1893 1905 1911 1899 
803 1893 1905 1911 1899 1894 1906 1912 1900 
804 1894 1906 1912 1900 789 790 824 823 
805 378 380 64 63 1895 1907 1226 1225 
806 1895 1907 1226 1225 1896 1908 1260 1259 
807 1896 1908 1260 1259 1897 1909 1294 1293 
808 1897 1909 1294 1293 1898 1910 1328 1327 
809 1898 1910 1328 1327 1899 1911 1362 1361 
810 1899 1911 1362 1361 1900 1912 1396 1395 
811 1900 1912 1396 1395 823 824 208 207 
812 30 31 381 379 1022 1023 1913 1901 
813 1022 1023 1913 1901 1056 1057 1914 1902 
814 1056 1057 1914 1902 1090 1091 1915 1903 
815 1090 1091 1915 1903 1124 1125 1916 1904 
816 1124 1125 1916 1904 1158 1159 1917 1905 
817 1158 1159 1917 1905 1192 1193 1918 1906 
818 1192 1193 1918 1906 174 175 791 790 
819 379 381 382 380 1901 1913 1919 1907 
820 1901 1913 1919 1907 1902 1914 1920 1908 
821 1902 1914 1920 1908 1903 1915 1921 1909 
822 1903 1915 1921 1909 1904 1916 1922 1910 
823 1904 1916 1922 1910 1905 1917 1923 1911 
824 1905 1917 1923 1911 1906 1918 1924 1912 
825 1906 1918 1924 1912 790 791 825 824 
826 380 382 65 64 1907 1919 1227 1226 
827 1907 1919 1227 1226 1908 1920 1261 1260 
828 1908 1920 1261 1260 1909 1921 1295 1294 
829 1909 1921 1295 1294 1910 1922 1329 1328 
830 1910 1922 1329 1328 1911 1923 1363 1362 
831 1911 1923 1363 1362 1912 1924 1397 1396 
832 1912 1924 1397 1396 824 825 209 208 
833 31 32 383 381 1023 1024 1925 1913 
834 1023 1024 1925 1913 1057 1058 1926 1914 
835 1057 1058 1926 1914 1091 1092 1927 1915 
836 1091 1092 1927 1915 1125 1126 1928 1916 
837 1125 1126 1928 1916 1159 1160 1929 1917 
838 1159 1160 1929 1917 1193 1194 1930 1918 
839 1193 1194 1930 1918 175 176 792 791 
840 381 383 384 382 1913 1925 1931 1919 
841 1913 1925 1931 1919 1914 1926 1932 1920 
842 1914 1926 1932 1920 1915 1927 1933 1921 
843 1915 1927 1933 1921 1916 1928 1934 1922 
844 1916 1928 1934 1922 1917 1929 1935 1923 
845 1917 1929 1935 1923 1918 1930 1936 1924 
846 1918 1930 1936 1924 791 792 826 825 
847 382 384 66 65 1919 1931 1228 1227 
848 1919 1931 1228 1227 1920 1932 1262 1261 
849 1920 1932 1262 1261 1921 1933 1296 1295 
850 1921 1933 1296 1295 1922 1934 1330 1329 
851 1922 1934 1330 1329 1923 1935 1364 1363 
852 1923 1935 1364 1363 1924 1936 1398 1397 
853 1924 1936 1398 1397 825 826 210 209 
854 32 33 385 383 1024 1025 1937 1925 
855 1024 1025 1937 1925 1058 1059 1938 1926 
856 1058 1059 1938 1926 1092 1093 1939 1927 
857 1092 1093 1939 1927 1126 1127 1940 1928 
858 1126 1127 1940 1928 1160 1161 1941 1929 
859 1160 1161 1941 1929 1194 1195 1942 1930 
860 1194 1195 1942 1930 176 177 793 792 
861 383 385 386 384 1925 1937 1943 1931 
862 1925 1937 1943 1931 1926 1938 1944 1932 
863 1926 1938 1944 1932 1927 1939 1945 1933 
864 1927 1939 1945 1933 1928 1940 1946 1934 
865 1928 1940 1946 1934 1929 1941 1947 1935 
866 1929 1941 1947 1935 1930 1942 1948 1936 
867 1930 1942 1948 1936 792 793 827 826 
868 384 386 67 66 1931 1943 1229 1228 
869 1931 1943 1229 1228 1932 1944 1263 1262 
870 1932 1944 1263 1262 1933 1945 1297 1296 
871 1933 1945 1297 1296 1934 1946 1331 1330 
872 1934 1946 1331 1330 1935 1947 1365 1364 
873 1935 1947 1365 1364 1936 1948 1399 1398 
874 1936 1948 1399 1398 826 827 211 210 
875 33 34 387 385 1025 1026 1949 1937 
876 1025 1026 1949 1937 1059 1060 1950 1938 
877 1059 1060 1950 1938 1093 1094 1951 1939 
878 1093 1094 1951 1939 1127 1128 1952 1940 
879 1127 1128 1952 1940 1161 1162 1953 1941 
880 1161 1162 1953 1941 1195 1196 1954 1942 
881 1195 1196 1954 1942 177 178 794 793 
882 385 387 388 386 1937 1949 1955 1943 
883 1937 1949 1955 1943 1938 1950 1956 1944 
884 1938 1950 1956 1944 1939 1951 1957 1945 
885 1939 1951 1957 1945 1940 1952 1958 1946 
886 1940 1952 1958 1946 1941 1953 1959 1947 
887 1941 1953 1959 1947 1942 1954 1960 1948 
888 1942 1954 1960 1948 793 794 828 827 
889 386 388 68 67 1943 1955 1230 1229 
890 1943 1955 1230 1229 1944 1956 1264 1263 
891 1944 1956 1264 1263 1945 1957 1298 1297 
892 1945 1957 1298 1297 1946 1958 1332 1331 
893 1946 1958 1332 1331 1947 1959 1366 1365 
894 1947 1959 1366 1365 1948 1960 1400 1399 
895 1948 1960 1400 1399 827 828 212 211 
896 34 35 389 387 1026 1027 1961 1949 
897 1026 1027 1961 1949 1060 1061 1962 1950 
898 1060 1061 1962 1950 1094 1095 1963 1951 
899 1094 1095 1963 1951 1128 1129 1964 1952 
900 1128 1129 1964 1952 1162 1163 1965 1953 
901 1162 1163 1965 1953 1196 1197 1966 1954 
902 1196 1197 1966 1954 178 179 795 794 
903 387 389 390 388 1949 1961 1967 1955 
904 1949 1961 1967 1955 1950 1962 1968 1956 
905 1950 1962 1968 1956 1951 1963 1969 1957 
906 1951 1963 1969 1957 1952 1964 1970 1958 
907 1952 1964 1970 1958 1953 1965 1971 1959 
908 1953 1965 1971 1959 1954 1966 1972 1960 
909 1954 1966 1972 1960 794 795 829 828 
910 388 390 69 68 1955 1967 1231 1230 
911 1955 1967 1231 1230 1956 1968 1265 1264 
912 1956 1968 1265 1264 1957 1969 1299 1298 
913 1957 1969 1299 1298 1958 1970 1333 1332 
914 1958 1970 1333 1332 1959 1971 1367 1366 
915 1959 1971 1367 1366 1960 1972 1401 1400 
916 1960 1972 1401 1400 828 829 213 212 
917 35 36 391 389 1027 1028 1973 1961 
918 1027 1028 1973 1961 1061 1062 1974 1962 
919 1061 1062 1974 1962 1095 1096 1975 1963 
920 1095 1096 1975 1963 1129 1130 1976 1964 
921 1129 1130 1976 1964 1163 1164 1977 1965 
922 1163 1164 1977 1965 1197 1198 1978 1966 
923 1197 1198 1978 1966 179 180 796 795 
924 389 391 392 390 1961 1973 1979 1967 
925 1961 1973 1979 1967 1962 1974 1980 1968 
926 1962 1974 1980 1968 1963 1975 1981 1969 
927 1963 1975 1981 1969 1964 1976 1982 1970 
928 1964 1976 1982 1970 1965 1977 1983 1971 
929 1965 1977 1983 1971 1966 1978 1984 1972 
930 1966 1978 1984 1972 795 796 830 829 
931 390 392 70 69 1967 1979 1232 1231 
932 1967 1979 1232 1231 1968 1980 1266 1265 
933 1968 1980 1266 1265 1969 1981 1300 1299 
934 1969 1981 1300 1299 1970 1982 1334 1333 
935 1970 1982 1334 1333 1971 1983 1368 1367 
936 1971 1983 1368 1367 1972 1984 1402 1401 
937 1972 1984 1402 1401 829 830 214 213 
938 36 37 393 391 1028 1029 1985 1973 
939 1028 1029 1985 1973 1062 1063 1986 1974 
940 1062 1063 1986 1974 1096 1097 1987 1975 
941 1096 1097 1987 1975 1130 1131 1988 1976 
942 1130 1131 1988 1976 1164 1165 1989 1977 
943 1164 1165 1989 1977 1198 1199 1990 1978 
944 1198 1199 1990 1978 180 181 797 796 
945 391 393 394 392 1973 1985 1991 1979 
946 1973 1985 1991 1979 1974 1986 1992 1980 
947 1974 1986 1992 1980 1975 1987 1993 1981 
948 1975 1987 1993 1981 1976 1988 1994 1982 
949 1976 1988 1994 1982 1977 1989 1995 1983 
950 1977 1989 1995 1983 1978 1990 1996 1984 
951 1978 1990 1996 1984 796 797 831 830 
952 392 394 71 70 1979 1991 1233 1232 
953 1979 1991 1233 1232 1980 1992 1267 1266 
954 1980 1992 1267 1266 1981 1993 1301 1300 
955 1981 1993 1301 1300 1982 1994 1335 1334 
956 1982 1994 1335 1334 1983 1995 1369 1368 
957 1983 1995 1369 1368 1984 1996 1403 1402 
958 1984 1996 1403 1402 830 831 215 214 
959 37 38 395 393 1029 1030 1997 1985 
960 1029 1030 1997 1985 1063 1064 1998 1986 
961 1063 1064 1998 1986 1097 1098 1999 1987 
962 1097 1098 1999 1987 1131 1132 2000 1988 
963 1131 1132 2000 1988 1165 1166 2001 1989 
964 1165 1166 2001 1989 1199 1200 2002 1990 
965 1199 1200 2002 1990 181 182 798 797 
966 393 395 396 394 1985 1997 2003 1991 
967 1985 1997 2003 1991 1986 1998 2004 1992 
968 1986 1998 2004 1992 1987 1999 2005 1993 
969 1987 1999 2005 1993 1988 2000 2006 1994 
970 1988 2000 2006 1994 1989 2001 2007 1995 
971 1989 2001 2007 1995 1990 2002 2008 1996 
972 1990 2002 2008 1996 797 798 832 831 
973 394 396 72 71 1991 2003 1234 1233 
974 1991 2003 1234 1233 1992 2004 1268 1267 
975 1992 2004 1268 1267 1993 2005 1302 1301 
976 1993 2005 1302 1301 1994 2006 1336 1335 
977 1994 2006 1336 1335 1995 2007 1370 1369 
978 1995 2007 1370 1369 1996 2008 1404 1403 
979 1996 2008 1404 1403 831 832 216 215 
980 38 39 397 395 1030 1031 2009 1997 
981 1030 1031 2009 1997 1064 1065 2010 1998 
982 1064 1065 2010 1998 1098 1099 2011 1999 
983 1098 1099 2011 1999 1132 1133 2012 2000 
984 1132 1133 2012 2000 1166 1167 2013 2001 
985 1166 1167 2013 2001 1200 1201 2014 2002 
986 1200 1201 2014 2002 182 183 799 798 
987 395 397 398 396 1997 2009 2015 2003 
988 1997 2009 2015 2003 1998 2010 2016 2004 
989 1998 2010 2016 2004 1999 2011 2017 2005 
990 1999 2011 2017 2005 2000 2012 2018 2006 
991 2000 2012 2018 2006 2001 2013 2019 2007 
992 2001 2013 2019 2007 2002 2014 2020 2008 
993 2002 2014 2020 2008 798 799 833 832 
994 396 398 73 72 2003 2015 1235 1234 
995 2003 2015 1235 1234 2004 2016 1269 1268 
996 2004 2016 1269 1268 2005 2017 1303 1302 
997 2005 2017 1303 1302 2006 2018 1337 1336 
998 2006 2018 1337 1336 2007 2019 1371 1370 
999 2007 2019 1371 1370 2008 2020 1405 1404 
1000 2008 2020 1405 1404 832 833 217 216 
1001 39 40 399 397 1031 1032 2021 2009 
1002 1031 1032 2021 2009 1065 1066 2022 2010 
1003 1065 1066 2022 2010 1099 1100 2023 2011 
1004 1099 1100 2023 2011 1133 1134 2024 2012 
1005 1133 1134 2024 2012 1167 1168 2025 2013 
1006 1167 1168 2025 2013 1201 1202 2026 2014 
1007 1201 1202 2026 2014 183 184 800 799 
1008 397 399 400 398 2009 2021 2027 2015 
1009 2009 2021 2027 2015 2010 2022 2028 2016 
1010 2010 2022 2028 2016 2011 2023 2029 2017 
1011 2011 2023 2029 2017 2012 2024 2030 2018 
1012 2012 2024 2030 2018 2013 2025 2031 2019 
1013 2013 2025 2031 2019 2014 2026 2032 2020 
1014 2014 2026 2032 2020 799 800 834 833 
1015 398 400 74 73 2015 2027 1236 1235 
1016 2015 2027 1236 1235 2016 2028 1270 1269 
1017 2016 2028 1270 1269 2017 2029 1304 1303 
1018 2017 2029 1304 1303 2018 2030 1338 1337 
1019 2018 2030 1338 1337 2019 2031 1372 1371 
1020 2019 2031 1372 1371 2020 2032 1406 1405 
1021 2020 2032 1406 1405 833 834 218 217 
1022 40 41 401 399 1032 1033 2033 2021 
1023 1032 1033 2033 2021 1066 1067 2034 2022 
1024 1066 1067 2034 2022 1100 1101 2035 2023 
1025 1100 1101 2035 2023 1134 1135 2036 2024 
1026 1134 1135 2036 2024 1168 1169 2037 2025 
1027 1168 1169 2037 2025 1202 1203 2038 2026 
1028 1202 1203 2038 2026 184 185 801 800 
1029 399 401 402 400 2021 2033 2039 2027 
1030 2021 2033 2039 2027 2022 2034 2040 2028 
1031 2022 2034 2040 2028 2023 2035 2041 2029 
1032 2023 2035 2041 2029 2024 2036 2042 2030 
1033 2024 2036 2042 2030 2025 2037 2043 2031 
1034 2025 2037 2043 2031 2026 2038 2044 2032 
1035 2026 2038 2044 2032 800 801 835 834 
1036 400 402 75 74 2027 2039 1237 1236 
1037 2027 2039 1237 1236 2028 2040 1271 1270 
1038 2028 2040 1271 1270 2029 2041 1305 1304 
1039 2029 2041 1305 1304 2030 2042 1339 1338 
1040 2030 2042 1339 1338 2031 2043 1373 1372 
1041 2031 2043 1373 1372 2032 2044 1407 1406 
1042 2032 2044 1407 1406 834 835 219 218 
1043 41 42 403 401 1033 1034 2045 2033 
1044 1033 1034 2045 2033 1067 1068 2046 2034 
1045 1067 1068 2046 2034 1101 1102 2047 2035 
1046 1101 1102 2047 2035 1135 1136 2048 2036 
1047 1135 1136 2048 2036 1169 1170 2049 2037 
1048 1169 1170 2049 2037 1203 1204 2050 2038 
1049 1203 1204 2050 2038 185 186 802 801 
1050 401 403 404 402 2033 2045 2051 2039 
1051 2033 2045 2051 2039 2034 2046 2052 2040 
1052 2034 2046 2052 2040 2035 2047 2053 2041 
1053 2035 2047 2053 2041 2036 2048 2054 2042 
1054 2036 2048 2054 2042 2037 2049 2055 2043 
1055 2037 2049 2055 2043 2038 2050 2056 2044 
1056 2038 2050 2056 2044 801 802 836 835 
1057 402 404 76 75 2039 2051 1238 1237 
1058 2039 2051 1238 1237 2040 2052 1272 1271 
1059 2040 2052 1272 1271 2041 2053 1306 1305 
1060 2041 2053 1306 1305 2042 2054 1340 1339 
1061 2042 2054 1340 1339 2043 2055 1374 1373 
1062 2043 2055 1374 1373 2044 2056 1408 1407 
1063 2044 2056 1408 1407 835 836 220 219 
1064 42 43 405 403 1034 1035 2057 2045 
1065 1034 1035 2057 2045 1068 1069 2058 2046 
1066 1068 1069 2058 2046 1102 1103 2059 2047 
1067 1102 1103 2059 2047 1136 1137 2060 2048 
1068 1136 1137 2060 2048 1170 1171 2061 2049 
1069 1170 1171 2061 2049 1204 1205 2062 2050 
1070 1204 1205 2062 2050 186 187 803 802 
1071 403 405 406 404 2045 2057 2063 2051 
1072 2045 2057 2063 2051 2046 2058 2064 2052 
1073 2046 2058 2064 2052 2047 2059 2065 2053 
1074 2047 2059 2065 2053 2048 2060 2066 2054 
1075 2048 2060 2066 2054 2049 2061 2067 2055 
1076 2049 2061 2067 2055 2050 2062 2068 2056 
1077 2050 2062 2068 2056 802 803 837 836 
1078 404 406 77 76 2051 2063 1239 1238 
1079 2051 2063 1239 1238 2052 2064 1273 1272 
1080 2052 2064 1273 1272 2053 2065 1307 1306 
1081 2053 2065 1307 1306 2054 2066 1341 1340 
1082 2054 2066 1341 1340 2055 2067 1375 1374 
1083 2055 2067 1375 1374 2056 2068 1409 1408 
1084 2056 2068 1409 1408 836 837 221 220 
1085 43 44 407 405 1035 1036 2069 2057 
1086 1035 1036 2069 2057 1069 1070 2070 2058 
1087 1069 1070 2070 2058 1103 1104 2071 2059 
1088 1103 1104 2071 2059 1137 1138 2072 2060 
1089 1137 1138 2072 2060 1171 1172 2073 2061 
1090 1171 1172 2073 2061 1205 1206 2074 2062 
1091 1205 1206 2074 2062 187 188 804 803 
1092 405 407 408 406 2057 2069 2075 2063 
1093 2057 2069 2075 2063 2058 2070 2076 2064 
1094 2058 2070 2076 2064 2059 2071 2077 2065 
1095 2059 2071 2077 2065 2060 2072 2078 2066 
1096 2060 2072 2078 2066 2061 2073 2079 2067 
1097 2061 2073 2079 2067 2062 2074 2080 2068 
1098 2062 2074 2080 2068 803 804 838 837 
1099 406 408 78 77 2063 2075 1240 1239 
1100 2063 2075 1240 1239 2064 2076 1274 1273 
1101 2064 2076 1274 1273 2065 2077 1308 1307 
1102 2065 2077 1308 1307 2066 2078 1342 1341 
1103 2066 2078 1342 1341 2067 2079 1376 1375 
1104 2067 2079 1376 1375 2068 2080 1410 1409 
1105 2068 2080 1410 1409 837 838 222 221 
1106 44 45 409 407 1036 1037 2081 2069 
1107 1036 1037 2081 2069 1070 1071 2082 2070 
1108 1070 1071 2082 2070 1104 1105 2083 2071 
1109 1104 1105 2083 2071 1138 1139 2084 2072 
1110 1138 1139 2084 2072 1172 1173 2085 2073 
1111 1172 1173 2085 2073 1206 1207 2086 2074 
1112 1206 1207 2086 2074 188 189 805 804 
1113 407 409 410 408 2069 2081 2087 2075 
1114 2069 2081 2087 2075 2070 2082 2088 2076 
1115 2070 2082 2088 2076 2071 2083 2089 2077 
1116 2071 2083 2089 2077 2072 2084 2090 2078 
1117 2072 2084 2090 2078 2073 2085 2091 2079 
1118 2073 2085 2091 2079 2074 2086 2092 2080 
1119 2074 2086 2092 2080 804 805 839 838 
1120 408 410 79 78 2075 2087 1241 1240 
1121 2075 2087 1241 1240 2076 2088 1275 1274 
1122 2076 2088 1275 1274 2077 2089 1309 1308 
1123 2077 2089 1309 1308 2078 2090 1343 1342 
1124 2078 2090 1343 1342 2079 2091 1377 1376 
1125 2079 2091 1377 1376 2080 2092 1411 1410 
1126 2080 2092 1411 1410 838 839 223 222 
1127 45 46 411 409 1037 1038 2093 2081 
1128 1037 1038 2093 2081 1071 1072 2094 2082 
1129 1071 1072 2094 2082 1105 1106 2095 2083 
1130 1105 1106 2095 2083 1139 1140 2096 2084 
1131 1139 1140 2096 2084 1173 1174 2097 2085 
1132 1173 1174 2097 2085 1207 1208 2098 2086 
1133 1207 1208 2098 2086 189 190 806 805 
1134 409 411 412 410 2081 2093 2099 2087 
1135 2081 2093 2099 2087 2082 2094 2100 2088 
1136 2082 2094 2100 2088 2083 2095 2101 2089 
1137 2083 2095 2101 2089 2084 2096 2102 2090 
1138 2084 2096 2102 2090 2085 2097 2103 2091 
1139 2085 2097 2103 2091 2086 2098 2104 2092 
1140 2086 2098 2104 2092 805 806 840 839 
1141 410 412 80 79 2087 2099 1242 1241 
1142 2087 2099 1242 1241 2088 2100 1276 1275 
1143 2088 2100 1276 1275 2089 2101 1310 1309 
1144 2089 2101 1310 1309 2090 2102 1344 1343 
1145 2090 2102 1344 1343 2091 2103 1378 1377 
1146 2091 2103 1378 1377 2092 2104 1412 1411 
1147 2092 2104 1412 1411 839 840 224 223 
1148 46 47 413 411 1038 1039 2105 2093 
1149 1038 1039 2105 2093 1072 1073 2106 2094 
1150 1072 1073 2106 2094 1106 1107 2107 2095 
1151 1106 1107 2107 2095 1140 1141 2108 2096 
1152 1140 1141 2108 2096 1174 1175 2109 2097 
1153 1174 1175 2109 2097 1208 1209 2110 2098 
1154 1208 1209 2110 2098 190 191 807 806 
1155 411 413 414 412 2093 2105 2111 2099 
1156 2093 2105 2111 2099 2094 2106 2112 2100 
1157 2094 2106 2112 2100 2095 2107 2113 2101 
1158 2095 2107 2113 2101 2096 2108 2114 2102 
1159 2096 2108 2114 2102 2097 2109 2115 2103 
1160 2097 2109 2115 2103 2098 2110 2116 2104 
1161 2098 2110 2116 2104 806 807 841 840 
1162 412 414 81 80 2099 2111 1243 1242 
1163 2099 2111 1243 1242 2100 2112 1277 1276 
1164 2100 2112 1277 1276 2101 2113 1311 1310 
1165 2101 2113 1311 1310 2102 2114 1345 1344 
1166 2102 2114 1345 1344 2103 2115 1379 1378 
1167 2103 2115 1379 1378 2104 2116 1413 1412 
1168 2104 2116 1413 1412 840 841 225 224 
1169 47 48 415 413 1039 1040 2117 2105 
1170 1039 1040 2117 2105 1073 1074 2118 2106 
1171 1073 1074 2118 2106 1107 1108 2119 2107 
1172 1107 1108 2119 2107 1141 1142 2120 2108 
1173 1141 1142 2120 2108 1175 1176 2121 2109 
1174 1175 1176 2121 2109 1209 1210 2122 2110 
1175 1209 1210 2122 2110 191 192 808 807 
1176 413 415 416 414 2105 2117 2123 2111 
1177 2105 2117 2123 2111 2106 2118 2124 2112 
1178 2106 2118 2124 2112 2107 2119 2125 2113 
1179 2107 2119 2125 2113 2108 2120 2126 2114 
1180 2108 2120 2126 2114 2109 2121 2127 2115 
1181 2109 2121 2127 2115 2110 2122 2128 2116 
1182 2110 2122 2128 2116 807 808 842 841 
1183 414 416 82 81 2111 2123 1244 1243 
1184 2111 2123 1244 1243 2112 2124 1278 1277 
1185 2112 2124 1278 1277 2113 2125 1312 1311 
1186 2113 2125 1312 1311 2114 2126 1346 1345 
1187 2114 2126 1346 1345 2115 2127 1380 1379 
1188 2115 2127 1380 1379 2116 2128 1414 1413 
1189 2116 2128 1414 1413 841 842 226 225 
1190 48 49 417 415 1040 1041 2129 2117 
1191 1040 1041 2129 2117 1074 1075 2130 2118 
1192 1074 1075 2130 2118 1108 1109 2131 2119 
1193 1108 1109 2131 2119 1142 1143 2132 2120 
1194 1142 1143 2132 2120 1176 1177 2133 2121 
1195 1176 1177 2133 2121 1210 1211 2134 2122 
1196 1210 1211 2134 2122 192 193 809 808 
1197 415 417 418 416 2117 2129 2135 2123 
1198 2117 2129 2135 2123 2118 2130 2136 2124 
1199 2118 2130 2136 2124 2119 2131 2137 2125 
1200 2119 2131 2137 2125 2120 2132 2138 2126 
1201 2120 2132 2138 2126 2121 2133 2139 2127 
1202 2121 2133 2139 2127 2122 2134 2140 2128 
1203 2122 2134 2140 2128 808 809 843 842 
1204 416 418 83 82 2123 2135 1245 1244 
1205 2123 2135 1245 1244 2124 2136 1279 1278 
1206 2124 2136 1279 1278 2125 2137 1313 1312 
1207 2125 2137 1313 1312 2126 2138 1347 1346 
1208 2126 2138 1347 1346 2127 2139 1381 1380 
1209 2127 2139 1381 1380 2128 2140 1415 1414 
1210 2128 2140 1415 1414 842 843 227 226 
1211 49 50 419 417 1041 1042 2141 2129 
1212 1041 1042 2141 2129 1075 1076 2142 2130 
1213 1075 1076 2142 2130 1109 1110 2143 2131 
1214 1109 1110 2143 2131 1143 1144 2144 2132 
1215 1143 1144 2144 2132 1177 1178 2145 2133 
1216 1177 1178 2145 2133 1211 1212 2146 2134 
1217 1211 1212 2146 2134 193 194 810 809 
1218 417 419 420 418 2129 2141 2147 2135 
1219 2129 2141 2147 2135 2130 2142 2148 2136 
1220 2130 2142 2148 2136 2131 2143 2149 2137 
1221 2131 2143 2149 2137 2132 2144 2150 2138 
1222 2132 2144 2150 2138 2133 2145 2151 2139 
1223 2133 2145 2151 2139 2134 2146 2152 2140 
1224 2134 2146 2152 2140 809 810 844 843 
1225 418 420 84 83 2135 2147 1246 1245 
1226 2135 2147 1246 1245 2136 2148 1280 1279 
1227 2136 2148 1280 1279 2137 2149 1314 1313 
1228 2137 2149 1314 1313 2138 2150 1348 1347 
1229 2138 2150 1348 1347 2139 2151 1382 1381 
1230 2139 2151 1382 1381 2140 2152 1416 1415 
1231 2140 2152 1416 1415 843 844 228 227 
1232 50 51 421 419 1042 1043 2153 2141 
1233 1042 1043 2153 2141 1076 1077 2154 2142 
1234 1076 1077 2154 2142 1110 1111 2155 2143 
1235 1110 1111 2155 2143 1144 1145 2156 2144 
1236 1144 1145 2156 2144 1178 1179 2157 2145 
1237 1178 1179 2157 2145 1212 1213 2158 2146 
1238 1212 1213 2158 2146 194 195 811 810 
1239 419 421 422 420 2141 2153 2159 2147 
1240 2141 2153 2159 2147 2142 2154 2160 2148 
1241 2142 2154 2160 2148 2143 2155 2161 2149 
1242 2143 2155 2161 2149 2144 2156 2162 2150 
1243 2144 2156 2162 2150 2145 2157 2163 2151 
1244 2145 2157 2163 2151 2146 2158 2164 2152 
1245 2146 2158 2164 2152 810 811 845 844 
1246 420 422 85 84 2147 2159 1247 1246 
1247 2147 2159 1247 1246 2148 2160 1281 1280 
1248 2148 2160 1281 1280 2149 2161 1315 1314 
1249 2149 2161 1315 1314 2150 2162 1349 1348 
1250 2150 2162 1349 1348 2151 2163 1383 1382 
1251 2151 2163 1383 1382 2152 2164 1417 1416 
1252 2152 2164 1417 1416 844 845 229 228 
1253 51 52 423 421 1043 1044 2165 2153 
1254 1043 1044 2165 2153 1077 1078 2166 2154 
1255 1077 1078 2166 2154 1111 1112 2167 2155 
1256 1111 1112 2167 2155 1145 1146 2168 2156 
1257 1145 1146 2168 2156 1179 1180 2169 2157 
1258 1179 1180 2169 2157 1213 1214 2170 2158 
1259 1213 1214 2170 2158 195 196 812 811 
1260 421 423 424 422 2153 2165 2171 2159 
1261 2153 2165 2171 2159 2154 2166 2172 2160 
1262 2154 2166 2172 2160 2155 2167 2173 2161 
1263 2155 2167 2173 2161 2156 2168 2174 2162 
1264 2156 2168 2174 2162 2157 2169 2175 2163 
1265 2157 2169 2175 2163 2158 2170 2176 2164 
1266 2158 2170 2176 2164 811 812 846 845 
1267 422 424 86 85 2159 2171 1248 1247 
1268 2159 2171 1248 1247 2160 2172 1282 1281 
1269 2160 2172 1282 1281 2161 2173 1316 1315 
1270 2161 2173 1316 1315 2162 2174 1350 1349 
1271 2162 2174 1350 1349 2163 2175 1384 1383 
1272 2163 2175 1384 1383 2164 2176 1418 1417 
1273 2164 2176 1418 1417 845 846 230 229 
1274 52 53 425 423 1044 1045 2177 2165 
1275 1044 1045 2177 2165 1078 1079 2178 2166 
1276 1078 1079 2178 2166 1112 1113 2179 2167 
1277 1112 1113 2179 2167 1146 1147 2180 2168 
1278 1146 1147 2180 2168 1180 1181 2181 2169 
1279 1180 1181 2181 2169 1214 1215 2182 2170 
1280 1214 1215 2182 2170 196 197 813 812 
1281 423 425 426 424 2165 2177 2183 2171 
1282 2165 2177 2183 2171 2166 2178 2184 2172 
1283 2166 2178 2184 2172 2167 2179 2185 2173 
1284 2167 2179 2185 2173 2168 2180 2186 2174 
1285 2168 2180 2186 2174 2169 2181 2187 2175 
1286 2169 2181 2187 2175 2170 2182 2188 2176 
1287 2170 2182 2188 2176 812 813 847 846 
1288 424 426 87 86 2171 2183 1249 1248 
1289 2171 2183 1249 1248 2172 2184 1283 1282 
1290 2172 2184 1283 1282 2173 2185 1317 1316 
1291 2173 2185 1317 1316 2174 2186 1351 1350 
1292 2174 2186 1351 1350 2175 2187 1385 1384 
1293 2175 2187 1385 1384 2176 2188 1419 1418 
1294 2176 2188 1419 1418 846 847 231 230 
1295 53 54 427 425 1045 1046 2189 2177 
1296 1045 1046 2189 2177 1079 1080 2190 2178 
1297 1079 1080 2190 2178 1113 1114 2191 2179 
1298 1113 1114 2191 2179 1147 1148 2192 2180 
1299 1147 1148 2192 2180 1181 1182 2193 2181 
1300 1181 1182 2193 2181 1215 1216 2194 2182 
1301 1215 1216 2194 2182 197 198 814 813 
1302 425 427 428 426 2177 2189 2195 2183 
1303 2177 2189 2195 2183 2178 2190 2196 2184 
1304 2178 2190 2196 2184 2179 2191 2197 2185 
1305 2179 2191 2197 2185 2180 2192 2198 2186 
1306 2180 2192 2198 2186 2181 2193 2199 2187 
1307 2181 2193 2199 2187 2182 2194 2200 2188 
1308 2182 2194 2200 2188 813 814 848 847 
1309 426 428 88 87 2183 2195 1250 1249 
1310 2183 2195 1250 1249 2184 2196 1284 1283 
1311 2184 2196 1284 1283 2185 2197 1318 1317 
1312 2185 2197 1318 1317 2186 2198 1352 1351 
1313 2186 2198 1352 1351 2187 2199 1386 1385 
1314 2187 2199 1386 1385 2188 2200 1420 1419 
1315 2188 2200 1420 1419 847 848 232 231 
1316 54 55 429 427 1046 1047 2201 2189 
1317 1046 1047 2201 2189 1080 1081 2202 2190 
1318 1080 1081 2202 2190 1114 1115 2203 2191 
1319 1114 1115 2203 2191 1148 1149 2204 2192 
1320 1148 1149 2204 2192 1182 1183 2205 2193 
1321 1182 1183 2205 2193 1216 1217 2206 2194 
1322 1216 1217 2206 2194 198 199 815 814 
1323 427 429 430 428 2189 2201 2207 2195 
1324 2189 2201 2207 2195 2190 2202 2208 2196 
1325 2190 2202 2208 2196 2191 2203 2209 2197 
1326 2191 2203 2209 2197 2192 2204 2210 2198 
1327 2192 2204 2210 2198 2193 2205 2211 2199 
1328 2193 2205 2211 2199 2194 2206 2212 2200 
1329 2194 2206 2212 2200 814 815 849 848 
1330 428 430 89 88 2195 2207 1251 1250 
1331 2195 2207 1251 1250 2196 2208 1285 1284 
1332 2196 2208 1285 1284 2197 2209 1319 1318 
1333 2197 2209 1319 1318 2198 2210 1353 1352 
1334 2198 2210 1353 1352 2199 2211 1387 1386 
1335 2199 2211 1387 1386 2200 2212 1421 1420 
1336 2200 2212 1421 1420 848 849 233 232 
1337 55 56 431 429 1047 1048 2213 2201 
1338 1047 1048 2213 2201 1081 1082 2214 2202 
1339 1081 1082 2214 2202 1115 1116 2215 2203 
1340 1115 1116 2215 2203 1149 1150 2216 2204 
1341 1149 1150 2216 2204 1183 1184 2217 2205 
1342 1183 1184 2217 2205 1217 1218 2218 2206 
1343 1217 1218 2218 2206 199 200 816 815 
1344 429 431 432 430 2201 2213 2219 2207 
1345 2201 2213 2219 2207 2202 2214 2220 2208 
1346 2202 2214 2220 2208 2203 2215 2221 2209 
1347 2203 2215 2221 2209 2204 2216 2222 2210 
1348 2204 2216 2222 2210 2205 2217 2223 2211 
1349 2205 2217 2223 2211 2206 2218 2224 2212 
1350 2206 2218 2224 2212 815 816 850 849 
1351 430 432 90 89 2207 2219 1252 1251 
1352 2207 2219 1252 1251 2208 2220 1286 1285 
1353 2208 2220 1286 1285 2209 2221 1320 1319 
1354 2209 2221 1320 1319 2210 2222 1354 1353 
1355 2210 2222 1354 1353 2211 2223 1388 1387 
1356 2211 2223 1388 1387 2212 2224 1422 1421 
1357 2212 2224 1422 1421 849 850 234 233 
1358 56 57 433 431 1048 1049 2225 2213 
1359 1048 1049 2225 2213 1082 1083 2226 2214 
1360 1082 1083 2226 2214 1116 1117 2227 2215 
1361 1116 1117 2227 2215 1150 1151 2228 2216 
1362 1150 1151 2228 2216 1184 1185 2229 2217 
1363 1184 1185 2229 2217 1218 1219 2230 2218 
1364 1218 1219 2230 2218 200 201 817 816 
1365 431 433 434 432 2213 2225 2231 2219 
1366 2213 2225 2231 2219 2214 2226 2232 2220 
1367 2214 2226 2232 2220 2215 2227 2233 2221 
1368 2215 2227 2233 2221 2216 2228 2234 2222 
1369 2216 2228 2234 2222 2217 2229 2235 2223 
1370 2217 2229 2235 2223 2218 2230 2236 2224 
1371 2218 2230 2236 2224 816 817 851 850 
1372 432 434 91 90 2219 2231 1253 1252 
1373 2219 2231 1253 1252 2220 2232 1287 1286 
1374 2220 2232 1287 1286 2221 2233 1321 1320 
1375 2221 2233 1321 1320 2222 2234 1355 1354 
1376 2222 2234 1355 1354 2223 2235 1389 1388 
1377 2223 2235 1389 1388 2224 2236 1423 1422 
1378 2224 2236 1423 1422 850 851 235 234 
1379 57 58 435 433 1049 1050 2237 2225 
1380 1049 1050 2237 2225 1083 1084 2238 2226 
1381 1083 1084 2238 2226 1117 1118 2239 2227 
1382 1117 1118 2239 2227 1151 1152 2240 2228 
1383 1151 1152 2240 2228 1185 1186 2241 2229 
1384 1185 1186 2241 2229 1219 1220 2242 2230 
1385 1219 1220 2242 2230 201 202 818 817 
1386 433 435 436 434 2225 2237 2243 2231 
1387 2225 2237 2243 2231 2226 2238 2244 2232 
1388 2226 2238 2244 2232 2227 2239 2245 2233 
1389 2227 2239 2245 2233 2228 2240 2246 2234 
1390 2228 2240 2246 2234 2229 2241 2247 2235 
1391 2229 2241 2247 2235 2230 2242 2248 2236 
1392 2230 2242 2248 2236 817 818 852 851 
1393 434 436 92 91 2231 2243 1254 1253 
1394 2231 2243 1254 1253 2232 2244 1288 1287 
1395 2232 2244 1288 1287 2233 2245 1322 1321 
1396 2233 2245 1322 1321 2234 2246 1356 1355 
1397 2234 2246 1356 1355 2235 2247 1390 1389 
1398 2235 2247 1390 1389 2236 2248 1424 1423 
1399 2236 2248 1424 1423 851 852 236 235 
1400 58 5 93 435 1050 345 969 2237 
1401 1050 345 969 2237 1084 346 971 2238 
1402 1084 346 971 2238 1118 347 973 2239 
1403 1118 347 973 2239 1152 348 975 2240 
1404 1152 348 975 2240 1186 349 977 2241 
1405 1186 349 977 2241 1220 350 979 2242 
1406 1220 350 979 2242 202 13 313 818 
1407 435 93 94 436 2237 969 970 2243 
1408 2237 969 970 2243 2238 971 972 2244 
1409 2238 971 972 2244 2239 973 974 2245 
1410 2239 973 974 2245 2240 975 976 2246 
1411 2240 975 976 2246 2241 977 978 2247 
1412 2241 977 978 2247 2242 979 980 2248 
1413 2242 979 980 2248 818 313 314 852 
1414 436 94 6 92 2243 970 351 1254 
1415 2243 970 351 1254 2244 972 352 1288 
1416 2244 972 352 1288 2245 974 353 1322 
1417 2245 974 353 1322 2246 976 354 1356 
1418 2246 976 354 1356 2247 978 355 1390 
1419 2247 978 355 1390 2248 980 356 1424 
1420 2248 980 356 1424 852 314 14 236 
3 80 5 735
1421 3 95 505 21 333 1629 2249 945 
1422 333 1629 2249 945 334 1663 2250 946 
1423 334 1663 2250 946 335 1697 2251 947 
1424 335 1697 2251 947 336 1731 2252 948 
1425 336 1731 2252 948 337 1765 2253 949 
1426 337 1765 2253 949 338 1799 2254 950 
1427 338 1799 2254 950 11 237 853 309 
1428 21 505 506 22 945 2249 2255 951 
1429 945 2249 2255 951 946 2250 2256 952 
1430 946 2250 2256 952 947 2251 2257 953 
1431 947 2251 2257 953 948 2252 2258 954 
1432 948 2252 2258 954 949 2253 2259 955 
1433 949 2253 2259 955 950 2254 2260 956 
1434 950 2254 2260 956 309 853 887 310 
1435 22 506 131 4 951 2255 1425 339 
1436 951 2255 1425 339 952 2256 1459 340 
1437 952 2256 1459 340 953 2257 1493 341 
1438 953 2257 1493 341 954 2258 1527 342 
1439 954 2258 1527 342 955 2259 1561 343 
1440 955 2259 1561 343 956 2260 1595 344 
1441 956 2260 1595 344 310 887 271 12 
1442 95 96 507 505 1629 1630 2261 2249 
1443 1629 1630 2261 2249 1663 1664 2262 2250 
1444 1663 1664 2262 2250 1697 1698 2263 2251 
1445 1697 1698 2263 2251 1731 1732 2264 2252 
1446 1731 1732 2264 2252 1765 1766 2265 2253 
1447 1765 1766 2265 2253 1799 1800 2266 2254 
1448 1799 1800 2266 2254 237 238 854 853 
1449 505 507 508 506 2249 2261 2267 2255 
1450 2249 2261 2267 2255 2250 2262 2268 2256 
1451 2250 2262 2268 2256 2251 2263 2269 2257 
1452 2251 2263 2269 2257 2252 2264 2270 2258 
1453 2252 2264 2270 2258 2253 2265 2271 2259 
1454 2253 2265 2271 2259 2254 2266 2272 2260 
1455 2254 2266 2272 2260 853 854 888 887 
1456 506 508 132 131 2255 2267 1426 1425 
1457 2255 2267 1426 1425 2256 2268 1460 1459 
1458 2256 2268 1460 1459 2257 2269 1494 1493 
1459 2257 2269 1494 1493 2258 2270 1528 1527 
1460 2258 2270 1528 1527 2259 2271 1562 1561 
1461 2259 2271 1562 1561 2260 2272 1596 1595 
1462 2260 2272 1596 1595 887 888 272 271 
1463 96 97 509 507 1630 1631 2273 2261 
1464 1630 1631 2273 2261 1664 1665 2274 2262 
1465 1664 1665 2274 2262 1698 1699 2275 2263 
1466 1698 1699 2275 2263 1732 1733 2276 2264 
1467 1732 1733 2276 2264 1766 1767 2277 2265 
1468 1766 1767 2277 2265 1800 1801 2278 2266 
1469 1800 1801 2278 2266 238 239 855 854 
1470 507 509 510 508 2261 2273 2279 2267 
1471 2261 2273 2279 2267 2262 2274 2280 2268 
1472 2262 2274 2280 2268 2263 2275 2281 2269 
1473 2263 2275 2281 2269 2264 2276 2282 2270 
1474 2264 2276 2282 2270 2265 2277 2283 2271 
1475 2265 2277 2283 2271 2266 2278 2284 2272 
1476 2266 2278 2284 2272 854 855 889 888 
1477 508 510 133 132 2267 2279 1427 1426 
1478 2267 2279 1427 1426 2268 2280 1461 1460 
1479 2268 2280 1461 1460 2269 2281 1495 1494 
1480 2269 2281 1495 1494 2270 2282 1529 1528 
1481 2270 2282 1529 1528 2271 2283 1563 1562 
1482 2271 2283 1563 1562 2272 2284 1597 1596 
1483 2272 2284 1597 1596 888 889 273 272 
1484 97 98 511 509 1631 1632 2285 2273 
1485 1631 1632 2285 2273 1665 1666 2286 2274 
1486 1665 1666 2286 2274 1699 1700 2287 2275 
1487 1699 1700 2287 2275 1733 1734 2288 2276 
1488 1733 1734 2288 2276 1767 1768 2289 2277 
1489 1767 1768 2289 2277 1801 1802 2290 2278 
1490 1801 1802 2290 2278 239 240 856 855 
1491 509 511 512 510 2273 2285 2291 2279 
1492 2273 2285 2291 2279 2274 2286 2292 2280 
1493 2274 2286 2292 2280 2275 2287 2293 2281 
1494 2275 2287 2293 2281 2276 2288 2294 2282 
1495 2276 2288 2294 2282 2277 2289 2295 2283 
1496 2277 2289 2295 2283 2278 2290 2296 2284 
1497 2278 2290 2296 2284 855 856 890 889 
1498 510 512 134 133 2279 2291 1428 1427 
1499 2279 2291 1428 1427 2280 2292 1462 1461 
1500 2280 2292 1462 1461 2281 2293 1496 1495 
1501 2281 2293 1496 1495 2282 2294 1530 1529 
1502 2282 2294 1530 1529 2283 2295 1564 1563 
1503 2283 2295 1564 1563 2284 2296 1598 1597 
1504 2284 2296 1598 1597 889 890 274 273 
1505 98 99 513 511 1632 1633 2297 2285 
1506 1632 1633 2297 2285 1666 1667 2298 2286 
1507 1666 1667 2298 2286 1700 1701 2299 2287 
1508 1700 1701 2299 2287 1734 1735 2300 2288 
1509 1734 1735 2300 2288 1768 1769 2301 2289 
1510 1768 1769 2301 2289 1802 1803 2302 2290 
1511 1802 1803 2302 2290 240 241 857 856 
1512 511 513 514 512 2285 2297 2303 2291 
1513 2285 2297 2303 2291 2286 2298 2304 2292 
1514 2286 2298 2304 2292 2287 2299 2305 2293 
1515 2287 2299 2305 2293 2288 2300 2306 2294 
1516 2288 2300 2306 2294 2289 2301 2307 2295 
1517 2289 2301 2307 2295 2290 2302 2308 2296 
1518 2290 2302 2308 2296 856 857 891 890 
1519 512 514 135 134 2291 2303 1429 1428 
1520 2291 2303 1429 1428 2292 2304 1463 1462 
1521 2292 2304 1463 1462 2293 2305 1497 1496 
1522 2293 2305 1497 1496 2294 2306 1531 1530 
1523 2294 2306 1531 1530 2295 2307 1565 1564 
1524 2295 2307 1565 1564 2296 2308 1599 1598 
1525 2296 2308 1599 1598 890 891 275 274 
1526 99 100 515 513 1633 1634 2309 2297 
1527 1633 1634 2309 2297 1667 1668 2310 2298 
1528 1667 1668 2310 2298 1701 1702 2311 2299 
1529 1701 1702 2311 2299 1735 1736 2312 2300 
1530 1735 1736 2312 2300 1769 1770 2313 2301 
1531 1769 1770 2313 2301 1803 1804 2314 2302 
1532 1803 1804 2314 2302 241 242 858 857 
1533 513 515 516 514 2297 2309 2315 2303 
1534 2297 2309 2315 2303 2298 2310 2316 2304 
1535 2298 2310 2316 2304 2299 2311 2317 2305 
1536 2299 2311 2317 2305 2300 2312 2318 2306 
1537 2300 2312 2318 2306 2301 2313 2319 2307 
1538 2301 2313 2319 2307 2302 2314 2320 2308 
1539 2302 2314 2320 2308 857 858 892 891 
1540 514 516 136 135 2303 2315 1430 1429 
1541 2303 2315 1430 1429 2304 2316 1464 1463 
1542 2304 2316 1464 1463 2305 2317 1498 1497 
1543 2305 2317 1498 1497 2306 2318 1532 1531 
1544 2306 2318 1532 1531 2307 2319 1566 1565 
1545 2307 2319 1566 1565 2308 2320 1600 1599 
1546 2308 2320 1600 1599 891 892 276 275 
1547 100 101 517 515 1634 1635 2321 2309 
1548 1634 1635 2321 2309 1668 1669 2322 2310 
1549 1668 1669 2322 2310 1702 1703 2323 2311 
1550 1702 1703 2323 2311 1736 1737 2324 2312 
1551 1736 1737 2324 2312 1770 1771 2325 2313 
1552 1770 1771 2325 2313 1804 1805 2326 2314 
1553 1804 1805 2326 2314 242 243 859 858 
1554 515 517 518 516 2309 2321 2327 2315 
1555 2309 2321 2327 2315 2310 2322 2328 2316 
1556 2310 2322 2328 2316 2311 2323 2329 2317 
1557 2311 2323 2329 2317 2312 2324 2330 2318 
1558 2312 2324 2330 2318 2313 2325 2331 2319 
1559 2313 2325 2331 2319 2314 2326 2332 2320 
1560 2314 2326 2332 2320 858 859 893 892 
1561 516 518 137 136 2315 2327 1431 1430 
1562 2315 2327 1431 1430 2316 2328 1465 1464 
1563 2316 2328 1465 1464 2317 2329 1499 1498 
1564 2317 2329 1499 1498 2318 2330 1533 1532 
1565 2318 2330 1533 1532 2319 2331 1567 1566 
1566 2319 2331 1567 1566 2320 2332 1601 1600 
1567 2320 2332 1601 1600 892 893 277 276 
1568 101 102 519 517 1635 1636 2333 2321 
1569 1635 1636 2333 2321 1669 1670 2334 2322 
1570 1669 1670 2334 2322 1703 1704 2335 2323 
1571 1703 1704 2335 2323 1737 1738 2336 2324 
1572 1737 1738 2336 2324 1771 1772 2337 2325 
1573 1771 1772 2337 2325 1805 1806 2338 2326 
1574 1805 1806 2338 2326 243 244 860 859 
1575 517 519 520 518 2321 2333 2339 2327 
1576 2321 2333 2339 2327 2322 2334 2340 2328 
1577 2322 2334 2340 2328 2323 2335 2341 2329 
1578 2323 2335 2341 2329 2324 2336 2342 2330 
1579 2324 2336 2342 2330 2325 2337 2343 2331 
1580 2325 2337 2343 2331 2326 2338 2344 2332 
1581 2326 2338 2344 2332 859 860 894 893 
1582 518 520 138 137 2327 2339 1432 1431 
1583 2327 2339 1432 1431 2328 2340 1466 1465 
1584 2328 2340 1466 1465 2329 2341 1500 1499 
1585 2329 2341 1500 1499 2330 2342 1534 1533 
1586 2330 2342 1534 1533 2331 2343 1568 1567 
1587 2331 2343 1568 1567 2332 2344 1602 1601 
1588 2332 2344 1602 1601 893 894 278 277 
1589 102 103 521 519 1636 1637 2345 2333 
1590 1636 1637 2345 2333 1670 1671 2346 2334 
1591 1670 1671 2346 2334 1704 1705 2347 2335 
1592 1704 1705 2347 2335 1738 1739 2348 2336 
1593 1738 1739 2348 2336 1772 1773 2349 2337 
1594 1772 1773 2349 2337 1806 1807 2350 2338 
1595 1806 1807 2350 2338 244 245 861 860 
1596 519 521 522 520 2333 2345 2351 2339 
1597 2333 2345 2351 2339 2334 2346 2352 2340 
1598 2334 2346 2352 2340 2335 2347 2353 2341 
1599 2335 2347 2353 2341 2336 2348 2354 2342 
1600 2336 2348 2354 2342 2337 2349 2355 2343 
1601 2337 2349 2355 2343 2338 2350 2356 2344 
1602 2338 2350 2356 2344 860 861 895 894 
1603 520 522 139 138 2339 2351 1433 1432 
1604 2339 2351 1433 1432 2340 2352 1467 1466 
1605 2340 2352 1467 1466 2341 2353 1501 1500 
1606 2341 2353 1501 1500 2342 2354 1535 1534 
1607 2342 2354 1535 1534 2343 2355 1569 1568 
1608 2343 2355 1569 1568 2344 2356 1603 1602 
1609 2344 2356 1603 1602 894 895 279 278 
1610 103 104 523 521 1637 1638 2357 2345 
1611 1637 1638 2357 2345 1671 1672 2358 2346 
1612 1671 1672 2358 2346 1705 1706 2359 2347 
1613 1705 1706 2359 2347 1739 1740 2360 2348 
1614 1739 1740 2360 2348 1773 1774 2361 2349 
1615 1773 1774 2361 2349 1807 1808 2362 2350 
1616 1807 1808 2362 2350 245 246 862 861 
1617 521 523 524 522 2345 2357 2363 2351 
1618 2345 2357 2363 2351 2346 2358 2364 2352 
1619 2346 2358 2364 2352 2347 2359 2365 2353 
1620 2347 2359 2365 2353 2348 2360 2366 2354 
1621 2348 2360 2366 2354 2349 2361 2367 2355 
1622 2349 2361 2367 2355 2350 2362 2368 2356 
1623 2350 2362 2368 2356 861 862 896 895 
1624 522 524 140 139 2351 2363 1434 1433 
1625 2351 2363 1434 1433 2352 2364 1468 1467 
1626 2352 2364 1468 1467 2353 2365 1502 1501 
1627 2353 2365 1502 1501 2354 2366 1536 1535 
1628 2354 2366 1536 1535 2355 2367 1570 1569 
1629 2355 2367 1570 1569 2356 2368 1604 1603 
1630 2356 2368 1604 1603 895 896 280 279 
1631 104 105 525 523 1638 1639 2369 2357 
1632 1638 1639 2369 2357 1672 1673 2370 2358 
1633 1672 1673 2370 2358 1706 1707 2371 2359 
1634 1706 1707 2371 2359 1740 1741 2372 2360 
1635 1740 1741 2372 2360 1774 1775 2373 2361 
1636 1774 1775 2373 2361 1808 1809 2374 2362 
1637 1808 1809 2374 2362 246 247 863 862 
1638 523 525 526 524 2357 2369 2375 2363 
1639 2357 2369 2375 2363 2358 2370 2376 2364 
1640 2358 2370 2376 2364 2359 2371 2377 2365 
1641 2359 2371 2377 2365 2360 2372 2378 2366 
1642 2360 2372 2378 2366 2361 2373 2379 2367 
1643 2361 2373 2379 2367 2362 2374 2380 2368 
1644 2362 2374 2380 2368 862 863 897 896 
1645 524 526 141 140 2363 2375 1435 1434 
1646 2363 2375 1435 1434 2364 2376 1469 1468 
1647 2364 2376 1469 1468 2365 2377 1503 1502 
1648 2365 2377 1503 1502 2366 2378 1537 1536 
1649 2366 2378 1537 1536 2367 2379 1571 1570 
1650 2367 2379 1571 1570 2368 2380 1605 1604 
1651 2368 2380 1605 1604 896 897 281 280 
1652 105 106 527 525 1639 1640 2381 2369 
1653 1639 1640 2381 2369 1673 1674 2382 2370 
1654 1673 1674 2382 2370 1707 1708 2383 2371 
1655 1707 1708 2383 2371 1741 1742 2384 2372 
1656 1741 1742 2384 2372 1775 1776 2385 2373 
1657 1775 1776 2385 2373 1809 1810 2386 2374 
1658 1809 1810 2386 2374 247 248 864 863 
1659 525 527 528 526 2369 2381 2387 2375 
1660 2369 2381 2387 2375 2370 2382 2388 2376 
1661 2370 2382 2388 2376 2371 2383 2389 2377 
1662 2371 2383 2389 2377 2372 2384 2390 2378 
1663 2372 2384 2390 2378 2373 2385 2391 2379 
1664 2373 2385 2391 2379 2374 2386 2392 2380 
1665 2374 2386 2392 2380 863 864 898 897 
1666 526 528 142 141 2375 2387 1436 1435 
1667 2375 2387 1436 1435 2376 2388 1470 1469 
1668 2376 2388 1470 1469 2377 2389 1504 1503 
1669 2377 2389 1504 1503 2378 2390 1538 1537 
1670 2378 2390 1538 1537 2379 2391 1572 1571 
1671 2379 2391 1572 1571 2380 2392 1606 1605 
1672 2380 2392 1606 1605 897 898 282 281 
1673 106 107 529 527 1640 1641 2393 2381 
1674 1640 1641 2393 2381 1674 1675 2394 2382 
1675 1674 1675 2394 2382 1708 1709 2395 2383 
1676 1708 1709 2395 2383 1742 1743 2396 2384 
1677 1742 1743 2396 2384 1776 1777 2397 2385 
1678 1776 1777 2397 2385 1810 1811 2398 2386 
1679 1810 1811 2398 2386 248 249 865 864 
1680 527 529 530 528 2381 2393 2399 2387 
1681 2381 2393 2399 2387 2382 2394 2400 2388 
1682 2382 2394 2400 2388 2383 2395 2401 2389 
1683 2383 2395 2401 2389 2384 2396 2402 2390 
1684 2384 2396 2402 2390 2385 2397 2403 2391 
1685 2385 2397 2403 2391 2386 2398 2404 2392 
1686 2386 2398 2404 2392 864 865 899 898 
1687 528 530 143 142 2387 2399 1437 1436 
1688 2387 2399 1437 1436 2388 2400 1471 1470 
1689 2388 2400 1471 1470 2389 2401 1505 1504 
1690 2389 2401 1505 1504 2390 2402 1539 1538 
1691 2390 2402 1539 1538 2391 2403 1573 1572 
1692 2391 2403 1573 1572 2392 2404 1607 1606 
1693 2392 2404 1607 1606 898 899 283 282 
1694 107 108 531 529 1641 1642 2405 2393 
1695 1641 1642 2405 2393 1675 1676 2406 2394 
1696 1675 1676 2406 2394 1709 1710 2407 2395 
1697 1709 1710 2407 2395 1743 1744 2408 2396 
1698 1743 1744 2408 2396 1777 1778 2409 2397 
1699 1777 1778 2409 2397 1811 1812 2410 2398 
1700 1811 1812 2410 2398 249 250 866 865 
1701 529 531 532 530 2393 2405 2411 2399 
1702 2393 2405 2411 2399 2394 2406 2412 2400 
1703 2394 2406 2412 2400 2395 2407 2413 2401 
1704 2395 2407 2413 2401 2396 2408 2414 2402 
1705 2396 2408 2414 2402 2397 2409 2415 2403 
1706 2397 2409 2415 2403 2398 2410 2416 2404 
1707 2398 2410 2416 2404 865 866 900 899 
1708 530 532 144 143 2399 2411 1438 1437 
1709 2399 2411 1438 1437 2400 2412 1472 1471 
1710 2400 2412 1472 1471 2401 2413 1506 1505 
1711 2401 2413 1506 1505 2402 2414 1540 1539 
1712 2402 2414 1540 1539 2403 2415 1574 1573 
1713 2403 2415 1574 1573 2404 2416 1608 1607 
1714 2404 2416 1608 1607 899 900 284 283 
1715 108 109 533 531 1642 1643 2417 2405 
1716 1642 1643 2417 2405 1676 1677 2418 2406 
1717 1676 1677 2418 2406 1710 1711 2419 2407 
1718 1710 1711 2419 2407 1744 1745 2420 2408 
1719 1744 1745 2420 2408 1778 1779 2421 2409 
1720 1778 1779 2421 2409 1812 1813 2422 2410 
1721 1812 1813 2422 2410 250 251 867 866 
1722 531 533 534 532 2405 2417 2423 2411 
1723 2405 2417 2423 2411 2406 2418 2424 2412 
1724 2406 2418 2424 2412 2407 2419 2425 2413 
1725 2407 2419 2425 2413 2408 2420 2426 2414 
1726 2408 2420 2426 2414 2409 2421 2427 2415 
1727 2409 2421 2427 2415 2410 2422 2428 2416 
1728 2410 2422 2428 2416 866 867 901 900 
1729 532 534 145 144 2411 2423 1439 1438 
1730 2411 2423 1439 1438 2412 2424 1473 1472 
1731 2412 2424 1473 1472 2413 2425 1507 1506 
1732 2413 2425 1507 1506 2414 2426 1541 1540 
1733 2414 2426 1541 1540 2415 2427 1575 1574 
1734 2415 2427 1575 1574 2416 2428 1609 1608 
1735 2416 2428 1609 1608 900 901 285 284 
1736 109 110 535 533 1643 1644 2429 2417 
1737 1643 1644 2429 2417 1677 1678 2430 2418 
1738 1677 1678 2430 2418 1711 1712 2431 2419 
1739 1711 1712 2431 2419 1745 1746 2432 2420 
1740 1745 1746 2432 2420 1779 1780 2433 2421 
1741 1779 1780 2433 2421 1813 1814 2434 2422 
1742 1813 1814 2434 2422 251 252 868 867 
1743 533 535 536 534 2417 2429 2435 2423 
1744 2417 2429 2435 2423 2418 2430 2436 2424 
1745 2418 2430 2436 2424 2419 2431 2437 2425 
1746 2419 2431 2437 2425 2420 2432 2438 2426 
1747 2420 2432 2438 2426 2421 2433 2439 2427 
1748 2421 2433 2439 2427 2422 2434 2440 2428 
1749 2422 2434 2440 2428 867 868 902 901 
1750 534 536 146 145 2423 2435 1440 1439 
1751 2423 2435 1440 1439 2424 2436 1474 1473 
1752 2424 2436 1474 1473 2425 2437 1508 1507 
1753 2425 2437 1508 1507 2426 2438 1542 1541 
1754 2426 2438 1542 1541 2427 2439 1576 1575 
1755 2427 2439 1576 1575 2428 2440 1610 1609 
1756 2428 2440 1610 1609 901 902 286 285 
1757 110 111 537 535 1644 1645 2441 2429 
1758 1644 1645 2441 2429 1678 1679 2442 2430 
1759 1678 1679 2442 2430 1712 1713 2443 2431 
1760 1712 1713 2443 2431 1746 1747 2444 2432 
1761 1746 1747 2444 2432 1780 1781 2445 2433 
1762 1780 1781 2445 2433 1814 1815 2446 2434 
1763 1814 1815 2446 2434 252 253 869 868 
1764 535 537 538 536 2429 2441 2447 2435 
1765 2429 2441 2447 2435 2430 2442 2448 2436 
1766 2430 2442 2448 2436 2431 2443 2449 2437 
1767 2431 2443 2449 2437 2432 2444 2450 2438 
1768 2432 2444 2450 2438 2433 2445 2451 2439 
1769 2433 2445 2451 2439 2434 2446 2452 2440 
1770 2434 2446 2452 2440 868 869 903 902 
1771 536 538 147 146 2435 2447 1441 1440 
1772 2435 2447 1441 1440 2436 2448 1475 1474 
1773 2436 2448 1475 1474 2437 2449 1509 1508 
1774 2437 2449 1509 1508 2438 2450 1543 1542 
1775 2438 2450 1543 1542 2439 2451 1577 1576 
1776 2439 2451 1577 1576 2440 2452 1611 1610 
1777 2440 2452 1611 1610 902 903 287 286 
1778 111 112 539 537 1645 1646 2453 2441 
1779 1645 1646 2453 2441 1679 1680 2454 2442 
1780 1679 1680 2454 2442 1713 1714 2455 2443 
1781 1713 1714 2455 2443 1747 1748 2456 2444 
1782 1747 1748 2456 2444 1781 1782 2457 2445 
1783 1781 1782 2457 2445 1815 1816 2458 2446 
1784 1815 1816 2458 2446 253 254 870 869 
1785 537 539 540 538 2441 2453 2459 2447 
1786 2441 2453 2459 2447 2442 2454 2460 2448 
1787 2442 2454 2460 2448 2443 2455 2461 2449 
1788 2443 2455 2461 2449 2444 2456 2462 2450 
1789 2444 2456 2462 2450 2445 2457 2463 2451 
1790 2445 2457 2463 2451 2446 2458 2464 2452 
1791 2446 2458 2464 2452 869 870 904 903 
1792 538 540 148 147 2447 2459 1442 1441 
1793 2447 2459 1442 1441 2448 2460 1476 1475 
1794 2448 2460 1476 1475 2449 2461 1510 1509 
1795 2449 2461 1510 1509 2450 2462 1544 1543 
1796 2450 2462 1544 1543 2451 2463 1578 1577 
1797 2451 2463 1578 1577 2452 2464 1612 1611 
1798 2452 2464 1612 1611 903 904 288 287 
1799 112 113 541 539 1646 1647 2465 2453 
1800 1646 1647 2465 2453 1680 1681 2466 2454 
1801 1680 1681 2466 2454 1714 1715 2467 2455 
1802 1714 1715 2467 2455 1748 1749 2468 2456 
1803 1748 1749 2468 2456 1782 1783 2469 2457 
1804 1782 1783 2469 2457 1816 1817 2470 2458 
1805 1816 1817 2470 2458 254 255 871 870 
1806 539 541 542 540 2453 2465 2471 2459 
1807 2453 2465 2471 2459 2454 2466 2472 2460 
1808 2454 2466 2472 2460 2455 2467 2473 2461 
1809 2455 2467 2473 2461 2456 2468 2474 2462 
1810 2456 2468 2474 2462 2457 2469 2475 2463 
1811 2457 2469 2475 2463 2458 2470 2476 2464 
1812 2458 2470 2476 2464 870 871 905 904 
1813 540 542 149 148 2459 2471 1443 1442 
1814 2459 2471 1443 1442 2460 2472 1477 1476 
1815 2460 2472 1477 1476 2461 2473 1511 1510 
1816 2461 2473 1511 1510 2462 2474 1545 1544 
1817 2462 2474 1545 1544 2463 2475 1579 1578 
1818 2463 2475 1579 1578 2464 2476 1613 1612 
1819 2464 2476 1613 1612 904 905 289 288 
1820 113 114 543 541 1647 1648 2477 2465 
1821 1647 1648 2477 2465 1681 1682 2478 2466 
1822 1681 1682 2478 2466 1715 1716 2479 2467 
1823 1715 1716 2479 2467 1749 1750 2480 2468 
1824 1749 1750 2480 2468 1783 1784 2481 2469 
1825 1783 1784 2481 2469 1817 1818 2482 2470 
1826 1817 1818 2482 2470 255 256 872 871 
1827 541 543 544 542 2465 2477 2483 2471 
1828 2465 2477 2483 2471 2466 2478 2484 2472 
1829 2466 2478 2484 2472 2467 2479 2485 2473 
1830 2467 2479 2485 2473 2468 2480 2486 2474 
1831 2468 2480 2486 2474 2469 2481 2487 2475 
1832 2469 2481 2487 2475 2470 2482 2488 2476 
1833 2470 2482 2488 2476 871 872 906 905 
1834 542 544 150 149 2471 2483 1444 1443 
1835 2471 2483 1444 1443 2472 2484 1478 1477 
1836 2472 2484 1478 1477 2473 2485 1512 1511 
1837 2473 2485 1512 1511 2474 2486 1546 1545 
1838 2474 2486 1546 1545 2475 2487 1580 1579 
1839 2475 2487 1580 1579 2476 2488 1614 1613 
1840 2476 2488 1614 1613 905 906 290 289 
1841 114 115 545 543 1648 1649 2489 2477 
1842 1648 1649 2489 2477 1682 1683 2490 2478 
1843 1682 1683 2490 2478 1716 1717 2491 2479 
1844 1716 1717 2491 2479 1750 1751 2492 2480 
1845 1750 1751 2492 2480 1784 1785 2493 2481 
1846 1784 1785 2493 2481 1818 1819 2494 2482 
1847 1818 1819 2494 2482 256 257 873 872 
1848 543 545 546 544 2477 2489 2495 2483 
1849 2477 2489 2495 2483 2478 2490 2496 2484 
1850 2478 2490 2496 2484 2479 2491 2497 2485 
1851 2479 2491 2497 2485 2480 2492 2498 2486 
1852 2480 2492 2498 2486 2481 2493 2499 2487 
1853 2481 2493 2499 2487 2482 2494 2500 2488 
1854 2482 2494 2500 2488 872 873 907 906 
1855 544 546 151 150 2483 2495 1445 1444 
1856 2483 2495 1445 1444 2484 2496 1479 1478 
1857 2484 2496 1479 1478 2485 2497 1513 1512 
1858 2485 2497 1513 1512 2486 2498 1547 1546 
1859 2486 2498 1547 1546 2487 2499 1581 1580 
1860 2487 2499 1581 1580 2488 2500 1615 1614 
1861 2488 2500 1615 1614 906 907 291 290 
1862 115 116 547 545 1649 1650 2501 2489 
1863 1649 1650 2501 2489 1683 1684 2502 2490 
1864 1683 1684 2502 2490 1717 1718 2503 2491 
1865 1717 1718 2503 2491 1751 1752 2504 2492 
1866 1751 1752 2504 2492 1785 1786 2505 2493 
1867 1785 1786 2505 2493 1819 1820 2506 2494 
1868 1819 1820 2506 2494 257 258 874 873 
1869 545 547 548 546 2489 2501 2507 2495 
1870 2489 2501 2507 2495 2490 2502 2508 2496 
1871 2490 2502 2508 2496 2491 2503 2509 2497 
1872 2491 2503 2509 2497 2492 2504 2510 2498 
1873 2492 2504 2510 2498 2493 2505 2511 2499 
1874 2493 2505 2511 2499 2494 2506 2512 2500 
1875 2494 2506 2512 2500 873 874 908 907 
1876 546 548 152 151 2495 2507 1446 1445 
1877 2495 2507 1446 1445 2496 2508 1480 1479 
1878 2496 2508 1480 1479 2497 2509 1514 1513 
1879 2497 2509 1514 1513 2498 2510 1548 1547 
1880 2498 2510 1548 1547 2499 2511 1582 1581 
1881 2499 2511 1582 1581 2500 2512 1616 1615 
1882 2500 2512 1616 1615 907 908 292 291 
1883 116 117 549 547 1650 1651 2513 2501 
1884 1650 1651 2513 2501 1684 1685 2514 2502 
1885 1684 1685 2514 2502 1718 1719 2515 2503 
1886 1718 1719 2515 2503 1752 1753 2516 2504 
1887 1752 1753 2516 2504 1786 1787 2517 2505 
1888 1786 1787 2517 2505 1820 1821 2518 2506 
1889 1820 1821 2518 2506 258 259 875 874 
1890 547 549 550 548 2501 2513 2519 2507 
1891 2501 2513 2519 2507 2502 2514 2520 2508 
1892 2502 2514 2520 2508 2503 2515 2521 2509 
1893 2503 2515 2521 2509 2504 2516 2522 2510 
1894 2504 2516 2522 2510 2505 2517 2523 2511 
1895 2505 2517 2523 2511 2506 2518 2524 2512 
1896 2506 2518 2524 2512 874 875 909 908 
1897 548 550 153 152 2507 2519 1447 1446 
1898 2507 2519 1447 1446 2508 2520 1481 1480 
1899 2508 2520 1481 1480 2509 2521 1515 1514 
1900 2509 2521 1515 1514 2510 2522 1549 1548 
1901 2510 2522 1549 1548 2511 2523 1583 1582 
1902 2511 2523 1583 1582 2512 2524 1617 1616 
1903 2512 2524 1617 1616 908 909 293 292 
1904 117 118 551 549 1651 1652 2525 2513 
1905 1651 1652 2525 2513 1685 1686 2526 2514 
1906 1685 1686 2526 2514 1719 1720 2527 2515 
1907 1719 1720 2527 2515 1753 1754 2528 2516 
1908 1753 1754 2528 2516 1787 1788 2529 2517 
1909 1787 1788 2529 2517 1821 1822 2530 2518 
1910 1821 1822 2530 2518 259 260 876 875 
1911 549 551 552 550 2513 2525 2531 2519 
1912 2513 2525 2531 2519 2514 2526 2532 2520 
1913 2514 2526 2532 2520 2515 2527 2533 2521 
1914 2515 2527 2533 2521 2516 2528 2534 2522 
1915 2516 2528 2534 2522 2517 2529 2535 2523 
1916 2517 2529 2535 2523 2518 2530 2536 2524 
1917 2518 2530 2536 2524 875 876 910 909 
1918 550 552 154 153 2519 2531 1448 1447 
1919 2519 2531 1448 1447 2520 2532 1482 1481 
1920 2520 2532 1482 1481 2521 2533 1516 1515 
1921 2521 2533 1516 1515 2522 2534 1550 1549 
1922 2522 2534 1550 1549 2523 2535 1584 1583 
1923 2523 2535 1584 1583 2524 2536 1618 1617 
1924 2524 2536 1618 1617 909 910 294 293 
1925 118 119 553 551 1652 1653 2537 2525 
1926 1652 1653 2537 2525 1686 1687 2538 2526 
1927 1686 1687 2538 2526 1720 1721 2539 2527 
1928 1720 1721 2539 2527 1754 1755 2540 2528 
1929 1754 1755 2540 2528 1788 1789 2541 2529 
1930 1788 1789 2541 2529 1822 1823 2542 2530 
1931 1822 1823 2542 2530 260 261 877 876 
1932 551 553 554 552 2525 2537 2543 2531 
1933 2525 2537 2543 2531 2526 2538 2544 2532 
1934 2526 2538 2544 2532 2527 2539 2545 2533 
1935 2527 2539 2545 2533 2528 2540 2546 2534 
1936 2528 2540 2546 2534 2529 2541 2547 2535 
1937 2529 2541 2547 2535 2530 2542 2548 2536 
1938 2530 2542 2548 2536 876 877 911 910 
1939 552 554 155 154 2531 2543 1449 1448 
1940 2531 2543 1449 1448 2532 2544 1483 1482 
1941 2532 2544 1483 1482 2533 2545 1517 1516 
1942 2533 2545 1517 1516 2534 2546 1551 1550 
1943 2534 2546 1551 1550 2535 2547 1585 1584 
1944 2535 2547 1585 1584 2536 2548 1619 1618 
1945 2536 2548 1619 1618 910 911 295 294 
1946 119 120 555 553 1653 1654 2549 2537 
1947 1653 1654 2549 2537 1687 1688 2550 2538 
1948 1687 1688 2550 2538 1721 1722 2551 2539 
1949 1721 1722 2551 2539 1755 1756 2552 2540 
1950 1755 1756 2552 2540 1789 1790 2553 2541 
1951 1789 1790 2553 2541 1823 1824 2554 2542 
1952 1823 1824 2554 2542 261 262 878 877 
1953 553 555 556 554 2537 2549 2555 2543 
1954 2537 2549 2555 2543 2538 2550 2556 2544 
1955 2538 2550 2556 2544 2539 2551 2557 2545 
1956 2539 2551 2557 2545 2540 2552 2558 2546 
1957 2540 2552 2558 2546 2541 2553 2559 2547 
1958 2541 2553 2559 2547 2542 2554 2560 2548 
1959 2542 2554 2560 2548 877 878 912 911 
1960 554 556 156 155 2543 2555 1450 1449 
1961 2543 2555 1450 1449 2544 2556 1484 1483 
1962 2544 2556 1484 1483 2545 2557 1518 1517 
1963 2545 2557 1518 1517 2546 2558 1552 1551 
1964 2546 2558 1552 1551 2547 2559 1586 1585 
1965 2547 2559 1586 1585 2548 2560 1620 1619 
1966 2548 2560 1620 1619 911 912 296 295 
1967 120 121 557 555 1654 1655 2561 2549 
1968 1654 1655 2561 2549 1688 1689 2562 2550 
1969 1688 1689 2562 2550 1722 1723 2563 2551 
1970 1722 1723 2563 2551 1756 1757 2564 2552 
1971 1756 1757 2564 2552 1790 1791 2565 2553 
1972 1790 1791 2565 2553 1824 1825 2566 2554 
1973 1824 1825 2566 2554 262 263 879 878 
1974 555 557 558 556 2549 2561 2567 2555 
1975 2549 2561 2567 2555 2550 2562 2568 2556 
1976 2550 2562 2568 2556 2551 2563 2569 2557 
1977 2551 2563 2569 2557 2552 2564 2570 2558 
1978 2552 2564 2570 2558 2553 2565 2571 2559 
1979 2553 2565 2571 2559 2554 2566 2572 2560 
1980 2554 2566 2572 2560 878 879 913 912 
1981 556 558 157 156 2555 2567 1451 1450 
1982 2555 2567 1451 1450 2556 2568 1485 1484 
1983 2556 2568 1485 1484 2557 2569 1519 1518 
1984 2557 2569 1519 1518 2558 2570 1553 1552 
1985 2558 2570 1553 1552 2559 2571 1587 1586 
1986 2559 2571 1587 1586 2560 2572 1621 1620 
1987 2560 2572 1621 1620 912 913 297 296 
1988 121 122 559 557 1655 1656 2573 2561 
1989 1655 1656 2573 2561 1689 1690 2574 2562 
1990 1689 1690 2574 2562 1723 1724 2575 2563 
1991 1723 1724 2575 2563 1757 1758 2576 2564 
1992 1757 1758 2576 2564 1791 1792 2577 2565 
1993 1791 1792 2577 2565 1825 1826 2578 2566 
1994 1825 1826 2578 2566 263 264 880 879 
1995 557 559 560 558 2561 2573 2579 2567 
1996 2561 2573 2579 2567 2562 2574 2580 2568 
1997 2562 2574 2580 2568 2563 2575 2581 2569 
1998 2563 2575 2581 2569 2564 2576 2582 2570 
1999 2564 2576 2582 2570 2565 2577 2583 2571 
2000 2565 2577 2583 2571 2566 2578 2584 2572 
2001 2566 2578 2584 2572 879 880 914 913 
2002 558 560 158 157 2567 2579 1452 1451 
2003 2567 2579 1452 1451 2568 2580 1486 1485 
2004 2568 2580 1486 1485 2569 2581 1520 1519 
2005 2569 2581 1520 1519 2570 2582 1554 1553 
2006 2570 2582 1554 1553 2571 2583 1588 1587 
2007 2571 2583 1588 1587 2572 2584 1622 1621 
2008 2572 2584 1622 1621 913 914 298 297 
2009 122 123 561 559 1656 1657 2585 2573 
2010 1656 1657 2585 2573 1690 1691 2586 2574 
2011 1690 1691 2586 2574 1724 1725 2587 2575 
2012 1724 1725 2587 2575 1758 1759 2588 2576 
2013 1758 1759 2588 2576 1792 1793 2589 2577 
2014 1792 1793 2589 2577 1826 1827 2590 2578 
2015 1826 1827 2590 2578 264 265 881 880 
2016 559 561 562 560 2573 2585 2591 2579 
2017 2573 2585 2591 2579 2574 2586 2592 2580 
2018 2574 2586 2592 2580 2575 2587 2593 2581 
2019 2575 2587 2593 2581 2576 2588 2594 2582 
2020 2576 2588 2594 2582 2577 2589 2595 2583 
2021 2577 2589 2595 2583 2578 2590 2596 2584 
2022 2578 2590 2596 2584 880 881 915 914 
2023 560 562 159 158 2579 2591 1453 1452 
2024 2579 2591 1453 1452 2580 2592 1487 1486 
2025 2580 2592 1487 1486 2581 2593 1521 1520 
2026 2581 2593 1521 1520 2582 2594 1555 1554 
2027 2582 2594 1555 1554 2583 2595 1589 1588 
2028 2583 2595 1589 1588 2584 2596 1623 1622 
2029 2584 2596 1623 1622 914 915 299 298 
2030 123 124 563 561 1657 1658 2597 2585 
2031 1657 1658 2597 2585 1691 1692 2598 2586 
2032 1691 1692 2598 2586 1725 1726 2599 2587 
2033 1725 1726 2599 2587 1759 1760 2600 2588 
2034 1759 1760 2600 2588 1793 1794 2601 2589 
2035 1793 1794 2601 2589 1827 1828 2602 2590 
2036 1827 1828 2602 2590 265 266 882 881 
2037 561 563 564 562 2585 2597 2603 2591 
2038 2585 2597 2603 2591 2586 2598 2604 2592 
2039 2586 2598 2604 2592 2587 2599 2605 2593 
2040 2587 2599 2605 2593 2588 2600 2606 2594 
2041 2588 2600 2606 2594 2589 2601 2607 2595 
2042 2589 2601 2607 2595 2590 2602 2608 2596 
2043 2590 2602 2608 2596 881 882 916 915 
2044 562 564 160 159 2591 2603 1454 1453 
2045 2591 2603 1454 1453 2592 2604 1488 1487 
2046 2592 2604 1488 1487 2593 2605 1522 1521 
2047 2593 2605 1522 1521 2594 2606 1556 1555 
2048 2594 2606 1556 1555 2595 2607 1590 1589 
2049 2595 2607 1590 1589 2596 2608 1624 1623 
2050 2596 2608 1624 1623 915 916 300 299 
2051 124 125 565 563 1658 1659 2609 2597 
2052 1658 1659 2609 2597 1692 1693 2610 2598 
2053 1692 1693 2610 2598 1726 1727 2611 2599 
2054 1726 1727 2611 2599 1760 1761 2612 2600 
2055 1760 1761 2612 2600 1794 1795 2613 2601 
2056 1794 1795 2613 2601 1828 1829 2614 2602 
2057 1828 1829 2614 2602 266 267 883 882 
2058 563 565 566 564 2597 2609 2615 2603 
2059 2597 2609 2615 2603 2598 2610 2616 2604 
2060 2598 2610 2616 2604 2599 2611 2617 2605 
2061 2599 2611 2617 2605 2600 2612 2618 2606 
2062 2600 2612 2618 2606 2601 2613 2619 2607 
2063 2601 2613 2619 2607 2602 2614 2620 2608 
2064 2602 2614 2620 2608 882 883 917 916 
2065 564 566 161 160 2603 2615 1455 1454 
2066 2603 2615 1455 1454 2604 2616 1489 1488 
2067 2604 2616 1489 1488 2605 2617 1523 1522 
2068 2605 2617 1523 1522 2606 2618 1557 1556 
2069 2606 2618 1557 1556 2607 2619 1591 1590 
2070 2607 2619 1591 1590 2608 2620 1625 1624 
2071 2608 2620 1625 1624 916 917 301 300 
2072 125 126 567 565 1659 1660 2621 2609 
2073 1659 1660 2621 2609 1693 1694 2622 2610 
2074 1693 1694 2622 2610 1727 1728 2623 2611 
2075 1727 1728 2623 2611 1761 1762 2624 2612 
2076 1761 1762 2624 2612 1795 1796 2625 2613 
2077 1795 1796 2625 2613 1829 1830 2626 2614 
2078 1829 1830 2626 2614 267 268 884 883 
2079 565 567 568 566 2609 2621 2627 2615 
2080 2609 2621 2627 2615 2610 2622 2628 2616 
2081 2610 2622 2628 2616 2611 2623 2629 2617 
2082 2611 2623 2629 2617 2612 2624 2630 2618 
2083 2612 2624 2630 2618 2613 2625 2631 2619 
2084 2613 2625 2631 2619 2614 2626 2632 2620 
2085 2614 2626 2632 2620 883 884 918 917 
2086 566 568 162 161 2615 2627 1456 1455 
2087 2615 2627 1456 1455 2616 2628 1490 1489 
2088 2616 2628 1490 1489 2617 2629 1524 1523 
2089 2617 2629 1524 1523 2618 2630 1558 1557 
2090 2618 2630 1558 1557 2619 2631 1592 1591 
2091 2619 2631 1592 1591 2620 2632 1626 1625 
2092 2620 2632 1626 1625 917 918 302 301 
2093 126 127 569 567 1660 1661 2633 2621 
2094 1660 1661 2633 2621 1694 1695 2634 2622 
2095 1694 1695 2634 2622 1728 1729 2635 2623 
2096 1728 1729 2635 2623 1762 1763 2636 2624 
2097 1762 1763 2636 2624 1796 1797 2637 2625 
2098 1796 1797 2637 2625 1830 1831 2638 2626 
2099 1830 1831 2638 2626 268 269 885 884 
2100 567 569 570 568 2621 2633 2639 2627 
2101 2621 2633 2639 2627 2622 2634 2640 2628 
2102 2622 2634 2640 2628 2623 2635 2641 2629 
2103 2623 2635 2641 2629 2624 2636 2642 2630 
2104 2624 2636 2642 2630 2625 2637 2643 2631 
2105 2625 2637 2643 2631 2626 2638 2644 2632 
2106 2626 2638 2644 2632 884 885 919 918 
2107 568 570 163 162 2627 2639 1457 1456 
2108 2627 2639 1457 1456 2628 2640 1491 1490 
2109 2628 2640 1491 1490 2629 2641 1525 1524 
2110 2629 2641 1525 1524 2630 2642 1559 1558 
2111 2630 2642 1559 1558 2631 2643 1593 1592 
2112 2631 2643 1593 1592 2632 2644 1627 1626 
2113 2632 2644 1627 1626 918 919 303 302 
2114 127 128 571 569 1661 1662 2645 2633 
2115 1661 1662 2645 2633 1695 1696 2646 2634 
2116 1695 1696 2646 2634 1729 1730 2647 2635 
2117 1729 1730 2647 2635 1763 1764 2648 2636 
2118 1763 1764 2648 2636 1797 1798 2649 2637 
2119 1797 1798 2649 2637 1831 1832 2650 2638 
2120 1831 1832 2650 2638 269 270 886 885 
2121 569 571 572 570 2633 2645 2651 2639 
2122 2633 2645 2651 2639 2634 2646 2652 2640 
2123 2634 2646 2652 2640 2635 2647 2653 2641 
2124 2635 2647 2653 2641 2636 2648 2654 2642 
2125 2636 2648 2654 2642 2637 2649 2655 2643 
2126 2637 2649 2655 2643 2638 2650 2656 2644 
2127 2638 2650 2656 2644 885 886 920 919 
2128 570 572 164 163 2639 2651 1458 1457 
2129 2639 2651 1458 1457 2640 2652 1492 1491 
2130 2640 2652 1492 1491 2641 2653 1526 1525 
2131 2641 2653 1526 1525 2642 2654 1560 1559 
2132 2642 2654 1560 1559 2643 2655 1594 1593 
2133 2643 2655 1594 1593 2644 2656 1628 1627 
2134 2644 2656 1628 1627 919 920 304 303 
2135 128 7 165 571 1662 357 993 2645 
2136 1662 357 993 2645 1696 358 995 2646 
2137 1696 358 995 2646 1730 359 997 2647 
2138 1730 359 997 2647 1764 360 999 2648 
2139 1764 360 999 2648 1798 361 1001 2649 
2140 1798 361 1001 2649 1832 362 1003 2650 
2141 1832 362 1003 2650 270 15 317 886 
2142 571 165 166 572 2645 993 994 2651 
2143 2645 993 994 2651 2646 995 996 2652 
2144 2646 995 996 2652 2647 997 998 2653 
2145 2647 997 998 2653 2648 999 1000 2654 
2146 2648 999 1000 2654 2649 1001 1002 2655 
2147 2649 1001 1002 2655 2650 1003 1004 2656 
2148 2650 1003 1004 2656 886 317 318 920 
2149 572 166 8 164 2651 994 363 1458 
2150 2651 994 363 1458 2652 996 364 1492 
2151 2652 996 364 1492 2653 998 365 1526 
2152 2653 998 365 1526 2654 1000 366 1560 
2153 2654 1000 366 1560 2655 1002 367 1594 
2154 2655 1002 367 1594 2656 1004 368 1628 
2155 2656 1004 368 1628 920 318 16 304 
3 81 5 735
2156 4 131 573 23 339 1425 2657 957 
2157 339 1425 2657 957 340 1459 2658 959 
2158 340 1459 2658 959 341 1493 2659 961 
2159 341 1493 2659 961 342 1527 2660 963 
2160 342 1527 2660 963 343 1561 2661 965 
2161 343 1561 2661 965 344 1595 2662 967 
2162 344 1595 2662 967 12 271 650 311 
2163 23 573 574 24 957 2657 2663 958 
2164 957 2657 2663 958 959 2658 2664 960 
2165 959 2658 2664 960 961 2659 2665 962 
2166 961 2659 2665 962 963 2660 2666 964 
2167 963 2660 2666 964 965 2661 2667 966 
2168 965 2661 2667 966 967 2662 2668 968 
2169 967 2662 2668 968 311 650 649 312 
2170 24 574 25 1 958 2663 1017 321 
2171 958 2663 1017 321 960 2664 1051 322 
2172 960 2664 1051 322 962 2665 1085 323 
2173 962 2665 1085 323 964 2666 1119 324 
2174 964 2666 1119 324 966 2667 1153 325 
2175 966 2667 1153 325 968 2668 1187 326 
2176 968 2668 1187 326 312 649 169 9 
2177 131 132 575 573 1425 1426 2669 2657 
2178 1425 1426 2669 2657 1459 1460 2670 2658 
2179 1459 1460 2670 2658 1493 1494 2671 2659 
2180 1493 1494 2671 2659 1527 1528 2672 2660 
2181 1527 1528 2672 2660 1561 1562 2673 2661 
2182 1561 1562 2673 2661 1595 1596 2674 2662 
2183 1595 1596 2674 2662 271 272 652 650 
2184 573 575 576 574 2657 2669 2675 2663 
2185 2657 2669 2675 2663 2658 2670 2676 2664 
2186 2658 2670 2676 2664 2659 2671 2677 2665 
2187 2659 2671 2677 2665 2660 2672 2678 2666 
2188 2660 2672 2678 2666 2661 2673 2679 2667 
2189 2661 2673 2679 2667 2662 2674 2680 2668 
2190 2662 2674 2680 2668 650 652 651 649 
2191 574 576 26 25 2663 2675 1018 1017 
2192 2663 2675 1018 1017 2664 2676 1052 1051 
2193 2664 2676 1052 1051 2665 2677 1086 1085 
2194 2665 2677 1086 1085 2666 2678 1120 1119 
2195 2666 2678 1120 1119 2667 2679 1154 1153 
2196 2667 2679 1154 1153 2668 2680 1188 1187 
2197 2668 2680 1188 1187 649 651 170 169 
2198 132 133 577 575 1426 1427 2681 2669 
2199 1426 1427 2681 2669 1460 1461 2682 2670 
2200 1460 1461 2682 2670 1494 1495 2683 2671 
2201 1494 1495 2683 2671 1528 1529 2684 2672 
2202 1528 1529 2684 2672 1562 1563 2685 2673 
2203 1562 1563 2685 2673 1596 1597 2686 2674 
2204 1596 1597 2686 2674 272 273 654 652 
2205 575 577 578 576 2669 2681 2687 2675 
2206 2669 2681 2687 2675 2670 2682 2688 2676 
2207 2670 2682 2688 2676 2671 2683 2689 2677 
2208 2671 2683 2689 2677 2672 2684 2690 2678 
2209 2672 2684 2690 2678 2673 2685 2691 2679 
2210 2673 2685 2691 2679 2674 2686 2692 2680 
2211 2674 2686 2692 2680 652 654 653 651 
2212 576 578 27 26 2675 2687 1019 1018 
2213 2675 2687 1019 1018 2676 2688 1053 1052 
2214 2676 2688 1053 1052 2677 2689 1087 1086 
2215 2677 2689 1087 1086 2678 2690 1121 1120 
2216 2678 2690 1121 1120 2679 2691 1155 1154 
2217 2679 2691 1155 1154 2680 2692 1189 1188 
2218 2680 2692 1189 1188 651 653 171 170 
2219 133 134 579 577 1427 1428 2693 2681 
2220 1427 1428 2693 2681 1461 1462 2694 2682 
2221 1461 1462 2694 2682 1495 1496 2695 2683 
2222 1495 1496 2695 2683 1529 1530 2696 2684 
2223 1529 1530 2696 2684 1563 1564 2697 2685 
2224 1563 1564 2697 2685 1597 1598 2698 2686 
2225 1597 1598 2698 2686 273 274 656 654 
2226 577 579 580 578 2681 2693 2699 2687 
2227 2681 2693 2699 2687 2682 2694 2700 2688 
2228 2682 2694 2700 2688 2683 2695 2701 2689 
2229 2683 2695 2701 2689 2684 2696 2702 2690 
2230 2684 2696 2702 2690 2685 2697 2703 2691 
2231 2685 2697 2703 2691 2686 2698 2704 2692 
2232 2686 2698 2704 2692 654 656 655 653 
2233 578 580 28 27 2687 2699 1020 1019 
2234 2687 2699 1020 1019 2688 2700 1054 1053 
2235 2688 2700 1054 1053 2689 2701 1088 1087 
2236 2689 2701 1088 1087 2690 2702 1122 1121 
2237 2690 2702 1122 1121 2691 2703 1156 1155 
2238 2691 2703 1156 1155 2692 2704 1190 1189 
2239 2692 2704 1190 1189 653 655 172 171 
2240 134 135 581 579 1428 1429 2705 2693 
2241 1428 1429 2705 2693 1462 1463 2706 2694 
2242 1462 1463 2706 2694 1496 1497 2707 2695 
2243 1496 1497 2707 2695 1530 1531 2708 2696 
2244 1530 1531 2708 2696 1564 1565 2709 2697 
2245 1564 1565 2709 2697 1598 1599 2710 2698 
2246 1598 1599 2710 2698 274 275 658 656 
2247 579 581 582 580 2693 2705 2711 2699 
2248 2693 2705 2711 2699 2694 2706 2712 2700 
2249 2694 2706 2712 2700 2695 2707 2713 2701 
2250 2695 2707 2713 2701 2696 2708 2714 2702 
2251 2696 2708 2714 2702 2697 2709 2715 2703 
2252 2697 2709 2715 2703 2698 2710 2716 2704 
2253 2698 2710 2716 2704 656 658 657 655 
2254 580 582 29 28 2699 2711 1021 1020 
2255 2699 2711 1021 1020 2700 2712 1055 1054 
2256 2700 2712 1055 1054 2701 2713 1089 1088 
2257 2701 2713 1089 1088 2702 2714 1123 1122 
2258 2702 2714 1123 1122 2703 2715 1157 1156 
2259 2703 2715 1157 1156 2704 2716 1191 1190 
2260 2704 2716 1191 1190 655 657 173 172 
2261 135 136 583 581 1429 1430 2717 2705 
2262 1429 1430 2717 2705 1463 1464 2718 2706 
2263 1463 1464 2718 2706 1497 1498 2719 2707 
2264 1497 1498 2719 2707 1531 1532 2720 2708 
2265 1531 1532 2720 2708 1565 1566 2721 2709 
2266 1565 1566 2721 2709 1599 1600 2722 2710 
2267 1599 1600 2722 2710 275 276 660 658 
2268 581 583 584 582 2705 2717 2723 2711 
2269 2705 2717 2723 2711 2706 2718 2724 2712 
2270 2706 2718 2724 2712 2707 2719 2725 2713 
2271 2707 2719 2725 2713 2708 2720 2726 2714 
2272 2708 2720 2726 2714 2709 2721 2727 2715 
2273 2709 2721 2727 2715 2710 2722 2728 2716 
2274 2710 2722 2728 2716 658 660 659 657 
2275 582 584 30 29 2711 2723 1022 1021 
2276 2711 2723 1022 1021 2712 2724 1056 1055 
2277 2712 2724 1056 1055 2713 2725 1090 1089 
2278 2713 2725 1090 1089 2714 2726 1124 1123 
2279 2714 2726 1124 1123 2715 2727 1158 1157 
2280 2715 2727 1158 1157 2716 2728 1192 1191 
2281 2716 2728 1192 1191 657 659 174 173 
2282 136 137 585 583 1430 1431 2729 2717 
2283 1430 1431 2729 2717 1464 1465 2730 2718 
2284 1464 1465 2730 2718 1498 1499 2731 2719 
2285 1498 1499 2731 2719 1532 1533 2732 2720 
2286 1532 1533 2732 2720 1566 1567 2733 2721 
2287 1566 1567 2733 2721 1600 1601 2734 2722 
2288 1600 1601 2734 2722 276 277 662 660 
2289 583 585 586 584 2717 2729 2735 2723 
2290 2717 2729 2735 2723 2718 2730 2736 2724 
2291 2718 2730 2736 2724 2719 2731 2737 2725 
2292 2719 2731 2737 2725 2720 2732 2738 2726 
2293 2720 2732 2738 2726 2721 2733 2739 2727 
2294 2721 2733 2739 2727 2722 2734 2740 2728 
2295 2722 2734 2740 2728 660 662 661 659 
2296 584 586 31 30 2723 2735 1023 1022 
2297 2723 2735 1023 1022 2724 2736 1057 1056 
2298 2724 2736 1057 1056 2725 2737 1091 1090 
2299 2725 2737 1091 1090 2726 2738 1125 1124 
2300 2726 2738 1125 1124 2727 2739 1159 1158 
2301 2727 2739 1159 1158 2728 2740 1193 1192 
2302 2728 2740 1193 1192 659 661 175 174 
2303 137 138 587 585 1431 1432 2741 2729 
2304 1431 1432 2741 2729 1465 1466 2742 2730 
2305 1465 1466 2742 2730 1499 1500 2743 2731 
2306 1499 1500 2743 2731 1533 1534 2744 2732 
2307 1533 1534 2744 2732 1567 1568 2745 2733 
2308 1567 1568 2745 2733 1601 1602 2746 2734 
2309 1601 1602 2746 2734 277 278 664 662 
2310 585 587 588 586 2729 2741 2747 2735 
2311 2729 2741 2747 2735 2730 2742 2748 2736 
2312 2730 2742 2748 2736 2731 2743 2749 2737 
2313 2731 2743 2749 2737 2732 2744 2750 2738 
2314 2732 2744 2750 2738 2733 2745 2751 2739 
2315 2733 2745 2751 2739 2734 2746 2752 2740 
2316 2734 2746 2752 2740 662 664 663 661 
2317 586 588 32 31 2735 2747 1024 1023 
2318 2735 2747 1024 1023 2736 2748 1058 1057 
2319 2736 2748 1058 1057 2737 2749 1092 1091 
2320 2737 2749 1092 1091 2738 2750 1126 1125 
2321 2738 2750 1126 1125 2739 2751 1160 1159 
2322 2739 2751 1160 1159 2740 2752 1194 1193 
2323 2740 2752 1194 1193 661 663 176 175 
2324 138 139 589 587 1432 1433 2753 2741 
2325 1432 1433 2753 2741 1466 1467 2754 2742 
2326 1466 1467 2754 2742 1500 1501 2755 2743 
2327 1500 1501 2755 2743 1534 1535 2756 2744 
2328 1534 1535 2756 2744 1568 1569 2757 2745 
2329 1568 1569 2757 2745 1602 1603 2758 2746 
2330 1602 1603 2758 2746 278 279 666 664 
2331 587 589 590 588 2741 2753 2759 2747 
2332 2741 2753 2759 2747 2742 2754 2760 2748 
2333 2742 2754 2760 2748 2743 2755 2761 2749 
2334 2743 2755 2761 2749 2744 2756 2762 2750 
2335 2744 2756 2762 2750 2745 2757 2763 2751 
2336 2745 2757 2763 2751 2746 2758 2764 2752 
2337 2746 2758 2764 2752 664 666 665 663 
2338 588 590 33 32 2747 2759 1025 1024 
2339 2747 2759 1025 1024 2748 2760 1059 1058 
2340 2748 2760 1059 1058 2749 2761 1093 1092 
2341 2749 2761 1093 1092 2750 2762 1127 1126 
2342 2750 2762 1127 1126 2751 2763 1161 1160 
2343 2751 2763 1161 1160 2752 2764 1195 1194 
2344 2752 2764 1195 1194 663 665 177 176 
2345 139 140 591 589 1433 1434 2765 2753 
2346 1433 1434 2765 2753 1467 1468 2766 2754 
2347 1467 1468 2766 2754 1501 1502 2767 2755 
2348 1501 1502 2767 2755 1535 1536 2768 2756 
2349 1535 1536 2768 2756 1569 1570 2769 2757 
2350 1569 1570 2769 2757 1603 1604 2770 2758 
2351 1603 1604 2770 2758 279 280 668 666 
2352 589 591 592 590 2753 2765 2771 2759 
2353 2753 2765 2771 2759 2754 2766 2772 2760 
2354 2754 2766 2772 2760 2755 2767 2773 2761 
2355 2755 2767 2773 2761 2756 2768 2774 2762 
2356 2756 2768 2774 2762 2757 2769 2775 2763 
2357 2757 2769 2775 2763 2758 2770 2776 2764 
2358 2758 2770 2776 2764 666 668 667 665 
2359 590 592 34 33 2759 2771 1026 1025 
2360 2759 2771 1026 1025 2760 2772 1060 1059 
2361 2760 2772 1060 1059 2761 2773 1094 1093 
2362 2761 2773 1094 1093 2762 2774 1128 1127 
2363 2762 2774 1128 1127 2763 2775 1162 1161 
2364 2763 2775 1162 1161 2764 2776 1196 1195 
2365 2764 2776 1196 1195 665 667 178 177 
2366 140 141 593 591 1434 1435 2777 2765 
2367 1434 1435 2777 2765 1468 1469 2778 2766 
2368 1468 1469 2778 2766 1502 1503 2779 2767 
2369 1502 1503 2779 2767 1536 1537 2780 2768 
2370 1536 1537 2780 2768 1570 1571 2781 2769 
2371 1570 1571 2781 2769 1604 1605 2782 2770 
2372 1604 1605 2782 2770 280 281 670 668 
2373 591 593 594 592 2765 2777 2783 2771 
2374 2765 2777 2783 2771 2766 2778 2784 2772 
2375 2766 2778 2784 2772 2767 2779 2785 2773 
2376 2767 2779 2785 2773 2768 2780 2786 2774 
2377 2768 2780 2786 2774 2769 2781 2787 2775 
2378 2769 2781 2787 2775 2770 2782 2788 2776 
2379 2770 2782 2788 2776 668 670 669 667 
2380 592 594 35 34 2771 2783 1027 1026 
2381 2771 2783 1027 1026 2772 2784 1061 1060 
2382 2772 2784 1061 1060 2773 2785 1095 1094 
2383 2773 2785 1095 1094 2774 2786 1129 1128 
2384 2774 2786 1129 1128 2775 2787 1163 1162 
2385 2775 2787 1163 1162 2776 2788 1197 1196 
2386 2776 2788 1197 1196 667 669 179 178 
2387 141 142 595 593 1435 1436 2789 2777 
2388 1435 1436 2789 2777 1469 1470 2790 2778 
2389 1469 1470 2790 2778 1503 1504 2791 2779 
2390 1503 1504 2791 2779 1537 1538 2792 2780 
2391 1537 1538 2792 2780 1571 1572 2793 2781 
2392 1571 1572 2793 2781 1605 1606 2794 2782 
2393 1605 1606 2794 2782 281 282 672 670 
2394 593 595 596 594 2777 2789 2795 2783 
2395 2777 2789 2795 2783 2778 2790 2796 2784 
2396 2778 2790 2796 2784 2779 2791 2797 2785 
2397 2779 2791 2797 2785 2780 2792 2798 2786 
2398 2780 2792 2798 2786 2781 2793 2799 2787 
2399 2781 2793 2799 2787 2782 2794 2800 2788 
2400 2782 2794 2800 2788 670 672 671 669 
2401 594 596 36 35 2783 2795 1028 1027 
2402 2783 2795 1028 1027 2784 2796 1062 1061 
2403 2784 2796 1062 1061 2785 2797 1096 1095 
2404 2785 2797 1096 1095 2786 2798 1130 1129 
2405 2786 2798 1130 1129 2787 2799 1164 1163 
2406 2787 2799 1164 1163 2788 2800 1198 1197 
2407 2788 2800 1198 1197 669 671 180 179 
2408 142 143 597 595 1436 1437 2801 2789 
2409 1436 1437 2801 2789 1470 1471 2802 2790 
2410 1470 1471 2802 2790 1504 1505 2803 2791 
2411 1504 1505 2803 2791 1538 1539 2804 2792 
2412 1538 1539 2804 2792 1572 1573 2805 2793 
2413 1572 1573 2805 2793 1606 1607 2806 2794 
2414 1606 1607 2806 2794 282 283 674 672 
2415 595 597 598 596 2789 2801 2807 2795 
2416 2789 2801 2807 2795 2790 2802 2808 2796 
2417 2790 2802 2808 2796 2791 2803 2809 2797 
2418 2791 2803 2809 2797 2792 2804 2810 2798 
2419 2792 2804 2810 2798 2793 2805 2811 2799 
2420 2793 2805 2811 2799 2794 2806 2812 2800 
2421 2794 2806 2812 2800 672 674 673 671 
2422 596 598 37 36 2795 2807 1029 1028 
2423 2795 2807 1029 1028 2796 2808 1063 1062 
2424 2796 2808 1063 1062 2797 2809 1097 1096 
2425 2797 2809 1097 1096 2798 2810 1131 1130 
2426 2798 2810 1131 1130 2799 2811 1165 1164 
2427 2799 2811 1165 1164 2800 2812 1199 1198 
2428 2800 2812 1199 1198 671 673 181 180 
2429 143 144 599 597 1437 1438 2813 2801 
2430 1437 1438 2813 2801 1471 1472 2814 2802 
2431 1471 1472 2814 2802 1505 1506 2815 2803 
2432 1505 1506 2815 2803 1539 1540 2816 2804 
2433 1539 1540 2816 2804 1573 1574 2817 2805 
2434 1573 1574 2817 2805 1607 1608 2818 2806 
2435 1607 1608 2818 2806 283 284 676 674 
2436 597 599 600 598 2801 2813 2819 2807 
2437 2801 2813 2819 2807 2802 2814 2820 2808 
2438 2802 2814 2820 2808 2803 2815 2821 2809 
2439 2803 2815 2821 2809 2804 2816 2822 2810 
2440 2804 2816 2822 2810 2805 2817 2823 2811 
2441 2805 2817 2823 2811 2806 2818 2824 2812 
2442 2806 2818 2824 2812 674 676 675 673 
2443 598 600 38 37 2807 2819 1030 1029 
2444 2807 2819 1030 1029 2808 2820 1064 1063 
2445 2808 2820 1064 1063 2809 2821 1098 1097 
2446 2809 2821 1098 1097 2810 2822 1132 1131 
2447 2810 2822 1132 1131 2811 2823 1166 1165 
2448 2811 2823 1166 1165 2812 2824 1200 1199 
2449 2812 2824 1200 1199 673 675 182 181 
2450 144 145 601 599 1438 1439 2825 2813 
2451 1438 1439 2825 2813 1472 1473 2826 2814 
2452 1472 1473 2826 2814 1506 1507 2827 2815 
2453 1506 1507 2827 2815 1540 1541 2828 2816 
2454 1540 1541 2828 2816 1574 1575 2829 2817 
2455 1574 1575 2829 2817 1608 1609 2830 2818 
2456 1608 1609 2830 2818 284 285 678 676 
2457 599 601 602 600 2813 2825 2831 2819 
2458 2813 2825 2831 2819 2814 2826 2832 2820 
2459 2814 2826 2832 2820 2815 2827 2833 2821 
2460 2815 2827 2833 2821 2816 2828 2834 2822 
2461 2816 2828 2834 2822 2817 2829 2835 2823 
2462 2817 2829 2835 2823 2818 2830 2836 2824 
2463 2818 2830 2836 2824 676 678 677 675 
2464 600 602 39 38 2819 2831 1031 1030 
2465 2819 2831 1031 1030 2820 2832 1065 1064 
2466 2820 2832 1065 1064 2821 2833 1099 1098 
2467 2821 2833 1099 1098 2822 2834 1133 1132 
2468 2822 2834 1133 1132 2823 2835 1167 1166 
2469 2823 2835 1167 1166 2824 2836 1201 1200 
2470 2824 2836 1201 1200 675 677 183 182 
2471 145 146 603 601 1439 1440 2837 2825 
2472 1439 1440 2837 2825 1473 1474 2838 2826 
2473 1473 1474 2838 2826 1507 1508 2839 2827 
2474 1507 1508 2839 2827 1541 1542 2840 2828 
2475 1541 1542 2840 2828 1575 1576 2841 2829 
2476 1575 1576 2841 2829 1609 1610 2842 2830 
2477 1609 1610 2842 2830 285 286 680 678 
2478 601 603 604 602 2825 2837 2843 2831 
2479 2825 2837 2843 2831 2826 2838 2844 2832 
2480 2826 2838 2844 2832 2827 2839 2845 2833 
2481 2827 2839 2845 2833 2828 2840 2846 2834 
2482 2828 2840 2846 2834 2829 2841 2847 2835 
2483 2829 2841 2847 2835 2830 2842 2848 2836 
2484 2830 2842 2848 2836 678 680 679 677 
2485 602 604 40 39 2831 2843 1032 1031 
2486 2831 2843 1032 1031 2832 2844 1066 1065 
2487 2832 2844 1066 1065 2833 2845 1100 1099 
2488 2833 2845 1100 1099 2834 2846 1134 1133 
2489 2834 2846 1134 1133 2835 2847 1168 1167 
2490 2835 2847 1168 1167 2836 2848 1202 1201 
2491 2836 2848 1202 1201 677 679 184 183 
2492 146 147 605 603 1440 1441 2849 2837 
2493 1440 1441 2849 2837 1474 1475 2850 2838 
2494 1474 1475 2850 2838 1508 1509 2851 2839 
2495 1508 1509 2851 2839 1542 1543 2852 2840 
2496 1542 1543 2852 2840 1576 1577 2853 2841 
2497 1576 1577 2853 2841 1610 1611 2854 2842 
2498 1610 1611 2854 2842 286 287 682 680 
2499 603 605 606 604 2837 2849 2855 2843 
2500 2837 2849 2855 2843 2838 2850 2856 2844 
2501 2838 2850 2856 2844 2839 2851 2857 2845 
2502 2839 2851 2857 2845 2840 2852 2858 2846 
2503 2840 2852 2858 2846 2841 2853 2859 2847 
2504 2841 2853 2859 2847 2842 2854 2860 2848 
2505 2842 2854 2860 2848 680 682 681 679 
2506 604 606 41 40 2843 2855 1033 1032 
2507 2843 2855 1033 1032 2844 2856 1067 1066 
2508 2844 2856 1067 1066 2845 2857 1101 1100 
2509 2845 2857 1101 1100 2846 2858 1135 1134 
2510 2846 2858 1135 1134 2847 2859 1169 1168 
2511 2847 2859 1169 1168 2848 2860 1203 1202 
2512 2848 2860 1203 1202 679 681 185 184 
2513 147 148 607 605 1441 1442 2861 2849 
2514 1441 1442 2861 2849 1475 1476 2862 2850 
2515 1475 1476 2862 2850 1509 1510 2863 2851 
2516 1509 1510 2863 2851 1543 1544 2864 2852 
2517 1543 1544 2864 2852 1577 1578 2865 2853 
2518 1577 1578 2865 2853 1611 1612 2866 2854 
2519 1611 1612 2866 2854 287 288 684 682 
2520 605 607 608 606 2849 2861 2867 2855 
2521 2849 2861 2867 2855 2850 2862 2868 2856 
2522 2850 2862 2868 2856 2851 2863 2869 2857 
2523 2851 2863 2869 2857 2852 2864 2870 2858 
2524 2852 2864 2870 2858 2853 2865 2871 2859 
2525 2853 2865 2871 2859 2854 2866 2872 2860 
2526 2854 2866 2872 2860 682 684 683 681 
2527 606 608 42 41 2855 2867 1034 1033 
2528 2855 2867 1034 1033 2856 2868 1068 1067 
2529 2856 2868 1068 1067 2857 2869 1102 1101 
2530 2857 2869 1102 1101 2858 2870 1136 1135 
2531 2858 2870 1136 1135 2859 2871 1170 1169 
2532 2859 2871 1170 1169 2860 2872 1204 1203 
2533 2860 2872 1204 1203 681 683 186 185 
2534 148 149 609 607 1442 1443 2873 2861 
2535 1442 1443 2873 2861 1476 1477 2874 2862 
2536 1476 1477 2874 2862 1510 1511 2875 2863 
2537 1510 1511 2875 2863 1544 1545 2876 2864 
2538 1544 1545 2876 2864 1578 1579 2877 2865 
2539 1578 1579 2877 2865 1612 1613 2878 2866 
2540 1612 1613 2878 2866 288 289 686 684 
2541 607 609 610 608 2861 2873 2879 2867 
2542 2861 2873 2879 2867 2862 2874 2880 2868 
2543 2862 2874 2880 2868 2863 2875 2881 2869 
2544 2863 2875 2881 2869 2864 2876 2882 2870 
2545 2864 2876 2882 2870 2865 2877 2883 2871 
2546 2865 2877 2883 2871 2866 2878 2884 2872 
2547 2866 2878 2884 2872 684 686 685 683 
2548 608 610 43 42 2867 2879 1035 1034 
2549 2867 2879 1035 1034 2868 2880 1069 1068 
2550 2868 2880 1069 1068 2869 2881 1103 1102 
2551 2869 2881 1103 1102 2870 2882 1137 1136 
2552 2870 2882 1137 1136 2871 2883 1171 1170 
2553 2871 2883 1171 1170 2872 2884 1205 1204 
2554 2872 2884 1205 1204 683 685 187 186 
2555 149 150 611 609 1443 1444 2885 2873 
2556 1443 1444 2885 2873 1477 1478 2886 2874 
2557 1477 1478 2886 2874 1511 1512 2887 2875 
2558 1511 1512 2887 2875 1545 1546 2888 2876 
2559 1545 1546 2888 2876 1579 1580 2889 2877 
2560 1579 1580 2889 2877 1613 1614 2890 2878 
2561 1613 1614 2890 2878 289 290 688 686 
2562 609 611 612 610 2873 2885 2891 2879 
2563 2873 2885 2891 2879 2874 2886 2892 2880 
2564 2874 2886 2892 2880 2875 2887 2893 2881 
2565 2875 2887 2893 2881 2876 2888 2894 2882 
2566 2876 2888 2894 2882 2877 2889 2895 2883 
2567 2877 2889 2895 2883 2878 2890 2896 2884 
2568 2878 2890 2896 2884 686 688 687 685 
2569 610 612 44 43 2879 2891 1036 1035 
2570 2879 2891 1036 1035 2880 2892 1070 1069 
2571 2880 2892 1070 1069 2881 2893 1104 1103 
2572 2881 2893 1104 1103 2882 2894 1138 1137 
2573 2882 2894 1138 1137 2883 2895 1172 1171 
2574 2883 2895 1172 1171 2884 2896 1206 1205 
2575 2884 2896 1206 1205 685 687 188 187 
2576 150 151 613 611 1444 1445 2897 2885 
2577 1444 1445 2897 2885 1478 1479 2898 2886 
2578 1478 1479 2898 2886 1512 1513 2899 2887 
2579 1512 1513 2899 2887 1546 1547 2900 2888 
2580 1546 1547 2900 2888 1580 1581 2901 2889 
2581 1580 1581 2901 2889 1614 1615 2902 2890 
2582 1614 1615 2902 2890 290 291 690 688 
2583 611 613 614 612 2885 2897 2903 2891 
2584 2885 2897 2903 2891 2886 2898 2904 2892 
2585 2886 2898 2904 2892 2887 2899 2905 2893 
2586 2887 2899 2905 2893 2888 2900 2906 2894 
2587 2888 2900 2906 2894 2889 2901 2907 2895 
2588 2889 2901 2907 2895 2890 2902 2908 2896 
2589 2890 2902 2908 2896 688 690 689 687 
2590 612 614 45 44 2891 2903 1037 1036 
2591 2891 2903 1037 1036 2892 2904 1071 1070 
2592 2892 2904 1071 1070 2893 2905 1105 1104 
2593 2893 2905 1105 1104 2894 2906 1139 1138 
2594 2894 2906 1139 1138 2895 2907 1173 1172 
2595 2895 2907 1173 1172 2896 2908 1207 1206 
2596 2896 2908 1207 1206 687 689 189 188 
2597 151 152 615 613 1445 1446 2909 2897 
2598 1445 1446 2909 2897 1479 1480 2910 2898 
2599 1479 1480 2910 2898 1513 1514 2911 2899 
2600 1513 1514 2911 2899 1547 1548 2912 2900 
2601 1547 1548 2912 2900 1581 1582 2913 2901 
2602 1581 1582 2913 2901 1615 1616 2914 2902 
2603 1615 1616 2914 2902 291 292 692 690 
2604 613 615 616 614 2897 2909 2915 2903 
2605 2897 2909 2915 2903 2898 2910 2916 2904 
2606 2898 2910 2916 2904 2899 2911 2917 2905 
2607 2899 2911 2917 2905 2900 2912 2918 2906 
2608 2900 2912 2918 2906 2901 2913 2919 2907 
2609 2901 2913 2919 2907 2902 2914 2920 2908 
2610 2902 2914 2920 2908 690 692 691 689 
2611 614 616 46 45 2903 2915 1038 1037 
2612 2903 2915 1038 1037 2904 2916 1072 1071 
2613 2904 2916 1072 1071 2905 2917 1106 1105 
2614 2905 2917 1106 1105 2906 2918 1140 1139 
2615 2906 2918 1140 1139 2907 2919 1174 1173 
2616 2907 2919 1174 1173 2908 2920 1208 1207 
2617 2908 2920 1208 1207 689 691 190 189 
2618 152 153 617 615 1446 1447 2921 2909 
2619 1446 1447 2921 2909 1480 1481 2922 2910 
2620 1480 1481 2922 2910 1514 1515 2923 2911 
2621 1514 1515 2923 2911 1548 1549 2924 2912 
2622 1548 1549 2924 2912 1582 1583 2925 2913 
2623 1582 1583 2925 2913 1616 1617 2926 2914 
2624 1616 1617 2926 2914 292 293 694 692 
2625 615 617 618 616 2909 2921 2927 2915 
2626 2909 2921 2927 2915 2910 2922 2928 2916 
2627 2910 2922 2928 2916 2911 2923 2929 2917 
2628 2911 2923 2929 2917 2912 2924 2930 2918 
2629 2912 2924 2930 2918 2913 2925 2931 2919 
2630 2913 2925 2931 2919 2914 2926 2932 2920 
2631 2914 2926 2932 2920 692 694 693 691 
2632 616 618 47 46 2915 2927 1039 1038 
2633 2915 2927 1039 1038 2916 2928 1073 1072 
2634 2916 2928 1073 1072 2917 2929 1107 1106 
2635 2917 2929 1107 1106 2918 2930 1141 1140 
2636 2918 2930 1141 1140 2919 2931 1175 1174 
2637 2919 2931 1175 1174 2920 2932 1209 1208 
2638 2920 2932 1209 1208 691 693 191 190 
2639 153 154 619 617 1447 1448 2933 2921 
2640 1447 1448 2933 2921 1481 1482 2934 2922 
2641 1481 1482 2934 2922 1515 1516 2935 2923 
2642 1515 1516 2935 2923 1549 1550 2936 2924 
2643 1549 1550 2936 2924 1583 1584 2937 2925 
2644 1583 1584 2937 2925 1617 1618 2938 2926 
2645 1617 1618 2938 2926 293 294 696 694 
2646 617 619 620 618 2921 2933 2939 2927 
2647 2921 2933 2939 2927 2922 2934 2940 2928 
2648 2922 2934 2940 2928 2923 2935 2941 2929 
2649 2923 2935 2941 2929 2924 2936 2942 2930 
2650 2924 2936 2942 2930 2925 2937 2943 2931 
2651 2925 2937 2943 2931 2926 2938 2944 2932 
2652 2926 2938 2944 2932 694 696 695 693 
2653 618 620 48 47 2927 2939 1040 1039 
2654 2927 2939 1040 1039 2928 2940 1074 1073 
2655 2928 2940 1074 1073 2929 2941 1108 1107 
2656 2929 2941 1108 1107 2930 2942 1142 1141 
2657 2930 2942 1142 1141 2931 2943 1176 1175 
2658 2931 2943 1176 1175 2932 2944 1210 1209 
2659 2932 2944 1210 1209 693 695 192 191 
2660 154 155 621 619 1448 1449 2945 2933 
2661 1448 1449 2945 2933 1482 1483 2946 2934 
2662 1482 1483 2946 2934 1516 1517 2947 2935 
2663 1516 1517 2947 2935 1550 1551 2948 2936 
2664 1550 1551 2948 2936 1584 1585 2949 2937 
2665 1584 1585 2949 2937 1618 1619 2950 2938 
2666 1618 1619 2950 2938 294 295 698 696 
2667 619 621 622 620 2933 2945 2951 2939 
2668 2933 2945 2951 2939 2934 2946 2952 2940 
2669 2934 2946 2952 2940 2935 2947 2953 2941 
2670 2935 2947 2953 2941 2936 2948 2954 2942 
2671 2936 2948 2954 2942 2937 2949 2955 2943 
2672 2937 2949 2955 2943 2938 2950 2956 2944 
2673 2938 2950 2956 2944 696 698 697 695 
2674 620 622 49 48 2939 2951 1041 1040 
2675 2939 2951 1041 1040 2940 2952 1075 1074 
2676 2940 2952 1075 1074 2941 2953 1109 1108 
2677 2941 2953 1109 1108 2942 2954 1143 1142 
2678 2942 2954 1143 1142 2943 2955 1177 1176 
2679 2943 2955 1177 1176 2944 2956 1211 1210 
2680 2944 2956 1211 1210 695 697 193 192 
2681 155 156 623 621 1449 1450 2957 2945 
2682 1449 1450 2957 2945 1483 1484 2958 2946 
2683 1483 1484 2958 2946 1517 1518 2959 2947 
2684 1517 1518 2959 2947 1551 1552 2960 2948 
2685 1551 1552 2960 2948 1585 1586 2961 2949 
2686 1585 1586 2961 2949 1619 1620 2962 2950 
2687 1619 1620 2962 2950 295 296 700 698 
2688 621 623 624 622 2945 2957 2963 2951 
2689 2945 2957 2963 2951 2946 2958 2964 2952 
2690 2946 2958 2964 2952 2947 2959 2965 2953 
2691 2947 2959 2965 2953 2948 2960 2966 2954 
2692 2948 2960 2966 2954 2949 2961 2967 2955 
2693 2949 2961 2967 2955 2950 2962 2968 2956 
2694 2950 2962 2968 2956 698 700 699 697 
2695 622 624 50 49 2951 2963 1042 1041 
2696 2951 2963 1042 1041 2952 2964 1076 1075 
2697 2952 2964 1076 1075 2953 2965 1110 1109 
2698 2953 2965 1110 1109 2954 2966 1144 1143 
2699 2954 2966 1144 1143 2955 2967 1178 1177 
2700 2955 2967 1178 1177 2956 2968 1212 1211 
2701 2956 2968 1212 1211 697 699 194 193 
2702 156 157 625 623 1450 1451 2969 2957 
2703 1450 1451 2969 2957 1484 1485 2970 2958 
2704 1484 1485 2970 2958 1518 1519 2971 2959 
2705 1518 1519 2971 2959 1552 1553 2972 2960 
2706 1552 1553 2972 2960 1586 1587 2973 2961 
2707 1586 1587 2973 2961 1620 1621 2974 2962 
2708 1620 1621 2974 2962 296 297 702 700 
2709 623 625 626 624 2957 2969 2975 2963 
2710 2957 2969 2975 2963 2958 2970 2976 2964 
2711 2958 2970 2976 2964 2959 2971 2977 2965 
2712 2959 2971 2977 2965 2960 2972 2978 2966 
2713 2960 2972 2978 2966 2961 2973 2979 2967 
2714 2961 2973 2979 2967 2962 2974 2980 2968 
2715 2962 2974 2980 2968 700 702 701 699 
2716 624 626 51 50 2963 2975 1043 1042 
2717 2963 2975 1043 1042 2964 2976 1077 1076 
2718 2964 2976 1077 1076 2965 2977 1111 1110 
2719 2965 2977 1111 1110 2966 2978 1145 1144 
2720 2966 2978 1145 1144 2967 2979 1179 1178 
2721 2967 2979 1179 1178 2968 2980 1213 1212 
2722 2968 2980 1213 1212 699 701 195 194 
2723 157 158 627 625 1451 1452 2981 2969 
2724 1451 1452 2981 2969 1485 1486 2982 2970 
2725 1485 1486 2982 2970 1519 1520 2983 2971 
2726 1519 1520 2983 2971 1553 1554 2984 2972 
2727 1553 1554 2984 2972 1587 1588 2985 2973 
2728 1587 1588 2985 2973 1621 1622 2986 2974 
2729 1621 1622 2986 2974 297 298 704 702 
2730 625 627 628 626 2969 2981 2987 2975 
2731 2969 2981 2987 2975 2970 2982 2988 2976 
2732 2970 2982 2988 2976 2971 2983 2989 2977 
2733 2971 2983 2989 2977 2972 2984 2990 2978 
2734 2972 2984 2990 2978 2973 2985 2991 2979 
2735 2973 2985 2991 2979 2974 2986 2992 2980 
2736 2974 2986 2992 2980 702 704 703 701 
2737 626 628 52 51 2975 2987 1044 1043 
2738 2975 2987 1044 1043 2976 2988 1078 1077 
2739 2976 2988 1078 1077 2977 2989 1112 1111 
2740 2977 2989 1112 1111 2978 2990 1146 1145 
2741 2978 2990 1146 1145 2979 2991 1180 1179 
2742 2979 2991 1180 1179 2980 2992 1214 1213 
2743 2980 2992 1214 1213 701 703 196 195 
2744 158 159 629 627 1452 1453 2993 2981 
2745 1452 1453 2993 2981 1486 1487 2994 2982 
2746 1486 1487 2994 2982 1520 1521 2995 2983 
2747 1520 1521 2995 2983 1554 1555 2996 2984 
2748 1554 1555 2996 2984 1588 1589 2997 2985 
2749 1588 1589 2997 2985 1622 1623 2998 2986 
2750 1622 1623 2998 2986 298 299 706 704 
2751 627 629 630 628 2981 2993 2999 2987 
2752 2981 2993 2999 2987 2982 2994 3000 2988 
2753 2982 2994 3000 2988 2983 2995 3001 2989 
2754 2983 2995 3001 2989 2984 2996 3002 2990 
2755 2984 2996 3002 2990 2985 2997 3003 2991 
2756 2985 2997 3003 2991 2986 2998 3004 2992 
2757 2986 2998 3004 2992 704 706 705 703 
2758 628 630 53 52 2987 2999 1045 1044 
2759 2987 2999 1045 1044 2988 3000 1079 1078 
2760 2988 3000 1079 1078 2989 3001 1113 1112 
2761 2989 3001 1113 1112 2990 3002 1147 1146 
2762 2990 3002 1147 1146 2991 3003 1181 1180 
2763 2991 3003 1181 1180 2992 3004 1215 1214 
2764 2992 3004 1215 1214 703 705 197 196 
2765 159 160 631 629 1453 1454 3005 2993 
2766 1453 1454 3005 2993 1487 1488 3006 2994 
2767 1487 1488 3006 2994 1521 1522 3007 2995 
2768 1521 1522 3007 2995 1555 1556 3008 2996 
2769 1555 1556 3008 2996 1589 1590 3009 2997 
2770 1589 1590 3009 2997 1623 1624 3010 2998 
2771 1623 1624 3010 2998 299 300 708 706 
2772 629 631 632 630 2993 3005 3011 2999 
2773 2993 3005 3011 2999 2994 3006 3012 3000 
2774 2994 3006 3012 3000 2995 3007 3013 3001 
2775 2995 3007 3013 3001 2996 3008 3014 3002 
2776 2996 3008 3014 3002 2997 3009 3015 3003 
2777 2997 3009 3015 3003 2998 3010 3016 3004 
2778 2998 3010 3016 3004 706 708 707 705 
2779 630 632 54 53 2999 3011 1046 1045 
2780 2999 3011 1046 1045 3000 3012 1080 1079 
2781 3000 3012 1080 1079 3001 3013 1114 1113 
2782 3001 3013 1114 1113 3002 3014 1148 1147 
2783 3002 3014 1148 1147 3003 3015 1182 1181 
2784 3003 3015 1182 1181 3004 3016 1216 1215 
2785 3004 3016 1216 1215 705 707 198 197 
2786 160 161 633 631 1454 1455 3017 3005 
2787 1454 1455 3017 3005 1488 1489 3018 3006 
2788 1488 1489 3018 3006 1522 1523 3019 3007 
2789 1522 1523 3019 3007 1556 1557 3020 3008 
2790 1556 1557 3020 3008 1590 1591 3021 3009 
2791 1590 1591 3021 3009 1624 1625 3022 3010 
2792 1624 1625 3022 3010 300 301 710 708 
2793 631 633 634 632 3005 3017 3023 3011 
2794 3005 3017 3023 3011 3006 3018 3024 3012 
2795 3006 3018 3024 3012 3007 3019 3025 3013 
2796 3007 3019 3025 3013 3008 3020 3026 3014 
2797 3008 3020 3026 3014 3009 3021 3027 3015 
2798 3009 3021 3027 3015 3010 3022 3028 3016 
2799 3010 3022 3028 3016 708 710 709 707 
2800 632 634 55 54 3011 3023 1047 1046 
2801 3011 3023 1047 1046 3012 3024 1081 1080 
2802 3012 3024 1081 1080 3013 3025 1115 1114 
2803 3013 3025 1115 1114 3014 3026 1149 1148 
2804 3014 3026 1149 1148 3015 3027 1183 1182 
2805 3015 3027 1183 1182 3016 3028 1217 1216 
2806 3016 3028 1217 1216 707 709 199 198 
2807 161 162 635 633 1455 1456 3029 3017 
2808 1455 1456 3029 3017 1489 1490 3030 3018 
2809 1489 1490 3030 3018 1523 1524 3031 3019 
2810 1523 1524 3031 3019 1557 1558 3032 3020 
2811 1557 1558 3032 3020 1591 1592 3033 3021 
2812 1591 1592 3033 3021 1625 1626 3034 3022 
2813 1625 1626 3034 3022 301 302 712 710 
2814 633 635 636 634 3017 3029 3035 3023 
2815 3017 3029 3035 3023 3018 3030 3036 3024 
2816 3018 3030 3036 3024 3019 3031 3037 3025 
2817 3019 3031 3037 3025 3020 3032 3038 3026 
2818 3020 3032 3038 3026 3021 3033 3039 3027 
2819 3021 3033 3039 3027 3022 3034 3040 3028 
2820 3022 3034 3040 3028 710 712 711 709 
2821 634 636 56 55 3023 3035 1048 1047 
2822 3023 3035 1048 1047 3024 3036 1082 1081 
2823 3024 3036 1082 1081 3025 3037 1116 1115 
2824 3025 3037 1116 1115 3026 3038 1150 1149 
2825 3026 3038 1150 1149 3027 3039 1184 1183 
2826 3027 3039 1184 1183 3028 3040 1218 1217 
2827 3028 3040 1218 1217 709 711 200 199 
2828 162 163 637 635 1456 1457 3041 3029 
2829 1456 1457 3041 3029 1490 1491 3042 3030 
2830 1490 1491 3042 3030 1524 1525 3043 3031 
2831 1524 1525 3043 3031 1558 1559 3044 3032 
2832 1558 1559 3044 3032 1592 1593 3045 3033 
2833 1592 1593 3045 3033 1626 1627 3046 3034 
2834 1626 1627 3046 3034 302 303 714 712 
2835 635 637 638 636 3029 3041 3047 3035 
2836 3029 3041 3047 3035 3030 3042 3048 3036 
2837 3030 3042 3048 3036 3031 3043 3049 3037 
2838 3031 3043 3049 3037 3032 3044 3050 3038 
2839 3032 3044 3050 3038 3033 3045 3051 3039 
2840 3033 3045 3051 3039 3034 3046 3052 3040 
2841 3034 3046 3052 3040 712 714 713 711 
2842 636 638 57 56 3035 3047 1049 1048 
2843 3035 3047 1049 1048 3036 3048 1083 1082 
2844 3036 3048 1083 1082 3037 3049 1117 1116 
2845 3037 3049 1117 1116 3038 3050 1151 1150 
2846 3038 3050 1151 1150 3039 3051 1185 1184 
2847 3039 3051 1185 1184 3040 3052 1219 1218 
2848 3040 3052 1219 1218 711 713 201 200 
2849 163 164 639 637 1457 1458 3053 3041 
2850 1457 1458 3053 3041 1491 1492 3054 3042 
2851 1491 1492 3054 3042 1525 1526 3055 3043 
2852 1525 1526 3055 3043 1559 1560 3056 3044 
2853 1559 1560 3056 3044 1593 1594 3057 3045 
2854 1593 1594 3057 3045 1627 1628 3058 3046 
2855 1627 1628 3058 3046 303 304 716 714 
2856 637 639 640 638 3041 3053 3059 3047 
2857 3041 3053 3059 3047 3042 3054 3060 3048 
2858 3042 3054 3060 3048 3043 3055 3061 3049 
2859 3043 3055 3061 3049 3044 3056 3062 3050 
2860 3044 3056 3062 3050 3045 3057 3063 3051 
2861 3045 3057 3063 3051 3046 3058 3064 3052 
2862 3046 3058 3064 3052 714 716 715 713 
2863 638 640 58 57 3047 3059 1050 1049 
2864 3047 3059 1050 1049 3048 3060 1084 1083 
2865 3048 3060 1084 1083 3049 3061 1118 1117 
2866 3049 3061 1118 1117 3050 3062 1152 1151 
2867 3050 3062 1152 1151 3051 3063 1186 1185 
2868 3051 3063 1186 1185 3052 3064 1220 1219 
2869 3052 3064 1220 1219 713 715 202 201 
2870 164 8 167 639 1458 363 1005 3053 
2871 1458 363 1005 3053 1492 364 1006 3054 
2872 1492 364 1006 3054 1526 365 1007 3055 
2873 1526 365 1007 3055 1560 366 1008 3056 
2874 1560 366 1008 3056 1594 367 1009 3057 
2875 1594 367 1009 3057 1628 368 1010 3058 
2876 1628 368 1010 3058 304 16 319 716 
2877 639 167 168 640 3053 1005 1011 3059 
2878 3053 1005 1011 3059 3054 1006 1012 3060 
2879 3054 1006 1012 3060 3055 1007 1013 3061 
2880 3055 1007 1013 3061 3056 1008 1014 3062 
2881 3056 1008 1014 3062 3057 1009 1015 3063 
2882 3057 1009 1015 3063 3058 1010 1016 3064 
2883 3058 1010 1016 3064 716 319 320 715 
2884 640 168 5 58 3059 1011 345 1050 
2885 3059 1011 345 1050 3060 1012 346 1084 
2886 3060 1012 346 1084 3061 1013 347 1118 
2887 3061 1013 347 1118 3062 1014 348 1152 
2888 3062 1014 348 1152 3063 1015 349 1186 
2889 3063 1015 349 1186 3064 1016 350 1220 
2890 3064 1016 350 1220 715 320 13 202 
3 82 5 735
2891 2 59 437 19 327 1221 3065 933 
2892 327 1221 3065 933 328 1255 3066 934 
2893 328 1255 3066 934 329 1289 3067 935 
2894 329 1289 3067 935 330 1323 3068 936 
2895 330 1323 3068 936 331 1357 3069 937 
2896 331 1357 3069 937 332 1391 3070 938 
2897 332 1391 3070 938 10 203 717 307 
2898 19 437 438 20 933 3065 3071 939 
2899 933 3065 3071 939 934 3066 3072 940 
2900 934 3066 3072 940 935 3067 3073 941 
2901 935 3067 3073 941 936 3068 3074 942 
2902 936 3068 3074 942 937 3069 3075 943 
2903 937 3069 3075 943 938 3070 3076 944 
2904 938 3070 3076 944 307 717 718 308 
2905 20 438 95 3 939 3071 1629 333 
2906 939 3071 1629 333 940 3072 1663 334 
2907 940 3072 1663 334 941 3073 1697 335 
2908 941 3073 1697 335 942 3074 1731 336 
2909 942 3074 1731 336 943 3075 1765 337 
2910 943 3075 1765 337 944 3076 1799 338 
2911 944 3076 1799 338 308 718 237 11 
2912 59 60 439 437 1221 1222 3077 3065 
2913 1221 1222 3077 3065 1255 1256 3078 3066 
2914 1255 1256 3078 3066 1289 1290 3079 3067 
2915 1289 1290 3079 3067 1323 1324 3080 3068 
2916 1323 1324 3080 3068 1357 1358 3081 3069 
2917 1357 1358 3081 3069 1391 1392 3082 3070 
2918 1391 1392 3082 3070 203 204 719 717 
2919 437 439 440 438 3065 3077 3083 3071 
2920 3065 3077 3083 3071 3066 3078 3084 3072 
2921 3066 3078 3084 3072 3067 3079 3085 3073 
2922 3067 3079 3085 3073 3068 3080 3086 3074 
2923 3068 3080 3086 3074 3069 3081 3087 3075 
2924 3069 3081 3087 3075 3070 3082 3088 3076 
2925 3070 3082 3088 3076 717 719 720 718 
2926 438 440 96 95 3071 3083 1630 1629 
2927 3071 3083 1630 1629 3072 3084 1664 1663 
2928 3072 3084 1664 1663 3073 3085 1698 1697 
2929 3073 3085 1698 1697 3074 3086 1732 1731 
2930 3074 3086 1732 1731 3075 3087 1766 1765 
2931 3075 3087 1766 1765 3076 3088 1800 1799 
2932 3076 3088 1800 1799 718 720 238 237 
2933 60 61 441 439 1222 1223 3089 3077 
2934 1222 1223 3089 3077 1256 1257 3090 3078 
2935 1256 1257 3090 3078 1290 1291 3091 3079 
2936 1290 1291 3091 3079 1324 1325 3092 3080 
2937 1324 1325 3092 3080 1358 1359 3093 3081 
2938 1358 1359 3093 3081 1392 1393 3094 3082 
2939 1392 1393 3094 3082 204 205 721 719 
2940 439 441 442 440 3077 3089 3095 3083 
2941 3077 3089 3095 3083 3078 3090 3096 3084 
2942 3078 3090 3096 3084 3079 3091 3097 3085 
2943 3079 3091 3097 3085 3080 3092 3098 3086 
2944 3080 3092 3098 3086 3081 3093 3099 3087 
2945 3081 3093 3099 3087 3082 3094 3100 3088 
2946 3082 3094 3100 3088 719 721 722 720 
2947 440 442 97 96 3083 3095 1631 1630 
2948 3083 3095 1631 1630 3084 3096 1665 1664 
2949 3084 3096 1665 1664 3085 3097 1699 1698 
2950 3085 3097 1699 1698 3086 3098 1733 1732 
2951 3086 3098 1733 1732 3087 3099 1767 1766 
2952 3087 3099 1767 1766 3088 3100 1801 1800 
2953 3088 3100 1801 1800 720 722 239 238 
2954 61 62 443 441 1223 1224 3101 3089 
2955 1223 1224 3101 3089 1257 1258 3102 3090 
2956 1257 1258 3102 3090 1291 1292 3103 3091 
2957 1291 1292 3103 3091 1325 1326 3104 3092 
2958 1325 1326 3104 3092 1359 1360 3105 3093 
2959 1359 1360 3105 3093 1393 1394 3106 3094 
2960 1393 1394 3106 3094 205 206 723 721 
2961 441 443 444 442 3089 3101 3107 3095 
2962 3089 3101 3107 3095 3090 3102 3108 3096 
2963 3090 3102 3108 3096 3091 3103 3109 3097 
2964 3091 3103 3109 3097 3092 3104 3110 3098 
2965 3092 3104 3110 3098 3093 3105 3111 3099 
2966 3093 3105 3111 3099 3094 3106 3112 3100 
2967 3094 3106 3112 3100 721 723 724 722 
2968 442 444 98 97 3095 3107 1632 1631 
2969 3095 3107 1632 1631 3096 3108 1666 1665 
2970 3096 3108 1666 1665 3097 3109 1700 1699 
2971 3097 3109 1700 1699 3098 3110 1734 1733 
2972 3098 3110 1734 1733 3099 3111 1768 1767 
2973 3099 3111 1768 1767 3100 3112 1802 1801 
2974 3100 3112 1802 1801 722 724 240 239 
2975 62 63 445 443 1224 1225 3113 3101 
2976 1224 1225 3113 3101 1258 1259 3114 3102 
2977 1258 1259 3114 3102 1292 1293 3115 3103 
2978 1292 1293 3115 3103 1326 1327 3116 3104 
2979 1326 1327 3116 3104 1360 1361 3117 3105 
2980 1360 1361 3117 3105 1394 1395 3118 3106 
2981 1394 1395 3118 3106 206 207 725 723 
2982 443 445 446 444 3101 3113 3119 3107 
2983 3101 3113 3119 3107 3102 3114 3120 3108 
2984 3102 3114 3120 3108 3103 3115 3121 3109 
2985 3103 3115 3121 3109 3104 3116 3122 3110 
2986 3104 3116 3122 3110 3105 3117 3123 3111 
2987 3105 3117 3123 3111 3106 3118 3124 3112 
2988 3106 3118 3124 3112 723 725 726 724 
2989 444 446 99 98 3107 3119 1633 1632 
2990 3107 3119 1633 1632 3108 3120 1667 1666 
2991 3108 3120 1667 1666 3109 3121 1701 1700 
2992 3109 3121 1701 1700 3110 3122 1735 1734 
2993 3110 3122 1735 1734 3111 3123 1769 1768 
2994 3111 3123 1769 1768 3112 3124 1803 1802 
2995 3112 3124 1803 1802 724 726 241 240 
2996 63 64 447 445 1225 1226 3125 3113 
2997 1225 1226 3125 3113 1259 1260 3126 3114 
2998 1259 1260 3126 3114 1293 1294 3127 3115 
2999 1293 1294 3127 3115 1327 1328 3128 3116 
3000 1327 1328 3128 3116 1361 1362 3129 3117 
3001 1361 1362 3129 3117 1395 1396 3130 3118 
3002 1395 1396 3130 3118 207 208 727 725 
3003 445 447 448 446 3113 3125 3131 3119 
3004 3113 3125 3131 3119 3114 3126 3132 3120 
3005 3114 3126 3132 3120 3115 3127 3133 3121 
3006 3115 3127 3133 3121 3116 3128 3134 3122 
3007 3116 3128 3134 3122 3117 3129 3135 3123 
3008 3117 3129 3135 3123 3118 3130 3136 3124 
3009 3118 3130 3136 3124 725 727 728 726 
3010 446 448 100 99 3119 3131 1634 1633 
3011 3119 3131 1634 1633 3120 3132 1668 1667 
3012 3120 3132 1668 1667 3121 3133 1702 1701 
3013 3121 3133 1702 1701 3122 3134 1736 1735 
3014 3122 3134 1736 1735 3123 3135 1770 1769 
3015 3123 3135 1770 1769 3124 3136 1804 1803 
3016 3124 3136 1804 1803 726 728 242 241 
3017 64 65 449 447 1226 1227 3137 3125 
3018 1226 1227 3137 3125 1260 1261 3138 3126 
3019 1260 1261 3138 3126 1294 1295 3139 3127 
3020 1294 1295 3139 3127 1328 1329 3140 3128 
3021 1328 1329 3140 3128 1362 1363 3141 3129 
3022 1362 1363 3141 3129 1396 1397 3142 3130 
3023 1396 1397 3142 3130 208 209 729 727 
3024 447 449 450 448 3125 3137 3143 3131 
3025 3125 3137 3143 3131 3126 3138 3144 3132 
3026 3126 3138 3144 3132 3127 3139 3145 3133 
3027 3127 3139 3145 3133 3128 3140 3146 3134 
3028 3128 3140 3146 3134 3129 3141 3147 3135 
3029 3129 3141 3147 3135 3130 3142 3148 3136 
3030 3130 3142 3148 3136 727 729 730 728 
3031 448 450 101 100 3131 3143 1635 1634 
3032 3131 3143 1635 1634 3132 3144 1669 1668 
3033 3132 3144 1669 1668 3133 3145 1703 1702 
3034 3133 3145 1703 1702 3134 3146 1737 1736 
3035 3134 3146 1737 1736 3135 3147 1771 1770 
3036 3135 3147 1771 1770 3136 3148 1805 1804 
3037 3136 3148 1805 1804 728 730 243 242 
3038 65 66 451 449 1227 1228 3149 3137 
3039 1227 1228 3149 3137 1261 1262 3150 3138 
3040 1261 1262 3150 3138 1295 1296 3151 3139 
3041 1295 1296 3151 3139 1329 1330 3152 3140 
3042 1329 1330 3152 3140 1363 1364 3153 3141 
3043 1363 1364 3153 3141 1397 1398 3154 3142 
3044 1397 1398 3154 3142 209 210 731 729 
3045 449 451 452 450 3137 3149 3155 3143 
3046 3137 3149 3155 3143 3138 3150 3156 3144 
3047 3138 3150 3156 3144 3139 3151 3157 3145 
3048 3139 3151 3157 3145 3140 3152 3158 3146 
3049 3140 3152 3158 3146 3141 3153 3159 3147 
3050 3141 3153 3159 3147 3142 3154 3160 3148 
3051 3142 3154 3160 3148 729 731 732 730 
3052 450 452 102 101 3143 3155 1636 1635 
3053 3143 3155 1636 1635 3144 3156 1670 1669 
3054 3144 3156 1670 1669 3145 3157 1704 1703 
3055 3145 3157 1704 1703 3146 3158 1738 1737 
3056 3146 3158 1738 1737 3147 3159 1772 1771 
3057 3147 3159 1772 1771 3148 3160 1806 1805 
3058 3148 3160 1806 1805 730 732 244 243 
3059 66 67 453 451 1228 1229 3161 3149 
3060 1228 1229 3161 3149 1262 1263 3162 3150 
3061 1262 1263 3162 3150 1296 1297 3163 3151 
3062 1296 1297 3163 3151 1330 1331 3164 3152 
3063 1330 1331 3164 3152 1364 1365 3165 3153 
3064 1364 1365 3165 3153 1398 1399 3166 3154 
3065 1398 1399 3166 3154 210 211 733 731 
3066 451 453 454 452 3149 3161 3167 3155 
3067 3149 3161 3167 3155 3150 3162 3168 3156 
3068 3150 3162 3168 3156 3151 3163 3169 3157 
3069 3151 3163 3169 3157 3152 3164 3170 3158 
3070 3152 3164 3170 3158 3153 3165 3171 3159 
3071 3153 3165 3171 3159 3154 3166 3172 3160 
3072 3154 3166 3172 3160 731 733 734 732 
3073 452 454 103 102 3155 3167 1637 1636 
3074 3155 3167 1637 1636 3156 3168 1671 1670 
3075 3156 3168 1671 1670 3157 3169 1705 1704 
3076 3157 3169 1705 1704 3158 3170 1739 1738 
3077 3158 3170 1739 1738 3159 3171 1773 1772 
3078 3159 3171 1773 1772 3160 3172 1807 1806 
3079 3160 3172 1807 1806 732 734 245 244 
3080 67 68 455 453 1229 1230 3173 3161 
3081 1229 1230 3173 3161 1263 1264 3174 3162 
3082 1263 1264 3174 3162 1297 1298 3175 3163 
3083 1297 1298 3175 3163 1331 1332 3176 3164 
3084 1331 1332 3176 3164 1365 1366 3177 3165 
3085 1365 1366 3177 3165 1399 1400 3178 3166 
3086 1399 1400 3178 3166 211 212 735 733 
3087 453 455 456 454 3161 3173 3179 3167 
3088 3161 3173 3179 3167 3162 3174 3180 3168 
3089 3162 3174 3180 3168 3163 3175 3181 3169 
3090 3163 3175 3181 3169 3164 3176 3182 3170 
3091 3164 3176 3182 3170 3165 3177 3183 3171 
3092 3165 3177 3183 3171 3166 3178 3184 3172 
3093 3166 3178 3184 3172 733 735 736 734 
3094 454 456 104 103 3167 3179 1638 1637 
3095 3167 3179 1638 1637 3168 3180 1672 1671 
3096 3168 3180 1672 1671 3169 3181 1706 1705 
3097 3169 3181 1706 1705 3170 3182 1740 1739 
3098 3170 3182 1740 1739 3171 3183 1774 1773 
3099 3171 3183 1774 1773 3172 3184 1808 1807 
3100 3172 3184 1808 1807 734 736 246 245 
3101 68 69 457 455 1230 1231 3185 3173 
3102 1230 1231 3185 3173 1264 1265 3186 3174 
3103 1264 1265 3186 3174 1298 1299 3187 3175 
3104 1298 1299 3187 3175 1332 1333 3188 3176 
3105 1332 1333 3188 3176 1366 1367 3189 3177 
3106 1366 1367 3189 3177 1400 1401 3190 3178 
3107 1400 1401 3190 3178 212 213 737 735 
3108 455 457 458 456 3173 3185 3191 3179 
3109 3173 3185 3191 3179 3174 3186 3192 3180 
3110 3174 3186 3192 3180 3175 3187 3193 3181 
3111 3175 3187 3193 3181 3176 3188 3194 3182 
3112 3176 3188 3194 3182 3177 3189 3195 3183 
3113 3177 3189 3195 3183 3178 3190 3196 3184 
3114 3178 3190 3196 3184 735 737 738 736 
3115 456 458 105 104 3179 3191 1639 1638 
3116 3179 3191 1639 1638 3180 3192 1673 1672 
3117 3180 3192 1673 1672 3181 3193 1707 1706 
3118 3181 3193 1707 1706 3182 3194 1741 1740 
3119 3182 3194 1741 1740 3183 3195 1775 1774 
3120 3183 3195 1775 1774 3184 3196 1809 1808 
3121 3184 3196 1809 1808 736 738 247 246 
3122 69 70 459 457 1231 1232 3197 3185 
3123 1231 1232 3197 3185 1265 1266 3198 3186 
3124 1265 1266 3198 3186 1299 1300 3199 3187 
3125 1299 1300 3199 3187 1333 1334 3200 3188 
3126 1333 1334 3200 3188 1367 1368 3201 3189 
3127 1367 1368 3201 3189 1401 1402 3202 3190 
3128 1401 1402 3202 3190 213 214 739 737 
3129 457 459 460 458 3185 3197 3203 3191 
3130 3185 3197 3203 3191 3186 3198 3204 3192 
3131 3186 3198 3204 3192 3187 3199 3205 3193 
3132 3187 3199 3205 3193 3188 3200 3206 3194 
3133 3188 3200 3206 3194 3189 3201 3207 3195 
3134 3189 3201 3207 3195 3190 3202 3208 3196 
3135 3190 3202 3208 3196 737 739 740 738 
3136 458 460 106 105 3191 3203 1640 1639 
3137 3191 3203 1640 1639 3192 3204 1674 1673 
3138 3192 3204 1674 1673 3193 3205 1708 1707 
3139 3193 3205 1708 1707 3194 3206 1742 1741 
3140 3194 3206 1742 1741 3195 3207 1776 1775 
3141 3195 3207 1776 1775 3196 3208 1810 1809 
3142 3196 3208 1810 1809 738 740 248 247 
3143 70 71 461 459 1232 1233 3209 3197 
3144 1232 1233 3209 3197 1266 1267 3210 3198 
3145 1266 1267 3210 3198 1300 1301 3211 3199 
3146 1300 1301 3211 3199 1334 1335 3212 3200 
3147 1334 1335 3212 3200 1368 1369 3213 3201 
3148 1368 1369 3213 3201 1402 1403 3214 3202 
3149 1402 1403 3214 3202 214 215 741 739 
3150 459 461 462 460 3197 3209 3215 3203 
3151 3197 3209 3215 3203 3198 3210 3216 3204 
3152 3198 3210 3216 3204 3199 3211 3217 3205 
3153 3199 3211 3217 3205 3200 3212 3218 3206 
3154 3200 3212 3218 3206 3201 3213 3219 3207 
3155 3201 3213 3219 3207 3202 3214 3220 3208 
3156 3202 3214 3220 3208 739 741 742 740 
3157 460 462 107 106 3203 3215 1641 1640 
3158 3203 3215 1641 1640 3204 3216 1675 1674 
3159 3204 3216 1675 1674 3205 3217 1709 1708 
3160 3205 3217 1709 1708 3206 3218 1743 1742 
3161 3206 3218 1743 1742 3207 3219 1777 1776 
3162 3207 3219 1777 1776 3208 3220 1811 1810 
3163 3208 3220 1811 1810 740 742 249 248 
3164 71 72 463 461 1233 1234 3221 3209 
3165 1233 1234 3221 3209 1267 1268 3222 3210 
3166 1267 1268 3222 3210 1301 1302 3223 3211 
3167 1301 1302 3223 3211 1335 1336 3224 3212 
3168 1335 1336 3224 3212 1369 1370 3225 3213 
3169 1369 1370 3225 3213 1403 1404 3226 3214 
3170 1403 1404 3226 3214 215 216 743 741 
3171 461 463 464 462 3209 3221 3227 3215 
3172 3209 3221 3227 3215 3210 3222 3228 3216 
3173 3210 3222 3228 3216 3211 3223 3229 3217 
3174 3211 3223 3229 3217 3212 3224 3230 3218 
3175 3212 3224 3230 3218 3213 3225 3231 3219 
3176 3213 3225 3231 3219 3214 3226 3232 3220 
3177 3214 3226 3232 3220 741 743 744 742 
3178 462 464 108 107 3215 3227 1642 1641 
3179 3215 3227 1642 1641 3216 3228 1676 1675 
3180 3216 3228 1676 1675 3217 3229 1710 1709 
3181 3217 3229 1710 1709 3218 3230 1744 1743 
3182 3218 3230 1744 1743 3219 3231 1778 1777 
3183 3219 3231 1778 1777 3220 3232 1812 1811 
3184 3220 3232 1812 1811 742 744 250 249 
3185 72 73 465 463 1234 1235 3233 3221 
3186 1234 1235 3233 3221 1268 1269 3234 3222 
3187 1268 1269 3234 3222 1302 1303 3235 3223 
3188 1302 1303 3235 3223 1336 1337 3236 3224 
3189 1336 1337 3236 3224 1370 1371 3237 3225 
3190 1370 1371 3237 3225 1404 1405 3238 3226 
3191 1404 1405 3238 3226 216 217 745 743 
3192 463 465 466 464 3221 3233 3239 3227 
3193 3221 3233 3239 3227 3222 3234 3240 3228 
3194 3222 3234 3240 3228 3223 3235 3241 3229 
3195 3223 3235 3241 3229 3224 3236 3242 3230 
3196 3224 3236 3242 3230 3225 3237 3243 3231 
3197 3225 3237 3243 3231 3226 3238 3244 3232 
3198 3226 3238 3244 3232 743 745 746 744 
3199 464 466 109 108 3227 3239 1643 1642 
3200 3227 3239 1643 1642 3228 3240 1677 1676 
3201 3228 3240 1677 1676 3229 3241 1711 1710 
3202 3229 3241 1711 1710 3230 3242 1745 1744 
3203 3230 3242 1745 1744 3231 3243 1779 1778 
3204 3231 3243 1779 1778 3232 3244 1813 1812 
3205 3232 3244 1813 1812 744 746 251 250 
3206 73 74 467 465 1235 1236 3245 3233 
3207 1235 1236 3245 3233 1269 1270 3246 3234 
3208 1269 1270 3246 3234 1303 1304 3247 3235 
3209 1303 1304 3247 3235 1337 1338 3248 3236 
3210 1337 1338 3248 3236 1371 1372 3249 3237 
3211 1371 1372 3249 3237 1405 1406 3250 3238 
3212 1405 1406 3250 3238 217 218 747 745 
3213 465 467 468 466 3233 3245 3251 3239 
3214 3233 3245 3251 3239 3234 3246 3252 3240 
3215 3234 3246 3252 3240 3235 3247 3253 3241 
3216 3235 3247 3253 3241 3236 3248 3254 3242 
3217 3236 3248 3254 3242 3237 3249 3255 3243 
3218 3237 3249 3255 3243 3238 3250 3256 3244 
3219 3238 3250 3256 3244 745 747 748 746 
3220 466 468 110 109 3239 3251 1644 1643 
3221 3239 3251 1644 1643 3240 3252 1678 1677 
3222 3240 3252 1678 1677 3241 3253 1712 1711 
3223 3241 3253 1712 1711 3242 3254 1746 1745 
3224 3242 3254 1746 1745 3243 3255 1780 1779 
3225 3243 3255 1780 1779 3244 3256 1814 1813 
3226 3244 3256 1814 1813 746 748 252 251 
3227 74 75 469 467 1236 1237 3257 3245 
3228 1236 1237 3257 3245 1270 1271 3258 3246 
3229 1270 1271 3258 3246 1304 1305 3259 3247 
3230 1304 1305 3259 3247 1338 1339 3260 3248 
3231 1338 1339 3260 3248 1372 1373 3261 3249 
3232 1372 1373 3261 3249 1406 1407 3262 3250 
3233 1406 1407 3262 3250 218 219 749 747 
3234 467 469 470 468 3245 3257 3263 3251 
3235 3245 3257 3263 3251 3246 3258 3264 3252 
3236 3246 3258 3264 3252 3247 3259 3265 3253 
3237 3247 3259 3265 3253 3248 3260 3266 3254 
3238 3248 3260 3266 3254 3249 3261 3267 3255 
3239 3249 3261 3267 3255 3250 3262 3268 3256 
3240 3250 3262 3268 3256 747 749 750 748 
3241 468 470 111 110 3251 3263 1645 1644 
3242 3251 3263 1645 1644 3252 3264 1679 1678 
3243 3252 3264 1679 1678 3253 3265 1713 1712 
3244 3253 3265 1713 1712 3254 3266 1747 1746 
3245 3254 3266 1747 1746 3255 3267 1781 1780 
3246 3255 3267 1781 1780 3256 3268 1815 1814 
3247 3256 3268 1815 1814 748 750 253 252 
3248 75 76 471 469 1237 1238 3269 3257 
3249 1237 1238 3269 3257 1271 1272 3270 3258 
3250 1271 1272 3270 3258 1305 1306 3271 3259 
3251 1305 1306 3271 3259 1339 1340 3272 3260 
3252 1339 1340 3272 3260 1373 1374 3273 3261 
3253 1373 1374 3273 3261 1407 1408 3274 3262 
3254 1407 1408 3274 3262 219 220 751 749 
3255 469 471 472 470 3257 3269 3275 3263 
3256 3257 3269 3275 3263 3258 3270 3276 3264 
3257 3258 3270 3276 3264 3259 3271 3277 3265 
3258 3259 3271 3277 3265 3260 3272 3278 3266 
3259 3260 3272 3278 3266 3261 3273 3279 3267 
3260 3261 3273 3279 3267 3262 3274 3280 3268 
3261 3262 3274 3280 3268 749 751 752 750 
3262 470 472 112 111 3263 3275 1646 1645 
3263 3263 3275 1646 1645 3264 3276 1680 1679 
3264 3264 3276 1680 1679 3265 3277 1714 1713 
3265 3265 3277 1714 1713 3266 3278 1748 1747 
3266 3266 3278 1748 1747 3267 3279 1782 1781 
3267 3267 3279 1782 1781 3268 3280 1816 1815 
3268 3268 3280 1816 1815 750 752 254 253 
3269 76 77 473 471 1238 1239 3281 3269 
3270 1238 1239 3281 3269 1272 1273 3282 3270 
3271 1272 1273 3282 3270 1306 1307 3283 3271 
3272 1306 1307 3283 3271 1340 1341 3284 3272 
3273 1340 1341 3284 3272 1374 1375 3285 3273 
3274 1374 1375 3285 3273 1408 1409 3286 3274 
3275 1408 1409 3286 3274 220 221 753 751 
3276 471 473 474 472 3269 3281 3287 3275 
3277 3269 3281 3287 3275 3270 3282 3288 3276 
3278 3270 3282 3288 3276 3271 3283 3289 3277 
3279 3271 3283 3289 3277 3272 3284 3290 3278 
3280 3272 3284 3290 3278 3273 3285 3291 3279 
3281 3273 3285 3291 3279 3274 3286 3292 3280 
3282 3274 3286 3292 3280 751 753 754 752 
3283 472 474 113 112 3275 3287 1647 1646 
3284 3275 3287 1647 1646 3276 3288 1681 1680 
3285 3276 3288 1681 1680 3277 3289 1715 1714 
3286 3277 3289 1715 1714 3278 3290 1749 1748 
3287 3278 3290 1749 1748 3279 3291 1783 1782 
3288 3279 3291 1783 1782 3280 3292 1817 1816 
3289 3280 3292 1817 1816 752 754 255 254 
3290 77 78 475 473 1239 1240 3293 3281 
3291 1239 1240 3293 3281 1273 1274 3294 3282 
3292 1273 1274 3294 3282 1307 1308 3295 3283 
3293 1307 1308 3295 3283 1341 1342 3296 3284 
3294 1341 1342 3296 3284 1375 1376 3297 3285 
3295 1375 1376 3297 3285 1409 1410 3298 3286 
3296 1409 1410 3298 3286 221 222 755 753 
3297 473 475 476 474 3281 3293 3299 3287 
3298 3281 3293 3299 3287 3282 3294 3300 3288 
3299 3282 3294 3300 3288 3283 3295 3301 3289 
3300 3283 3295 3301 3289 3284 3296 3302 3290 
3301 3284 3296 3302 3290 3285 3297 3303 3291 
3302 3285 3297 3303 3291 3286 3298 3304 3292 
3303 3286 3298 3304 3292 753 755 756 754 
3304 474 476 114 113 3287 3299 1648 1647 
3305 3287 3299 1648 1647 3288 3300 1682 1681 
3306 3288 3300 1682 1681 3289 3301 1716 1715 
3307 3289 3301 1716 1715 3290 3302 1750 1749 
3308 3290 3302 1750 1749 3291 3303 1784 1783 
3309 3291 3303 1784 1783 3292 3304 1818 1817 
3310 3292 3304 1818 1817 754 756 256 255 
3311 78 79 477 475 1240 1241 3305 3293 
3312 1240 1241 3305 3293 1274 1275 3306 3294 
3313 1274 1275 3306 3294 1308 1309 3307 3295 
3314 1308 1309 3307 3295 1342 1343 3308 3296 
3315 1342 1343 3308 3296 1376 1377 3309 3297 
3316 1376 1377 3309 3297 1410 1411 3310 3298 
3317 1410 1411 3310 3298 222 223 757 755 
3318 475 477 478 476 3293 3305 3311 3299 
3319 3293 3305 3311 3299 3294 3306 3312 3300 
3320 3294 3306 3312 3300 3295 3307 3313 3301 
3321 3295 3307 3313 3301 3296 3308 3314 3302 
3322 3296 3308 3314 3302 3297 3309 3315 3303 
3323 3297 3309 3315 3303 3298 3310 3316 3304 
3324 3298 3310 3316 3304 755 757 758 756 
3325 476 478 115 114 3299 3311 1649 1648 
3326 3299 3311 1649 1648 3300 3312 1683 1682 
3327 3300 3312 1683 1682 3301 3313 1717 1716 
3328 3301 3313 1717 1716 3302 3314 1751 1750 
3329 3302 3314 1751 1750 3303 3315 1785 1784 
3330 3303 3315 1785 1784 3304 3316 1819 1818 
3331 3304 3316 1819 1818 756 758 257 256 
3332 79 80 479 477 1241 1242 3317 3305 
3333 1241 1242 3317 3305 1275 1276 3318 3306 
3334 1275 1276 3318 3306 1309 1310 3319 3307 
3335 1309 1310 3319 3307 1343 1344 3320 3308 
3336 1343 1344 3320 3308 1377 1378 3321 3309 
3337 1377 1378 3321 3309 1411 1412 3322 3310 
3338 1411 1412 3322 3310 223 224 759 757 
3339 477 479 480 478 3305 3317 3323 3311 
3340 3305 3317 3323 3311 3306 3318 3324 3312 
3341 3306 3318 3324 3312 3307 3319 3325 3313 
3342 3307 3319 3325 3313 3308 3320 3326 3314 
3343 3308 3320 3326 3314 3309 3321 3327 3315 
3344 3309 3321 3327 3315 3310 3322 3328 3316 
3345 3310 3322 3328 3316 757 759 760 758 
3346 478 480 116 115 3311 3323 1650 1649 
3347 3311 3323 1650 1649 3312 3324 1684 1683 
3348 3312 3324 1684 1683 3313 3325 1718 1717 
3349 3313 3325 1718 1717 3314 3326 1752 1751 
3350 3314 3326 1752 1751 3315 3327 1786 1785 
3351 3315 3327 1786 1785 3316 3328 1820 1819 
3352 3316 3328 1820 1819 758 760 258 257 
3353 80 81 481 479 1242 1243 3329 3317 
3354 1242 1243 3329 3317 1276 1277 3330 3318 
3355 1276 1277 3330 3318 1310 1311 3331 3319 
3356 1310 1311 3331 3319 1344 1345 3332 3320 
3357 1344 1345 3332 3320 1378 1379 3333 3321 
3358 1378 1379 3333 3321 1412 1413 3334 3322 
3359 1412 1413 3334 3322 224 225 761 759 
3360 479 481 482 480 3317 3329 3335 3323 
3361 3317 3329 3335 3323 3318 3330 3336 3324 
3362 3318 3330 3336 3324 3319 3331 3337 3325 
3363 3319 3331 3337 3325 3320 3332 3338 3326 
3364 3320 3332 3338 3326 3321 3333 3339 3327 
3365 3321 3333 3339 3327 3322 3334 3340 3328 
3366 3322 3334 3340 3328 759 761 762 760 
3367 480 482 117 116 3323 3335 1651 1650 
3368 3323 3335 1651 1650 3324 3336 1685 1684 
3369 3324 3336 1685 1684 3325 3337 1719 1718 
3370 3325 3337 1719 1718 3326 3338 1753 1752 
3371 3326 3338 1753 1752 3327 3339 1787 1786 
3372 3327 3339 1787 1786 3328 3340 1821 1820 
3373 3328 3340 1821 1820 760 762 259 258 
3374 81 82 483 481 1243 1244 3341 3329 
3375 1243 1244 3341 3329 1277 1278 3342 3330 
3376 1277 1278 3342 3330 1311 1312 3343 3331 
3377 1311 1312 3343 3331 1345 1346 3344 3332 
3378 1345 1346 3344 3332 1379 1380 3345 3333 
3379 1379 1380 3345 3333 1413 1414 3346 3334 
3380 1413 1414 3346 3334 225 226 763 761 
3381 481 483 484 482 3329 3341 3347 3335 
3382 3329 3341 3347 3335 3330 3342 3348 3336 
3383 3330 3342 3348 3336 3331 3343 3349 3337 
3384 3331 3343 3349 3337 3332 3344 3350 3338 
3385 3332 3344 3350 3338 3333 3345 3351 3339 
3386 3333 3345 3351 3339 3334 3346 3352 3340 
3387 3334 3346 3352 3340 761 763 764 762 
3388 482 484 118 117 3335 3347 1652 1651 
3389 3335 3347 1652 1651 3336 3348 1686 1685 
3390 3336 3348 1686 1685 3337 3349 1720 1719 
3391 3337 3349 1720 1719 3338 3350 1754 1753 
3392 3338 3350 1754 1753 3339 3351 1788 1787 
3393 3339 3351 1788 1787 3340 3352 1822 1821 
3394 3340 3352 1822 1821 762 764 260 259 
3395 82 83 485 483 1244 1245 3353 3341 
3396 1244 1245 3353 3341 1278 1279 3354 3342 
3397 1278 1279 3354 3342 1312 1313 3355 3343 
3398 1312 1313 3355 3343 1346 1347 3356 3344 
3399 1346 1347 3356 3344 1380 1381 3357 3345 
3400 1380 1381 3357 3345 1414 1415 3358 3346 
3401 1414 1415 3358 3346 226 227 765 763 
3402 483 485 486 484 3341 3353 3359 3347 
3403 3341 3353 3359 3347 3342 3354 3360 3348 
3404 3342 3354 3360 3348 3343 3355 3361 3349 
3405 3343 3355 3361 3349 3344 3356 3362 3350 
3406 3344 3356 3362 3350 3345 3357 3363 3351 
3407 3345 3357 3363 3351 3346 3358 3364 3352 
3408 3346 3358 3364 3352 763 765 766 764 
3409 484 486 119 118 3347 3359 1653 1652 
3410 3347 3359 1653 1652 3348 3360 1687 1686 
3411 3348 3360 1687 1686 3349 3361 1721 1720 
3412 3349 3361 1721 1720 3350 3362 1755 1754 
3413 3350 3362 1755 1754 3351 3363 1789 1788 
3414 3351 3363 1789 1788 3352 3364 1823 1822 
3415 3352 3364 1823 1822 764 766 261 260 
3416 83 84 487 485 1245 1246 3365 3353 
3417 1245 1246 3365 3353 1279 1280 3366 3354 
3418 1279 1280 3366 3354 1313 1314 3367 3355 
3419 1313 1314 3367 3355 1347 1348 3368 3356 
3420 1347 1348 3368 3356 1381 1382 3369 3357 
3421 1381 1382 3369 3357 1415 1416 3370 3358 
3422 1415 1416 3370 3358 227 228 767 765 
3423 485 487 488 486 3353 3365 3371 3359 
3424 3353 3365 3371 3359 3354 3366 3372 3360 
3425 3354 3366 3372 3360 3355 3367 3373 3361 
3426 3355 3367 3373 3361 3356 3368 3374 3362 
3427 3356 3368 3374 3362 3357 3369 3375 3363 
3428 3357 3369 3375 3363 3358 3370 3376 3364 
3429 3358 3370 3376 3364 765 767 768 766 
3430 486 488 120 119 3359 3371 1654 1653 
3431 3359 3371 1654 1653 3360 3372 1688 1687 
3432 3360 3372 1688 1687 3361 3373 1722 1721 
3433 3361 3373 1722 1721 3362 3374 1756 1755 
3434 3362 3374 1756 1755 3363 3375 1790 1789 
3435 3363 3375 1790 1789 3364 3376 1824 1823 
3436 3364 3376 1824 1823 766 768 262 261 
3437 84 85 489 487 1246 1247 3377 3365 
3438 1246 1247 3377 3365 1280 1281 3378 3366 
3439 1280 1281 3378 3366 1314 1315 3379 3367 
3440 1314 1315 3379 3367 1348 1349 3380 3368 
3441 1348 1349 3380 3368 1382 1383 3381 3369 
3442 1382 1383 3381 3369 1416 1417 3382 3370 
3443 1416 1417 3382 3370 228 229 769 767 
3444 487 489 490 488 3365 3377 3383 3371 
3445 3365 3377 3383 3371 3366 3378 3384 3372 
3446 3366 3378 3384 3372 3367 3379 3385 3373 
3447 3367 3379 3385 3373 3368 3380 3386 3374 
3448 3368 3380 3386 3374 3369 3381 3387 3375 
3449 3369 3381 3387 3375 3370 3382 3388 3376 
3450 3370 3382 3388 3376 767 769 770 768 
3451 488 490 121 120 3371 3383 1655 1654 
3452 3371 3383 1655 1654 3372 3384 1689 1688 
3453 3372 3384 1689 1688 3373 3385 1723 1722 
3454 3373 3385 1723 1722 3374 3386 1757 1756 
3455 3374 3386 1757 1756 3375 3387 1791 1790 
3456 3375 3387 1791 1790 3376 3388 1825 1824 
3457 3376 3388 1825 1824 768 770 263 262 
3458 85 86 491 489 1247 1248 3389 3377 
3459 1247 1248 3389 3377 1281 1282 3390 3378 
3460 1281 1282 3390 3378 1315 1316 3391 3379 
3461 1315 1316 3391 3379 1349 1350 3392 3380 
3462 1349 1350 3392 3380 1383 1384 3393 3381 
3463 1383 1384 3393 3381 1417 1418 3394 3382 
3464 1417 1418 3394 3382 229 230 771 769 
3465 489 491 492 490 3377 3389 3395 3383 
3466 3377 3389 3395 3383 3378 3390 3396 3384 
3467 3378 3390 3396 3384 3379 3391 3397 3385 
3468 3379 3391 3397 3385 3380 3392 3398 3386 
3469 3380 3392 3398 3386 3381 3393 3399 3387 
3470 3381 3393 3399 3387 3382 3394 3400 3388 
3471 3382 3394 3400 3388 769 771 772 770 
3472 490 492 122 121 3383 3395 1656 1655 
3473 3383 3395 1656 1655 3384 3396 1690 1689 
3474 3384 3396 1690 1689 3385 3397 1724 1723 
3475 3385 3397 1724 1723 3386 3398 1758 1757 
3476 3386 3398 1758 1757 3387 3399 1792 1791 
3477 3387 3399 1792 1791 3388 3400 1826 1825 
3478 3388 3400 1826 1825 770 772 264 263 
3479 86 87 493 491 1248 1249 3401 3389 
3480 1248 1249 3401 3389 1282 1283 3402 3390 
3481 1282 1283 3402 3390 1316 1317 3403 3391 
3482 1316 1317 3403 3391 1350 1351 3404 3392 
3483 1350 1351 3404 3392 1384 1385 3405 3393 
3484 1384 1385 3405 3393 1418 1419 3406 3394 
3485 1418 1419 3406 3394 230 231 773 771 
3486 491 493 494 492 3389 3401 3407 3395 
3487 3389 3401 3407 3395 3390 3402 3408 3396 
3488 3390 3402 3408 3396 3391 3403 3409 3397 
3489 3391 3403 3409 3397 3392 3404 3410 3398 
3490 3392 3404 3410 3398 3393 3405 3411 3399 
3491 3393 3405 3411 3399 3394 3406 3412 3400 
3492 3394 3406 3412 3400 771 773 774 772 
3493 492 494 123 122 3395 3407 1657 1656 
3494 3395 3407 1657 1656 3396 3408 1691 1690 
3495 3396 3408 1691 1690 3397 3409 1725 1724 
3496 3397 3409 1725 1724 3398 3410 1759 1758 
3497 3398 3410 1759 1758 3399 3411 1793 1792 
3498 3399 3411 1793 1792 3400 3412 1827 1826 
3499 3400 3412 1827 1826 772 774 265 264 
3500 87 88 495 493 1249 1250 3413 3401 
3501 1249 1250 3413 3401 1283 1284 3414 3402 
3502 1283 1284 3414 3402 1317 1318 3415 3403 
3503 1317 1318 3415 3403 1351 1352 3416 3404 
3504 1351 1352 3416 3404 1385 1386 3417 3405 
3505 1385 1386 3417 3405 1419 1420 3418 3406 
3506 1419 1420 3418 3406 231 232 775 773 
3507 493 495 496 494 3401 3413 3419 3407 
3508 3401 3413 3419 3407 3402 3414 3420 3408 
3509 3402 3414 3420 3408 3403 3415 3421 3409 
3510 3403 3415 3421 3409 3404 3416 3422 3410 
3511 3404 3416 3422 3410 3405 3417 3423 3411 
3512 3405 3417 3423 3411 3406 3418 3424 3412 
3513 3406 3418 3424 3412 773 775 776 774 
3514 494 496 124 123 3407 3419 1658 1657 
3515 3407 3419 1658 1657 3408 3420 1692 1691 
3516 3408 3420 1692 1691 3409 3421 1726 1725 
3517 3409 3421 1726 1725 3410 3422 1760 1759 
3518 3410 3422 1760 1759 3411 3423 1794 1793 
3519 3411 3423 1794 1793 3412 3424 1828 1827 
3520 3412 3424 1828 1827 774 776 266 265 
3521 88 89 497 495 1250 1251 3425 3413 
3522 1250 1251 3425 3413 1284 1285 3426 3414 
3523 1284 1285 3426 3414 1318 1319 3427 3415 
3524 1318 1319 3427 3415 1352 1353 3428 3416 
3525 1352 1353 3428 3416 1386 1387 3429 3417 
3526 1386 1387 3429 3417 1420 1421 3430 3418 
3527 1420 1421 3430 3418 232 233 777 775 
3528 495 497 498 496 3413 3425 3431 3419 
3529 3413 3425 3431 3419 3414 3426 3432 3420 
3530 3414 3426 3432 3420 3415 3427 3433 3421 
3531 3415 3427 3433 3421 3416 3428 3434 3422 
3532 3416 3428 3434 3422 3417 3429 3435 3423 
3533 3417 3429 3435 3423 3418 3430 3436 3424 
3534 3418 3430 3436 3424 775 777 778 776 
3535 496 498 125 124 3419 3431 1659 1658 
3536 3419 3431 1659 1658 3420 3432 1693 1692 
3537 3420 3432 1693 1692 3421 3433 1727 1726 
3538 3421 3433 1727 1726 3422 3434 1761 1760 
3539 3422 3434 1761 1760 3423 3435 1795 1794 
3540 3423 3435 1795 1794 3424 3436 1829 1828 
3541 3424 3436 1829 1828 776 778 267 266 
3542 89 90 499 497 1251 1252 3437 3425 
3543 1251 1252 3437 3425 1285 1286 3438 3426 
3544 1285 1286 3438 3426 1319 1320 3439 3427 
3545 1319 1320 3439 3427 1353 1354 3440 3428 
3546 1353 1354 3440 3428 1387 1388 3441 3429 
3547 1387 1388 3441 3429 1421 1422 3442 3430 
3548 1421 1422 3442 3430 233 234 779 777 
3549 497 499 500 498 3425 3437 3443 3431 
3550 3425 3437 3443 3431 3426 3438 3444 3432 
3551 3426 3438 3444 3432 3427 3439 3445 3433 
3552 3427 3439 3445 3433 3428 3440 3446 3434 
3553 3428 3440 3446 3434 3429 3441 3447 3435 
3554 3429 3441 3447 3435 3430 3442 3448 3436 
3555 3430 3442 3448 3436 777 779 780 778 
3556 498 500 126 125 3431 3443 1660 1659 
3557 3431 3443 1660 1659 3432 3444 1694 1693 
3558 3432 3444 1694 1693 3433 3445 1728 1727 
3559 3433 3445 1728 1727 3434 3446 1762 1761 
3560 3434 3446 1762 1761 3435 3447 1796 1795 
3561 3435 3447 1796 1795 3436 3448 1830 1829 
3562 3436 3448 1830 1829 778 780 268 267 
3563 90 91 501 499 1252 1253 3449 3437 
3564 1252 1253 3449 3437 1286 1287 3450 3438 
3565 1286 1287 3450 3438 1320 1321 3451 3439 
3566 1320 1321 3451 3439 1354 1355 3452 3440 
3567 1354 1355 3452 3440 1388 1389 3453 3441 
3568 1388 1389 3453 3441 1422 1423 3454 3442 
3569 1422 1423 3454 3442 234 235 781 779 
3570 499 501 502 500 3437 3449 3455 3443 
3571 3437 3449 3455 3443 3438 3450 3456 3444 
3572 3438 3450 3456 3444 3439 3451 3457 3445 
3573 3439 3451 3457 3445 3440 3452 3458 3446 
3574 3440 3452 3458 3446 3441 3453 3459 3447 
3575 3441 3453 3459 3447 3442 3454 3460 3448 
3576 3442 3454 3460 3448 779 781 782 780 
3577 500 502 127 126 3443 3455 1661 1660 
3578 3443 3455 1661 1660 3444 3456 1695 1694 
3579 3444 3456 1695 1694 3445 3457 1729 1728 
3580 3445 3457 1729 1728 3446 3458 1763 1762 
3581 3446 3458 1763 1762 3447 3459 1797 1796 
3582 3447 3459 1797 1796 3448 3460 1831 1830 
3583 3448 3460 1831 1830 780 782 269 268 
3584 91 92 503 501 1253 1254 3461 3449 
3585 1253 1254 3461 3449 1287 1288 3462 3450 
3586 1287 1288 3462 3450 1321 1322 3463 3451 
3587 1321 1322 3463 3451 1355 1356 3464 3452 
3588 1355 1356 3464 3452 1389 1390 3465 3453 
3589 1389 1390 3465 3453 1423 1424 3466 3454 
3590 1423 1424 3466 3454 235 236 783 781 
3591 501 503 504 502 3449 3461 3467 3455 
3592 3449 3461 3467 3455 3450 3462 3468 3456 
3593 3450 3462 3468 3456 3451 3463 3469 3457 
3594 3451 3463 3469 3457 3452 3464 3470 3458 
3595 3452 3464 3470 3458 3453 3465 3471 3459 
3596 3453 3465 3471 3459 3454 3466 3472 3460 
3597 3454 3466 3472 3460 781 783 784 782 
3598 502 504 128 127 3455 3467 1662 1661 
3599 3455 3467 1662 1661 3456 3468 1696 1695 
3600 3456 3468 1696 1695 3457 3469 1730 1729 
3601 3457 3469 1730 1729 3458 3470 1764 1763 
3602 3458 3470 1764 1763 3459 3471 1798 1797 
3603 3459 3471 1798 1797 3460 3472 1832 1831 
3604 3460 3472 1832 1831 782 784 270 269 
3605 92 6 129 503 1254 351 981 3461 
3606 1254 351 981 3461 1288 352 983 3462 
3607 1288 352 983 3462 1322 353 985 3463 
3608 1322 353 985 3463 1356 354 987 3464 
3609 1356 354 987 3464 1390 355 989 3465 
3610 1390 355 989 3465 1424 356 991 3466 
3611 1424 356 991 3466 236 14 315 783 
3612 503 129 130 504 3461 981 982 3467 
3613 3461 981 982 3467 3462 983 984 3468 
3614 3462 983 984 3468 3463 985 986 3469 
3615 3463 985 986 3469 3464 987 988 3470 
3616 3464 987 988 3470 3465 989 990 3471 
3617 3465 989 990 3471 3466 991 992 3472 
3618 3466 991 992 3472 783 315 316 784 
3619 504 130 7 128 3467 982 357 1662 
3620 3467 982 357 1662 3468 984 358 1696 
3621 3468 984 358 1696 3469 986 359 1730 
3622 3469 986 359 1730 3470 988 360 1764 
3623 3470 988 360 1764 3471 990 361 1798 
3624 3471 990 361 1798 3472 992 362 1832 
3625 3472 992 362 1832 784 316 15 270 
3 83 5 63
3626 4 23 1833 22 339 957 3473 951 
3627 339 957 3473 951 340 959 3474 952 
3628 340 959 3474 952 341 961 3475 953 
3629 341 961 3475 953 342 963 3476 954 
3630 342 963 3476 954 343 965 3477 955 
3631 343 965 3477 955 344 967 3478 956 
3632 344 967 3478 956 12 311 642 310 
3633 22 1833 1834 21 951 3473 3479 945 
3634 951 3473 3479 945 952 3474 3480 946 
3635 952 3474 3480 946 953 3475 3481 947 
3636 953 3475 3481 947 954 3476 3482 948 
3637 954 3476 3482 948 955 3477 3483 949 
3638 955 3477 3483 949 956 3478 3484 950 
3639 956 3478 3484 950 310 642 644 309 
3640 21 1834 20 3 945 3479 939 333 
3641 945 3479 939 333 946 3480 940 334 
3642 946 3480 940 334 947 3481 941 335 
3643 947 3481 941 335 948 3482 942 336 
3644 948 3482 942 336 949 3483 943 337 
3645 949 3483 943 337 950 3484 944 338 
3646 950 3484 944 338 309 644 308 11 
3647 23 24 1835 1833 957 958 3485 3473 
3648 957 958 3485 3473 959 960 3486 3474 
3649 959 960 3486 3474 961 962 3487 3475 
3650 961 962 3487 3475 963 964 3488 3476 
3651 963 964 3488 3476 965 966 3489 3477 
3652 965 966 3489 3477 967 968 3490 3478 
3653 967 968 3490 3478 311 312 641 642 
3654 1833 1835 1836 1834 3473 3485 3491 3479 
3655 3473 3485 3491 3479 3474 3486 3492 3480 
3656 3474 3486 3492 3480 3475 3487 3493 3481 
3657 3475 3487 3493 3481 3476 3488 3494 3482 
3658 3476 3488 3494 3482 3477 3489 3495 3483 
3659 3477 3489 3495 3483 3478 3490 3496 3484 
3660 3478 3490 3496 3484 642 641 643 644 
3661 1834 1836 19 20 3479 3491 933 939 
3662 3479 3491 933 939 3480 3492 934 940 
3663 3480 3492 934 940 3481 3493 935 941 
3664 3481 3493 935 941 3482 3494 936 942 
3665 3482 3494 936 942 3483 3495 937 943 
3666 3483 3495 937 943 3484 3496 938 944 
3667 3484 3496 938 944 644 643 307 308 
3668 24 1 17 1835 958 321 921 3485 
3669 958 321 921 3485 960 322 923 3486 
3670 960 322 923 3486 962 323 925 3487 
3671 962 323 925 3487 964 324 927 3488 
3672 964 324 927 3488 966 325 929 3489 
3673 966 325 929 3489 968 326 931 3490 
3674 968 326 931 3490 312 9 305 641 
3675 1835 17 18 1836 3485 921 922 3491 
3676 3485 921 922 3491 3486 923 924 3492 
3677 3486 923 924 3492 3487 925 926 3493 
3678 3487 925 926 3493 3488 927 928 3494 
3679 3488 927 928 3494 3489 929 930 3495 
3680 3489 929 930 3495 3490 931 932 3496 
3681 3490 931 932 3496 641 305 306 643 
3682 1836 18 2 19 3491 922 327 933 
3683 3491 922 327 933 3492 924 328 934 
3684 3492 924 328 934 3493 926 329 935 
3685 3493 926 329 935 3494 928 330 936 
3686 3494 928 330 936 3495 930 331 937 
3687 3495 930 331 937 3496 932 332 938 
3688 3496 932 332 938 643 306 10 307 
3 84 5 63
3689 1837 167 8 166 3497 1005 363 994 
3690 3497 1005 363 994 3498 1006 364 996 
3691 3498 1006 364 996 3499 1007 365 998 
3692 3499 1007 365 998 3500 1008 366 1000 
3693 3500 1008 366 1000 3501 1009 367 1002 
3694 3501 1009 367 1002 3502 1010 368 1004 
3695 3502 1010 368 1004 646 319 16 318 
3696 1838 1837 166 165 3503 3497 994 993 
3697 3503 3497 994 993 3504 3498 996 995 
3698 3504 3498 996 995 3505 3499 998 997 
3699 3505 3499 998 997 3506 3500 1000 999 
3700 3506 3500 1000 999 3507 3501 1002 1001 
3701 3507 3501 1002 1001 3508 3502 1004 1003 
3702 3508 3502 1004 1003 648 646 318 317 
3703 130 1838 165 7 982 3503 993 357 
3704 982 3503 993 357 984 3504 995 358 
3705 984 3504 995 358 986 3505 997 359 
3706 986 3505 997 359 988 3506 999 360 
3707 988 3506 999 360 990 3507 1001 361 
3708 990 3507 1001 361 992 3508 1003 362 
3709 992 3508 1003 362 316 648 317 15 
3710 1839 168 167 1837 3509 1011 1005 3497 
3711 3509 1011 1005 3497 3510 1012 1006 3498 
3712 3510 1012 1006 3498 3511 1013 1007 3499 
3713 3511 1013 1007 3499 3512 1014 1008 3500 
3714 3512 1014 1008 3500 3513 1015 1009 3501 
3715 3513 1015 1009 3501 3514 1016 1010 3502 
3716 3514 1016 1010 3502 645 320 319 646 
3717 1840 1839 1837 1838 3515 3509 3497 3503 
3718 3515 3509 3497 3503 3516 3510 3498 3504 
3719 3516 3510 3498 3504 3517 3511 3499 3505 
3720 3517 3511 3499 3505 3518 3512 3500 3506 
3721 3518 3512 3500 3506 3519 3513 3501 3507 
3722 3519 3513 3501 3507 3520 3514 3502 3508 
3723 3520 3514 3502 3508 647 645 646 648 
3724 129 1840 1838 130 981 3515 3503 982 
3725 981 3515 3503 982 983 3516 3504 984 
3726 983 3516 3504 984 985 3517 3505 986 
3727 985 3517 3505 986 987 3518 3506 988 
3728 987 3518 3506 988 989 3519 3507 990 
3729 989 3519 3507 990 991 3520 3508 992 
3730 991 3520 3508 992 315 647 648 316 
3731 93 5 168 1839 969 345 1011 3509 
3732 969 345 1011 3509 971 346 1012 3510 
3733 971 346 1012 3510 973 347 1013 3511 
3734 973 347 1013 3511 975 348 1014 3512 
3735 975 348 1014 3512 977 349 1015 3513 
3736 977 349 1015 3513 979 350 1016 3514 
3737 979 350 1016 3514 313 13 320 645 
3738 94 93 1839 1840 970 969 3509 3515 
3739 970 969 3509 3515 972 971 3510 3516 
3740 972 971 3510 3516 974 973 3511 3517 
3741 974 973 3511 3517 976 975 3512 3518 
3742 976 975 3512 3518 978 977 3513 3519 
3743 978 977 3513 3519 980 979 3514 3520 
3744 980 979 3514 3520 314 313 645 647 
3745 6 94 1840 129 351 970 3515 981 
3746 351 970 3515 981 352 972 3516 983 
3747 352 972 3516 983 353 974 3517 985 
3748 353 974 3517 985 354 976 3518 987 
3749 354 976 3518 987 355 978 3519 989 
3750 355 978 3519 989 356 980 3520 991 
3751 356 980 3520 991 14 314 647 315 
$EndElements
