$MeshFormat
4.1 0 8
$EndMeshFormat
$PhysicalNames
3
2 306 "surface_cap_rock"
2 307 "surface_farfield"
3 310 "volume_reservoir"
$EndPhysicalNames
$Entities
18 24 10 1
1 0 0 -10.9728 0 
2 800.1 0 -10.9728 0 
3 0 -846.1248000000001 -10.9728 0 
4 800.1 -846.1248000000001 -10.9728 0 
5 800.1 846.1248000000001 -10.9728 0 
6 0 846.1248000000001 -10.9728 0 
7 -10.9728 -10.9728 -10.9728 0 
8 811.0728 -10.9728 -10.9728 0 
9 811.0728 10.9728 -10.9728 0 
10 -10.9728 10.9728 -10.9728 0 
11 0 -846.1248000000001 10.9728 0 
12 800.1 -846.1248000000001 10.9728 0 
13 800.1 846.1248000000001 10.9728 0 
14 0 846.1248000000001 10.9728 0 
15 -10.9728 -10.9728 10.9728 0 
16 811.0728 -10.9728 10.9728 0 
17 811.0728 10.9728 10.9728 0 
18 -10.9728 10.9728 10.9728 0 
1 -1.000000224848918e-07 -846.1248001 -10.9728001 800.1000001 -846.1247999000001 -10.9727999 0 2 3 -4 
2 800.0999998999999 -846.1248001 -10.9728001 1646.2248001 846.1248001 -10.9727999 0 2 5 -4 
3 -1.000000224848918e-07 846.1247999000001 -10.9728001 800.1000001 846.1248001 -10.9727999 0 2 5 -6 
4 -846.1248001 -846.1248001 -10.9728001 1.000000793283107e-07 846.1248001 -10.9727999 0 2 3 -6 
5 -10.97280009999997 -10.9728001 -10.9728001 811.0728001 -10.9727999 -10.9727999 0 2 7 -8 
6 811.0727999000001 -10.9728001 -10.9728001 811.0728001 10.9728001 -10.9727999 0 2 8 -9 
7 -10.97280010000003 10.9727999 -10.9728001 811.0728001 10.9728001 -10.9727999 0 2 9 -10 
8 -10.9728001 -10.9728001 -10.9728001 -10.9727999 10.9728001 -10.9727999 0 2 10 -7 
9 -1e-07 -846.1248001 -10.9728001 1e-07 -846.1247999000001 10.9728001 0 2 3 -11 
10 800.0999999000001 -846.1248001 -10.9728001 800.1000001 -846.1247999000001 10.9728001 0 2 4 -12 
11 -1.000000224848918e-07 -846.1248001 10.9727999 800.1000001 -846.1247999000001 10.9728001 0 2 11 -12 
12 800.0999999000001 846.1247999000001 -10.9728001 800.1000001 846.1248001 10.9728001 0 2 5 -13 
13 800.0999998999999 -846.1248001 10.9727999 1646.2248001 846.1248001 10.9728001 0 2 13 -12 
14 -1e-07 846.1247999000001 -10.9728001 1e-07 846.1248001 10.9728001 0 2 6 -14 
15 -1.000000224848918e-07 846.1247999000001 10.9727999 800.1000001 846.1248001 10.9728001 0 2 13 -14 
16 -846.1248001 -846.1248001 10.9727999 1.000000793283107e-07 846.1248001 10.9728001 0 2 11 -14 
17 -10.9728001 -10.9728001 -10.9728001 -10.9727999 -10.9727999 10.9728001 0 2 7 -15 
18 811.0727999000001 -10.9728001 -10.9728001 811.0728001 -10.9727999 10.9728001 0 2 8 -16 
19 -10.97280009999997 -10.9728001 10.9727999 811.0728001 -10.9727999 10.9728001 0 2 15 -16 
20 811.0727999000001 10.9727999 -10.9728001 811.0728001 10.9728001 10.9728001 0 2 9 -17 
21 811.0727999000001 -10.9728001 10.9727999 811.0728001 10.9728001 10.9728001 0 2 16 -17 
22 -10.9728001 10.9727999 -10.9728001 -10.9727999 10.9728001 10.9728001 0 2 10 -18 
23 -10.97280010000003 10.9727999 10.9727999 811.0728001 10.9728001 10.9728001 0 2 17 -18 
24 -10.9728001 -10.9728001 10.9727999 -10.9727999 10.9728001 10.9728001 0 2 18 -15 
11 -846.1248001000001 -846.1248001 -10.9728001 1646.2248001 846.1248001 -10.9727999 1 306 8 1 -2 3 -4 -8 -7 -6 -5 
12 -1.000000224848918e-07 -846.1248001 -10.9728001 800.1000001 -846.1247999000001 10.9728001 1 307 4 9 11 -10 -1 
13 800.0999998999999 -846.1248001 -10.9728001 1646.2248001 846.1248001 10.9728001 1 307 4 12 13 -10 -2 
14 -1.000000224848918e-07 846.1247999000001 -10.9728001 800.1000001 846.1248001 10.9728001 1 307 4 12 15 -14 -3 
15 -846.1248001 -846.1248001 -10.9728001 1.000000793283107e-07 846.1248001 10.9728001 1 307 4 9 16 -14 -4 
16 -10.97280009999997 -10.9728001 -10.9728001 811.0728001 -10.9727999 10.9728001 0 4 17 19 -18 -5 
17 811.0727999000001 -10.9728001 -10.9728001 811.0728001 10.9728001 10.9728001 0 4 18 21 -20 -6 
18 -10.97280010000003 10.9727999 -10.9728001 811.0728001 10.9728001 10.9728001 0 4 20 23 -22 -7 
19 -10.9728001 -10.9728001 -10.9728001 -10.9727999 10.9728001 10.9728001 0 4 22 24 -17 -8 
20 -846.1248001000001 -846.1248001 10.9727999 1646.2248001 846.1248001 10.9728001 1 306 8 11 -13 15 -16 -24 -23 -21 -19 
1 -846.1248001000001 -846.1248001 -10.9728001 1646.2248001 846.1248001 10.9728001 1 310 10 -12 13 -14 15 16 17 18 19 -11 20 
$EndEntities
$Nodes
51 2904 1 2904
0 3 0 1
1
0 -846.1248000000001 -10.9728
0 4 0 1
2
800.1 -846.1248000000001 -10.9728
0 5 0 1
3
800.1 846.1248000000001 -10.9728
0 6 0 1
4
0 846.1248000000001 -10.9728
0 7 0 1
5
-10.9728 -10.9728 -10.9728
0 8 0 1
6
811.0728 -10.9728 -10.9728
0 9 0 1
7
811.0728 10.9728 -10.9728
0 10 0 1
8
-10.9728 10.9728 -10.9728
0 11 0 1
9
0 -846.1248000000001 10.9728
0 12 0 1
10
800.1 -846.1248000000001 10.9728
0 13 0 1
11
800.1 846.1248000000001 10.9728
0 14 0 1
12
0 846.1248000000001 10.9728
0 15 0 1
13
-10.9728 -10.9728 10.9728
0 16 0 1
14
811.0728 -10.9728 10.9728
0 17 0 1
15
811.0728 10.9728 10.9728
0 18 0 1
16
-10.9728 10.9728 10.9728
1 1 0 5
17
18
19
20
21
133.3499999999999 -846.1248000000001 -10.9728
266.6999999999999 -846.1248000000001 -10.9728
400.05 -846.1248000000001 -10.9728
533.4 -846.1248000000001 -10.9728
666.7499999999999 -846.1248000000001 -10.9728
1 2 0 19
22
23
24
25
26
27
28
29
30
31
32
33
34
35
36
37
38
39
40
932.4630804452722 835.7075996483928 -10.9728
1061.566942562103 804.7125046389339 -10.9728
1184.232620794023 753.9027170775784 -10.9728
1297.439679038918 684.5293425621041 -10.9728
1398.40058381011 598.3005838101125 -10.9728
1484.629342562102 497.3396790389197 -10.9728
1554.002717077577 384.1326207940263 -10.9728
1604.812504638933 261.4669425621058 -10.9728
1635.807599648393 132.3630804452748 -10.9728
1646.2248 2.461770168799093e-12 -10.9728
1635.807599648394 -132.3630804452692 -10.9728
1604.812504638935 -261.4669425621004 -10.9728
1554.00271707758 -384.1326207940206 -10.9728
1484.629342562106 -497.3396790389152 -10.9728
1398.400583810114 -598.3005838101085 -10.9728
1297.439679038922 -684.5293425621007 -10.9728
1184.232620794027 -753.9027170775765 -10.9728
1061.566942562106 -804.7125046389328 -10.9728
932.463080445274 -835.7075996483926 -10.9728
1 3 0 5
41
42
43
44
45
666.7500000000001 846.1248000000001 -10.9728
533.4000000000001 846.1248000000001 -10.9728
400.0500000000001 846.1248000000001 -10.9728
266.7 846.1248000000001 -10.9728
133.3500000000001 846.1248000000001 -10.9728
1 4 0 19
46
47
48
49
50
51
52
53
54
55
56
57
58
59
60
61
62
63
64
-132.3630804452721 -835.7075996483928 -10.9728
-261.4669425621032 -804.7125046389338 -10.9728
-384.1326207940234 -753.9027170775784 -10.9728
-497.3396790389177 -684.529342562104 -10.9728
-598.3005838101104 -598.3005838101122 -10.9728
-684.5293425621028 -497.3396790389194 -10.9728
-753.9027170775772 -384.1326207940255 -10.9728
-804.712504638933 -261.4669425621054 -10.9728
-835.7075996483925 -132.3630804452743 -10.9728
-846.1248000000001 -2.358149765999173e-12 -10.9728
-835.7075996483933 132.3630804452696 -10.9728
-804.7125046389345 261.4669425621005 -10.9728
-753.9027170775796 384.132620794021 -10.9728
-684.5293425621059 497.3396790389152 -10.9728
-598.3005838101144 598.3005838101083 -10.9728
-497.3396790389222 684.5293425621009 -10.9728
-384.1326207940269 753.9027170775765 -10.9728
-261.4669425621051 804.7125046389331 -10.9728
-132.363080445274 835.7075996483926 -10.9728
1 5 0 34
65
66
67
68
69
70
71
72
73
74
75
76
77
78
79
80
81
82
83
84
85
86
87
88
89
90
91
92
93
94
95
96
97
98
12.51421714285717 -10.9728 -10.9728
36.00123428571434 -10.9728 -10.9728
59.48825142857149 -10.9728 -10.9728
82.97526857142867 -10.9728 -10.9728
106.4622857142858 -10.9728 -10.9728
129.949302857143 -10.9728 -10.9728
153.4363200000002 -10.9728 -10.9728
176.9233371428574 -10.9728 -10.9728
200.4103542857146 -10.9728 -10.9728
223.8973714285717 -10.9728 -10.9728
247.3843885714289 -10.9728 -10.9728
270.871405714286 -10.9728 -10.9728
294.3584228571431 -10.9728 -10.9728
317.8454400000002 -10.9728 -10.9728
341.3324571428574 -10.9728 -10.9728
364.8194742857145 -10.9728 -10.9728
388.3064914285716 -10.9728 -10.9728
411.7935085714287 -10.9728 -10.9728
435.2805257142859 -10.9728 -10.9728
458.7675428571431 -10.9728 -10.9728
482.2545600000003 -10.9728 -10.9728
505.7415771428574 -10.9728 -10.9728
529.2285942857145 -10.9728 -10.9728
552.7156114285716 -10.9728 -10.9728
576.2026285714288 -10.9728 -10.9728
599.6896457142859 -10.9728 -10.9728
623.176662857143 -10.9728 -10.9728
646.6636800000001 -10.9728 -10.9728
670.1506971428572 -10.9728 -10.9728
693.6377142857143 -10.9728 -10.9728
717.1247314285714 -10.9728 -10.9728
740.6117485714285 -10.9728 -10.9728
764.0987657142856 -10.9728 -10.9728
787.5857828571427 -10.9728 -10.9728
1 6 0 2
99
100
811.0728 -3.6576 -10.9728
811.0728 3.6576 -10.9728
1 7 0 34
101
102
103
104
105
106
107
108
109
110
111
112
113
114
115
116
117
118
119
120
121
122
123
124
125
126
127
128
129
130
131
132
133
134
787.5857828571428 10.9728 -10.9728
764.0987657142857 10.9728 -10.9728
740.6117485714285 10.9728 -10.9728
717.1247314285714 10.9728 -10.9728
693.6377142857142 10.9728 -10.9728
670.1506971428571 10.9728 -10.9728
646.6636799999999 10.9728 -10.9728
623.1766628571427 10.9728 -10.9728
599.6896457142855 10.9728 -10.9728
576.2026285714282 10.9728 -10.9728
552.7156114285712 10.9728 -10.9728
529.2285942857141 10.9728 -10.9728
505.7415771428569 10.9728 -10.9728
482.2545599999998 10.9728 -10.9728
458.7675428571426 10.9728 -10.9728
435.2805257142855 10.9728 -10.9728
411.7935085714284 10.9728 -10.9728
388.3064914285713 10.9728 -10.9728
364.8194742857141 10.9728 -10.9728
341.3324571428569 10.9728 -10.9728
317.8454399999997 10.9728 -10.9728
294.3584228571426 10.9728 -10.9728
270.8714057142855 10.9728 -10.9728
247.3843885714284 10.9728 -10.9728
223.8973714285712 10.9728 -10.9728
200.4103542857141 10.9728 -10.9728
176.923337142857 10.9728 -10.9728
153.4363199999999 10.9728 -10.9728
129.9493028571428 10.9728 -10.9728
106.4622857142857 10.9728 -10.9728
82.97526857142861 10.9728 -10.9728
59.48825142857152 10.9728 -10.9728
36.00123428571442 10.9728 -10.9728
12.51421714285732 10.9728 -10.9728
1 8 0 2
135
136
-10.9728 3.6576 -10.9728
-10.9728 -3.6576 -10.9728
1 9 0 2
137
138
0 -846.1248000000001 -3.6576
0 -846.1248000000001 3.657599999999999
1 10 0 2
139
140
800.1 -846.1248000000001 -3.6576
800.1 -846.1248000000001 3.657599999999999
1 11 0 5
141
142
143
144
145
133.3499999999999 -846.1248000000001 10.9728
266.6999999999999 -846.1248000000001 10.9728
400.05 -846.1248000000001 10.9728
533.4 -846.1248000000001 10.9728
666.7499999999999 -846.1248000000001 10.9728
1 12 0 2
146
147
800.1 846.1248000000001 -3.6576
800.1 846.1248000000001 3.657599999999999
1 13 0 19
148
149
150
151
152
153
154
155
156
157
158
159
160
161
162
163
164
165
166
932.4630804452722 835.7075996483928 10.9728
1061.566942562103 804.7125046389339 10.9728
1184.232620794023 753.9027170775784 10.9728
1297.439679038918 684.5293425621041 10.9728
1398.40058381011 598.3005838101125 10.9728
1484.629342562102 497.3396790389197 10.9728
1554.002717077577 384.1326207940263 10.9728
1604.812504638933 261.4669425621058 10.9728
1635.807599648393 132.3630804452748 10.9728
1646.2248 2.461770168799093e-12 10.9728
1635.807599648394 -132.3630804452692 10.9728
1604.812504638935 -261.4669425621004 10.9728
1554.00271707758 -384.1326207940206 10.9728
1484.629342562106 -497.3396790389152 10.9728
1398.400583810114 -598.3005838101085 10.9728
1297.439679038922 -684.5293425621007 10.9728
1184.232620794027 -753.9027170775765 10.9728
1061.566942562106 -804.7125046389328 10.9728
932.463080445274 -835.7075996483926 10.9728
1 14 0 2
167
168
0 846.1248000000001 -3.6576
0 846.1248000000001 3.657599999999999
1 15 0 5
169
170
171
172
173
666.7500000000001 846.1248000000001 10.9728
533.4000000000001 846.1248000000001 10.9728
400.0500000000001 846.1248000000001 10.9728
266.7 846.1248000000001 10.9728
133.3500000000001 846.1248000000001 10.9728
1 16 0 19
174
175
176
177
178
179
180
181
182
183
184
185
186
187
188
189
190
191
192
-132.3630804452721 -835.7075996483928 10.9728
-261.4669425621032 -804.7125046389338 10.9728
-384.1326207940234 -753.9027170775784 10.9728
-497.3396790389177 -684.529342562104 10.9728
-598.3005838101104 -598.3005838101122 10.9728
-684.5293425621028 -497.3396790389194 10.9728
-753.9027170775772 -384.1326207940255 10.9728
-804.712504638933 -261.4669425621054 10.9728
-835.7075996483925 -132.3630804452743 10.9728
-846.1248000000001 -2.358149765999173e-12 10.9728
-835.7075996483933 132.3630804452696 10.9728
-804.7125046389345 261.4669425621005 10.9728
-753.9027170775796 384.132620794021 10.9728
-684.5293425621059 497.3396790389152 10.9728
-598.3005838101144 598.3005838101083 10.9728
-497.3396790389222 684.5293425621009 10.9728
-384.1326207940269 753.9027170775765 10.9728
-261.4669425621051 804.7125046389331 10.9728
-132.363080445274 835.7075996483926 10.9728
1 17 0 2
193
194
-10.9728 -10.9728 -3.6576
-10.9728 -10.9728 3.657599999999999
1 18 0 2
195
196
811.0728 -10.9728 -3.6576
811.0728 -10.9728 3.657599999999999
1 19 0 34
197
198
199
200
201
202
203
204
205
206
207
208
209
210
211
212
213
214
215
216
217
218
219
220
221
222
223
224
225
226
227
228
229
230
12.51421714285717 -10.9728 10.9728
36.00123428571434 -10.9728 10.9728
59.48825142857149 -10.9728 10.9728
82.97526857142867 -10.9728 10.9728
106.4622857142858 -10.9728 10.9728
129.949302857143 -10.9728 10.9728
153.4363200000002 -10.9728 10.9728
176.9233371428574 -10.9728 10.9728
200.4103542857146 -10.9728 10.9728
223.8973714285717 -10.9728 10.9728
247.3843885714289 -10.9728 10.9728
270.871405714286 -10.9728 10.9728
294.3584228571431 -10.9728 10.9728
317.8454400000002 -10.9728 10.9728
341.3324571428574 -10.9728 10.9728
364.8194742857145 -10.9728 10.9728
388.3064914285716 -10.9728 10.9728
411.7935085714287 -10.9728 10.9728
435.2805257142859 -10.9728 10.9728
458.7675428571431 -10.9728 10.9728
482.2545600000003 -10.9728 10.9728
505.7415771428574 -10.9728 10.9728
529.2285942857145 -10.9728 10.9728
552.7156114285716 -10.9728 10.9728
576.2026285714288 -10.9728 10.9728
599.6896457142859 -10.9728 10.9728
623.176662857143 -10.9728 10.9728
646.6636800000001 -10.9728 10.9728
670.1506971428572 -10.9728 10.9728
693.6377142857143 -10.9728 10.9728
717.1247314285714 -10.9728 10.9728
740.6117485714285 -10.9728 10.9728
764.0987657142856 -10.9728 10.9728
787.5857828571427 -10.9728 10.9728
1 20 0 2
231
232
811.0728 10.9728 -3.6576
811.0728 10.9728 3.657599999999999
1 21 0 2
233
234
811.0728 -3.6576 10.9728
811.0728 3.6576 10.9728
1 22 0 2
235
236
-10.9728 10.9728 -3.6576
-10.9728 10.9728 3.657599999999999
1 23 0 34
237
238
239
240
241
242
243
244
245
246
247
248
249
250
251
252
253
254
255
256
257
258
259
260
261
262
263
264
265
266
267
268
269
270
787.5857828571428 10.9728 10.9728
764.0987657142857 10.9728 10.9728
740.6117485714285 10.9728 10.9728
717.1247314285714 10.9728 10.9728
693.6377142857142 10.9728 10.9728
670.1506971428571 10.9728 10.9728
646.6636799999999 10.9728 10.9728
623.1766628571427 10.9728 10.9728
599.6896457142855 10.9728 10.9728
576.2026285714282 10.9728 10.9728
552.7156114285712 10.9728 10.9728
529.2285942857141 10.9728 10.9728
505.7415771428569 10.9728 10.9728
482.2545599999998 10.9728 10.9728
458.7675428571426 10.9728 10.9728
435.2805257142855 10.9728 10.9728
411.7935085714284 10.9728 10.9728
388.3064914285713 10.9728 10.9728
364.8194742857141 10.9728 10.9728
341.3324571428569 10.9728 10.9728
317.8454399999997 10.9728 10.9728
294.3584228571426 10.9728 10.9728
270.8714057142855 10.9728 10.9728
247.3843885714284 10.9728 10.9728
223.8973714285712 10.9728 10.9728
200.4103542857141 10.9728 10.9728
176.923337142857 10.9728 10.9728
153.4363199999999 10.9728 10.9728
129.9493028571428 10.9728 10.9728
106.4622857142857 10.9728 10.9728
82.97526857142861 10.9728 10.9728
59.48825142857152 10.9728 10.9728
36.00123428571442 10.9728 10.9728
12.51421714285732 10.9728 10.9728
1 24 0 2
271
272
-10.9728 3.6576 10.9728
-10.9728 -3.6576 10.9728
2 11 0 598
273
274
275
276
277
278
279
280
281
282
283
284
285
286
287
288
289
290
291
292
293
294
295
296
297
298
299
300
301
302
303
304
305
306
307
308
309
310
311
312
313
314
315
316
317
318
319
320
321
322
323
324
325
326
327
328
329
330
331
332
333
334
335
336
337
338
339
340
341
342
343
344
345
346
347
348
349
350
351
352
353
354
355
356
357
358
359
360
361
362
363
364
365
366
367
368
369
370
371
372
373
374
375
376
377
378
379
380
381
382
383
384
385
386
387
388
389
390
391
392
393
394
395
396
397
398
399
400
401
402
403
404
405
406
407
408
409
410
411
412
413
414
415
416
417
418
419
420
421
422
423
424
425
426
427
428
429
430
431
432
433
434
435
436
437
438
439
440
441
442
443
444
445
446
447
448
449
450
451
452
453
454
455
456
457
458
459
460
461
462
463
464
465
466
467
468
469
470
471
472
473
474
475
476
477
478
479
480
481
482
483
484
485
486
487
488
489
490
491
492
493
494
495
496
497
498
499
500
501
502
503
504
505
506
507
508
509
510
511
512
513
514
515
516
517
518
519
520
521
522
523
524
525
526
527
528
529
530
531
532
533
534
535
536
537
538
539
540
541
542
543
544
545
546
547
548
549
550
551
552
553
554
555
556
557
558
559
560
561
562
563
564
565
566
567
568
569
570
571
572
573
574
575
576
577
578
579
580
581
582
583
584
585
586
587
588
589
590
591
592
593
594
595
596
597
598
599
600
601
602
603
604
605
606
607
608
609
610
611
612
613
614
615
616
617
618
619
620
621
622
623
624
625
626
627
628
629
630
631
632
633
634
635
636
637
638
639
640
641
642
643
644
645
646
647
648
649
650
651
652
653
654
655
656
657
658
659
660
661
662
663
664
665
666
667
668
669
670
671
672
673
674
675
676
677
678
679
680
681
682
683
684
685
686
687
688
689
690
691
692
693
694
695
696
697
698
699
700
701
702
703
704
705
706
707
708
709
710
711
712
713
714
715
716
717
718
719
720
721
722
723
724
725
726
727
728
729
730
731
732
733
734
735
736
737
738
739
740
741
742
743
744
745
746
747
748
749
750
751
752
753
754
755
756
757
758
759
760
761
762
763
764
765
766
767
768
769
770
771
772
773
774
775
776
777
778
779
780
781
782
783
784
785
786
787
788
789
790
791
792
793
794
795
796
797
798
799
800
801
802
803
804
805
806
807
808
809
810
811
812
813
814
815
816
817
818
819
820
821
822
823
824
825
826
827
828
829
830
831
832
833
834
835
836
837
838
839
840
841
842
843
844
845
846
847
848
849
850
851
852
853
854
855
856
857
858
859
860
861
862
863
864
865
866
867
868
869
870
788.0598714716234 35.3743632806107 -10.9728
38.81544779989434 -34.3265871439724 -10.9728
59.89194691425115 34.57963640154754 -10.9728
740.4313098505196 -34.32465066411433 -10.9728
484.2457714164659 -40.07219431545133 -10.9728
318.6891867067529 31.77143950021966 -10.9728
247.7151494897325 -39.17996708898657 -10.9728
576.8995596447805 34.9474353406552 -10.9728
1504.85691254353 8.713983557721754 -10.9728
825.8278982411921 14.77553861947612 -10.9728
-701.6218381056727 -7.125462907234156 -10.9728
-28.47694512129925 -12.86554211502087 -10.9728
-233.7216870732506 664.9115704337891 -10.9728
1321.228847864402 -500.4932456438711 -10.9728
-537.7384772692093 546.086227127083 -10.9728
-346.223431593727 -672.4885488520385 -10.9728
1301.111547876522 516.9634289415708 -10.9728
663.20632053577 713.5720936630838 -10.9728
668.9347090906836 -714.2547760888999 -10.9728
596.1180668217057 -33.38797754339664 -10.9728
-3.36308410307845 -704.7032641832745 -10.9728
396.8209884738619 -709.4046833306086 -10.9728
138.7630820943677 705.214691505601 -10.9728
202.486255493436 27.44818180950065 -10.9728
460.3116983493935 36.22294493439546 -10.9728
346.6535723176152 -35.00153156869889 -10.9728
697.673962882071 38.00267989247035 -10.9728
132.092906134216 -32.83674267167135 -10.9728
786.1099868174772 -31.58204120138694 -10.9728
13.18467342279172 31.89347334945982 -10.9728
-653.1496135834101 -305.0718691241518 -10.9728
648.3807965767554 35.29110159143566 -10.9728
527.140221226555 36.03100869893846 -10.9728
528.5856921884346 -30.54240556848772 -10.9728
270.7033226078849 33.38876260504937 -10.9728
391.1610256759831 -29.98008511253051 -10.9728
410.9275670587763 39.19499735853056 -10.9728
646.1978352206005 -37.85719454886778 -10.9728
160.1076354866142 38.65051948442755 -10.9728
925.5115662878917 -694.3922485135218 -10.9728
907.2644193338019 708.9061298494109 -10.9728
1477.670095799021 -231.4217684226602 -10.9728
1474.270473820324 274.5928680434585 -10.9728
-660.8593521179924 232.0755584554892 -10.9728
1139.029267189023 618.6221405711703 -10.9728
86.30618113725501 -32.5811717425116 -10.9728
199.2389043792038 -35.63872446056977 -10.9728
744.585740950864 26.63588526645698 -10.9728
425.3154960102469 -40.09676834541451 -10.9728
361.7272699914076 34.47944788933953 -10.9728
297.5969823201293 -36.1052136949087 -10.9728
693.7208426830064 -34.20386514168103 -10.9728
106.5500753847504 35.67065816095179 -10.9728
401.8840860096137 713.3312302872073 -10.9728
1167.15018616333 -598.1945747026514 -10.9728
258.6161250851088 -706.861817298874 -10.9728
-496.803072725582 -496.7670113908273 -10.9728
-566.8421889845309 466.0716269210738 -10.9728
-255.8734241118485 -675.9885778764288 -10.9728
1018.556032443799 679.3301008798878 -10.9728
1044.857540691169 -658.2176212229314 -10.9728
-116.385947972812 691.7711442303186 -10.9728
-348.1079599527609 624.1243856670814 -10.9728
-716.4710467356068 -233.5043074461574 -10.9728
1422.92542942104 -344.7601129639133 -10.9728
1497.827014200105 136.9868526166718 -10.9728
1404.855307478849 366.8502420954944 -10.9728
1501.184651551326 -116.5540615759652 -10.9728
-454.4234187916898 329.8026290586345 -10.9728
1235.087065748655 -375.4897860945649 -10.9728
1376.824571133796 8.66651498349156 -10.9728
-128.5101427190707 -554.619519844721 -10.9728
-509.7281184338652 -325.8915388683029 -10.9728
1183.076383874913 421.8257875239768 -10.9728
-329.7769715956629 501.7691447727864 -10.9728
235.6467702672667 -548.414704554687 -10.9728
910.3292932165341 -565.6943589044862 -10.9728
962.8220032965477 581.5233570051294 -10.9728
1375.962033985887 233.8828670108745 -10.9728
1394.514931812242 -207.2230569355154 -10.9728
798.3603724880763 -709.6584695962089 -10.9728
789.9865837937824 714.6599595067094 -10.9728
532.6808946541948 714.2872289456768 -10.9728
533.9949671668526 -712.6309490098243 -10.9728
270.9693624773262 709.1599243693122 -10.9728
124.7597112302811 -707.5319114193954 -10.9728
8.450550893738978 702.2592503321692 -10.9728
-704.0448787234096 -138.4493447803115 -10.9728
-611.2940076188111 352.5389764447735 -10.9728
-581.9331574563671 -399.5386631014791 -10.9728
-132.1046394104771 -690.5696505665596 -10.9728
-458.7000991004943 579.8117075812698 -10.9728
1329.951772928033 -274.3548140311271 -10.9728
1373.796969160983 138.4919586670564 -10.9728
1070.249288609583 512.7730863763063 -10.9728
1018.981641965293 -528.2265539442186 -10.9728
-217.7306423220872 537.9194081680946 -10.9728
-407.0200866686645 -595.3446353238079 -10.9728
-694.8049850427216 115.9501212369069 -10.9728
657.7512303353527 585.6913385020353 -10.9728
670.3720422169129 -584.0498727505378 -10.9728
280.6015579228353 576.7666674201071 -10.9728
1256.137067520986 -152.2724905608695 -10.9728
1235.343143840923 147.849265738039 -10.9728
985.6314424468989 -415.1067899495769 -10.9728
980.2645793186398 427.9485688717554 -10.9728
-99.37745667132617 448.5436565175494 -10.9728
-7.293860828259255 -574.3793226699756 -10.9728
391.8502126832352 -569.0753453226297 -10.9728
-553.7241707378417 5.937522083079165 -10.9728
-531.6363912629909 189.0738264234356 -10.9728
-539.3393795645977 -183.03800777768 -10.9728
891.5631069989895 625.7210043663933 -10.9728
793.5756838557514 -581.5902021859594 -10.9728
108.0850870991506 -577.636350120623 -10.9728
-450.6572453478639 470.9390328069346 -10.9728
532.651966673794 585.8868575329006 -10.9728
-106.2320369049572 562.1974488977264 -10.9728
9.892190320752661 567.977955591358 -10.9728
-280.6263168477366 -518.8856658588293 -10.9728
-399.2395126120781 -373.7558886616134 -10.9728
1127.641263194963 -465.1449041563966 -10.9728
1385.046048490364 -118.6206450832984 -10.9728
1274.948871737054 295.1526814929957 -10.9728
1166.412092016515 -272.0646049833704 -10.9728
1258.00987456161 2.639045721375968 -10.9728
1101.106741731649 347.1238579227648 -10.9728
2.734139064993485 451.8777192073527 -10.9728
-441.0715897669033 -26.25822765528753 -10.9728
-108.2634298045485 -435.9552817678009 -10.9728
647.9857858047139 469.1599100097142 -10.9728
259.1688584113768 -429.1968384761583 -10.9728
1102.402948839816 -186.0967064536561 -10.9728
1133.503126256725 94.65417744190229 -10.9728
963.2042066319574 315.4535683958335 -10.9728
-382.6927998080882 241.9025780936854 -10.9728
-373.1939195529818 -215.5511777595248 -10.9728
787.787667837862 -464.6121573267735 -10.9728
-298.583315543064 -337.7703298327373 -10.9728
90.65402739567821 -468.4622357731267 -10.9728
1166.287955058709 285.8279346958546 -10.9728
534.5816958466847 -577.1957313376749 -10.9728
1077.4610174929 -355.9991886260171 -10.9728
406.0704427321927 582.4332619818724 -10.9728
147.6506759868672 545.4004369358624 -10.9728
-202.4214909190937 426.0509668847023 -10.9728
888.5796049092952 -448.5869028818485 -10.9728
-599.3157111998711 104.8722294766057 -10.9728
830.0859368107724 431.7906554345179 -10.9728
893.0050118190702 503.4519289793187 -10.9728
287.1325992936324 460.669406499166 -10.9728
-3.652683079609972 357.0095890321364 -10.9728
803.5839807916175 348.7395034676411 -10.9728
-296.7371053108066 -167.0935553428223 -10.9728
537.6957822453112 467.6566897220252 -10.9728
1144.102380612767 -98.71517722865917 -10.9728
96.81239586441473 428.9296305016452 -10.9728
-391.6174378389757 140.1151453564825 -10.9728
542.8236548612676 -433.3058996275162 -10.9728
677.1397327539205 -462.8726811665452 -10.9728
380.0486623242152 -427.568018565679 -10.9728
-91.09964596634182 352.5556880942437 -10.9728
-215.6350888514376 -375.3640982925361 -10.9728
-313.423359094108 389.9287268343965 -10.9728
-5.618003729302586 -459.769169433986 -10.9728
950.0940455677024 -321.0074665704958 -10.9728
1049.975506715613 275.5200470962808 -10.9728
1024.404634208141 -273.8646886200894 -10.9728
880.3242602075118 335.8662840088032 -10.9728
1082.410980655631 162.6419883366947 -10.9728
-441.9471107108324 -96.3163881062317 -10.9728
1154.115897732947 0.9599013585466427 -10.9728
797.4344300280762 578.3349475936496 -10.9728
892.0728839432981 396.4265117293887 -10.9728
1133.198910799857 223.8731198838234 -10.9728
160.1960472229821 -466.8225097216702 -10.9728
-317.4520273790474 181.7232202922366 -10.9728
417.6067538679443 -345.5416981728836 -10.9728
171.0836096723744 -399.148150695934 -10.9728
548.3952740220191 366.9122821078569 -10.9728
608.4379824223413 -341.9360814299785 -10.9728
1053.002145837153 -116.5967049745228 -10.9728
4.882527280961597 -360.7260625777668 -10.9728
-3.706543861119599 277.1500745772712 -10.9728
863.8790509814382 262.3202232447561 -10.9728
867.7245289837994 -348.7792954225012 -10.9728
1059.109698692342 75.12226089588745 -10.9728
-138.3691766766359 -320.7510731824145 -10.9728
127.9313366206169 328.6702719212362 -10.9728
980.9308804493377 -228.3214229182972 -10.9728
410.5039608582441 442.4615933101705 -10.9728
-183.2344040340745 332.7089206498719 -10.9728
-3.176066375686901 29.73355358408267 -10.9728
-351.3214791029203 -28.27612426437254 -10.9728
1012.567739457625 208.0672709522447 -10.9728
991.5439216476121 -176.507478621355 -10.9728
74.66763634406203 345.8892790647218 -10.9728
937.753298928192 240.9215736066675 -10.9728
781.3487546940185 -362.9540824926177 -10.9728
-239.9780304879437 222.9930975524373 -10.9728
354.2941081058464 -321.1392033980162 -10.9728
-370.7478476610107 -108.9975794764841 -10.9728
-15.29621494635597 46.99649913775997 -10.9728
358.3533617937833 346.4136676054562 -10.9728
791.5627139912231 270.9572738408294 -10.9728
774.8880025016325 -278.5845219346313 -10.9728
345.7886480014355 -267.5164388381446 -10.9728
847.4984474091996 198.7810658159826 -10.9728
-79.91778832257256 272.2057631808865 -10.9728
638.612739051596 368.2718372793494 -10.9728
1070.898967984614 3.081750054984196 -10.9728
909.8898150892653 179.5140429683345 -10.9728
-337.8120316255644 60.90517737750655 -10.9728
256.2839078072153 -359.8484013783336 -10.9728
464.1036734999776 348.4039242137761 -10.9728
-26.79337794180822 23.10042050371866 -10.9728
-287.7679755439431 -112.4618275195794 -10.9728
1042.400754409886 125.9526346416844 -10.9728
-77.77789502151154 -340.3112787461913 -10.9728
-210.2924468456042 -214.9430851695121 -10.9728
67.116877443161 274.1629332093516 -10.9728
89.65715623448551 -376.7933769329948 -10.9728
409.9054619163896 322.3497850023413 -10.9728
-280.891082630136 297.0559382020372 -10.9728
-194.9961529379988 151.0875521073346 -10.9728
691.2583340442652 -361.8562107205801 -10.9728
998.0744592129629 -112.986325955685 -10.9728
922.6459404964991 -245.4545645693272 -10.9728
801.9677555508692 -29.89234993518497 -10.9728
411.772337889621 -271.1180479808432 -10.9728
132.8962112501494 273.8500197332949 -10.9728
334.477378947005 275.0713796668609 -10.9728
98.27753239516704 -291.515859349223 -10.9728
-37.62189648991239 52.52754767588065 -10.9728
556.1334713990625 282.5825657812176 -10.9728
1005.767249489001 1.906416709643328 -10.9728
785.8434018557336 204.807382819189 -10.9728
905.6644447349953 -166.7776184096584 -10.9728
881.2933043868834 130.4881940415566 -10.9728
-68.09696492772537 204.1555330557812 -10.9728
11.41130398803665 55.04305370707127 -10.9728
-51.02212303776525 -246.4357562128525 -10.9728
-29.93768879657415 4.259394609799865 -10.9728
190.7818144480535 -306.2221419532672 -10.9728
1004.137806164413 -54.57311303806714 -10.9728
-130.6964565169686 188.8984830638319 -10.9728
989.2778654631195 68.65140285533001 -10.9728
67.34716474448101 209.9245763746717 -10.9728
278.9652996590875 364.1695481440995 -10.9728
482.7203060859023 273.9301990703997 -10.9728
702.2847339652726 -280.3589484856483 -10.9728
667.9946129362497 217.9319024317843 -10.9728
848.9338525975737 -265.6994979936104 -10.9728
935.4080362857229 -101.1341969190063 -10.9728
-253.0059157968584 -193.2267786627473 -10.9728
308.4304065475775 -342.3328434861797 -10.9728
-268.672278052069 119.4755106711968 -10.9728
-421.063872975437 42.17792927917445 -10.9728
977.0592159053112 138.2280577033162 -10.9728
-158.6430574239812 253.6631676780491 -10.9728
-49.20840033292126 -21.09615874895686 -10.9728
632.2498997462485 -269.4833386526915 -10.9728
830.7496058098395 -196.8524896878128 -10.9728
807.9183376598429 -43.89242409290689 -10.9728
490.4950113667699 207.6575910110618 -10.9728
340.1485360897478 -205.1904125152568 -10.9728
106.3430149625929 -219.0271646421801 -10.9728
136.4881429879732 197.8804594121241 -10.9728
-192.9615453311496 99.11158629909048 -10.9728
-17.24765258385685 78.14806616761305 -10.9728
965.5512702747918 -3.000494905077443 -10.9728
-207.4957523843198 -126.1533355497526 -10.9728
493.8283579358512 -343.0655937549205 -10.9728
-55.25673371038567 33.61482640880414 -10.9728
268.8227816853056 283.1612740017248 -10.9728
939.9314083625449 75.97898591181541 -10.9728
-58.76024063924632 149.1037526905401 -10.9728
2.80749859254405 198.5347610657351 -10.9728
267.8870711852277 -257.596813732512 -10.9728
24.28856562356668 -276.9430343179352 -10.9728
36.21670990331086 33.7696962607119 -10.9728
404.1908245275604 257.5261908260309 -10.9728
944.4337441176511 -42.80734763421509 -10.9728
827.5279272813506 -27.72547970796077 -10.9728
-283.9819233955748 -264.9145426767807 -10.9728
920.500411181363 102.7911391230972 -10.9728
199.3558851207635 281.2855178738383 -10.9728
708.0737242157286 264.9486150595271 -10.9728
706.1844366790018 -213.2132368496529 -10.9728
781.2449129558324 149.9187837320867 -10.9728
630.158719733446 283.8271431165994 -10.9728
-137.6014600304602 113.7272952571044 -10.9728
182.341022291018 375.0097349826682 -10.9728
1067.419977624988 -68.68902487484617 -10.9728
-428.1177770328943 194.1813400416874 -10.9728
-221.5750491953522 72.61510457602455 -10.9728
-135.0644567443461 -246.5520092602207 -10.9728
-467.1138904251125 91.19009165540078 -10.9728
283.6485454535112 -188.3435998368702 -10.9728
399.8875518214315 -208.3567820876883 -10.9728
559.6561273336022 201.3017232248366 -10.9728
205.627892669463 212.3838209128969 -10.9728
646.7089044077786 -205.6452715462678 -10.9728
364.4718897791519 201.0759304282846 -10.9728
-8.063411091500711 -199.5665082575719 -10.9728
8.057803715205921 81.55889741901341 -10.9728
-175.9165495606877 43.73004114055225 -10.9728
914.6589268939684 -8.184924727164534 -10.9728
-24.59012912126587 -32.01730649402182 -10.9728
786.6143649429912 -52.44651256993647 -10.9728
478.1003456500482 -266.0776557102239 -10.9728
-72.47775865401735 65.9822212130963 -10.9728
165.461257851111 -219.0025123340196 -10.9728
833.6874196358992 -50.35911642060353 -10.9728
109.2434927444086 149.0288819477276 -10.9728
-14.9538726106581 144.6321794378385 -10.9728
-202.8331973258738 -52.16916076894944 -10.9728
829.0731015342807 -2.532469392006108 -10.9728
434.6648383682643 199.4275883093823 -10.9728
-101.19150124023 -190.4572296446396 -10.9728
36.05287453777521 58.32319722006317 -10.9728
553.0912955438182 -315.4863878966643 -10.9728
-53.3821411862645 2.202600317163241 -10.9728
732.5660422869796 147.0866228837981 -10.9728
728.1702401996642 197.7014188452124 -10.9728
624.8748307382556 217.2455443943431 -10.9728
767.3810573214369 -210.7815313894005 -10.9728
-252.7825767165165 23.22252336028779 -10.9728
-212.6792118659655 -271.4121238902179 -10.9728
-43.86626205045837 74.42119388701535 -10.9728
209.7505331493907 459.0155135389967 -10.9728
-169.6709962165202 -185.6939976356697 -10.9728
888.5417481558991 71.84153966437856 -10.9728
724.3958541066129 360.9021821806834 -10.9728
67.47143313093926 159.1358256369606 -10.9728
945.0044759499402 22.04854505500888 -10.9728
832.3886684312835 144.9359471848735 -10.9728
905.6878074668134 -53.58402019637533 -10.9728
-158.1334161480301 80.32894115570014 -10.9728
-103.6982280796595 137.9162841902425 -10.9728
857.8869169433825 -118.4419696165862 -10.9728
45.25486604717781 -198.0542740836024 -10.9728
-45.75575389374472 -44.54861851656384 -10.9728
459.1361385759882 -202.2624754109869 -10.9728
491.6378319860922 152.8641996374253 -10.9728
709.3036280772619 -158.3857899723202 -10.9728
33.26753865721309 -144.987135802083 -10.9728
352.9478560480619 143.0521484428702 -10.9728
626.9054011932517 157.741205868622 -10.9728
337.2467040887152 -152.419021297786 -10.9728
137.4776902030873 134.0875833807304 -10.9728
843.6607071953081 26.47051221295567 -10.9728
-145.6538204992313 -51.99371290158368 -10.9728
-33.0770869196096 -111.102559243869 -10.9728
100.192722750997 113.8271642560947 -10.9728
-72.88237327946337 -30.72672830588078 -10.9728
731.6591101184147 104.5446924137541 -10.9728
821.0582774001241 100.7601573354204 -10.9728
61.225205791608 59.52530796870186 -10.9728
-90.10621138143478 22.99255769113432 -10.9728
874.8605085345769 -15.66949350664755 -10.9728
816.7509337837066 -63.51358936654778 -10.9728
264.3890765171491 216.4395776534467 -10.9728
592.1842491435767 -185.8117820139176 -10.9728
-85.03787891943136 99.28645153745296 -10.9728
15.57560689952896 -34.47719597654039 -10.9728
688.7268623019409 136.493031629089 -10.9728
-136.0844046971604 24.7831691717918 -10.9728
112.0404545020538 -164.0105453047875 -10.9728
763.6796710718174 -33.3479984682108 -10.9728
-18.76697870529978 107.9637037844571 -10.9728
553.7594386844426 -246.8921339929701 -10.9728
916.558360964816 48.2790076770331 -10.9728
-136.3839238371893 -102.0911410651535 -10.9728
211.1881089948322 -197.4502637819087 -10.9728
3.636573886060489 103.7426799353286 -10.9728
854.6805935802752 -21.93014786524236 -10.9728
-1.235679873372305 -34.19187528588717 -10.9728
-273.7737839004295 -41.96520243334927 -10.9728
-111.0359804940666 91.11357650702081 -10.9728
33.98575096948741 86.35994386162973 -10.9728
812.3274078887596 -144.0792885144144 -10.9728
832.2737209466962 -86.87264179692474 -10.9728
678.3576363859534 180.6520907441422 -10.9728
-193.6014015015429 1.171156147824334 -10.9728
890.2645075996027 -82.38470062953095 -10.9728
748.6988182783851 457.29792685084 -10.9728
155.184322523506 -164.9489481098376 -10.9728
291.054941812664 -139.3668801513822 -10.9728
166.8158868857983 145.6921440535043 -10.9728
17.84214014400294 -59.52537641215689 -10.9728
658.0582207034563 -151.6631200489205 -10.9728
440.4735505318474 -141.4498378627858 -10.9728
695.5968516247769 98.76876625479821 -10.9728
47.85541707884238 -104.3601371856034 -10.9728
134.9532070730565 107.5592419196233 -10.9728
-65.18728355483358 -49.81149279960353 -10.9728
445.3036945455389 151.4094088780493 -10.9728
790.1508873462492 -75.9427781163598 -10.9728
535.9386486801434 145.3920993942774 -10.9728
818.0536320670503 35.83277935472613 -10.9728
-12.26436116533358 -57.5531282220872 -10.9728
762.2990830877725 -56.69498028515834 -10.9728
86.15490567062739 58.04651798574977 -10.9728
773.9732657039598 97.52034933085545 -10.9728
858.7488364390417 -55.32653882994136 -10.9728
864.638042045257 44.48814440516467 -10.9728
851.0014238143633 3.992476008077236 -10.9728
-119.2129984570161 -153.5930646564239 -10.9728
512.4706023078629 -185.7423930236617 -10.9728
24.37688460700622 124.1095144539429 -10.9728
627.0188508305807 103.1403847985358 -10.9728
761.4011768944711 -156.7580734032761 -10.9728
858.4085487018907 90.87139268096954 -10.9728
-102.9857286852277 -42.6767628194272 -10.9728
-51.57108887706482 107.3397621478779 -10.9728
-80.50105917980153 -4.187524577518798 -10.9728
-112.9924205990272 57.85757949765411 -10.9728
-11.49976445852457 -152.2746804545905 -10.9728
-146.3622853718925 -9.387255161191691 -10.9728
798.1596386127496 -105.3218024462898 -10.9728
319.0121533233329 212.247450095137 -10.9728
62.94649292194958 87.47432672228861 -10.9728
64.95800168931191 120.4415876030318 -10.9728
262.6910900440506 160.5198942961377 -10.9728
610.5141014962917 -138.4701624064326 -10.9728
741.4235666020827 -58.94740977344782 -10.9728
490.6758886834714 109.9479315987495 -10.9728
173.1103778802165 105.3156942808378 -10.9728
113.839426803291 -121.1080371102065 -10.9728
335.9165301053625 -109.1976277100758 -10.9728
21.97781491552155 -85.91140753296943 -10.9728
716.0416303739987 -115.2475706089454 -10.9728
236.9761472394179 -159.8996061007671 -10.9728
43.05947024904538 -58.63378158374319 -10.9728
307.4495500947392 159.0323420120488 -10.9728
815.9953433130418 65.60564769684846 -10.9728
728.7052156643342 70.8626799997062 -10.9728
-80.09990293242049 -79.79631750197005 -10.9728
83.55480215668638 34.57454678725968 -10.9728
525.0701510365942 -134.1868899627928 -10.9728
494.021920432697 -141.2521282625221 -10.9728
835.1323774812753 41.30845563634082 -10.9728
387.1801205019312 -154.182201047268 -10.9728
-42.05267454513017 -74.26263740762244 -10.9728
758.7917766382175 -114.9945578574366 -10.9728
883.997704437518 14.18117889147385 -10.9728
93.34100059313641 83.33627994927807 -10.9728
759.8389902206143 -82.81037933614689 -10.9728
-110.20937479414 -10.2712432683369 -10.9728
-72.40509656163118 -130.4617194589229 -10.9728
651.3158091865124 119.0810780650575 -10.9728
401.9480127649665 148.0501699665057 -10.9728
27.19931257098472 -112.5558020363046 -10.9728
33.8798493825343 159.8961738042637 -10.9728
5.236463007463101 -117.6867127339913 -10.9728
213.1824289464096 155.787200311242 -10.9728
-112.174674718337 13.06855962071423 -10.9728
889.8007476386491 -33.14812802757756 -10.9728
152.8907892751742 -122.5993347295457 -10.9728
526.7622253136035 104.4470296517447 -10.9728
376.5023940500573 -111.0955329754814 -10.9728
297.6680029942796 -98.82092280971456 -10.9728
327.713004610367 113.5319338996263 -10.9728
221.6922706324817 102.5101812698998 -10.9728
666.9842147951267 -101.769214115639 -10.9728
450.6016055670304 102.7233510832182 -10.9728
431.7845793484808 -94.22833372838386 -10.9728
489.8734724107782 -103.3784197610797 -10.9728
406.8646975982906 105.6485575384155 -10.9728
604.7408690234397 115.4966058527947 -10.9728
785.4268428295211 62.08592970572105 -10.9728
662.8679516203536 87.7517372713573 -10.9728
167.6322853302688 69.32345310807658 -10.9728
126.3348921863335 70.39593391619727 -10.9728
714.4356001675437 -58.10258143690107 -10.9728
62.95391732724448 -33.85229684490334 -10.9728
105.1930683904015 53.90195282793436 -10.9728
222.2532110467261 -105.5084387746975 -10.9728
-3.740587265102761 -95.11940431174146 -10.9728
399.8760124155237 183.791213092589 -10.9728
46.92551843466714 -84.15161199322633 -10.9728
301.0867329062203 116.9906496528076 -10.9728
843.265925344542 60.15110244168314 -10.9728
-59.39679033571127 -180.1737439902914 -10.9728
264.4817367156675 116.1459713971285 -10.9728
70.24995968049393 -123.2592464025862 -10.9728
727.3193875958423 -83.30389327345456 -10.9728
618.6916473281916 -98.25349769661304 -10.9728
533.0533199729834 -99.76275866140345 -10.9728
268.5416640560627 82.91056592810126 -10.9728
591.2753879557943 84.94891502388261 -10.9728
74.52933244840546 -85.30502649858705 -10.9728
489.3832837610342 78.70030978533462 -10.9728
298.730920530258 84.13186726613475 -10.9728
152.9726904545261 -86.69958987150326 -10.9728
626.0751597024721 69.89713931177222 -10.9728
371.7400473390641 -78.09410770627829 -10.9728
207.3797532440879 59.11417559436047 -10.9728
304.8629714224636 -67.31296445787015 -10.9728
370.0797016201096 98.63071495276775 -10.9728
409.7442773711603 69.59503776940139 -10.9728
716.7573054543873 -34.03305630773163 -10.9728
131.634155933071 38.05488956422722 -10.9728
182.980470654751 37.46282684625648 -10.9728
729.1129883200738 39.38533465745773 -10.9728
68.77243139789482 -57.94043585478681 -10.9728
250.4404340263929 -120.4034128295282 -10.9728
587.0268014193523 161.4716028332307 -10.9728
695.8228417837327 -77.09660963902785 -10.9728
411.5668452511145 -104.3914437104391 -10.9728
78.68475921212831 -161.19525199124 -10.9728
751.8252228648178 72.0917505583194 -10.9728
650.1971981675089 54.35904778296328 -10.9728
258.9814661715546 -76.92784027655165 -10.9728
504.3193195815794 34.16428007665142 -10.9728
334.3672539892785 82.72973077412462 -10.9728
401.8351722957011 -75.68629249395215 -10.9728
154.5510168238626 -33.8640041272339 -10.9728
519.4126390942381 66.48733171314029 -10.9728
674.5114651200205 -61.81581302065738 -10.9728
624.3378309748391 35.9550838681592 -10.9728
438.9925221692109 67.14874365962244 -10.9728
245.4285937285862 34.10668309908959 -10.9728
338.1212092684037 -69.71613443850536 -10.9728
570.7365666523203 -121.3329561229543 -10.9728
518.7547212469834 -63.29574063189061 -10.9728
223.4465368442788 34.00898640958425 -10.9728
482.8263663078001 34.10590925046412 -10.9728
177.0539150955716 -34.01192971980645 -10.9728
762.5749747799232 31.42993889471018 -10.9728
113.0214387224546 -80.94455219459776 -10.9728
600.5584282364248 35.02907383632542 -10.9728
184.5773070073513 -84.68289072552498 -10.9728
94.16374809139546 -54.20111219553342 -10.9728
560.6883629971295 95.51529754785605 -10.9728
245.8242412852794 79.51722562801949 -10.9728
297.1502830181394 56.56354468492471 -10.9728
694.1897850236455 -50.80224251071164 -10.9728
698.4606591554681 66.84556326061441 -10.9728
671.9952644559711 35.95116324608995 -10.9728
757.7199415825371 53.37025757073324 -10.9728
429.4990988854751 -71.82545128781221 -10.9728
487.7793382337913 -70.00371017911976 -10.9728
354.1380137549746 57.08203126754554 -10.9728
582.8335050825691 -87.77740169251713 -10.9728
216.1909317337201 -72.9789128356862 -10.9728
109.742282946768 -31.73196487492577 -10.9728
670.6428316627491 -35.93449704938264 -10.9728
385.2574572126143 37.58182134720837 -10.9728
436.2598963737359 38.35168920618472 -10.9728
557.8794334888937 -78.3334493477212 -10.9728
600.6497432384249 53.5446268505149 -10.9728
179.0667617188177 -57.34691043188909 -10.9728
196.7033547076257 -126.7838180926067 -10.9728
549.554675332826 -156.8079962878537 -10.9728
501.9612300928977 51.34821870146526 -10.9728
485.6523926758076 55.6679077391375 -10.9728
573.3239945449018 131.5691339630074 -10.9728
553.9091574878757 64.25166143442198 -10.9728
322.2974731094921 53.5039756435481 -10.9728
243.7045904100151 59.00831241859092 -10.9728
295.2918647811298 32.94565876879796 -10.9728
154.231180348569 -58.31689120685534 -10.9728
113.0628960921455 -47.18627289457677 -10.9728
263.0031145027499 -34.17388354643826 -10.9728
326.2196643677245 -41.26969719873257 -10.9728
669.7829262193927 60.85086832507299 -10.9728
554.245010722409 -45.45208772466818 -10.9728
620.2413353575444 -65.13239304899881 -10.9728
379.4481236423482 65.73571620828164 -10.9728
223.1055140264377 -39.19819263868061 -10.9728
510.0097184234185 -36.07153564693007 -10.9728
457.4832903441104 -70.90769110384046 -10.9728
581.8214759350524 59.14705614413865 -10.9728
340.1618960653691 31.94105139904276 -10.9728
577.3589788578654 -28.75928375776385 -10.9728
552.2815709895302 36.57402040923893 -10.9728
197.0801190746009 -54.32638273012056 -10.9728
129.862137381246 -54.54879218560027 -10.9728
352.6984233523166 -51.9684745949398 -10.9728
186.7202512414148 -163.7158628202866 -10.9728
270.4855476816538 57.51707488906631 -10.9728
396.3178773424632 -50.57107723992089 -10.9728
282.1456130576369 -53.49699077444352 -10.9728
310.202875092539 -47.2342185387103 -10.9728
338.7646008358673 48.19947650448386 -10.9728
463.8577228832591 61.04098797420748 -10.9728
368.6359581343117 -31.94507710248311 -10.9728
621.182615414878 -36.89041317043225 -10.9728
457.3564383903661 -40.7500553799795 -10.9728
644.9573933182876 -67.53476983593499 -10.9728
453.3472379595299 -103.0381929358344 -10.9728
371.1844201643565 -53.00527672437394 -10.9728
408.5071434153095 -26.19630716976054 -10.9728
590.1936914053288 -58.60186399535842 -10.9728
286.6582661773192 -26.42974226952081 -10.9728
469.1935804136519 79.80488925295565 -10.9728
2 12 0 10
871
872
873
874
875
876
877
878
879
880
133.3499999999999 -846.1248000000001 -3.6576
133.3499999999999 -846.1248000000001 3.657599999999999
266.6999999999999 -846.1248000000001 -3.6576
266.6999999999999 -846.1248000000001 3.657599999999999
400.05 -846.1248000000001 -3.6576
400.05 -846.1248000000001 3.657599999999999
533.4 -846.1248000000001 -3.6576
533.4 -846.1248000000001 3.657599999999999
666.7499999999999 -846.1248000000001 -3.6576
666.7499999999999 -846.1248000000001 3.657599999999999
2 13 0 38
881
882
883
884
885
886
887
888
889
890
891
892
893
894
895
896
897
898
899
900
901
902
903
904
905
906
907
908
909
910
911
912
913
914
915
916
917
918
932.4630804452722 835.7075996483928 -3.6576
932.4630804452722 835.7075996483928 3.657599999999999
1061.566942562103 804.7125046389339 -3.6576
1061.566942562103 804.7125046389339 3.657599999999999
1184.232620794023 753.9027170775784 -3.6576
1184.232620794023 753.9027170775784 3.657599999999999
1297.439679038918 684.5293425621041 -3.6576
1297.439679038918 684.5293425621041 3.657599999999999
1398.40058381011 598.3005838101125 -3.6576
1398.40058381011 598.3005838101125 3.657599999999999
1484.629342562102 497.3396790389197 -3.6576
1484.629342562102 497.3396790389197 3.657599999999999
1554.002717077577 384.1326207940263 -3.6576
1554.002717077577 384.1326207940263 3.657599999999999
1604.812504638933 261.4669425621058 -3.6576
1604.812504638933 261.4669425621058 3.657599999999999
1635.807599648393 132.3630804452748 -3.6576
1635.807599648393 132.3630804452748 3.657599999999999
1646.2248 2.461770168799093e-12 -3.6576
1646.2248 2.461770168799093e-12 3.657599999999999
1635.807599648394 -132.3630804452692 -3.6576
1635.807599648394 -132.3630804452692 3.657599999999999
1604.812504638935 -261.4669425621004 -3.6576
1604.812504638935 -261.4669425621004 3.657599999999999
1554.00271707758 -384.1326207940206 -3.6576
1554.00271707758 -384.1326207940206 3.657599999999999
1484.629342562106 -497.3396790389152 -3.6576
1484.629342562106 -497.3396790389152 3.657599999999999
1398.400583810114 -598.3005838101085 -3.6576
1398.400583810114 -598.3005838101085 3.657599999999999
1297.439679038922 -684.5293425621007 -3.6576
1297.439679038922 -684.5293425621007 3.657599999999999
1184.232620794027 -753.9027170775765 -3.6576
1184.232620794027 -753.9027170775765 3.657599999999999
1061.566942562106 -804.7125046389328 -3.6576
1061.566942562106 -804.7125046389328 3.657599999999999
932.463080445274 -835.7075996483926 -3.6576
932.463080445274 -835.7075996483926 3.657599999999999
2 14 0 10
919
920
921
922
923
924
925
926
927
928
666.7500000000001 846.1248000000001 -3.6576
666.7500000000001 846.1248000000001 3.657599999999999
533.4000000000001 846.1248000000001 -3.6576
533.4000000000001 846.1248000000001 3.657599999999999
400.0500000000001 846.1248000000001 -3.6576
400.0500000000001 846.1248000000001 3.657599999999999
266.7 846.1248000000001 -3.6576
266.7 846.1248000000001 3.657599999999999
133.3500000000001 846.1248000000001 -3.6576
133.3500000000001 846.1248000000001 3.657599999999999
2 15 0 38
929
930
931
932
933
934
935
936
937
938
939
940
941
942
943
944
945
946
947
948
949
950
951
952
953
954
955
956
957
958
959
960
961
962
963
964
965
966
-132.3630804452721 -835.7075996483928 -3.6576
-132.3630804452721 -835.7075996483928 3.657599999999999
-261.4669425621032 -804.7125046389338 -3.6576
-261.4669425621032 -804.7125046389338 3.657599999999999
-384.1326207940234 -753.9027170775784 -3.6576
-384.1326207940234 -753.9027170775784 3.657599999999999
-497.3396790389177 -684.529342562104 -3.6576
-497.3396790389177 -684.529342562104 3.657599999999999
-598.3005838101104 -598.3005838101122 -3.6576
-598.3005838101104 -598.3005838101122 3.657599999999999
-684.5293425621028 -497.3396790389194 -3.6576
-684.5293425621028 -497.3396790389194 3.657599999999999
-753.9027170775772 -384.1326207940255 -3.6576
-753.9027170775772 -384.1326207940255 3.657599999999999
-804.712504638933 -261.4669425621054 -3.6576
-804.712504638933 -261.4669425621054 3.657599999999999
-835.7075996483925 -132.3630804452743 -3.6576
-835.7075996483925 -132.3630804452743 3.657599999999999
-846.1248000000001 -2.358149765999173e-12 -3.6576
-846.1248000000001 -2.358149765999173e-12 3.657599999999999
-835.7075996483933 132.3630804452696 -3.6576
-835.7075996483933 132.3630804452696 3.657599999999999
-804.7125046389345 261.4669425621005 -3.6576
-804.7125046389345 261.4669425621005 3.657599999999999
-753.9027170775796 384.132620794021 -3.6576
-753.9027170775796 384.132620794021 3.657599999999999
-684.5293425621059 497.3396790389152 -3.6576
-684.5293425621059 497.3396790389152 3.657599999999999
-598.3005838101144 598.3005838101083 -3.6576
-598.3005838101144 598.3005838101083 3.657599999999999
-497.3396790389222 684.5293425621009 -3.6576
-497.3396790389222 684.5293425621009 3.657599999999999
-384.1326207940269 753.9027170775765 -3.6576
-384.1326207940269 753.9027170775765 3.657599999999999
-261.4669425621051 804.7125046389331 -3.6576
-261.4669425621051 804.7125046389331 3.657599999999999
-132.363080445274 835.7075996483926 -3.6576
-132.363080445274 835.7075996483926 3.657599999999999
2 16 0 68
967
968
969
970
971
972
973
974
975
976
977
978
979
980
981
982
983
984
985
986
987
988
989
990
991
992
993
994
995
996
997
998
999
1000
1001
1002
1003
1004
1005
1006
1007
1008
1009
1010
1011
1012
1013
1014
1015
1016
1017
1018
1019
1020
1021
1022
1023
1024
1025
1026
1027
1028
1029
1030
1031
1032
1033
1034
12.51421714285717 -10.9728 -3.6576
12.51421714285717 -10.9728 3.657599999999999
36.00123428571434 -10.9728 -3.6576
36.00123428571434 -10.9728 3.657599999999999
59.48825142857149 -10.9728 -3.6576
59.48825142857149 -10.9728 3.657599999999999
82.97526857142867 -10.9728 -3.6576
82.97526857142867 -10.9728 3.657599999999999
106.4622857142858 -10.9728 -3.6576
106.4622857142858 -10.9728 3.657599999999999
129.949302857143 -10.9728 -3.6576
129.949302857143 -10.9728 3.657599999999999
153.4363200000002 -10.9728 -3.6576
153.4363200000002 -10.9728 3.657599999999999
176.9233371428574 -10.9728 -3.6576
176.9233371428574 -10.9728 3.657599999999999
200.4103542857146 -10.9728 -3.6576
200.4103542857146 -10.9728 3.657599999999999
223.8973714285717 -10.9728 -3.6576
223.8973714285717 -10.9728 3.657599999999999
247.3843885714289 -10.9728 -3.6576
247.3843885714289 -10.9728 3.657599999999999
270.871405714286 -10.9728 -3.6576
270.871405714286 -10.9728 3.657599999999999
294.3584228571431 -10.9728 -3.6576
294.3584228571431 -10.9728 3.657599999999999
317.8454400000002 -10.9728 -3.6576
317.8454400000002 -10.9728 3.657599999999999
341.3324571428574 -10.9728 -3.6576
341.3324571428574 -10.9728 3.657599999999999
364.8194742857145 -10.9728 -3.6576
364.8194742857145 -10.9728 3.657599999999999
388.3064914285716 -10.9728 -3.6576
388.3064914285716 -10.9728 3.657599999999999
411.7935085714287 -10.9728 -3.6576
411.7935085714287 -10.9728 3.657599999999999
435.2805257142859 -10.9728 -3.6576
435.2805257142859 -10.9728 3.657599999999999
458.7675428571431 -10.9728 -3.6576
458.7675428571431 -10.9728 3.657599999999999
482.2545600000003 -10.9728 -3.6576
482.2545600000003 -10.9728 3.657599999999999
505.7415771428574 -10.9728 -3.6576
505.7415771428574 -10.9728 3.657599999999999
529.2285942857145 -10.9728 -3.6576
529.2285942857145 -10.9728 3.657599999999999
552.7156114285716 -10.9728 -3.6576
552.7156114285716 -10.9728 3.657599999999999
576.2026285714288 -10.9728 -3.6576
576.2026285714288 -10.9728 3.657599999999999
599.6896457142859 -10.9728 -3.6576
599.6896457142859 -10.9728 3.657599999999999
623.176662857143 -10.9728 -3.6576
623.176662857143 -10.9728 3.657599999999999
646.6636800000001 -10.9728 -3.6576
646.6636800000001 -10.9728 3.657599999999999
670.1506971428572 -10.9728 -3.6576
670.1506971428572 -10.9728 3.657599999999999
693.6377142857143 -10.9728 -3.6576
693.6377142857143 -10.9728 3.657599999999999
717.1247314285714 -10.9728 -3.6576
717.1247314285714 -10.9728 3.657599999999999
740.6117485714285 -10.9728 -3.6576
740.6117485714285 -10.9728 3.657599999999999
764.0987657142856 -10.9728 -3.6576
764.0987657142856 -10.9728 3.657599999999999
787.5857828571427 -10.9728 -3.6576
787.5857828571427 -10.9728 3.657599999999999
2 17 0 4
1035
1036
1037
1038
811.0728 -3.6576 -3.6576
811.0728 -3.6576 3.657599999999999
811.0728 3.6576 -3.6576
811.0728 3.6576 3.657599999999999
2 18 0 68
1039
1040
1041
1042
1043
1044
1045
1046
1047
1048
1049
1050
1051
1052
1053
1054
1055
1056
1057
1058
1059
1060
1061
1062
1063
1064
1065
1066
1067
1068
1069
1070
1071
1072
1073
1074
1075
1076
1077
1078
1079
1080
1081
1082
1083
1084
1085
1086
1087
1088
1089
1090
1091
1092
1093
1094
1095
1096
1097
1098
1099
1100
1101
1102
1103
1104
1105
1106
787.5857828571428 10.9728 -3.6576
787.5857828571428 10.9728 3.657599999999999
764.0987657142857 10.9728 -3.6576
764.0987657142857 10.9728 3.657599999999999
740.6117485714285 10.9728 -3.6576
740.6117485714285 10.9728 3.657599999999999
717.1247314285714 10.9728 -3.6576
717.1247314285714 10.9728 3.657599999999999
693.6377142857142 10.9728 -3.6576
693.6377142857142 10.9728 3.657599999999999
670.1506971428571 10.9728 -3.6576
670.1506971428571 10.9728 3.657599999999999
646.6636799999999 10.9728 -3.6576
646.6636799999999 10.9728 3.657599999999999
623.1766628571427 10.9728 -3.6576
623.1766628571427 10.9728 3.657599999999999
599.6896457142855 10.9728 -3.6576
599.6896457142855 10.9728 3.657599999999999
576.2026285714282 10.9728 -3.6576
576.2026285714282 10.9728 3.657599999999999
552.7156114285712 10.9728 -3.6576
552.7156114285712 10.9728 3.657599999999999
529.2285942857141 10.9728 -3.6576
529.2285942857141 10.9728 3.657599999999999
505.7415771428569 10.9728 -3.6576
505.7415771428569 10.9728 3.657599999999999
482.2545599999998 10.9728 -3.6576
482.2545599999998 10.9728 3.657599999999999
458.7675428571426 10.9728 -3.6576
458.7675428571426 10.9728 3.657599999999999
435.2805257142855 10.9728 -3.6576
435.2805257142855 10.9728 3.657599999999999
411.7935085714284 10.9728 -3.6576
411.7935085714284 10.9728 3.657599999999999
388.3064914285713 10.9728 -3.6576
388.3064914285713 10.9728 3.657599999999999
364.8194742857141 10.9728 -3.6576
364.8194742857141 10.9728 3.657599999999999
341.3324571428569 10.9728 -3.6576
341.3324571428569 10.9728 3.657599999999999
317.8454399999997 10.9728 -3.6576
317.8454399999997 10.9728 3.657599999999999
294.3584228571426 10.9728 -3.6576
294.3584228571426 10.9728 3.657599999999999
270.8714057142855 10.9728 -3.6576
270.8714057142855 10.9728 3.657599999999999
247.3843885714284 10.9728 -3.6576
247.3843885714284 10.9728 3.657599999999999
223.8973714285712 10.9728 -3.6576
223.8973714285712 10.9728 3.657599999999999
200.4103542857141 10.9728 -3.6576
200.4103542857141 10.9728 3.657599999999999
176.923337142857 10.9728 -3.6576
176.923337142857 10.9728 3.657599999999999
153.4363199999999 10.9728 -3.6576
153.4363199999999 10.9728 3.657599999999999
129.9493028571428 10.9728 -3.6576
129.9493028571428 10.9728 3.657599999999999
106.4622857142857 10.9728 -3.6576
106.4622857142857 10.9728 3.657599999999999
82.97526857142861 10.9728 -3.6576
82.97526857142861 10.9728 3.657599999999999
59.48825142857152 10.9728 -3.6576
59.48825142857152 10.9728 3.657599999999999
36.00123428571442 10.9728 -3.6576
36.00123428571442 10.9728 3.657599999999999
12.51421714285732 10.9728 -3.6576
12.51421714285732 10.9728 3.657599999999999
2 19 0 4
1107
1108
1109
1110
-10.9728 3.6576 -3.6576
-10.9728 3.6576 3.657599999999999
-10.9728 -3.6576 -3.6576
-10.9728 -3.6576 3.657599999999999
2 20 0 598
1111
1112
1113
1114
1115
1116
1117
1118
1119
1120
1121
1122
1123
1124
1125
1126
1127
1128
1129
1130
1131
1132
1133
1134
1135
1136
1137
1138
1139
1140
1141
1142
1143
1144
1145
1146
1147
1148
1149
1150
1151
1152
1153
1154
1155
1156
1157
1158
1159
1160
1161
1162
1163
1164
1165
1166
1167
1168
1169
1170
1171
1172
1173
1174
1175
1176
1177
1178
1179
1180
1181
1182
1183
1184
1185
1186
1187
1188
1189
1190
1191
1192
1193
1194
1195
1196
1197
1198
1199
1200
1201
1202
1203
1204
1205
1206
1207
1208
1209
1210
1211
1212
1213
1214
1215
1216
1217
1218
1219
1220
1221
1222
1223
1224
1225
1226
1227
1228
1229
1230
1231
1232
1233
1234
1235
1236
1237
1238
1239
1240
1241
1242
1243
1244
1245
1246
1247
1248
1249
1250
1251
1252
1253
1254
1255
1256
1257
1258
1259
1260
1261
1262
1263
1264
1265
1266
1267
1268
1269
1270
1271
1272
1273
1274
1275
1276
1277
1278
1279
1280
1281
1282
1283
1284
1285
1286
1287
1288
1289
1290
1291
1292
1293
1294
1295
1296
1297
1298
1299
1300
1301
1302
1303
1304
1305
1306
1307
1308
1309
1310
1311
1312
1313
1314
1315
1316
1317
1318
1319
1320
1321
1322
1323
1324
1325
1326
1327
1328
1329
1330
1331
1332
1333
1334
1335
1336
1337
1338
1339
1340
1341
1342
1343
1344
1345
1346
1347
1348
1349
1350
1351
1352
1353
1354
1355
1356
1357
1358
1359
1360
1361
1362
1363
1364
1365
1366
1367
1368
1369
1370
1371
1372
1373
1374
1375
1376
1377
1378
1379
1380
1381
1382
1383
1384
1385
1386
1387
1388
1389
1390
1391
1392
1393
1394
1395
1396
1397
1398
1399
1400
1401
1402
1403
1404
1405
1406
1407
1408
1409
1410
1411
1412
1413
1414
1415
1416
1417
1418
1419
1420
1421
1422
1423
1424
1425
1426
1427
1428
1429
1430
1431
1432
1433
1434
1435
1436
1437
1438
1439
1440
1441
1442
1443
1444
1445
1446
1447
1448
1449
1450
1451
1452
1453
1454
1455
1456
1457
1458
1459
1460
1461
1462
1463
1464
1465
1466
1467
1468
1469
1470
1471
1472
1473
1474
1475
1476
1477
1478
1479
1480
1481
1482
1483
1484
1485
1486
1487
1488
1489
1490
1491
1492
1493
1494
1495
1496
1497
1498
1499
1500
1501
1502
1503
1504
1505
1506
1507
1508
1509
1510
1511
1512
1513
1514
1515
1516
1517
1518
1519
1520
1521
1522
1523
1524
1525
1526
1527
1528
1529
1530
1531
1532
1533
1534
1535
1536
1537
1538
1539
1540
1541
1542
1543
1544
1545
1546
1547
1548
1549
1550
1551
1552
1553
1554
1555
1556
1557
1558
1559
1560
1561
1562
1563
1564
1565
1566
1567
1568
1569
1570
1571
1572
1573
1574
1575
1576
1577
1578
1579
1580
1581
1582
1583
1584
1585
1586
1587
1588
1589
1590
1591
1592
1593
1594
1595
1596
1597
1598
1599
1600
1601
1602
1603
1604
1605
1606
1607
1608
1609
1610
1611
1612
1613
1614
1615
1616
1617
1618
1619
1620
1621
1622
1623
1624
1625
1626
1627
1628
1629
1630
1631
1632
1633
1634
1635
1636
1637
1638
1639
1640
1641
1642
1643
1644
1645
1646
1647
1648
1649
1650
1651
1652
1653
1654
1655
1656
1657
1658
1659
1660
1661
1662
1663
1664
1665
1666
1667
1668
1669
1670
1671
1672
1673
1674
1675
1676
1677
1678
1679
1680
1681
1682
1683
1684
1685
1686
1687
1688
1689
1690
1691
1692
1693
1694
1695
1696
1697
1698
1699
1700
1701
1702
1703
1704
1705
1706
1707
1708
788.0598714716234 35.3743632806107 10.9728
38.81544779989434 -34.3265871439724 10.9728
59.89194691425115 34.57963640154754 10.9728
740.4313098505196 -34.32465066411433 10.9728
484.2457714164659 -40.07219431545133 10.9728
318.6891867067529 31.77143950021966 10.9728
247.7151494897325 -39.17996708898657 10.9728
576.8995596447805 34.9474353406552 10.9728
1504.85691254353 8.713983557721754 10.9728
825.8278982411921 14.77553861947612 10.9728
-701.6218381056727 -7.125462907234156 10.9728
-28.47694512129925 -12.86554211502087 10.9728
-233.7216870732506 664.9115704337891 10.9728
1321.228847864402 -500.4932456438711 10.9728
-537.7384772692093 546.086227127083 10.9728
-346.223431593727 -672.4885488520385 10.9728
1301.111547876522 516.9634289415708 10.9728
663.20632053577 713.5720936630838 10.9728
668.9347090906836 -714.2547760888999 10.9728
596.1180668217057 -33.38797754339664 10.9728
-3.36308410307845 -704.7032641832745 10.9728
396.8209884738619 -709.4046833306086 10.9728
138.7630820943677 705.214691505601 10.9728
202.486255493436 27.44818180950065 10.9728
460.3116983493935 36.22294493439546 10.9728
346.6535723176152 -35.00153156869889 10.9728
697.673962882071 38.00267989247035 10.9728
132.092906134216 -32.83674267167135 10.9728
786.1099868174772 -31.58204120138694 10.9728
13.18467342279172 31.89347334945982 10.9728
-653.1496135834101 -305.0718691241518 10.9728
648.3807965767554 35.29110159143566 10.9728
527.140221226555 36.03100869893846 10.9728
528.5856921884346 -30.54240556848772 10.9728
270.7033226078849 33.38876260504937 10.9728
391.1610256759831 -29.98008511253051 10.9728
410.9275670587763 39.19499735853056 10.9728
646.1978352206005 -37.85719454886778 10.9728
160.1076354866142 38.65051948442755 10.9728
925.5115662878917 -694.3922485135218 10.9728
907.2644193338019 708.9061298494109 10.9728
1477.670095799021 -231.4217684226602 10.9728
1474.270473820324 274.5928680434585 10.9728
-660.8593521179924 232.0755584554892 10.9728
1139.029267189023 618.6221405711703 10.9728
86.30618113725501 -32.5811717425116 10.9728
199.2389043792038 -35.63872446056977 10.9728
744.585740950864 26.63588526645698 10.9728
425.3154960102469 -40.09676834541451 10.9728
361.7272699914076 34.47944788933953 10.9728
297.5969823201293 -36.1052136949087 10.9728
693.7208426830064 -34.20386514168103 10.9728
106.5500753847504 35.67065816095179 10.9728
401.8840860096137 713.3312302872073 10.9728
1167.15018616333 -598.1945747026514 10.9728
258.6161250851088 -706.861817298874 10.9728
-496.803072725582 -496.7670113908273 10.9728
-566.8421889845309 466.0716269210738 10.9728
-255.8734241118485 -675.9885778764288 10.9728
1018.556032443799 679.3301008798878 10.9728
1044.857540691169 -658.2176212229314 10.9728
-116.385947972812 691.7711442303186 10.9728
-348.1079599527609 624.1243856670814 10.9728
-716.4710467356068 -233.5043074461574 10.9728
1422.92542942104 -344.7601129639133 10.9728
1497.827014200105 136.9868526166718 10.9728
1404.855307478849 366.8502420954944 10.9728
1501.184651551326 -116.5540615759652 10.9728
-454.4234187916898 329.8026290586345 10.9728
1235.087065748655 -375.4897860945649 10.9728
1376.824571133796 8.66651498349156 10.9728
-128.5101427190707 -554.619519844721 10.9728
-509.7281184338652 -325.8915388683029 10.9728
1183.076383874913 421.8257875239768 10.9728
-329.7769715956629 501.7691447727864 10.9728
235.6467702672667 -548.414704554687 10.9728
910.3292932165341 -565.6943589044862 10.9728
962.8220032965477 581.5233570051294 10.9728
1375.962033985887 233.8828670108745 10.9728
1394.514931812242 -207.2230569355154 10.9728
798.3603724880763 -709.6584695962089 10.9728
789.9865837937824 714.6599595067094 10.9728
532.6808946541948 714.2872289456768 10.9728
533.9949671668526 -712.6309490098243 10.9728
270.9693624773262 709.1599243693122 10.9728
124.7597112302811 -707.5319114193954 10.9728
8.450550893738978 702.2592503321692 10.9728
-704.0448787234096 -138.4493447803115 10.9728
-611.2940076188111 352.5389764447735 10.9728
-581.9331574563671 -399.5386631014791 10.9728
-132.1046394104771 -690.5696505665596 10.9728
-458.7000991004943 579.8117075812698 10.9728
1329.951772928033 -274.3548140311271 10.9728
1373.796969160983 138.4919586670564 10.9728
1070.249288609583 512.7730863763063 10.9728
1018.981641965293 -528.2265539442186 10.9728
-217.7306423220872 537.9194081680946 10.9728
-407.0200866686645 -595.3446353238079 10.9728
-694.8049850427216 115.9501212369069 10.9728
657.7512303353527 585.6913385020353 10.9728
670.3720422169129 -584.0498727505378 10.9728
280.6015579228353 576.7666674201071 10.9728
1256.137067520986 -152.2724905608695 10.9728
1235.343143840923 147.849265738039 10.9728
985.6314424468989 -415.1067899495769 10.9728
980.2645793186398 427.9485688717554 10.9728
-99.37745667132617 448.5436565175494 10.9728
-7.293860828259255 -574.3793226699756 10.9728
391.8502126832352 -569.0753453226297 10.9728
-553.7241707378417 5.937522083079165 10.9728
-531.6363912629909 189.0738264234356 10.9728
-539.3393795645977 -183.03800777768 10.9728
891.5631069989895 625.7210043663933 10.9728
793.5756838557514 -581.5902021859594 10.9728
108.0850870991506 -577.636350120623 10.9728
-450.6572453478639 470.9390328069346 10.9728
532.651966673794 585.8868575329006 10.9728
-106.2320369049572 562.1974488977264 10.9728
9.892190320752661 567.977955591358 10.9728
-280.6263168477366 -518.8856658588293 10.9728
-399.2395126120781 -373.7558886616134 10.9728
1127.641263194963 -465.1449041563966 10.9728
1385.046048490364 -118.6206450832984 10.9728
1274.948871737054 295.1526814929957 10.9728
1166.412092016515 -272.0646049833704 10.9728
1258.00987456161 2.639045721375968 10.9728
1101.106741731649 347.1238579227648 10.9728
2.734139064993485 451.8777192073527 10.9728
-441.0715897669033 -26.25822765528753 10.9728
-108.2634298045485 -435.9552817678009 10.9728
647.9857858047139 469.1599100097142 10.9728
259.1688584113768 -429.1968384761583 10.9728
1102.402948839816 -186.0967064536561 10.9728
1133.503126256725 94.65417744190229 10.9728
963.2042066319574 315.4535683958335 10.9728
-382.6927998080882 241.9025780936854 10.9728
-373.1939195529818 -215.5511777595248 10.9728
787.787667837862 -464.6121573267735 10.9728
-298.583315543064 -337.7703298327373 10.9728
90.65402739567821 -468.4622357731267 10.9728
1166.287955058709 285.8279346958546 10.9728
534.5816958466847 -577.1957313376749 10.9728
1077.4610174929 -355.9991886260171 10.9728
406.0704427321927 582.4332619818724 10.9728
147.6506759868672 545.4004369358624 10.9728
-202.4214909190937 426.0509668847023 10.9728
888.5796049092952 -448.5869028818485 10.9728
-599.3157111998711 104.8722294766057 10.9728
830.0859368107724 431.7906554345179 10.9728
893.0050118190702 503.4519289793187 10.9728
287.1325992936324 460.669406499166 10.9728
-3.652683079609972 357.0095890321364 10.9728
803.5839807916175 348.7395034676411 10.9728
-296.7371053108066 -167.0935553428223 10.9728
537.6957822453112 467.6566897220252 10.9728
1144.102380612767 -98.71517722865917 10.9728
96.81239586441473 428.9296305016452 10.9728
-391.6174378389757 140.1151453564825 10.9728
542.8236548612676 -433.3058996275162 10.9728
677.1397327539205 -462.8726811665452 10.9728
380.0486623242152 -427.568018565679 10.9728
-91.09964596634182 352.5556880942437 10.9728
-215.6350888514376 -375.3640982925361 10.9728
-313.423359094108 389.9287268343965 10.9728
-5.618003729302586 -459.769169433986 10.9728
950.0940455677024 -321.0074665704958 10.9728
1049.975506715613 275.5200470962808 10.9728
1024.404634208141 -273.8646886200894 10.9728
880.3242602075118 335.8662840088032 10.9728
1082.410980655631 162.6419883366947 10.9728
-441.9471107108324 -96.3163881062317 10.9728
1154.115897732947 0.9599013585466427 10.9728
797.4344300280762 578.3349475936496 10.9728
892.0728839432981 396.4265117293887 10.9728
1133.198910799857 223.8731198838234 10.9728
160.1960472229821 -466.8225097216702 10.9728
-317.4520273790474 181.7232202922366 10.9728
417.6067538679443 -345.5416981728836 10.9728
171.0836096723744 -399.148150695934 10.9728
548.3952740220191 366.9122821078569 10.9728
608.4379824223413 -341.9360814299785 10.9728
1053.002145837153 -116.5967049745228 10.9728
4.882527280961597 -360.7260625777668 10.9728
-3.706543861119599 277.1500745772712 10.9728
863.8790509814382 262.3202232447561 10.9728
867.7245289837994 -348.7792954225012 10.9728
1059.109698692342 75.12226089588745 10.9728
-138.3691766766359 -320.7510731824145 10.9728
127.9313366206169 328.6702719212362 10.9728
980.9308804493377 -228.3214229182972 10.9728
410.5039608582441 442.4615933101705 10.9728
-183.2344040340745 332.7089206498719 10.9728
-3.176066375686901 29.73355358408267 10.9728
-351.3214791029203 -28.27612426437254 10.9728
1012.567739457625 208.0672709522447 10.9728
991.5439216476121 -176.507478621355 10.9728
74.66763634406203 345.8892790647218 10.9728
937.753298928192 240.9215736066675 10.9728
781.3487546940185 -362.9540824926177 10.9728
-239.9780304879437 222.9930975524373 10.9728
354.2941081058464 -321.1392033980162 10.9728
-370.7478476610107 -108.9975794764841 10.9728
-15.29621494635597 46.99649913775997 10.9728
358.3533617937833 346.4136676054562 10.9728
791.5627139912231 270.9572738408294 10.9728
774.8880025016325 -278.5845219346313 10.9728
345.7886480014355 -267.5164388381446 10.9728
847.4984474091996 198.7810658159826 10.9728
-79.91778832257256 272.2057631808865 10.9728
638.612739051596 368.2718372793494 10.9728
1070.898967984614 3.081750054984196 10.9728
909.8898150892653 179.5140429683345 10.9728
-337.8120316255644 60.90517737750655 10.9728
256.2839078072153 -359.8484013783336 10.9728
464.1036734999776 348.4039242137761 10.9728
-26.79337794180822 23.10042050371866 10.9728
-287.7679755439431 -112.4618275195794 10.9728
1042.400754409886 125.9526346416844 10.9728
-77.77789502151154 -340.3112787461913 10.9728
-210.2924468456042 -214.9430851695121 10.9728
67.116877443161 274.1629332093516 10.9728
89.65715623448551 -376.7933769329948 10.9728
409.9054619163896 322.3497850023413 10.9728
-280.891082630136 297.0559382020372 10.9728
-194.9961529379988 151.0875521073346 10.9728
691.2583340442652 -361.8562107205801 10.9728
998.0744592129629 -112.986325955685 10.9728
922.6459404964991 -245.4545645693272 10.9728
801.9677555508692 -29.89234993518497 10.9728
411.772337889621 -271.1180479808432 10.9728
132.8962112501494 273.8500197332949 10.9728
334.477378947005 275.0713796668609 10.9728
98.27753239516704 -291.515859349223 10.9728
-37.62189648991239 52.52754767588065 10.9728
556.1334713990625 282.5825657812176 10.9728
1005.767249489001 1.906416709643328 10.9728
785.8434018557336 204.807382819189 10.9728
905.6644447349953 -166.7776184096584 10.9728
881.2933043868834 130.4881940415566 10.9728
-68.09696492772537 204.1555330557812 10.9728
11.41130398803665 55.04305370707127 10.9728
-51.02212303776525 -246.4357562128525 10.9728
-29.93768879657415 4.259394609799865 10.9728
190.7818144480535 -306.2221419532672 10.9728
1004.137806164413 -54.57311303806714 10.9728
-130.6964565169686 188.8984830638319 10.9728
989.2778654631195 68.65140285533001 10.9728
67.34716474448101 209.9245763746717 10.9728
278.9652996590875 364.1695481440995 10.9728
482.7203060859023 273.9301990703997 10.9728
702.2847339652726 -280.3589484856483 10.9728
667.9946129362497 217.9319024317843 10.9728
848.9338525975737 -265.6994979936104 10.9728
935.4080362857229 -101.1341969190063 10.9728
-253.0059157968584 -193.2267786627473 10.9728
308.4304065475775 -342.3328434861797 10.9728
-268.672278052069 119.4755106711968 10.9728
-421.063872975437 42.17792927917445 10.9728
977.0592159053112 138.2280577033162 10.9728
-158.6430574239812 253.6631676780491 10.9728
-49.20840033292126 -21.09615874895686 10.9728
632.2498997462485 -269.4833386526915 10.9728
830.7496058098395 -196.8524896878128 10.9728
807.9183376598429 -43.89242409290689 10.9728
490.4950113667699 207.6575910110618 10.9728
340.1485360897478 -205.1904125152568 10.9728
106.3430149625929 -219.0271646421801 10.9728
136.4881429879732 197.8804594121241 10.9728
-192.9615453311496 99.11158629909048 10.9728
-17.24765258385685 78.14806616761305 10.9728
965.5512702747918 -3.000494905077443 10.9728
-207.4957523843198 -126.1533355497526 10.9728
493.8283579358512 -343.0655937549205 10.9728
-55.25673371038567 33.61482640880414 10.9728
268.8227816853056 283.1612740017248 10.9728
939.9314083625449 75.97898591181541 10.9728
-58.76024063924632 149.1037526905401 10.9728
2.80749859254405 198.5347610657351 10.9728
267.8870711852277 -257.596813732512 10.9728
24.28856562356668 -276.9430343179352 10.9728
36.21670990331086 33.7696962607119 10.9728
404.1908245275604 257.5261908260309 10.9728
944.4337441176511 -42.80734763421509 10.9728
827.5279272813506 -27.72547970796077 10.9728
-283.9819233955748 -264.9145426767807 10.9728
920.500411181363 102.7911391230972 10.9728
199.3558851207635 281.2855178738383 10.9728
708.0737242157286 264.9486150595271 10.9728
706.1844366790018 -213.2132368496529 10.9728
781.2449129558324 149.9187837320867 10.9728
630.158719733446 283.8271431165994 10.9728
-137.6014600304602 113.7272952571044 10.9728
182.341022291018 375.0097349826682 10.9728
1067.419977624988 -68.68902487484617 10.9728
-428.1177770328943 194.1813400416874 10.9728
-221.5750491953522 72.61510457602455 10.9728
-135.0644567443461 -246.5520092602207 10.9728
-467.1138904251125 91.19009165540078 10.9728
283.6485454535112 -188.3435998368702 10.9728
399.8875518214315 -208.3567820876883 10.9728
559.6561273336022 201.3017232248366 10.9728
205.627892669463 212.3838209128969 10.9728
646.7089044077786 -205.6452715462678 10.9728
364.4718897791519 201.0759304282846 10.9728
-8.063411091500711 -199.5665082575719 10.9728
8.057803715205921 81.55889741901341 10.9728
-175.9165495606877 43.73004114055225 10.9728
914.6589268939684 -8.184924727164534 10.9728
-24.59012912126587 -32.01730649402182 10.9728
786.6143649429912 -52.44651256993647 10.9728
478.1003456500482 -266.0776557102239 10.9728
-72.47775865401735 65.9822212130963 10.9728
165.461257851111 -219.0025123340196 10.9728
833.6874196358992 -50.35911642060353 10.9728
109.2434927444086 149.0288819477276 10.9728
-14.9538726106581 144.6321794378385 10.9728
-202.8331973258738 -52.16916076894944 10.9728
829.0731015342807 -2.532469392006108 10.9728
434.6648383682643 199.4275883093823 10.9728
-101.19150124023 -190.4572296446396 10.9728
36.05287453777521 58.32319722006317 10.9728
553.0912955438182 -315.4863878966643 10.9728
-53.3821411862645 2.202600317163241 10.9728
732.5660422869796 147.0866228837981 10.9728
728.1702401996642 197.7014188452124 10.9728
624.8748307382556 217.2455443943431 10.9728
767.3810573214369 -210.7815313894005 10.9728
-252.7825767165165 23.22252336028779 10.9728
-212.6792118659655 -271.4121238902179 10.9728
-43.86626205045837 74.42119388701535 10.9728
209.7505331493907 459.0155135389967 10.9728
-169.6709962165202 -185.6939976356697 10.9728
888.5417481558991 71.84153966437856 10.9728
724.3958541066129 360.9021821806834 10.9728
67.47143313093926 159.1358256369606 10.9728
945.0044759499402 22.04854505500888 10.9728
832.3886684312835 144.9359471848735 10.9728
905.6878074668134 -53.58402019637533 10.9728
-158.1334161480301 80.32894115570014 10.9728
-103.6982280796595 137.9162841902425 10.9728
857.8869169433825 -118.4419696165862 10.9728
45.25486604717781 -198.0542740836024 10.9728
-45.75575389374472 -44.54861851656384 10.9728
459.1361385759882 -202.2624754109869 10.9728
491.6378319860922 152.8641996374253 10.9728
709.3036280772619 -158.3857899723202 10.9728
33.26753865721309 -144.987135802083 10.9728
352.9478560480619 143.0521484428702 10.9728
626.9054011932517 157.741205868622 10.9728
337.2467040887152 -152.419021297786 10.9728
137.4776902030873 134.0875833807304 10.9728
843.6607071953081 26.47051221295567 10.9728
-145.6538204992313 -51.99371290158368 10.9728
-33.0770869196096 -111.102559243869 10.9728
100.192722750997 113.8271642560947 10.9728
-72.88237327946337 -30.72672830588078 10.9728
731.6591101184147 104.5446924137541 10.9728
821.0582774001241 100.7601573354204 10.9728
61.225205791608 59.52530796870186 10.9728
-90.10621138143478 22.99255769113432 10.9728
874.8605085345769 -15.66949350664755 10.9728
816.7509337837066 -63.51358936654778 10.9728
264.3890765171491 216.4395776534467 10.9728
592.1842491435767 -185.8117820139176 10.9728
-85.03787891943136 99.28645153745296 10.9728
15.57560689952896 -34.47719597654039 10.9728
688.7268623019409 136.493031629089 10.9728
-136.0844046971604 24.7831691717918 10.9728
112.0404545020538 -164.0105453047875 10.9728
763.6796710718174 -33.3479984682108 10.9728
-18.76697870529978 107.9637037844571 10.9728
553.7594386844426 -246.8921339929701 10.9728
916.558360964816 48.2790076770331 10.9728
-136.3839238371893 -102.0911410651535 10.9728
211.1881089948322 -197.4502637819087 10.9728
3.636573886060489 103.7426799353286 10.9728
854.6805935802752 -21.93014786524236 10.9728
-1.235679873372305 -34.19187528588717 10.9728
-273.7737839004295 -41.96520243334927 10.9728
-111.0359804940666 91.11357650702081 10.9728
33.98575096948741 86.35994386162973 10.9728
812.3274078887596 -144.0792885144144 10.9728
832.2737209466962 -86.87264179692474 10.9728
678.3576363859534 180.6520907441422 10.9728
-193.6014015015429 1.171156147824334 10.9728
890.2645075996027 -82.38470062953095 10.9728
748.6988182783851 457.29792685084 10.9728
155.184322523506 -164.9489481098376 10.9728
291.054941812664 -139.3668801513822 10.9728
166.8158868857983 145.6921440535043 10.9728
17.84214014400294 -59.52537641215689 10.9728
658.0582207034563 -151.6631200489205 10.9728
440.4735505318474 -141.4498378627858 10.9728
695.5968516247769 98.76876625479821 10.9728
47.85541707884238 -104.3601371856034 10.9728
134.9532070730565 107.5592419196233 10.9728
-65.18728355483358 -49.81149279960353 10.9728
445.3036945455389 151.4094088780493 10.9728
790.1508873462492 -75.9427781163598 10.9728
535.9386486801434 145.3920993942774 10.9728
818.0536320670503 35.83277935472613 10.9728
-12.26436116533358 -57.5531282220872 10.9728
762.2990830877725 -56.69498028515834 10.9728
86.15490567062739 58.04651798574977 10.9728
773.9732657039598 97.52034933085545 10.9728
858.7488364390417 -55.32653882994136 10.9728
864.638042045257 44.48814440516467 10.9728
851.0014238143633 3.992476008077236 10.9728
-119.2129984570161 -153.5930646564239 10.9728
512.4706023078629 -185.7423930236617 10.9728
24.37688460700622 124.1095144539429 10.9728
627.0188508305807 103.1403847985358 10.9728
761.4011768944711 -156.7580734032761 10.9728
858.4085487018907 90.87139268096954 10.9728
-102.9857286852277 -42.6767628194272 10.9728
-51.57108887706482 107.3397621478779 10.9728
-80.50105917980153 -4.187524577518798 10.9728
-112.9924205990272 57.85757949765411 10.9728
-11.49976445852457 -152.2746804545905 10.9728
-146.3622853718925 -9.387255161191691 10.9728
798.1596386127496 -105.3218024462898 10.9728
319.0121533233329 212.247450095137 10.9728
62.94649292194958 87.47432672228861 10.9728
64.95800168931191 120.4415876030318 10.9728
262.6910900440506 160.5198942961377 10.9728
610.5141014962917 -138.4701624064326 10.9728
741.4235666020827 -58.94740977344782 10.9728
490.6758886834714 109.9479315987495 10.9728
173.1103778802165 105.3156942808378 10.9728
113.839426803291 -121.1080371102065 10.9728
335.9165301053625 -109.1976277100758 10.9728
21.97781491552155 -85.91140753296943 10.9728
716.0416303739987 -115.2475706089454 10.9728
236.9761472394179 -159.8996061007671 10.9728
43.05947024904538 -58.63378158374319 10.9728
307.4495500947392 159.0323420120488 10.9728
815.9953433130418 65.60564769684846 10.9728
728.7052156643342 70.8626799997062 10.9728
-80.09990293242049 -79.79631750197005 10.9728
83.55480215668638 34.57454678725968 10.9728
525.0701510365942 -134.1868899627928 10.9728
494.021920432697 -141.2521282625221 10.9728
835.1323774812753 41.30845563634082 10.9728
387.1801205019312 -154.182201047268 10.9728
-42.05267454513017 -74.26263740762244 10.9728
758.7917766382175 -114.9945578574366 10.9728
883.997704437518 14.18117889147385 10.9728
93.34100059313641 83.33627994927807 10.9728
759.8389902206143 -82.81037933614689 10.9728
-110.20937479414 -10.2712432683369 10.9728
-72.40509656163118 -130.4617194589229 10.9728
651.3158091865124 119.0810780650575 10.9728
401.9480127649665 148.0501699665057 10.9728
27.19931257098472 -112.5558020363046 10.9728
33.8798493825343 159.8961738042637 10.9728
5.236463007463101 -117.6867127339913 10.9728
213.1824289464096 155.787200311242 10.9728
-112.174674718337 13.06855962071423 10.9728
889.8007476386491 -33.14812802757756 10.9728
152.8907892751742 -122.5993347295457 10.9728
526.7622253136035 104.4470296517447 10.9728
376.5023940500573 -111.0955329754814 10.9728
297.6680029942796 -98.82092280971456 10.9728
327.713004610367 113.5319338996263 10.9728
221.6922706324817 102.5101812698998 10.9728
666.9842147951267 -101.769214115639 10.9728
450.6016055670304 102.7233510832182 10.9728
431.7845793484808 -94.22833372838386 10.9728
489.8734724107782 -103.3784197610797 10.9728
406.8646975982906 105.6485575384155 10.9728
604.7408690234397 115.4966058527947 10.9728
785.4268428295211 62.08592970572105 10.9728
662.8679516203536 87.7517372713573 10.9728
167.6322853302688 69.32345310807658 10.9728
126.3348921863335 70.39593391619727 10.9728
714.4356001675437 -58.10258143690107 10.9728
62.95391732724448 -33.85229684490334 10.9728
105.1930683904015 53.90195282793436 10.9728
222.2532110467261 -105.5084387746975 10.9728
-3.740587265102761 -95.11940431174146 10.9728
399.8760124155237 183.791213092589 10.9728
46.92551843466714 -84.15161199322633 10.9728
301.0867329062203 116.9906496528076 10.9728
843.265925344542 60.15110244168314 10.9728
-59.39679033571127 -180.1737439902914 10.9728
264.4817367156675 116.1459713971285 10.9728
70.24995968049393 -123.2592464025862 10.9728
727.3193875958423 -83.30389327345456 10.9728
618.6916473281916 -98.25349769661304 10.9728
533.0533199729834 -99.76275866140345 10.9728
268.5416640560627 82.91056592810126 10.9728
591.2753879557943 84.94891502388261 10.9728
74.52933244840546 -85.30502649858705 10.9728
489.3832837610342 78.70030978533462 10.9728
298.730920530258 84.13186726613475 10.9728
152.9726904545261 -86.69958987150326 10.9728
626.0751597024721 69.89713931177222 10.9728
371.7400473390641 -78.09410770627829 10.9728
207.3797532440879 59.11417559436047 10.9728
304.8629714224636 -67.31296445787015 10.9728
370.0797016201096 98.63071495276775 10.9728
409.7442773711603 69.59503776940139 10.9728
716.7573054543873 -34.03305630773163 10.9728
131.634155933071 38.05488956422722 10.9728
182.980470654751 37.46282684625648 10.9728
729.1129883200738 39.38533465745773 10.9728
68.77243139789482 -57.94043585478681 10.9728
250.4404340263929 -120.4034128295282 10.9728
587.0268014193523 161.4716028332307 10.9728
695.8228417837327 -77.09660963902785 10.9728
411.5668452511145 -104.3914437104391 10.9728
78.68475921212831 -161.19525199124 10.9728
751.8252228648178 72.0917505583194 10.9728
650.1971981675089 54.35904778296328 10.9728
258.9814661715546 -76.92784027655165 10.9728
504.3193195815794 34.16428007665142 10.9728
334.3672539892785 82.72973077412462 10.9728
401.8351722957011 -75.68629249395215 10.9728
154.5510168238626 -33.8640041272339 10.9728
519.4126390942381 66.48733171314029 10.9728
674.5114651200205 -61.81581302065738 10.9728
624.3378309748391 35.9550838681592 10.9728
438.9925221692109 67.14874365962244 10.9728
245.4285937285862 34.10668309908959 10.9728
338.1212092684037 -69.71613443850536 10.9728
570.7365666523203 -121.3329561229543 10.9728
518.7547212469834 -63.29574063189061 10.9728
223.4465368442788 34.00898640958425 10.9728
482.8263663078001 34.10590925046412 10.9728
177.0539150955716 -34.01192971980645 10.9728
762.5749747799232 31.42993889471018 10.9728
113.0214387224546 -80.94455219459776 10.9728
600.5584282364248 35.02907383632542 10.9728
184.5773070073513 -84.68289072552498 10.9728
94.16374809139546 -54.20111219553342 10.9728
560.6883629971295 95.51529754785605 10.9728
245.8242412852794 79.51722562801949 10.9728
297.1502830181394 56.56354468492471 10.9728
694.1897850236455 -50.80224251071164 10.9728
698.4606591554681 66.84556326061441 10.9728
671.9952644559711 35.95116324608995 10.9728
757.7199415825371 53.37025757073324 10.9728
429.4990988854751 -71.82545128781221 10.9728
487.7793382337913 -70.00371017911976 10.9728
354.1380137549746 57.08203126754554 10.9728
582.8335050825691 -87.77740169251713 10.9728
216.1909317337201 -72.9789128356862 10.9728
109.742282946768 -31.73196487492577 10.9728
670.6428316627491 -35.93449704938264 10.9728
385.2574572126143 37.58182134720837 10.9728
436.2598963737359 38.35168920618472 10.9728
557.8794334888937 -78.3334493477212 10.9728
600.6497432384249 53.5446268505149 10.9728
179.0667617188177 -57.34691043188909 10.9728
196.7033547076257 -126.7838180926067 10.9728
549.554675332826 -156.8079962878537 10.9728
501.9612300928977 51.34821870146526 10.9728
485.6523926758076 55.6679077391375 10.9728
573.3239945449018 131.5691339630074 10.9728
553.9091574878757 64.25166143442198 10.9728
322.2974731094921 53.5039756435481 10.9728
243.7045904100151 59.00831241859092 10.9728
295.2918647811298 32.94565876879796 10.9728
154.231180348569 -58.31689120685534 10.9728
113.0628960921455 -47.18627289457677 10.9728
263.0031145027499 -34.17388354643826 10.9728
326.2196643677245 -41.26969719873257 10.9728
669.7829262193927 60.85086832507299 10.9728
554.245010722409 -45.45208772466818 10.9728
620.2413353575444 -65.13239304899881 10.9728
379.4481236423482 65.73571620828164 10.9728
223.1055140264377 -39.19819263868061 10.9728
510.0097184234185 -36.07153564693007 10.9728
457.4832903441104 -70.90769110384046 10.9728
581.8214759350524 59.14705614413865 10.9728
340.1618960653691 31.94105139904276 10.9728
577.3589788578654 -28.75928375776385 10.9728
552.2815709895302 36.57402040923893 10.9728
197.0801190746009 -54.32638273012056 10.9728
129.862137381246 -54.54879218560027 10.9728
352.6984233523166 -51.9684745949398 10.9728
186.7202512414148 -163.7158628202866 10.9728
270.4855476816538 57.51707488906631 10.9728
396.3178773424632 -50.57107723992089 10.9728
282.1456130576369 -53.49699077444352 10.9728
310.202875092539 -47.2342185387103 10.9728
338.7646008358673 48.19947650448386 10.9728
463.8577228832591 61.04098797420748 10.9728
368.6359581343117 -31.94507710248311 10.9728
621.182615414878 -36.89041317043225 10.9728
457.3564383903661 -40.7500553799795 10.9728
644.9573933182876 -67.53476983593499 10.9728
453.3472379595299 -103.0381929358344 10.9728
371.1844201643565 -53.00527672437394 10.9728
408.5071434153095 -26.19630716976054 10.9728
590.1936914053288 -58.60186399535842 10.9728
286.6582661773192 -26.42974226952081 10.9728
469.1935804136519 79.80488925295565 10.9728
3 1 0 1196
1709
1710
1711
1712
1713
1714
1715
1716
1717
1718
1719
1720
1721
1722
1723
1724
1725
1726
1727
1728
1729
1730
1731
1732
1733
1734
1735
1736
1737
1738
1739
1740
1741
1742
1743
1744
1745
1746
1747
1748
1749
1750
1751
1752
1753
1754
1755
1756
1757
1758
1759
1760
1761
1762
1763
1764
1765
1766
1767
1768
1769
1770
1771
1772
1773
1774
1775
1776
1777
1778
1779
1780
1781
1782
1783
1784
1785
1786
1787
1788
1789
1790
1791
1792
1793
1794
1795
1796
1797
1798
1799
1800
1801
1802
1803
1804
1805
1806
1807
1808
1809
1810
1811
1812
1813
1814
1815
1816
1817
1818
1819
1820
1821
1822
1823
1824
1825
1826
1827
1828
1829
1830
1831
1832
1833
1834
1835
1836
1837
1838
1839
1840
1841
1842
1843
1844
1845
1846
1847
1848
1849
1850
1851
1852
1853
1854
1855
1856
1857
1858
1859
1860
1861
1862
1863
1864
1865
1866
1867
1868
1869
1870
1871
1872
1873
1874
1875
1876
1877
1878
1879
1880
1881
1882
1883
1884
1885
1886
1887
1888
1889
1890
1891
1892
1893
1894
1895
1896
1897
1898
1899
1900
1901
1902
1903
1904
1905
1906
1907
1908
1909
1910
1911
1912
1913
1914
1915
1916
1917
1918
1919
1920
1921
1922
1923
1924
1925
1926
1927
1928
1929
1930
1931
1932
1933
1934
1935
1936
1937
1938
1939
1940
1941
1942
1943
1944
1945
1946
1947
1948
1949
1950
1951
1952
1953
1954
1955
1956
1957
1958
1959
1960
1961
1962
1963
1964
1965
1966
1967
1968
1969
1970
1971
1972
1973
1974
1975
1976
1977
1978
1979
1980
1981
1982
1983
1984
1985
1986
1987
1988
1989
1990
1991
1992
1993
1994
1995
1996
1997
1998
1999
2000
2001
2002
2003
2004
2005
2006
2007
2008
2009
2010
2011
2012
2013
2014
2015
2016
2017
2018
2019
2020
2021
2022
2023
2024
2025
2026
2027
2028
2029
2030
2031
2032
2033
2034
2035
2036
2037
2038
2039
2040
2041
2042
2043
2044
2045
2046
2047
2048
2049
2050
2051
2052
2053
2054
2055
2056
2057
2058
2059
2060
2061
2062
2063
2064
2065
2066
2067
2068
2069
2070
2071
2072
2073
2074
2075
2076
2077
2078
2079
2080
2081
2082
2083
2084
2085
2086
2087
2088
2089
2090
2091
2092
2093
2094
2095
2096
2097
2098
2099
2100
2101
2102
2103
2104
2105
2106
2107
2108
2109
2110
2111
2112
2113
2114
2115
2116
2117
2118
2119
2120
2121
2122
2123
2124
2125
2126
2127
2128
2129
2130
2131
2132
2133
2134
2135
2136
2137
2138
2139
2140
2141
2142
2143
2144
2145
2146
2147
2148
2149
2150
2151
2152
2153
2154
2155
2156
2157
2158
2159
2160
2161
2162
2163
2164
2165
2166
2167
2168
2169
2170
2171
2172
2173
2174
2175
2176
2177
2178
2179
2180
2181
2182
2183
2184
2185
2186
2187
2188
2189
2190
2191
2192
2193
2194
2195
2196
2197
2198
2199
2200
2201
2202
2203
2204
2205
2206
2207
2208
2209
2210
2211
2212
2213
2214
2215
2216
2217
2218
2219
2220
2221
2222
2223
2224
2225
2226
2227
2228
2229
2230
2231
2232
2233
2234
2235
2236
2237
2238
2239
2240
2241
2242
2243
2244
2245
2246
2247
2248
2249
2250
2251
2252
2253
2254
2255
2256
2257
2258
2259
2260
2261
2262
2263
2264
2265
2266
2267
2268
2269
2270
2271
2272
2273
2274
2275
2276
2277
2278
2279
2280
2281
2282
2283
2284
2285
2286
2287
2288
2289
2290
2291
2292
2293
2294
2295
2296
2297
2298
2299
2300
2301
2302
2303
2304
2305
2306
2307
2308
2309
2310
2311
2312
2313
2314
2315
2316
2317
2318
2319
2320
2321
2322
2323
2324
2325
2326
2327
2328
2329
2330
2331
2332
2333
2334
2335
2336
2337
2338
2339
2340
2341
2342
2343
2344
2345
2346
2347
2348
2349
2350
2351
2352
2353
2354
2355
2356
2357
2358
2359
2360
2361
2362
2363
2364
2365
2366
2367
2368
2369
2370
2371
2372
2373
2374
2375
2376
2377
2378
2379
2380
2381
2382
2383
2384
2385
2386
2387
2388
2389
2390
2391
2392
2393
2394
2395
2396
2397
2398
2399
2400
2401
2402
2403
2404
2405
2406
2407
2408
2409
2410
2411
2412
2413
2414
2415
2416
2417
2418
2419
2420
2421
2422
2423
2424
2425
2426
2427
2428
2429
2430
2431
2432
2433
2434
2435
2436
2437
2438
2439
2440
2441
2442
2443
2444
2445
2446
2447
2448
2449
2450
2451
2452
2453
2454
2455
2456
2457
2458
2459
2460
2461
2462
2463
2464
2465
2466
2467
2468
2469
2470
2471
2472
2473
2474
2475
2476
2477
2478
2479
2480
2481
2482
2483
2484
2485
2486
2487
2488
2489
2490
2491
2492
2493
2494
2495
2496
2497
2498
2499
2500
2501
2502
2503
2504
2505
2506
2507
2508
2509
2510
2511
2512
2513
2514
2515
2516
2517
2518
2519
2520
2521
2522
2523
2524
2525
2526
2527
2528
2529
2530
2531
2532
2533
2534
2535
2536
2537
2538
2539
2540
2541
2542
2543
2544
2545
2546
2547
2548
2549
2550
2551
2552
2553
2554
2555
2556
2557
2558
2559
2560
2561
2562
2563
2564
2565
2566
2567
2568
2569
2570
2571
2572
2573
2574
2575
2576
2577
2578
2579
2580
2581
2582
2583
2584
2585
2586
2587
2588
2589
2590
2591
2592
2593
2594
2595
2596
2597
2598
2599
2600
2601
2602
2603
2604
2605
2606
2607
2608
2609
2610
2611
2612
2613
2614
2615
2616
2617
2618
2619
2620
2621
2622
2623
2624
2625
2626
2627
2628
2629
2630
2631
2632
2633
2634
2635
2636
2637
2638
2639
2640
2641
2642
2643
2644
2645
2646
2647
2648
2649
2650
2651
2652
2653
2654
2655
2656
2657
2658
2659
2660
2661
2662
2663
2664
2665
2666
2667
2668
2669
2670
2671
2672
2673
2674
2675
2676
2677
2678
2679
2680
2681
2682
2683
2684
2685
2686
2687
2688
2689
2690
2691
2692
2693
2694
2695
2696
2697
2698
2699
2700
2701
2702
2703
2704
2705
2706
2707
2708
2709
2710
2711
2712
2713
2714
2715
2716
2717
2718
2719
2720
2721
2722
2723
2724
2725
2726
2727
2728
2729
2730
2731
2732
2733
2734
2735
2736
2737
2738
2739
2740
2741
2742
2743
2744
2745
2746
2747
2748
2749
2750
2751
2752
2753
2754
2755
2756
2757
2758
2759
2760
2761
2762
2763
2764
2765
2766
2767
2768
2769
2770
2771
2772
2773
2774
2775
2776
2777
2778
2779
2780
2781
2782
2783
2784
2785
2786
2787
2788
2789
2790
2791
2792
2793
2794
2795
2796
2797
2798
2799
2800
2801
2802
2803
2804
2805
2806
2807
2808
2809
2810
2811
2812
2813
2814
2815
2816
2817
2818
2819
2820
2821
2822
2823
2824
2825
2826
2827
2828
2829
2830
2831
2832
2833
2834
2835
2836
2837
2838
2839
2840
2841
2842
2843
2844
2845
2846
2847
2848
2849
2850
2851
2852
2853
2854
2855
2856
2857
2858
2859
2860
2861
2862
2863
2864
2865
2866
2867
2868
2869
2870
2871
2872
2873
2874
2875
2876
2877
2878
2879
2880
2881
2882
2883
2884
2885
2886
2887
2888
2889
2890
2891
2892
2893
2894
2895
2896
2897
2898
2899
2900
2901
2902
2903
2904
788.0598714716234 35.3743632806107 -3.6576
788.0598714716234 35.3743632806107 3.657599999999999
38.81544779989434 -34.3265871439724 -3.6576
38.81544779989434 -34.3265871439724 3.657599999999999
59.89194691425115 34.57963640154754 -3.6576
59.89194691425115 34.57963640154754 3.657599999999999
740.4313098505196 -34.32465066411433 -3.6576
740.4313098505196 -34.32465066411433 3.657599999999999
484.2457714164659 -40.07219431545133 -3.6576
484.2457714164659 -40.07219431545133 3.657599999999999
318.6891867067529 31.77143950021966 -3.6576
318.6891867067529 31.77143950021966 3.657599999999999
247.7151494897325 -39.17996708898657 -3.6576
247.7151494897325 -39.17996708898657 3.657599999999999
576.8995596447805 34.9474353406552 -3.6576
576.8995596447805 34.9474353406552 3.657599999999999
1504.85691254353 8.713983557721754 -3.6576
1504.85691254353 8.713983557721754 3.657599999999999
825.8278982411921 14.77553861947612 -3.6576
825.8278982411921 14.77553861947612 3.657599999999999
-701.6218381056727 -7.125462907234156 -3.6576
-701.6218381056727 -7.125462907234156 3.657599999999999
-28.47694512129925 -12.86554211502087 -3.6576
-28.47694512129925 -12.86554211502087 3.657599999999999
-233.7216870732506 664.9115704337891 -3.6576
-233.7216870732506 664.9115704337891 3.657599999999999
1321.228847864402 -500.4932456438711 -3.6576
1321.228847864402 -500.4932456438711 3.657599999999999
-537.7384772692093 546.086227127083 -3.6576
-537.7384772692093 546.086227127083 3.657599999999999
-346.223431593727 -672.4885488520385 -3.6576
-346.223431593727 -672.4885488520385 3.657599999999999
1301.111547876522 516.9634289415708 -3.6576
1301.111547876522 516.9634289415708 3.657599999999999
663.20632053577 713.5720936630838 -3.6576
663.20632053577 713.5720936630838 3.657599999999999
668.9347090906836 -714.2547760888999 -3.6576
668.9347090906836 -714.2547760888999 3.657599999999999
596.1180668217057 -33.38797754339664 -3.6576
596.1180668217057 -33.38797754339664 3.657599999999999
-3.36308410307845 -704.7032641832745 -3.6576
-3.36308410307845 -704.7032641832745 3.657599999999999
396.8209884738619 -709.4046833306086 -3.6576
396.8209884738619 -709.4046833306086 3.657599999999999
138.7630820943677 705.214691505601 -3.6576
138.7630820943677 705.214691505601 3.657599999999999
202.486255493436 27.44818180950065 -3.6576
202.486255493436 27.44818180950065 3.657599999999999
460.3116983493935 36.22294493439546 -3.6576
460.3116983493935 36.22294493439546 3.657599999999999
346.6535723176152 -35.00153156869889 -3.6576
346.6535723176152 -35.00153156869889 3.657599999999999
697.673962882071 38.00267989247035 -3.6576
697.673962882071 38.00267989247035 3.657599999999999
132.092906134216 -32.83674267167135 -3.6576
132.092906134216 -32.83674267167135 3.657599999999999
786.1099868174772 -31.58204120138694 -3.6576
786.1099868174772 -31.58204120138694 3.657599999999999
13.18467342279172 31.89347334945982 -3.6576
13.18467342279172 31.89347334945982 3.657599999999999
-653.1496135834101 -305.0718691241518 -3.6576
-653.1496135834101 -305.0718691241518 3.657599999999999
648.3807965767554 35.29110159143566 -3.6576
648.3807965767554 35.29110159143566 3.657599999999999
527.140221226555 36.03100869893846 -3.6576
527.140221226555 36.03100869893846 3.657599999999999
528.5856921884346 -30.54240556848772 -3.6576
528.5856921884346 -30.54240556848772 3.657599999999999
270.7033226078849 33.38876260504937 -3.6576
270.7033226078849 33.38876260504937 3.657599999999999
391.1610256759831 -29.98008511253051 -3.6576
391.1610256759831 -29.98008511253051 3.657599999999999
410.9275670587763 39.19499735853056 -3.6576
410.9275670587763 39.19499735853056 3.657599999999999
646.1978352206005 -37.85719454886778 -3.6576
646.1978352206005 -37.85719454886778 3.657599999999999
160.1076354866142 38.65051948442755 -3.6576
160.1076354866142 38.65051948442755 3.657599999999999
925.5115662878917 -694.3922485135218 -3.6576
925.5115662878917 -694.3922485135218 3.657599999999999
907.2644193338019 708.9061298494109 -3.6576
907.2644193338019 708.9061298494109 3.657599999999999
1477.670095799021 -231.4217684226602 -3.6576
1477.670095799021 -231.4217684226602 3.657599999999999
1474.270473820324 274.5928680434585 -3.6576
1474.270473820324 274.5928680434585 3.657599999999999
-660.8593521179924 232.0755584554892 -3.6576
-660.8593521179924 232.0755584554892 3.657599999999999
1139.029267189023 618.6221405711703 -3.6576
1139.029267189023 618.6221405711703 3.657599999999999
86.30618113725501 -32.5811717425116 -3.6576
86.30618113725501 -32.5811717425116 3.657599999999999
199.2389043792038 -35.63872446056977 -3.6576
199.2389043792038 -35.63872446056977 3.657599999999999
744.585740950864 26.63588526645698 -3.6576
744.585740950864 26.63588526645698 3.657599999999999
425.3154960102469 -40.09676834541451 -3.6576
425.3154960102469 -40.09676834541451 3.657599999999999
361.7272699914076 34.47944788933953 -3.6576
361.7272699914076 34.47944788933953 3.657599999999999
297.5969823201293 -36.1052136949087 -3.6576
297.5969823201293 -36.1052136949087 3.657599999999999
693.7208426830064 -34.20386514168103 -3.6576
693.7208426830064 -34.20386514168103 3.657599999999999
106.5500753847504 35.67065816095179 -3.6576
106.5500753847504 35.67065816095179 3.657599999999999
401.8840860096137 713.3312302872073 -3.6576
401.8840860096137 713.3312302872073 3.657599999999999
1167.15018616333 -598.1945747026514 -3.6576
1167.15018616333 -598.1945747026514 3.657599999999999
258.6161250851088 -706.861817298874 -3.6576
258.6161250851088 -706.861817298874 3.657599999999999
-496.803072725582 -496.7670113908273 -3.6576
-496.803072725582 -496.7670113908273 3.657599999999999
-566.8421889845309 466.0716269210738 -3.6576
-566.8421889845309 466.0716269210738 3.657599999999999
-255.8734241118485 -675.9885778764288 -3.6576
-255.8734241118485 -675.9885778764288 3.657599999999999
1018.556032443799 679.3301008798878 -3.6576
1018.556032443799 679.3301008798878 3.657599999999999
1044.857540691169 -658.2176212229314 -3.6576
1044.857540691169 -658.2176212229314 3.657599999999999
-116.385947972812 691.7711442303186 -3.6576
-116.385947972812 691.7711442303186 3.657599999999999
-348.1079599527609 624.1243856670814 -3.6576
-348.1079599527609 624.1243856670814 3.657599999999999
-716.4710467356068 -233.5043074461574 -3.6576
-716.4710467356068 -233.5043074461574 3.657599999999999
1422.92542942104 -344.7601129639133 -3.6576
1422.92542942104 -344.7601129639133 3.657599999999999
1497.827014200105 136.9868526166718 -3.6576
1497.827014200105 136.9868526166718 3.657599999999999
1404.855307478849 366.8502420954944 -3.6576
1404.855307478849 366.8502420954944 3.657599999999999
1501.184651551326 -116.5540615759652 -3.6576
1501.184651551326 -116.5540615759652 3.657599999999999
-454.4234187916898 329.8026290586345 -3.6576
-454.4234187916898 329.8026290586345 3.657599999999999
1235.087065748655 -375.4897860945649 -3.6576
1235.087065748655 -375.4897860945649 3.657599999999999
1376.824571133796 8.66651498349156 -3.6576
1376.824571133796 8.66651498349156 3.657599999999999
-128.5101427190707 -554.619519844721 -3.6576
-128.5101427190707 -554.619519844721 3.657599999999999
-509.7281184338652 -325.8915388683029 -3.6576
-509.7281184338652 -325.8915388683029 3.657599999999999
1183.076383874913 421.8257875239768 -3.6576
1183.076383874913 421.8257875239768 3.657599999999999
-329.7769715956629 501.7691447727864 -3.6576
-329.7769715956629 501.7691447727864 3.657599999999999
235.6467702672667 -548.414704554687 -3.6576
235.6467702672667 -548.414704554687 3.657599999999999
910.3292932165341 -565.6943589044862 -3.6576
910.3292932165341 -565.6943589044862 3.657599999999999
962.8220032965477 581.5233570051294 -3.6576
962.8220032965477 581.5233570051294 3.657599999999999
1375.962033985887 233.8828670108745 -3.6576
1375.962033985887 233.8828670108745 3.657599999999999
1394.514931812242 -207.2230569355154 -3.6576
1394.514931812242 -207.2230569355154 3.657599999999999
798.3603724880763 -709.6584695962089 -3.6576
798.3603724880763 -709.6584695962089 3.657599999999999
789.9865837937824 714.6599595067094 -3.6576
789.9865837937824 714.6599595067094 3.657599999999999
532.6808946541948 714.2872289456768 -3.6576
532.6808946541948 714.2872289456768 3.657599999999999
533.9949671668526 -712.6309490098243 -3.6576
533.9949671668526 -712.6309490098243 3.657599999999999
270.9693624773262 709.1599243693122 -3.6576
270.9693624773262 709.1599243693122 3.657599999999999
124.7597112302811 -707.5319114193954 -3.6576
124.7597112302811 -707.5319114193954 3.657599999999999
8.450550893738978 702.2592503321692 -3.6576
8.450550893738978 702.2592503321692 3.657599999999999
-704.0448787234096 -138.4493447803115 -3.6576
-704.0448787234096 -138.4493447803115 3.657599999999999
-611.2940076188111 352.5389764447735 -3.6576
-611.2940076188111 352.5389764447735 3.657599999999999
-581.9331574563671 -399.5386631014791 -3.6576
-581.9331574563671 -399.5386631014791 3.657599999999999
-132.1046394104771 -690.5696505665596 -3.6576
-132.1046394104771 -690.5696505665596 3.657599999999999
-458.7000991004943 579.8117075812698 -3.6576
-458.7000991004943 579.8117075812698 3.657599999999999
1329.951772928033 -274.3548140311271 -3.6576
1329.951772928033 -274.3548140311271 3.657599999999999
1373.796969160983 138.4919586670564 -3.6576
1373.796969160983 138.4919586670564 3.657599999999999
1070.249288609583 512.7730863763063 -3.6576
1070.249288609583 512.7730863763063 3.657599999999999
1018.981641965293 -528.2265539442186 -3.6576
1018.981641965293 -528.2265539442186 3.657599999999999
-217.7306423220872 537.9194081680946 -3.6576
-217.7306423220872 537.9194081680946 3.657599999999999
-407.0200866686645 -595.3446353238079 -3.6576
-407.0200866686645 -595.3446353238079 3.657599999999999
-694.8049850427216 115.9501212369069 -3.6576
-694.8049850427216 115.9501212369069 3.657599999999999
657.7512303353527 585.6913385020353 -3.6576
657.7512303353527 585.6913385020353 3.657599999999999
670.3720422169129 -584.0498727505378 -3.6576
670.3720422169129 -584.0498727505378 3.657599999999999
280.6015579228353 576.7666674201071 -3.6576
280.6015579228353 576.7666674201071 3.657599999999999
1256.137067520986 -152.2724905608695 -3.6576
1256.137067520986 -152.2724905608695 3.657599999999999
1235.343143840923 147.849265738039 -3.6576
1235.343143840923 147.849265738039 3.657599999999999
985.6314424468989 -415.1067899495769 -3.6576
985.6314424468989 -415.1067899495769 3.657599999999999
980.2645793186398 427.9485688717554 -3.6576
980.2645793186398 427.9485688717554 3.657599999999999
-99.37745667132617 448.5436565175494 -3.6576
-99.37745667132617 448.5436565175494 3.657599999999999
-7.293860828259255 -574.3793226699756 -3.6576
-7.293860828259255 -574.3793226699756 3.657599999999999
391.8502126832352 -569.0753453226297 -3.6576
391.8502126832352 -569.0753453226297 3.657599999999999
-553.7241707378417 5.937522083079165 -3.6576
-553.7241707378417 5.937522083079165 3.657599999999999
-531.6363912629909 189.0738264234356 -3.6576
-531.6363912629909 189.0738264234356 3.657599999999999
-539.3393795645977 -183.03800777768 -3.6576
-539.3393795645977 -183.03800777768 3.657599999999999
891.5631069989895 625.7210043663933 -3.6576
891.5631069989895 625.7210043663933 3.657599999999999
793.5756838557514 -581.5902021859594 -3.6576
793.5756838557514 -581.5902021859594 3.657599999999999
108.0850870991506 -577.636350120623 -3.6576
108.0850870991506 -577.636350120623 3.657599999999999
-450.6572453478639 470.9390328069346 -3.6576
-450.6572453478639 470.9390328069346 3.657599999999999
532.651966673794 585.8868575329006 -3.6576
532.651966673794 585.8868575329006 3.657599999999999
-106.2320369049572 562.1974488977264 -3.6576
-106.2320369049572 562.1974488977264 3.657599999999999
9.892190320752661 567.977955591358 -3.6576
9.892190320752661 567.977955591358 3.657599999999999
-280.6263168477366 -518.8856658588293 -3.6576
-280.6263168477366 -518.8856658588293 3.657599999999999
-399.2395126120781 -373.7558886616134 -3.6576
-399.2395126120781 -373.7558886616134 3.657599999999999
1127.641263194963 -465.1449041563966 -3.6576
1127.641263194963 -465.1449041563966 3.657599999999999
1385.046048490364 -118.6206450832984 -3.6576
1385.046048490364 -118.6206450832984 3.657599999999999
1274.948871737054 295.1526814929957 -3.6576
1274.948871737054 295.1526814929957 3.657599999999999
1166.412092016515 -272.0646049833704 -3.6576
1166.412092016515 -272.0646049833704 3.657599999999999
1258.00987456161 2.639045721375968 -3.6576
1258.00987456161 2.639045721375968 3.657599999999999
1101.106741731649 347.1238579227648 -3.6576
1101.106741731649 347.1238579227648 3.657599999999999
2.734139064993485 451.8777192073527 -3.6576
2.734139064993485 451.8777192073527 3.657599999999999
-441.0715897669033 -26.25822765528753 -3.6576
-441.0715897669033 -26.25822765528753 3.657599999999999
-108.2634298045485 -435.9552817678009 -3.6576
-108.2634298045485 -435.9552817678009 3.657599999999999
647.9857858047139 469.1599100097142 -3.6576
647.9857858047139 469.1599100097142 3.657599999999999
259.1688584113768 -429.1968384761583 -3.6576
259.1688584113768 -429.1968384761583 3.657599999999999
1102.402948839816 -186.0967064536561 -3.6576
1102.402948839816 -186.0967064536561 3.657599999999999
1133.503126256725 94.65417744190229 -3.6576
1133.503126256725 94.65417744190229 3.657599999999999
963.2042066319574 315.4535683958335 -3.6576
963.2042066319574 315.4535683958335 3.657599999999999
-382.6927998080882 241.9025780936854 -3.6576
-382.6927998080882 241.9025780936854 3.657599999999999
-373.1939195529818 -215.5511777595248 -3.6576
-373.1939195529818 -215.5511777595248 3.657599999999999
787.787667837862 -464.6121573267735 -3.6576
787.787667837862 -464.6121573267735 3.657599999999999
-298.583315543064 -337.7703298327373 -3.6576
-298.583315543064 -337.7703298327373 3.657599999999999
90.65402739567821 -468.4622357731267 -3.6576
90.65402739567821 -468.4622357731267 3.657599999999999
1166.287955058709 285.8279346958546 -3.6576
1166.287955058709 285.8279346958546 3.657599999999999
534.5816958466847 -577.1957313376749 -3.6576
534.5816958466847 -577.1957313376749 3.657599999999999
1077.4610174929 -355.9991886260171 -3.6576
1077.4610174929 -355.9991886260171 3.657599999999999
406.0704427321927 582.4332619818724 -3.6576
406.0704427321927 582.4332619818724 3.657599999999999
147.6506759868672 545.4004369358624 -3.6576
147.6506759868672 545.4004369358624 3.657599999999999
-202.4214909190937 426.0509668847023 -3.6576
-202.4214909190937 426.0509668847023 3.657599999999999
888.5796049092952 -448.5869028818485 -3.6576
888.5796049092952 -448.5869028818485 3.657599999999999
-599.3157111998711 104.8722294766057 -3.6576
-599.3157111998711 104.8722294766057 3.657599999999999
830.0859368107724 431.7906554345179 -3.6576
830.0859368107724 431.7906554345179 3.657599999999999
893.0050118190702 503.4519289793187 -3.6576
893.0050118190702 503.4519289793187 3.657599999999999
287.1325992936324 460.669406499166 -3.6576
287.1325992936324 460.669406499166 3.657599999999999
-3.652683079609972 357.0095890321364 -3.6576
-3.652683079609972 357.0095890321364 3.657599999999999
803.5839807916175 348.7395034676411 -3.6576
803.5839807916175 348.7395034676411 3.657599999999999
-296.7371053108066 -167.0935553428223 -3.6576
-296.7371053108066 -167.0935553428223 3.657599999999999
537.6957822453112 467.6566897220252 -3.6576
537.6957822453112 467.6566897220252 3.657599999999999
1144.102380612767 -98.71517722865917 -3.6576
1144.102380612767 -98.71517722865917 3.657599999999999
96.81239586441473 428.9296305016452 -3.6576
96.81239586441473 428.9296305016452 3.657599999999999
-391.6174378389757 140.1151453564825 -3.6576
-391.6174378389757 140.1151453564825 3.657599999999999
542.8236548612676 -433.3058996275162 -3.6576
542.8236548612676 -433.3058996275162 3.657599999999999
677.1397327539205 -462.8726811665452 -3.6576
677.1397327539205 -462.8726811665452 3.657599999999999
380.0486623242152 -427.568018565679 -3.6576
380.0486623242152 -427.568018565679 3.657599999999999
-91.09964596634182 352.5556880942437 -3.6576
-91.09964596634182 352.5556880942437 3.657599999999999
-215.6350888514376 -375.3640982925361 -3.6576
-215.6350888514376 -375.3640982925361 3.657599999999999
-313.423359094108 389.9287268343965 -3.6576
-313.423359094108 389.9287268343965 3.657599999999999
-5.618003729302586 -459.769169433986 -3.6576
-5.618003729302586 -459.769169433986 3.657599999999999
950.0940455677024 -321.0074665704958 -3.6576
950.0940455677024 -321.0074665704958 3.657599999999999
1049.975506715613 275.5200470962808 -3.6576
1049.975506715613 275.5200470962808 3.657599999999999
1024.404634208141 -273.8646886200894 -3.6576
1024.404634208141 -273.8646886200894 3.657599999999999
880.3242602075118 335.8662840088032 -3.6576
880.3242602075118 335.8662840088032 3.657599999999999
1082.410980655631 162.6419883366947 -3.6576
1082.410980655631 162.6419883366947 3.657599999999999
-441.9471107108324 -96.3163881062317 -3.6576
-441.9471107108324 -96.3163881062317 3.657599999999999
1154.115897732947 0.9599013585466427 -3.6576
1154.115897732947 0.9599013585466427 3.657599999999999
797.4344300280762 578.3349475936496 -3.6576
797.4344300280762 578.3349475936496 3.657599999999999
892.0728839432981 396.4265117293887 -3.6576
892.0728839432981 396.4265117293887 3.657599999999999
1133.198910799857 223.8731198838234 -3.6576
1133.198910799857 223.8731198838234 3.657599999999999
160.1960472229821 -466.8225097216702 -3.6576
160.1960472229821 -466.8225097216702 3.657599999999999
-317.4520273790474 181.7232202922366 -3.6576
-317.4520273790474 181.7232202922366 3.657599999999999
417.6067538679443 -345.5416981728836 -3.6576
417.6067538679443 -345.5416981728836 3.657599999999999
171.0836096723744 -399.148150695934 -3.6576
171.0836096723744 -399.148150695934 3.657599999999999
548.3952740220191 366.9122821078569 -3.6576
548.3952740220191 366.9122821078569 3.657599999999999
608.4379824223413 -341.9360814299785 -3.6576
608.4379824223413 -341.9360814299785 3.657599999999999
1053.002145837153 -116.5967049745228 -3.6576
1053.002145837153 -116.5967049745228 3.657599999999999
4.882527280961597 -360.7260625777668 -3.6576
4.882527280961597 -360.7260625777668 3.657599999999999
-3.706543861119599 277.1500745772712 -3.6576
-3.706543861119599 277.1500745772712 3.657599999999999
863.8790509814382 262.3202232447561 -3.6576
863.8790509814382 262.3202232447561 3.657599999999999
867.7245289837994 -348.7792954225012 -3.6576
867.7245289837994 -348.7792954225012 3.657599999999999
1059.109698692342 75.12226089588745 -3.6576
1059.109698692342 75.12226089588745 3.657599999999999
-138.3691766766359 -320.7510731824145 -3.6576
-138.3691766766359 -320.7510731824145 3.657599999999999
127.9313366206169 328.6702719212362 -3.6576
127.9313366206169 328.6702719212362 3.657599999999999
980.9308804493377 -228.3214229182972 -3.6576
980.9308804493377 -228.3214229182972 3.657599999999999
410.5039608582441 442.4615933101705 -3.6576
410.5039608582441 442.4615933101705 3.657599999999999
-183.2344040340745 332.7089206498719 -3.6576
-183.2344040340745 332.7089206498719 3.657599999999999
-3.176066375686901 29.73355358408267 -3.6576
-3.176066375686901 29.73355358408267 3.657599999999999
-351.3214791029203 -28.27612426437254 -3.6576
-351.3214791029203 -28.27612426437254 3.657599999999999
1012.567739457625 208.0672709522447 -3.6576
1012.567739457625 208.0672709522447 3.657599999999999
991.5439216476121 -176.507478621355 -3.6576
991.5439216476121 -176.507478621355 3.657599999999999
74.66763634406203 345.8892790647218 -3.6576
74.66763634406203 345.8892790647218 3.657599999999999
937.753298928192 240.9215736066675 -3.6576
937.753298928192 240.9215736066675 3.657599999999999
781.3487546940185 -362.9540824926177 -3.6576
781.3487546940185 -362.9540824926177 3.657599999999999
-239.9780304879437 222.9930975524373 -3.6576
-239.9780304879437 222.9930975524373 3.657599999999999
354.2941081058464 -321.1392033980162 -3.6576
354.2941081058464 -321.1392033980162 3.657599999999999
-370.7478476610107 -108.9975794764841 -3.6576
-370.7478476610107 -108.9975794764841 3.657599999999999
-15.29621494635597 46.99649913775997 -3.6576
-15.29621494635597 46.99649913775997 3.657599999999999
358.3533617937833 346.4136676054562 -3.6576
358.3533617937833 346.4136676054562 3.657599999999999
791.5627139912231 270.9572738408294 -3.6576
791.5627139912231 270.9572738408294 3.657599999999999
774.8880025016325 -278.5845219346313 -3.6576
774.8880025016325 -278.5845219346313 3.657599999999999
345.7886480014355 -267.5164388381446 -3.6576
345.7886480014355 -267.5164388381446 3.657599999999999
847.4984474091996 198.7810658159826 -3.6576
847.4984474091996 198.7810658159826 3.657599999999999
-79.91778832257256 272.2057631808865 -3.6576
-79.91778832257256 272.2057631808865 3.657599999999999
638.612739051596 368.2718372793494 -3.6576
638.612739051596 368.2718372793494 3.657599999999999
1070.898967984614 3.081750054984196 -3.6576
1070.898967984614 3.081750054984196 3.657599999999999
909.8898150892653 179.5140429683345 -3.6576
909.8898150892653 179.5140429683345 3.657599999999999
-337.8120316255644 60.90517737750655 -3.6576
-337.8120316255644 60.90517737750655 3.657599999999999
256.2839078072153 -359.8484013783336 -3.6576
256.2839078072153 -359.8484013783336 3.657599999999999
464.1036734999776 348.4039242137761 -3.6576
464.1036734999776 348.4039242137761 3.657599999999999
-26.79337794180822 23.10042050371866 -3.6576
-26.79337794180822 23.10042050371866 3.657599999999999
-287.7679755439431 -112.4618275195794 -3.6576
-287.7679755439431 -112.4618275195794 3.657599999999999
1042.400754409886 125.9526346416844 -3.6576
1042.400754409886 125.9526346416844 3.657599999999999
-77.77789502151154 -340.3112787461913 -3.6576
-77.77789502151154 -340.3112787461913 3.657599999999999
-210.2924468456042 -214.9430851695121 -3.6576
-210.2924468456042 -214.9430851695121 3.657599999999999
67.116877443161 274.1629332093516 -3.6576
67.116877443161 274.1629332093516 3.657599999999999
89.65715623448551 -376.7933769329948 -3.6576
89.65715623448551 -376.7933769329948 3.657599999999999
409.9054619163896 322.3497850023413 -3.6576
409.9054619163896 322.3497850023413 3.657599999999999
-280.891082630136 297.0559382020372 -3.6576
-280.891082630136 297.0559382020372 3.657599999999999
-194.9961529379988 151.0875521073346 -3.6576
-194.9961529379988 151.0875521073346 3.657599999999999
691.2583340442652 -361.8562107205801 -3.6576
691.2583340442652 -361.8562107205801 3.657599999999999
998.0744592129629 -112.986325955685 -3.6576
998.0744592129629 -112.986325955685 3.657599999999999
922.6459404964991 -245.4545645693272 -3.6576
922.6459404964991 -245.4545645693272 3.657599999999999
801.9677555508692 -29.89234993518497 -3.6576
801.9677555508692 -29.89234993518497 3.657599999999999
411.772337889621 -271.1180479808432 -3.6576
411.772337889621 -271.1180479808432 3.657599999999999
132.8962112501494 273.8500197332949 -3.6576
132.8962112501494 273.8500197332949 3.657599999999999
334.477378947005 275.0713796668609 -3.6576
334.477378947005 275.0713796668609 3.657599999999999
98.27753239516704 -291.515859349223 -3.6576
98.27753239516704 -291.515859349223 3.657599999999999
-37.62189648991239 52.52754767588065 -3.6576
-37.62189648991239 52.52754767588065 3.657599999999999
556.1334713990625 282.5825657812176 -3.6576
556.1334713990625 282.5825657812176 3.657599999999999
1005.767249489001 1.906416709643328 -3.6576
1005.767249489001 1.906416709643328 3.657599999999999
785.8434018557336 204.807382819189 -3.6576
785.8434018557336 204.807382819189 3.657599999999999
905.6644447349953 -166.7776184096584 -3.6576
905.6644447349953 -166.7776184096584 3.657599999999999
881.2933043868834 130.4881940415566 -3.6576
881.2933043868834 130.4881940415566 3.657599999999999
-68.09696492772537 204.1555330557812 -3.6576
-68.09696492772537 204.1555330557812 3.657599999999999
11.41130398803665 55.04305370707127 -3.6576
11.41130398803665 55.04305370707127 3.657599999999999
-51.02212303776525 -246.4357562128525 -3.6576
-51.02212303776525 -246.4357562128525 3.657599999999999
-29.93768879657415 4.259394609799865 -3.6576
-29.93768879657415 4.259394609799865 3.657599999999999
190.7818144480535 -306.2221419532672 -3.6576
190.7818144480535 -306.2221419532672 3.657599999999999
1004.137806164413 -54.57311303806714 -3.6576
1004.137806164413 -54.57311303806714 3.657599999999999
-130.6964565169686 188.8984830638319 -3.6576
-130.6964565169686 188.8984830638319 3.657599999999999
989.2778654631195 68.65140285533001 -3.6576
989.2778654631195 68.65140285533001 3.657599999999999
67.34716474448101 209.9245763746717 -3.6576
67.34716474448101 209.9245763746717 3.657599999999999
278.9652996590875 364.1695481440995 -3.6576
278.9652996590875 364.1695481440995 3.657599999999999
482.7203060859023 273.9301990703997 -3.6576
482.7203060859023 273.9301990703997 3.657599999999999
702.2847339652726 -280.3589484856483 -3.6576
702.2847339652726 -280.3589484856483 3.657599999999999
667.9946129362497 217.9319024317843 -3.6576
667.9946129362497 217.9319024317843 3.657599999999999
848.9338525975737 -265.6994979936104 -3.6576
848.9338525975737 -265.6994979936104 3.657599999999999
935.4080362857229 -101.1341969190063 -3.6576
935.4080362857229 -101.1341969190063 3.657599999999999
-253.0059157968584 -193.2267786627473 -3.6576
-253.0059157968584 -193.2267786627473 3.657599999999999
308.4304065475775 -342.3328434861797 -3.6576
308.4304065475775 -342.3328434861797 3.657599999999999
-268.672278052069 119.4755106711968 -3.6576
-268.672278052069 119.4755106711968 3.657599999999999
-421.063872975437 42.17792927917445 -3.6576
-421.063872975437 42.17792927917445 3.657599999999999
977.0592159053112 138.2280577033162 -3.6576
977.0592159053112 138.2280577033162 3.657599999999999
-158.6430574239812 253.6631676780491 -3.6576
-158.6430574239812 253.6631676780491 3.657599999999999
-49.20840033292126 -21.09615874895686 -3.6576
-49.20840033292126 -21.09615874895686 3.657599999999999
632.2498997462485 -269.4833386526915 -3.6576
632.2498997462485 -269.4833386526915 3.657599999999999
830.7496058098395 -196.8524896878128 -3.6576
830.7496058098395 -196.8524896878128 3.657599999999999
807.9183376598429 -43.89242409290689 -3.6576
807.9183376598429 -43.89242409290689 3.657599999999999
490.4950113667699 207.6575910110618 -3.6576
490.4950113667699 207.6575910110618 3.657599999999999
340.1485360897478 -205.1904125152568 -3.6576
340.1485360897478 -205.1904125152568 3.657599999999999
106.3430149625929 -219.0271646421801 -3.6576
106.3430149625929 -219.0271646421801 3.657599999999999
136.4881429879732 197.8804594121241 -3.6576
136.4881429879732 197.8804594121241 3.657599999999999
-192.9615453311496 99.11158629909048 -3.6576
-192.9615453311496 99.11158629909048 3.657599999999999
-17.24765258385685 78.14806616761305 -3.6576
-17.24765258385685 78.14806616761305 3.657599999999999
965.5512702747918 -3.000494905077443 -3.6576
965.5512702747918 -3.000494905077443 3.657599999999999
-207.4957523843198 -126.1533355497526 -3.6576
-207.4957523843198 -126.1533355497526 3.657599999999999
493.8283579358512 -343.0655937549205 -3.6576
493.8283579358512 -343.0655937549205 3.657599999999999
-55.25673371038567 33.61482640880414 -3.6576
-55.25673371038567 33.61482640880414 3.657599999999999
268.8227816853056 283.1612740017248 -3.6576
268.8227816853056 283.1612740017248 3.657599999999999
939.9314083625449 75.97898591181541 -3.6576
939.9314083625449 75.97898591181541 3.657599999999999
-58.76024063924632 149.1037526905401 -3.6576
-58.76024063924632 149.1037526905401 3.657599999999999
2.80749859254405 198.5347610657351 -3.6576
2.80749859254405 198.5347610657351 3.657599999999999
267.8870711852277 -257.596813732512 -3.6576
267.8870711852277 -257.596813732512 3.657599999999999
24.28856562356668 -276.9430343179352 -3.6576
24.28856562356668 -276.9430343179352 3.657599999999999
36.21670990331086 33.7696962607119 -3.6576
36.21670990331086 33.7696962607119 3.657599999999999
404.1908245275604 257.5261908260309 -3.6576
404.1908245275604 257.5261908260309 3.657599999999999
944.4337441176511 -42.80734763421509 -3.6576
944.4337441176511 -42.80734763421509 3.657599999999999
827.5279272813506 -27.72547970796077 -3.6576
827.5279272813506 -27.72547970796077 3.657599999999999
-283.9819233955748 -264.9145426767807 -3.6576
-283.9819233955748 -264.9145426767807 3.657599999999999
920.500411181363 102.7911391230972 -3.6576
920.500411181363 102.7911391230972 3.657599999999999
199.3558851207635 281.2855178738383 -3.6576
199.3558851207635 281.2855178738383 3.657599999999999
708.0737242157286 264.9486150595271 -3.6576
708.0737242157286 264.9486150595271 3.657599999999999
706.1844366790018 -213.2132368496529 -3.6576
706.1844366790018 -213.2132368496529 3.657599999999999
781.2449129558324 149.9187837320867 -3.6576
781.2449129558324 149.9187837320867 3.657599999999999
630.158719733446 283.8271431165994 -3.6576
630.158719733446 283.8271431165994 3.657599999999999
-137.6014600304602 113.7272952571044 -3.6576
-137.6014600304602 113.7272952571044 3.657599999999999
182.341022291018 375.0097349826682 -3.6576
182.341022291018 375.0097349826682 3.657599999999999
1067.419977624988 -68.68902487484617 -3.6576
1067.419977624988 -68.68902487484617 3.657599999999999
-428.1177770328943 194.1813400416874 -3.6576
-428.1177770328943 194.1813400416874 3.657599999999999
-221.5750491953522 72.61510457602455 -3.6576
-221.5750491953522 72.61510457602455 3.657599999999999
-135.0644567443461 -246.5520092602207 -3.6576
-135.0644567443461 -246.5520092602207 3.657599999999999
-467.1138904251125 91.19009165540078 -3.6576
-467.1138904251125 91.19009165540078 3.657599999999999
283.6485454535112 -188.3435998368702 -3.6576
283.6485454535112 -188.3435998368702 3.657599999999999
399.8875518214315 -208.3567820876883 -3.6576
399.8875518214315 -208.3567820876883 3.657599999999999
559.6561273336022 201.3017232248366 -3.6576
559.6561273336022 201.3017232248366 3.657599999999999
205.627892669463 212.3838209128969 -3.6576
205.627892669463 212.3838209128969 3.657599999999999
646.7089044077786 -205.6452715462678 -3.6576
646.7089044077786 -205.6452715462678 3.657599999999999
364.4718897791519 201.0759304282846 -3.6576
364.4718897791519 201.0759304282846 3.657599999999999
-8.063411091500711 -199.5665082575719 -3.6576
-8.063411091500711 -199.5665082575719 3.657599999999999
8.057803715205921 81.55889741901341 -3.6576
8.057803715205921 81.55889741901341 3.657599999999999
-175.9165495606877 43.73004114055225 -3.6576
-175.9165495606877 43.73004114055225 3.657599999999999
914.6589268939684 -8.184924727164534 -3.6576
914.6589268939684 -8.184924727164534 3.657599999999999
-24.59012912126587 -32.01730649402182 -3.6576
-24.59012912126587 -32.01730649402182 3.657599999999999
786.6143649429912 -52.44651256993647 -3.6576
786.6143649429912 -52.44651256993647 3.657599999999999
478.1003456500482 -266.0776557102239 -3.6576
478.1003456500482 -266.0776557102239 3.657599999999999
-72.47775865401735 65.9822212130963 -3.6576
-72.47775865401735 65.9822212130963 3.657599999999999
165.461257851111 -219.0025123340196 -3.6576
165.461257851111 -219.0025123340196 3.657599999999999
833.6874196358992 -50.35911642060353 -3.6576
833.6874196358992 -50.35911642060353 3.657599999999999
109.2434927444086 149.0288819477276 -3.6576
109.2434927444086 149.0288819477276 3.657599999999999
-14.9538726106581 144.6321794378385 -3.6576
-14.9538726106581 144.6321794378385 3.657599999999999
-202.8331973258738 -52.16916076894944 -3.6576
-202.8331973258738 -52.16916076894944 3.657599999999999
829.0731015342807 -2.532469392006108 -3.6576
829.0731015342807 -2.532469392006108 3.657599999999999
434.6648383682643 199.4275883093823 -3.6576
434.6648383682643 199.4275883093823 3.657599999999999
-101.19150124023 -190.4572296446396 -3.6576
-101.19150124023 -190.4572296446396 3.657599999999999
36.05287453777521 58.32319722006317 -3.6576
36.05287453777521 58.32319722006317 3.657599999999999
553.0912955438182 -315.4863878966643 -3.6576
553.0912955438182 -315.4863878966643 3.657599999999999
-53.3821411862645 2.202600317163241 -3.6576
-53.3821411862645 2.202600317163241 3.657599999999999
732.5660422869796 147.0866228837981 -3.6576
732.5660422869796 147.0866228837981 3.657599999999999
728.1702401996642 197.7014188452124 -3.6576
728.1702401996642 197.7014188452124 3.657599999999999
624.8748307382556 217.2455443943431 -3.6576
624.8748307382556 217.2455443943431 3.657599999999999
767.3810573214369 -210.7815313894005 -3.6576
767.3810573214369 -210.7815313894005 3.657599999999999
-252.7825767165165 23.22252336028779 -3.6576
-252.7825767165165 23.22252336028779 3.657599999999999
-212.6792118659655 -271.4121238902179 -3.6576
-212.6792118659655 -271.4121238902179 3.657599999999999
-43.86626205045837 74.42119388701535 -3.6576
-43.86626205045837 74.42119388701535 3.657599999999999
209.7505331493907 459.0155135389967 -3.6576
209.7505331493907 459.0155135389967 3.657599999999999
-169.6709962165202 -185.6939976356697 -3.6576
-169.6709962165202 -185.6939976356697 3.657599999999999
888.5417481558991 71.84153966437856 -3.6576
888.5417481558991 71.84153966437856 3.657599999999999
724.3958541066129 360.9021821806834 -3.6576
724.3958541066129 360.9021821806834 3.657599999999999
67.47143313093926 159.1358256369606 -3.6576
67.47143313093926 159.1358256369606 3.657599999999999
945.0044759499402 22.04854505500888 -3.6576
945.0044759499402 22.04854505500888 3.657599999999999
832.3886684312835 144.9359471848735 -3.6576
832.3886684312835 144.9359471848735 3.657599999999999
905.6878074668134 -53.58402019637533 -3.6576
905.6878074668134 -53.58402019637533 3.657599999999999
-158.1334161480301 80.32894115570014 -3.6576
-158.1334161480301 80.32894115570014 3.657599999999999
-103.6982280796595 137.9162841902425 -3.6576
-103.6982280796595 137.9162841902425 3.657599999999999
857.8869169433825 -118.4419696165862 -3.6576
857.8869169433825 -118.4419696165862 3.657599999999999
45.25486604717781 -198.0542740836024 -3.6576
45.25486604717781 -198.0542740836024 3.657599999999999
-45.75575389374472 -44.54861851656384 -3.6576
-45.75575389374472 -44.54861851656384 3.657599999999999
459.1361385759882 -202.2624754109869 -3.6576
459.1361385759882 -202.2624754109869 3.657599999999999
491.6378319860922 152.8641996374253 -3.6576
491.6378319860922 152.8641996374253 3.657599999999999
709.3036280772619 -158.3857899723202 -3.6576
709.3036280772619 -158.3857899723202 3.657599999999999
33.26753865721309 -144.987135802083 -3.6576
33.26753865721309 -144.987135802083 3.657599999999999
352.9478560480619 143.0521484428702 -3.6576
352.9478560480619 143.0521484428702 3.657599999999999
626.9054011932517 157.741205868622 -3.6576
626.9054011932517 157.741205868622 3.657599999999999
337.2467040887152 -152.419021297786 -3.6576
337.2467040887152 -152.419021297786 3.657599999999999
137.4776902030873 134.0875833807304 -3.6576
137.4776902030873 134.0875833807304 3.657599999999999
843.6607071953081 26.47051221295567 -3.6576
843.6607071953081 26.47051221295567 3.657599999999999
-145.6538204992313 -51.99371290158368 -3.6576
-145.6538204992313 -51.99371290158368 3.657599999999999
-33.0770869196096 -111.102559243869 -3.6576
-33.0770869196096 -111.102559243869 3.657599999999999
100.192722750997 113.8271642560947 -3.6576
100.192722750997 113.8271642560947 3.657599999999999
-72.88237327946337 -30.72672830588078 -3.6576
-72.88237327946337 -30.72672830588078 3.657599999999999
731.6591101184147 104.5446924137541 -3.6576
731.6591101184147 104.5446924137541 3.657599999999999
821.0582774001241 100.7601573354204 -3.6576
821.0582774001241 100.7601573354204 3.657599999999999
61.225205791608 59.52530796870186 -3.6576
61.225205791608 59.52530796870186 3.657599999999999
-90.10621138143478 22.99255769113432 -3.6576
-90.10621138143478 22.99255769113432 3.657599999999999
874.8605085345769 -15.66949350664755 -3.6576
874.8605085345769 -15.66949350664755 3.657599999999999
816.7509337837066 -63.51358936654778 -3.6576
816.7509337837066 -63.51358936654778 3.657599999999999
264.3890765171491 216.4395776534467 -3.6576
264.3890765171491 216.4395776534467 3.657599999999999
592.1842491435767 -185.8117820139176 -3.6576
592.1842491435767 -185.8117820139176 3.657599999999999
-85.03787891943136 99.28645153745296 -3.6576
-85.03787891943136 99.28645153745296 3.657599999999999
15.57560689952896 -34.47719597654039 -3.6576
15.57560689952896 -34.47719597654039 3.657599999999999
688.7268623019409 136.493031629089 -3.6576
688.7268623019409 136.493031629089 3.657599999999999
-136.0844046971604 24.7831691717918 -3.6576
-136.0844046971604 24.7831691717918 3.657599999999999
112.0404545020538 -164.0105453047875 -3.6576
112.0404545020538 -164.0105453047875 3.657599999999999
763.6796710718174 -33.3479984682108 -3.6576
763.6796710718174 -33.3479984682108 3.657599999999999
-18.76697870529978 107.9637037844571 -3.6576
-18.76697870529978 107.9637037844571 3.657599999999999
553.7594386844426 -246.8921339929701 -3.6576
553.7594386844426 -246.8921339929701 3.657599999999999
916.558360964816 48.2790076770331 -3.6576
916.558360964816 48.2790076770331 3.657599999999999
-136.3839238371893 -102.0911410651535 -3.6576
-136.3839238371893 -102.0911410651535 3.657599999999999
211.1881089948322 -197.4502637819087 -3.6576
211.1881089948322 -197.4502637819087 3.657599999999999
3.636573886060489 103.7426799353286 -3.6576
3.636573886060489 103.7426799353286 3.657599999999999
854.6805935802752 -21.93014786524236 -3.6576
854.6805935802752 -21.93014786524236 3.657599999999999
-1.235679873372305 -34.19187528588717 -3.6576
-1.235679873372305 -34.19187528588717 3.657599999999999
-273.7737839004295 -41.96520243334927 -3.6576
-273.7737839004295 -41.96520243334927 3.657599999999999
-111.0359804940666 91.11357650702081 -3.6576
-111.0359804940666 91.11357650702081 3.657599999999999
33.98575096948741 86.35994386162973 -3.6576
33.98575096948741 86.35994386162973 3.657599999999999
812.3274078887596 -144.0792885144144 -3.6576
812.3274078887596 -144.0792885144144 3.657599999999999
832.2737209466962 -86.87264179692474 -3.6576
832.2737209466962 -86.87264179692474 3.657599999999999
678.3576363859534 180.6520907441422 -3.6576
678.3576363859534 180.6520907441422 3.657599999999999
-193.6014015015429 1.171156147824334 -3.6576
-193.6014015015429 1.171156147824334 3.657599999999999
890.2645075996027 -82.38470062953095 -3.6576
890.2645075996027 -82.38470062953095 3.657599999999999
748.6988182783851 457.29792685084 -3.6576
748.6988182783851 457.29792685084 3.657599999999999
155.184322523506 -164.9489481098376 -3.6576
155.184322523506 -164.9489481098376 3.657599999999999
291.054941812664 -139.3668801513822 -3.6576
291.054941812664 -139.3668801513822 3.657599999999999
166.8158868857983 145.6921440535043 -3.6576
166.8158868857983 145.6921440535043 3.657599999999999
17.84214014400294 -59.52537641215689 -3.6576
17.84214014400294 -59.52537641215689 3.657599999999999
658.0582207034563 -151.6631200489205 -3.6576
658.0582207034563 -151.6631200489205 3.657599999999999
440.4735505318474 -141.4498378627858 -3.6576
440.4735505318474 -141.4498378627858 3.657599999999999
695.5968516247769 98.76876625479821 -3.6576
695.5968516247769 98.76876625479821 3.657599999999999
47.85541707884238 -104.3601371856034 -3.6576
47.85541707884238 -104.3601371856034 3.657599999999999
134.9532070730565 107.5592419196233 -3.6576
134.9532070730565 107.5592419196233 3.657599999999999
-65.18728355483358 -49.81149279960353 -3.6576
-65.18728355483358 -49.81149279960353 3.657599999999999
445.3036945455389 151.4094088780493 -3.6576
445.3036945455389 151.4094088780493 3.657599999999999
790.1508873462492 -75.9427781163598 -3.6576
790.1508873462492 -75.9427781163598 3.657599999999999
535.9386486801434 145.3920993942774 -3.6576
535.9386486801434 145.3920993942774 3.657599999999999
818.0536320670503 35.83277935472613 -3.6576
818.0536320670503 35.83277935472613 3.657599999999999
-12.26436116533358 -57.5531282220872 -3.6576
-12.26436116533358 -57.5531282220872 3.657599999999999
762.2990830877725 -56.69498028515834 -3.6576
762.2990830877725 -56.69498028515834 3.657599999999999
86.15490567062739 58.04651798574977 -3.6576
86.15490567062739 58.04651798574977 3.657599999999999
773.9732657039598 97.52034933085545 -3.6576
773.9732657039598 97.52034933085545 3.657599999999999
858.7488364390417 -55.32653882994136 -3.6576
858.7488364390417 -55.32653882994136 3.657599999999999
864.638042045257 44.48814440516467 -3.6576
864.638042045257 44.48814440516467 3.657599999999999
851.0014238143633 3.992476008077236 -3.6576
851.0014238143633 3.992476008077236 3.657599999999999
-119.2129984570161 -153.5930646564239 -3.6576
-119.2129984570161 -153.5930646564239 3.657599999999999
512.4706023078629 -185.7423930236617 -3.6576
512.4706023078629 -185.7423930236617 3.657599999999999
24.37688460700622 124.1095144539429 -3.6576
24.37688460700622 124.1095144539429 3.657599999999999
627.0188508305807 103.1403847985358 -3.6576
627.0188508305807 103.1403847985358 3.657599999999999
761.4011768944711 -156.7580734032761 -3.6576
761.4011768944711 -156.7580734032761 3.657599999999999
858.4085487018907 90.87139268096954 -3.6576
858.4085487018907 90.87139268096954 3.657599999999999
-102.9857286852277 -42.6767628194272 -3.6576
-102.9857286852277 -42.6767628194272 3.657599999999999
-51.57108887706482 107.3397621478779 -3.6576
-51.57108887706482 107.3397621478779 3.657599999999999
-80.50105917980153 -4.187524577518798 -3.6576
-80.50105917980153 -4.187524577518798 3.657599999999999
-112.9924205990272 57.85757949765411 -3.6576
-112.9924205990272 57.85757949765411 3.657599999999999
-11.49976445852457 -152.2746804545905 -3.6576
-11.49976445852457 -152.2746804545905 3.657599999999999
-146.3622853718925 -9.387255161191691 -3.6576
-146.3622853718925 -9.387255161191691 3.657599999999999
798.1596386127496 -105.3218024462898 -3.6576
798.1596386127496 -105.3218024462898 3.657599999999999
319.0121533233329 212.247450095137 -3.6576
319.0121533233329 212.247450095137 3.657599999999999
62.94649292194958 87.47432672228861 -3.6576
62.94649292194958 87.47432672228861 3.657599999999999
64.95800168931191 120.4415876030318 -3.6576
64.95800168931191 120.4415876030318 3.657599999999999
262.6910900440506 160.5198942961377 -3.6576
262.6910900440506 160.5198942961377 3.657599999999999
610.5141014962917 -138.4701624064326 -3.6576
610.5141014962917 -138.4701624064326 3.657599999999999
741.4235666020827 -58.94740977344782 -3.6576
741.4235666020827 -58.94740977344782 3.657599999999999
490.6758886834714 109.9479315987495 -3.6576
490.6758886834714 109.9479315987495 3.657599999999999
173.1103778802165 105.3156942808378 -3.6576
173.1103778802165 105.3156942808378 3.657599999999999
113.839426803291 -121.1080371102065 -3.6576
113.839426803291 -121.1080371102065 3.657599999999999
335.9165301053625 -109.1976277100758 -3.6576
335.9165301053625 -109.1976277100758 3.657599999999999
21.97781491552155 -85.91140753296943 -3.6576
21.97781491552155 -85.91140753296943 3.657599999999999
716.0416303739987 -115.2475706089454 -3.6576
716.0416303739987 -115.2475706089454 3.657599999999999
236.9761472394179 -159.8996061007671 -3.6576
236.9761472394179 -159.8996061007671 3.657599999999999
43.05947024904538 -58.63378158374319 -3.6576
43.05947024904538 -58.63378158374319 3.657599999999999
307.4495500947392 159.0323420120488 -3.6576
307.4495500947392 159.0323420120488 3.657599999999999
815.9953433130418 65.60564769684846 -3.6576
815.9953433130418 65.60564769684846 3.657599999999999
728.7052156643342 70.8626799997062 -3.6576
728.7052156643342 70.8626799997062 3.657599999999999
-80.09990293242049 -79.79631750197005 -3.6576
-80.09990293242049 -79.79631750197005 3.657599999999999
83.55480215668638 34.57454678725968 -3.6576
83.55480215668638 34.57454678725968 3.657599999999999
525.0701510365942 -134.1868899627928 -3.6576
525.0701510365942 -134.1868899627928 3.657599999999999
494.021920432697 -141.2521282625221 -3.6576
494.021920432697 -141.2521282625221 3.657599999999999
835.1323774812753 41.30845563634082 -3.6576
835.1323774812753 41.30845563634082 3.657599999999999
387.1801205019312 -154.182201047268 -3.6576
387.1801205019312 -154.182201047268 3.657599999999999
-42.05267454513017 -74.26263740762244 -3.6576
-42.05267454513017 -74.26263740762244 3.657599999999999
758.7917766382175 -114.9945578574366 -3.6576
758.7917766382175 -114.9945578574366 3.657599999999999
883.997704437518 14.18117889147385 -3.6576
883.997704437518 14.18117889147385 3.657599999999999
93.34100059313641 83.33627994927807 -3.6576
93.34100059313641 83.33627994927807 3.657599999999999
759.8389902206143 -82.81037933614689 -3.6576
759.8389902206143 -82.81037933614689 3.657599999999999
-110.20937479414 -10.2712432683369 -3.6576
-110.20937479414 -10.2712432683369 3.657599999999999
-72.40509656163118 -130.4617194589229 -3.6576
-72.40509656163118 -130.4617194589229 3.657599999999999
651.3158091865124 119.0810780650575 -3.6576
651.3158091865124 119.0810780650575 3.657599999999999
401.9480127649665 148.0501699665057 -3.6576
401.9480127649665 148.0501699665057 3.657599999999999
27.19931257098472 -112.5558020363046 -3.6576
27.19931257098472 -112.5558020363046 3.657599999999999
33.8798493825343 159.8961738042637 -3.6576
33.8798493825343 159.8961738042637 3.657599999999999
5.236463007463101 -117.6867127339913 -3.6576
5.236463007463101 -117.6867127339913 3.657599999999999
213.1824289464096 155.787200311242 -3.6576
213.1824289464096 155.787200311242 3.657599999999999
-112.174674718337 13.06855962071423 -3.6576
-112.174674718337 13.06855962071423 3.657599999999999
889.8007476386491 -33.14812802757756 -3.6576
889.8007476386491 -33.14812802757756 3.657599999999999
152.8907892751742 -122.5993347295457 -3.6576
152.8907892751742 -122.5993347295457 3.657599999999999
526.7622253136035 104.4470296517447 -3.6576
526.7622253136035 104.4470296517447 3.657599999999999
376.5023940500573 -111.0955329754814 -3.6576
376.5023940500573 -111.0955329754814 3.657599999999999
297.6680029942796 -98.82092280971456 -3.6576
297.6680029942796 -98.82092280971456 3.657599999999999
327.713004610367 113.5319338996263 -3.6576
327.713004610367 113.5319338996263 3.657599999999999
221.6922706324817 102.5101812698998 -3.6576
221.6922706324817 102.5101812698998 3.657599999999999
666.9842147951267 -101.769214115639 -3.6576
666.9842147951267 -101.769214115639 3.657599999999999
450.6016055670304 102.7233510832182 -3.6576
450.6016055670304 102.7233510832182 3.657599999999999
431.7845793484808 -94.22833372838386 -3.6576
431.7845793484808 -94.22833372838386 3.657599999999999
489.8734724107782 -103.3784197610797 -3.6576
489.8734724107782 -103.3784197610797 3.657599999999999
406.8646975982906 105.6485575384155 -3.6576
406.8646975982906 105.6485575384155 3.657599999999999
604.7408690234397 115.4966058527947 -3.6576
604.7408690234397 115.4966058527947 3.657599999999999
785.4268428295211 62.08592970572105 -3.6576
785.4268428295211 62.08592970572105 3.657599999999999
662.8679516203536 87.7517372713573 -3.6576
662.8679516203536 87.7517372713573 3.657599999999999
167.6322853302688 69.32345310807658 -3.6576
167.6322853302688 69.32345310807658 3.657599999999999
126.3348921863335 70.39593391619727 -3.6576
126.3348921863335 70.39593391619727 3.657599999999999
714.4356001675437 -58.10258143690107 -3.6576
714.4356001675437 -58.10258143690107 3.657599999999999
62.95391732724448 -33.85229684490334 -3.6576
62.95391732724448 -33.85229684490334 3.657599999999999
105.1930683904015 53.90195282793436 -3.6576
105.1930683904015 53.90195282793436 3.657599999999999
222.2532110467261 -105.5084387746975 -3.6576
222.2532110467261 -105.5084387746975 3.657599999999999
-3.740587265102761 -95.11940431174146 -3.6576
-3.740587265102761 -95.11940431174146 3.657599999999999
399.8760124155237 183.791213092589 -3.6576
399.8760124155237 183.791213092589 3.657599999999999
46.92551843466714 -84.15161199322633 -3.6576
46.92551843466714 -84.15161199322633 3.657599999999999
301.0867329062203 116.9906496528076 -3.6576
301.0867329062203 116.9906496528076 3.657599999999999
843.265925344542 60.15110244168314 -3.6576
843.265925344542 60.15110244168314 3.657599999999999
-59.39679033571127 -180.1737439902914 -3.6576
-59.39679033571127 -180.1737439902914 3.657599999999999
264.4817367156675 116.1459713971285 -3.6576
264.4817367156675 116.1459713971285 3.657599999999999
70.24995968049393 -123.2592464025862 -3.6576
70.24995968049393 -123.2592464025862 3.657599999999999
727.3193875958423 -83.30389327345456 -3.6576
727.3193875958423 -83.30389327345456 3.657599999999999
618.6916473281916 -98.25349769661304 -3.6576
618.6916473281916 -98.25349769661304 3.657599999999999
533.0533199729834 -99.76275866140345 -3.6576
533.0533199729834 -99.76275866140345 3.657599999999999
268.5416640560627 82.91056592810126 -3.6576
268.5416640560627 82.91056592810126 3.657599999999999
591.2753879557943 84.94891502388261 -3.6576
591.2753879557943 84.94891502388261 3.657599999999999
74.52933244840546 -85.30502649858705 -3.6576
74.52933244840546 -85.30502649858705 3.657599999999999
489.3832837610342 78.70030978533462 -3.6576
489.3832837610342 78.70030978533462 3.657599999999999
298.730920530258 84.13186726613475 -3.6576
298.730920530258 84.13186726613475 3.657599999999999
152.9726904545261 -86.69958987150326 -3.6576
152.9726904545261 -86.69958987150326 3.657599999999999
626.0751597024721 69.89713931177222 -3.6576
626.0751597024721 69.89713931177222 3.657599999999999
371.7400473390641 -78.09410770627829 -3.6576
371.7400473390641 -78.09410770627829 3.657599999999999
207.3797532440879 59.11417559436047 -3.6576
207.3797532440879 59.11417559436047 3.657599999999999
304.8629714224636 -67.31296445787015 -3.6576
304.8629714224636 -67.31296445787015 3.657599999999999
370.0797016201096 98.63071495276775 -3.6576
370.0797016201096 98.63071495276775 3.657599999999999
409.7442773711603 69.59503776940139 -3.6576
409.7442773711603 69.59503776940139 3.657599999999999
716.7573054543873 -34.03305630773163 -3.6576
716.7573054543873 -34.03305630773163 3.657599999999999
131.634155933071 38.05488956422722 -3.6576
131.634155933071 38.05488956422722 3.657599999999999
182.980470654751 37.46282684625648 -3.6576
182.980470654751 37.46282684625648 3.657599999999999
729.1129883200738 39.38533465745773 -3.6576
729.1129883200738 39.38533465745773 3.657599999999999
68.77243139789482 -57.94043585478681 -3.6576
68.77243139789482 -57.94043585478681 3.657599999999999
250.4404340263929 -120.4034128295282 -3.6576
250.4404340263929 -120.4034128295282 3.657599999999999
587.0268014193523 161.4716028332307 -3.6576
587.0268014193523 161.4716028332307 3.657599999999999
695.8228417837327 -77.09660963902785 -3.6576
695.8228417837327 -77.09660963902785 3.657599999999999
411.5668452511145 -104.3914437104391 -3.6576
411.5668452511145 -104.3914437104391 3.657599999999999
78.68475921212831 -161.19525199124 -3.6576
78.68475921212831 -161.19525199124 3.657599999999999
751.8252228648178 72.0917505583194 -3.6576
751.8252228648178 72.0917505583194 3.657599999999999
650.1971981675089 54.35904778296328 -3.6576
650.1971981675089 54.35904778296328 3.657599999999999
258.9814661715546 -76.92784027655165 -3.6576
258.9814661715546 -76.92784027655165 3.657599999999999
504.3193195815794 34.16428007665142 -3.6576
504.3193195815794 34.16428007665142 3.657599999999999
334.3672539892785 82.72973077412462 -3.6576
334.3672539892785 82.72973077412462 3.657599999999999
401.8351722957011 -75.68629249395215 -3.6576
401.8351722957011 -75.68629249395215 3.657599999999999
154.5510168238626 -33.8640041272339 -3.6576
154.5510168238626 -33.8640041272339 3.657599999999999
519.4126390942381 66.48733171314029 -3.6576
519.4126390942381 66.48733171314029 3.657599999999999
674.5114651200205 -61.81581302065738 -3.6576
674.5114651200205 -61.81581302065738 3.657599999999999
624.3378309748391 35.9550838681592 -3.6576
624.3378309748391 35.9550838681592 3.657599999999999
438.9925221692109 67.14874365962244 -3.6576
438.9925221692109 67.14874365962244 3.657599999999999
245.4285937285862 34.10668309908959 -3.6576
245.4285937285862 34.10668309908959 3.657599999999999
338.1212092684037 -69.71613443850536 -3.6576
338.1212092684037 -69.71613443850536 3.657599999999999
570.7365666523203 -121.3329561229543 -3.6576
570.7365666523203 -121.3329561229543 3.657599999999999
518.7547212469834 -63.29574063189061 -3.6576
518.7547212469834 -63.29574063189061 3.657599999999999
223.4465368442788 34.00898640958425 -3.6576
223.4465368442788 34.00898640958425 3.657599999999999
482.8263663078001 34.10590925046412 -3.6576
482.8263663078001 34.10590925046412 3.657599999999999
177.0539150955716 -34.01192971980645 -3.6576
177.0539150955716 -34.01192971980645 3.657599999999999
762.5749747799232 31.42993889471018 -3.6576
762.5749747799232 31.42993889471018 3.657599999999999
113.0214387224546 -80.94455219459776 -3.6576
113.0214387224546 -80.94455219459776 3.657599999999999
600.5584282364248 35.02907383632542 -3.6576
600.5584282364248 35.02907383632542 3.657599999999999
184.5773070073513 -84.68289072552498 -3.6576
184.5773070073513 -84.68289072552498 3.657599999999999
94.16374809139546 -54.20111219553342 -3.6576
94.16374809139546 -54.20111219553342 3.657599999999999
560.6883629971295 95.51529754785605 -3.6576
560.6883629971295 95.51529754785605 3.657599999999999
245.8242412852794 79.51722562801949 -3.6576
245.8242412852794 79.51722562801949 3.657599999999999
297.1502830181394 56.56354468492471 -3.6576
297.1502830181394 56.56354468492471 3.657599999999999
694.1897850236455 -50.80224251071164 -3.6576
694.1897850236455 -50.80224251071164 3.657599999999999
698.4606591554681 66.84556326061441 -3.6576
698.4606591554681 66.84556326061441 3.657599999999999
671.9952644559711 35.95116324608995 -3.6576
671.9952644559711 35.95116324608995 3.657599999999999
757.7199415825371 53.37025757073324 -3.6576
757.7199415825371 53.37025757073324 3.657599999999999
429.4990988854751 -71.82545128781221 -3.6576
429.4990988854751 -71.82545128781221 3.657599999999999
487.7793382337913 -70.00371017911976 -3.6576
487.7793382337913 -70.00371017911976 3.657599999999999
354.1380137549746 57.08203126754554 -3.6576
354.1380137549746 57.08203126754554 3.657599999999999
582.8335050825691 -87.77740169251713 -3.6576
582.8335050825691 -87.77740169251713 3.657599999999999
216.1909317337201 -72.9789128356862 -3.6576
216.1909317337201 -72.9789128356862 3.657599999999999
109.742282946768 -31.73196487492577 -3.6576
109.742282946768 -31.73196487492577 3.657599999999999
670.6428316627491 -35.93449704938264 -3.6576
670.6428316627491 -35.93449704938264 3.657599999999999
385.2574572126143 37.58182134720837 -3.6576
385.2574572126143 37.58182134720837 3.657599999999999
436.2598963737359 38.35168920618472 -3.6576
436.2598963737359 38.35168920618472 3.657599999999999
557.8794334888937 -78.3334493477212 -3.6576
557.8794334888937 -78.3334493477212 3.657599999999999
600.6497432384249 53.5446268505149 -3.6576
600.6497432384249 53.5446268505149 3.657599999999999
179.0667617188177 -57.34691043188909 -3.6576
179.0667617188177 -57.34691043188909 3.657599999999999
196.7033547076257 -126.7838180926067 -3.6576
196.7033547076257 -126.7838180926067 3.657599999999999
549.554675332826 -156.8079962878537 -3.6576
549.554675332826 -156.8079962878537 3.657599999999999
501.9612300928977 51.34821870146526 -3.6576
501.9612300928977 51.34821870146526 3.657599999999999
485.6523926758076 55.6679077391375 -3.6576
485.6523926758076 55.6679077391375 3.657599999999999
573.3239945449018 131.5691339630074 -3.6576
573.3239945449018 131.5691339630074 3.657599999999999
553.9091574878757 64.25166143442198 -3.6576
553.9091574878757 64.25166143442198 3.657599999999999
322.2974731094921 53.5039756435481 -3.6576
322.2974731094921 53.5039756435481 3.657599999999999
243.7045904100151 59.00831241859092 -3.6576
243.7045904100151 59.00831241859092 3.657599999999999
295.2918647811298 32.94565876879796 -3.6576
295.2918647811298 32.94565876879796 3.657599999999999
154.231180348569 -58.31689120685534 -3.6576
154.231180348569 -58.31689120685534 3.657599999999999
113.0628960921455 -47.18627289457677 -3.6576
113.0628960921455 -47.18627289457677 3.657599999999999
263.0031145027499 -34.17388354643826 -3.6576
263.0031145027499 -34.17388354643826 3.657599999999999
326.2196643677245 -41.26969719873257 -3.6576
326.2196643677245 -41.26969719873257 3.657599999999999
669.7829262193927 60.85086832507299 -3.6576
669.7829262193927 60.85086832507299 3.657599999999999
554.245010722409 -45.45208772466818 -3.6576
554.245010722409 -45.45208772466818 3.657599999999999
620.2413353575444 -65.13239304899881 -3.6576
620.2413353575444 -65.13239304899881 3.657599999999999
379.4481236423482 65.73571620828164 -3.6576
379.4481236423482 65.73571620828164 3.657599999999999
223.1055140264377 -39.19819263868061 -3.6576
223.1055140264377 -39.19819263868061 3.657599999999999
510.0097184234185 -36.07153564693007 -3.6576
510.0097184234185 -36.07153564693007 3.657599999999999
457.4832903441104 -70.90769110384046 -3.6576
457.4832903441104 -70.90769110384046 3.657599999999999
581.8214759350524 59.14705614413865 -3.6576
581.8214759350524 59.14705614413865 3.657599999999999
340.1618960653691 31.94105139904276 -3.6576
340.1618960653691 31.94105139904276 3.657599999999999
577.3589788578654 -28.75928375776385 -3.6576
577.3589788578654 -28.75928375776385 3.657599999999999
552.2815709895302 36.57402040923893 -3.6576
552.2815709895302 36.57402040923893 3.657599999999999
197.0801190746009 -54.32638273012056 -3.6576
197.0801190746009 -54.32638273012056 3.657599999999999
129.862137381246 -54.54879218560027 -3.6576
129.862137381246 -54.54879218560027 3.657599999999999
352.6984233523166 -51.9684745949398 -3.6576
352.6984233523166 -51.9684745949398 3.657599999999999
186.7202512414148 -163.7158628202866 -3.6576
186.7202512414148 -163.7158628202866 3.657599999999999
270.4855476816538 57.51707488906631 -3.6576
270.4855476816538 57.51707488906631 3.657599999999999
396.3178773424632 -50.57107723992089 -3.6576
396.3178773424632 -50.57107723992089 3.657599999999999
282.1456130576369 -53.49699077444352 -3.6576
282.1456130576369 -53.49699077444352 3.657599999999999
310.202875092539 -47.2342185387103 -3.6576
310.202875092539 -47.2342185387103 3.657599999999999
338.7646008358673 48.19947650448386 -3.6576
338.7646008358673 48.19947650448386 3.657599999999999
463.8577228832591 61.04098797420748 -3.6576
463.8577228832591 61.04098797420748 3.657599999999999
368.6359581343117 -31.94507710248311 -3.6576
368.6359581343117 -31.94507710248311 3.657599999999999
621.182615414878 -36.89041317043225 -3.6576
621.182615414878 -36.89041317043225 3.657599999999999
457.3564383903661 -40.7500553799795 -3.6576
457.3564383903661 -40.7500553799795 3.657599999999999
644.9573933182876 -67.53476983593499 -3.6576
644.9573933182876 -67.53476983593499 3.657599999999999
453.3472379595299 -103.0381929358344 -3.6576
453.3472379595299 -103.0381929358344 3.657599999999999
371.1844201643565 -53.00527672437394 -3.6576
371.1844201643565 -53.00527672437394 3.657599999999999
408.5071434153095 -26.19630716976054 -3.6576
408.5071434153095 -26.19630716976054 3.657599999999999
590.1936914053288 -58.60186399535842 -3.6576
590.1936914053288 -58.60186399535842 3.657599999999999
286.6582661773192 -26.42974226952081 -3.6576
286.6582661773192 -26.42974226952081 3.657599999999999
469.1935804136519 79.80488925295565 -3.6576
469.1935804136519 79.80488925295565 3.657599999999999
$EndNodes
$Elements
7 3466 1 3466
2 11 3 662
1 794 304 786 769 
2 793 821 310 864 
3 685 599 535 654 
4 817 322 822 843 
5 862 292 868 842 
6 377 438 458 419 
7 845 799 841 306 
8 780 751 827 706 
9 392 435 411 393 
10 510 535 525 500 
11 771 746 311 777 
12 527 557 601 492 
13 643 648 683 588 
14 766 792 733 700 
15 637 688 549 612 
16 680 719 679 624 
17 519 548 645 608 
18 555 517 508 543 
19 430 449 408 567 
20 343 398 375 395 
21 561 523 478 599 
22 5 581 674 650 
23 518 532 472 497 
24 737 701 746 771 
25 724 621 743 684 
26 777 296 800 771 
27 373 291 353 386 
28 273 673 709 744 
29 396 346 399 413 
30 394 342 397 415 
31 662 623 668 701 
32 746 747 776 311 
33 510 500 462 468 
34 677 785 814 744 
35 499 468 405 454 
36 731 610 555 580 
37 78 323 858 839 
38 538 571 551 479 
39 857 787 735 772 
40 564 611 690 652 
41 491 460 435 402 
42 500 438 440 462 
43 559 547 521 565 
44 310 862 842 864 
45 611 564 497 541 
46 463 427 389 416 
47 700 733 672 617 
48 634 655 678 586 
49 384 443 401 382 
50 772 797 839 858 
51 797 772 735 703 
52 757 592 569 514 
53 787 819 751 780 
54 698 664 738 761 
55 834 809 737 771 
56 607 587 540 520 
57 550 512 549 588 
58 832 808 733 792 
59 857 838 279 787 
60 458 471 410 419 
61 617 672 573 537 
62 431 414 373 432 
63 309 823 795 774 
64 555 526 499 517 
65 415 377 368 394 
66 701 668 747 746 
67 453 594 545 431 
68 429 400 424 469 
69 470 467 439 407 
70 514 552 614 577 
71 698 761 818 798 
72 572 716 622 538 
73 773 843 774 742 
74 685 654 693 718 
75 421 425 441 446 
76 617 670 739 700 
77 354 290 372 445 
78 511 558 531 484 
79 620 736 789 773 
80 723 711 646 681 
81 741 762 799 816 
82 868 818 761 842 
83 639 666 629 596 
84 702 732 768 804 
85 654 613 655 693 
86 451 448 348 404 
87 516 451 404 486 
88 463 423 521 476 
89 401 466 485 530 
90 427 452 482 403 
91 436 496 464 418 
92 409 426 489 474 
93 481 512 550 456 
94 618 705 738 664 
95 469 424 456 493 
96 619 726 728 691 
97 512 481 532 518 
98 436 418 369 347 
99 482 452 507 563 
100 864 738 782 793 
101 561 618 664 575 
102 706 647 551 571 
103 719 633 731 580 
104 596 629 677 562 
105 405 468 462 440 
106 641 660 732 702 
107 620 708 755 736 
108 714 713 762 741 
109 703 734 770 797 
110 338 281 31 30 
111 714 682 828 713 
112 509 562 609 480 
113 622 703 735 661 
114 479 502 572 538 
115 510 613 654 535 
116 591 537 522 554 
117 432 410 471 498 
118 686 630 709 756 
119 341 408 496 436 
120 539 585 660 641 
121 841 799 762 824 
122 665 714 741 865 
123 428 405 397 375 
124 383 567 408 341 
125 494 451 516 505 
126 729 697 635 574 
127 450 473 528 433 
128 552 514 491 455 
129 589 544 646 625 
130 762 798 818 824 
131 597 596 562 509 
132 407 378 446 441 
133 463 487 452 427 
134 865 740 783 665 
135 487 522 507 452 
136 412 494 455 437 
137 457 477 509 480 
138 745 666 639 724 
139 483 508 517 566 
140 608 543 508 519 
141 555 610 658 526 
142 833 859 817 789 
143 679 605 686 756 
144 538 622 661 571 
145 774 795 739 742 
146 386 410 432 373 
147 769 684 743 764 
148 694 635 697 708 
149 498 471 478 523 
150 787 780 661 735 
151 614 539 641 784 
152 729 662 701 737 
153 621 598 573 781 
154 376 406 444 398 
155 770 790 856 866 
156 628 689 722 687 
157 444 406 459 483 
158 670 617 537 591 
159 604 492 601 569 
160 769 786 840 745 
161 327 286 342 394 
162 339 289 346 396 
163 340 281 343 395 
164 405 428 566 454 
165 341 361 316 383 
166 587 623 662 540 
167 441 425 477 457 
168 407 441 457 470 
169 523 561 575 534 
170 445 385 313 354 
171 629 666 812 710 
172 677 629 710 785 
173 433 381 414 431 
174 627 587 607 696 
175 576 620 725 753 
176 636 575 664 698 
177 644 682 616 583 
178 493 520 540 503 
179 744 709 630 677 
180 467 442 447 439 
181 583 616 572 502 
182 739 870 766 700 
183 625 687 722 692 
184 738 705 760 782 
185 470 484 531 467 
186 797 770 866 853 
187 519 508 483 459 
188 674 663 638 650 
189 789 817 843 773 
190 554 504 694 576 
191 540 662 729 574 
192 344 363 293 380 
193 659 445 372 403 
194 573 507 522 537 
195 565 461 503 559 
196 307 855 834 796 
197 299 778 710 812 
198 423 374 417 603 
199 600 568 529 485 
200 711 687 625 646 
201 719 645 605 679 
202 717 711 723 626 
203 424 400 379 434 
204 298 861 80 79 
205 810 767 763 855 
206 559 503 540 574 
207 417 429 565 603 
208 497 529 568 541 
209 392 393 329 370 
210 563 560 606 482 
211 400 429 417 391 
212 347 388 341 436 
213 402 435 392 344 
214 627 720 747 668 
215 516 486 528 551 
216 423 463 416 374 
217 404 348 381 433 
218 403 372 389 427 
219 393 409 384 345 
220 313 22 3 354 
221 525 478 471 458 
222 375 397 342 365 
223 378 399 346 367 
224 644 534 575 636 
225 454 566 517 499 
226 376 398 343 366 
227 482 606 659 403 
228 697 758 755 708 
229 790 770 734 783 
230 780 706 571 661 
231 375 398 444 428 
232 767 810 833 789 
233 691 626 723 757 
234 787 279 844 819 
235 490 459 406 442 
236 616 665 716 572 
237 505 516 585 539 
238 799 845 277 816 
239 387 412 437 380 
240 792 829 788 305 
241 767 789 736 755 
242 804 807 779 765 
243 494 412 448 451 
244 535 599 478 525 
245 421 446 378 422 
246 621 656 524 598 
247 691 577 614 619 
248 529 497 472 449 
249 393 411 557 409 
250 377 415 440 438 
251 421 659 606 425 
252 504 547 635 694 
253 551 647 585 516 
254 289 317 367 346 
255 286 337 365 342 
256 281 338 366 343 
257 718 705 618 685 
258 838 857 323 869 
259 808 764 743 831 
260 725 742 739 670 
261 645 548 558 605 
262 344 380 437 402 
263 771 800 796 834 
264 429 469 461 565 
265 783 740 815 790 
266 348 448 412 387 
267 568 600 657 579 
268 491 514 569 460 
269 738 864 842 761 
270 837 820 318 807 
271 793 811 324 821 
272 552 505 539 614 
273 828 682 644 636 
274 579 657 692 640 
275 803 273 744 814 
276 798 762 713 828 
277 550 520 493 456 
278 794 805 109 108 
279 841 849 89 88 
280 796 800 125 124 
281 788 801 114 113 
282 791 802 72 71 
283 665 783 734 716 
284 555 543 608 580 
285 868 841 824 818 
286 816 277 863 846 
287 561 599 685 618 
288 531 519 459 490 
289 476 521 547 504 
290 396 413 447 376 
291 474 443 384 409 
292 866 861 298 853 
293 546 632 689 595 
294 590 556 649 680 
295 515 488 546 595 
296 589 625 692 657 
297 681 646 544 604 
298 295 359 391 417 
299 833 810 835 278 
300 859 833 278 848 
301 356 414 381 294 
302 563 507 573 598 
303 693 671 721 718 
304 380 293 358 387 
305 609 562 677 630 
306 690 584 637 652 
307 840 812 666 745 
308 764 808 832 847 
309 838 869 77 76 
310 308 81 80 861 
311 301 98 97 642 
312 302 134 133 553 
313 587 627 668 623 
314 433 528 486 404 
315 747 750 325 776 
316 696 695 720 627 
317 378 407 439 399 
318 415 397 405 440 
319 442 406 376 447 
320 466 401 443 474 
321 320 103 102 803 
322 299 813 106 105 
323 308 867 82 81 
324 1 293 363 46 
325 274 66 65 638 
326 305 112 111 850 
327 307 796 124 123 
328 345 362 329 393 
329 300 791 71 70 
330 292 90 89 849 
331 296 126 125 800 
332 305 788 113 112 
333 307 123 122 835 
334 319 73 72 802 
335 297 115 114 801 
336 318 68 67 749 
337 300 70 69 820 
338 719 580 608 645 
339 322 848 120 119 
340 280 110 109 805 
341 845 306 87 86 
342 841 88 87 306 
343 822 118 117 309 
344 823 309 117 116 
345 844 279 75 74 
346 838 76 75 279 
347 778 299 105 104 
348 821 324 94 93 
349 776 325 130 129 
350 310 821 93 92 
351 803 102 101 273 
352 813 304 107 106 
353 794 108 107 304 
354 862 310 92 91 
355 777 311 128 127 
356 776 129 128 311 
357 869 323 78 77 
358 867 321 83 82 
359 822 322 119 118 
360 863 84 83 321 
361 5 650 638 65 
362 850 111 110 280 
363 820 69 68 318 
364 749 67 66 274 
365 863 277 85 84 
366 848 278 121 120 
367 845 86 85 277 
368 835 122 121 278 
369 549 512 518 612 
370 324 775 95 94 
371 325 712 131 130 
372 839 298 79 78 
373 823 116 115 297 
374 844 74 73 319 
375 862 91 90 292 
376 777 127 126 296 
377 778 104 103 320 
378 775 276 96 95 
379 642 97 96 276 
380 712 275 132 131 
381 553 133 132 275 
382 514 577 691 757 
383 464 532 481 434 
384 485 466 651 600 
385 304 813 840 786 
386 660 585 647 854 
387 647 706 827 854 
388 496 472 532 464 
389 807 804 852 837 
390 576 753 591 554 
391 544 489 426 527 
392 657 600 651 589 
393 410 386 349 419 
394 359 334 390 391 
395 353 291 21 2 
396 759 702 804 765 
397 290 41 42 355 
398 703 622 716 734 
399 328 358 17 18 
400 356 294 19 20 
401 357 326 43 44 
402 328 18 19 294 
403 326 355 42 43 
404 295 357 44 45 
405 328 294 381 348 
406 357 374 416 326 
407 355 326 416 389 
408 290 355 389 372 
409 358 328 348 387 
410 295 417 374 357 
411 414 356 291 373 
412 420 371 283 382 
413 4 359 295 45 
414 1 17 358 293 
415 20 21 291 356 
416 41 290 354 3 
417 370 49 48 288 
418 360 54 53 336 
419 361 58 57 316 
420 362 51 50 329 
421 364 61 60 287 
422 371 56 55 283 
423 359 4 64 334 
424 25 289 27 26 
425 340 32 31 281 
426 35 286 37 36 
427 463 476 495 487 
428 384 382 283 360 
429 330 388 364 287 
430 331 392 370 288 
431 455 491 402 437 
432 360 336 303 384 
433 62 335 285 63 
434 61 364 335 62 
435 54 360 283 55 
436 46 363 331 47 
437 58 361 330 59 
438 59 330 287 60 
439 47 331 288 48 
440 51 362 303 52 
441 819 844 319 851 
442 791 836 826 802 
443 725 670 591 753 
444 644 594 453 534 
445 841 868 292 849 
446 795 823 297 860 
447 472 496 408 449 
448 578 653 683 648 
449 334 285 369 390 
450 620 576 694 708 
451 368 349 312 333 
452 333 327 394 368 
453 332 313 385 350 
454 351 366 338 315 
455 314 340 395 352 
456 352 365 337 314 
457 315 339 396 351 
458 350 367 317 332 
459 395 375 365 352 
460 396 376 366 351 
461 419 349 368 377 
462 422 378 367 350 
463 553 275 631 593 
464 642 276 699 675 
465 321 867 308 856 
466 552 455 494 505 
467 792 305 850 832 
468 286 327 38 37 
469 289 25 24 317 
470 289 339 28 27 
471 286 35 34 337 
472 644 583 545 594 
473 134 302 465 8 
474 98 301 501 6 
475 40 39 333 312 
476 30 29 315 338 
477 32 340 314 33 
478 22 313 332 23 
479 383 316 371 420 
480 63 285 334 64 
481 763 767 755 758 
482 52 303 336 53 
483 49 370 329 50 
484 56 371 316 57 
485 683 727 550 588 
486 573 672 831 781 
487 720 695 631 676 
488 704 726 667 754 
489 312 353 2 40 
490 742 725 620 773 
491 388 347 335 364 
492 583 502 450 545 
493 846 815 740 865 
494 656 597 560 524 
495 665 616 682 714 
496 819 806 827 751 
497 699 748 782 760 
498 349 386 353 312 
499 560 477 425 606 
500 778 814 785 710 
501 544 589 651 489 
502 850 280 847 832 
503 484 470 457 480 
504 711 717 615 669 
505 732 660 854 827 
506 302 553 593 513 
507 301 642 675 582 
508 690 611 579 640 
509 816 846 865 741 
510 775 324 811 748 
511 712 325 750 676 
512 597 509 477 560 
513 392 331 363 344 
514 712 676 631 275 
515 775 748 699 276 
516 702 759 784 641 
517 309 774 843 822 
518 768 732 827 806 
519 614 784 759 619 
520 513 593 653 578 
521 582 675 721 671 
522 636 698 798 828 
523 551 528 473 479 
524 690 632 546 584 
525 633 649 678 731 
526 639 596 597 656 
527 567 383 570 430 
528 769 745 724 684 
529 831 743 621 781 
530 456 424 434 481 
531 388 330 361 341 
532 717 674 581 615 
533 802 826 851 319 
534 801 830 860 297 
535 638 663 707 274 
536 749 274 707 779 
537 503 461 469 493 
538 847 280 805 825 
539 565 521 423 603 
540 856 308 861 866 
541 813 299 812 840 
542 284 533 615 581 
543 282 624 715 673 
544 673 715 756 709 
545 658 610 731 678 
546 754 707 663 704 
547 435 460 569 601 
548 327 333 39 38 
549 339 315 29 28 
550 317 24 23 332 
551 337 34 33 314 
552 696 607 727 683 
553 588 549 688 643 
554 554 495 476 504 
555 686 511 609 630 
556 778 320 803 814 
557 382 401 530 570 
558 556 586 678 649 
559 546 488 475 506 
560 672 733 808 831 
561 409 557 527 426 
562 534 453 498 523 
563 544 527 492 604 
564 619 759 667 726 
565 752 626 691 728 
566 632 730 722 689 
567 807 318 749 779 
568 560 563 598 524 
569 671 634 536 582 
570 578 542 475 513 
571 593 631 695 653 
572 675 699 760 721 
573 689 628 533 595 
574 772 858 323 857 
575 510 468 499 526 
576 756 715 624 679 
577 502 479 473 450 
578 659 421 422 445 
579 483 566 428 444 
580 554 522 487 495 
581 669 615 533 628 
582 485 430 570 530 
583 556 536 634 586 
584 602 506 475 542 
585 546 506 602 584 
586 769 825 805 794 
587 611 541 568 579 
588 582 536 501 301 
589 513 475 465 302 
590 663 674 752 704 
591 574 635 547 559 
592 737 758 697 729 
593 542 643 688 602 
594 797 853 298 839 
595 347 369 285 335 
596 820 837 852 300 
597 584 602 688 637 
598 860 830 766 870 
599 680 624 282 590 
600 595 533 284 515 
601 723 681 592 757 
602 300 852 836 791 
603 435 601 557 411 
604 536 556 6 501 
605 475 488 8 465 
606 806 826 836 768 
607 384 303 362 345 
608 754 667 759 765 
609 418 379 390 369 
610 788 829 830 801 
611 379 400 391 390 
612 640 692 722 730 
613 719 680 649 633 
614 793 782 748 811 
615 632 690 640 730 
616 655 634 671 693 
617 747 720 676 750 
618 819 851 826 806 
619 769 764 847 825 
620 643 542 578 648 
621 674 717 626 752 
622 711 669 628 687 
623 705 718 721 760 
624 683 653 695 696 
625 135 515 284 136 
626 99 590 282 100 
627 382 570 383 420 
628 739 795 860 870 
629 792 766 830 829 
630 307 835 810 855 
631 399 439 447 413 
632 855 763 809 834 
633 673 7 100 282 
634 581 5 136 284 
635 804 768 836 852 
636 726 704 752 728 
637 350 385 445 422 
638 99 6 556 590 
639 101 7 673 273 
640 135 8 488 515 
641 790 815 321 856 
642 846 863 321 815 
643 848 322 817 859 
644 379 418 464 434 
645 529 449 430 485 
646 498 453 431 432 
647 545 450 433 431 
648 531 490 442 467 
649 438 500 525 458 
650 651 466 474 489 
651 609 511 484 480 
652 612 518 497 564 
653 658 613 510 526 
654 686 605 558 511 
655 548 519 531 558 
656 607 520 550 727 
657 681 604 569 592 
658 564 652 637 612 
659 656 621 724 639 
660 613 658 678 655 
661 809 763 758 737 
662 707 754 765 779 
2 12 3 18
663 1 17 871 137 
664 137 871 872 138 
665 138 872 141 9 
666 17 18 873 871 
667 871 873 874 872 
668 872 874 142 141 
669 18 19 875 873 
670 873 875 876 874 
671 874 876 143 142 
672 19 20 877 875 
673 875 877 878 876 
674 876 878 144 143 
675 20 21 879 877 
676 877 879 880 878 
677 878 880 145 144 
678 21 2 139 879 
679 879 139 140 880 
680 880 140 10 145 
2 13 3 60
681 3 146 881 22 
682 146 147 882 881 
683 147 11 148 882 
684 22 881 883 23 
685 881 882 884 883 
686 882 148 149 884 
687 23 883 885 24 
688 883 884 886 885 
689 884 149 150 886 
690 24 885 887 25 
691 885 886 888 887 
692 886 150 151 888 
693 25 887 889 26 
694 887 888 890 889 
695 888 151 152 890 
696 26 889 891 27 
697 889 890 892 891 
698 890 152 153 892 
699 27 891 893 28 
700 891 892 894 893 
701 892 153 154 894 
702 28 893 895 29 
703 893 894 896 895 
704 894 154 155 896 
705 29 895 897 30 
706 895 896 898 897 
707 896 155 156 898 
708 30 897 899 31 
709 897 898 900 899 
710 898 156 157 900 
711 31 899 901 32 
712 899 900 902 901 
713 900 157 158 902 
714 32 901 903 33 
715 901 902 904 903 
716 902 158 159 904 
717 33 903 905 34 
718 903 904 906 905 
719 904 159 160 906 
720 34 905 907 35 
721 905 906 908 907 
722 906 160 161 908 
723 35 907 909 36 
724 907 908 910 909 
725 908 161 162 910 
726 36 909 911 37 
727 909 910 912 911 
728 910 162 163 912 
729 37 911 913 38 
730 911 912 914 913 
731 912 163 164 914 
732 38 913 915 39 
733 913 914 916 915 
734 914 164 165 916 
735 39 915 917 40 
736 915 916 918 917 
737 916 165 166 918 
738 40 917 139 2 
739 917 918 140 139 
740 918 166 10 140 
2 14 3 18
741 3 41 919 146 
742 146 919 920 147 
743 147 920 169 11 
744 41 42 921 919 
745 919 921 922 920 
746 920 922 170 169 
747 42 43 923 921 
748 921 923 924 922 
749 922 924 171 170 
750 43 44 925 923 
751 923 925 926 924 
752 924 926 172 171 
753 44 45 927 925 
754 925 927 928 926 
755 926 928 173 172 
756 45 4 167 927 
757 927 167 168 928 
758 928 168 12 173 
2 15 3 60
759 1 137 929 46 
760 137 138 930 929 
761 138 9 174 930 
762 46 929 931 47 
763 929 930 932 931 
764 930 174 175 932 
765 47 931 933 48 
766 931 932 934 933 
767 932 175 176 934 
768 48 933 935 49 
769 933 934 936 935 
770 934 176 177 936 
771 49 935 937 50 
772 935 936 938 937 
773 936 177 178 938 
774 50 937 939 51 
775 937 938 940 939 
776 938 178 179 940 
777 51 939 941 52 
778 939 940 942 941 
779 940 179 180 942 
780 52 941 943 53 
781 941 942 944 943 
782 942 180 181 944 
783 53 943 945 54 
784 943 944 946 945 
785 944 181 182 946 
786 54 945 947 55 
787 945 946 948 947 
788 946 182 183 948 
789 55 947 949 56 
790 947 948 950 949 
791 948 183 184 950 
792 56 949 951 57 
793 949 950 952 951 
794 950 184 185 952 
795 57 951 953 58 
796 951 952 954 953 
797 952 185 186 954 
798 58 953 955 59 
799 953 954 956 955 
800 954 186 187 956 
801 59 955 957 60 
802 955 956 958 957 
803 956 187 188 958 
804 60 957 959 61 
805 957 958 960 959 
806 958 188 189 960 
807 61 959 961 62 
808 959 960 962 961 
809 960 189 190 962 
810 62 961 963 63 
811 961 962 964 963 
812 962 190 191 964 
813 63 963 965 64 
814 963 964 966 965 
815 964 191 192 966 
816 64 965 167 4 
817 965 966 168 167 
818 966 192 12 168 
2 20 3 662
819 1632 1142 1624 1607 
820 1631 1659 1148 1702 
821 1523 1437 1373 1492 
822 1655 1160 1660 1681 
823 1700 1130 1706 1680 
824 1215 1276 1296 1257 
825 1683 1637 1679 1144 
826 1618 1589 1665 1544 
827 1230 1273 1249 1231 
828 1348 1373 1363 1338 
829 1609 1584 1149 1615 
830 1365 1395 1439 1330 
831 1481 1486 1521 1426 
832 1604 1630 1571 1538 
833 1475 1526 1387 1450 
834 1518 1557 1517 1462 
835 1357 1386 1483 1446 
836 1393 1355 1346 1381 
837 1268 1287 1246 1405 
838 1181 1236 1213 1233 
839 1399 1361 1316 1437 
840 13 1419 1512 1488 
841 1356 1370 1310 1335 
842 1575 1539 1584 1609 
843 1562 1459 1581 1522 
844 1615 1134 1638 1609 
845 1211 1129 1191 1224 
846 1111 1511 1547 1582 
847 1234 1184 1237 1251 
848 1232 1180 1235 1253 
849 1500 1461 1506 1539 
850 1584 1585 1614 1149 
851 1348 1338 1300 1306 
852 1515 1623 1652 1582 
853 1337 1306 1243 1292 
854 1569 1448 1393 1418 
855 210 1161 1696 1677 
856 1376 1409 1389 1317 
857 1695 1625 1573 1610 
858 1402 1449 1528 1490 
859 1329 1298 1273 1240 
860 1338 1276 1278 1300 
861 1397 1385 1359 1403 
862 1148 1700 1680 1702 
863 1449 1402 1335 1379 
864 1301 1265 1227 1254 
865 1538 1571 1510 1455 
866 1472 1493 1516 1424 
867 1222 1281 1239 1220 
868 1610 1635 1677 1696 
869 1635 1610 1573 1541 
870 1595 1430 1407 1352 
871 1625 1657 1589 1618 
872 1536 1502 1576 1599 
873 1672 1647 1575 1609 
874 1445 1425 1378 1358 
875 1388 1350 1387 1426 
876 1670 1646 1571 1630 
877 1695 1676 1117 1625 
878 1296 1309 1248 1257 
879 1455 1510 1411 1375 
880 1269 1252 1211 1270 
881 1147 1661 1633 1612 
882 1393 1364 1337 1355 
883 1253 1215 1206 1232 
884 1539 1506 1585 1584 
885 1291 1432 1383 1269 
886 1267 1238 1262 1307 
887 1308 1305 1277 1245 
888 1352 1390 1452 1415 
889 1536 1599 1656 1636 
890 1410 1554 1460 1376 
891 1611 1681 1612 1580 
892 1523 1492 1531 1556 
893 1259 1263 1279 1284 
894 1455 1508 1577 1538 
895 1192 1128 1210 1283 
896 1349 1396 1369 1322 
897 1458 1574 1627 1611 
898 1561 1549 1484 1519 
899 1579 1600 1637 1654 
900 1706 1656 1599 1680 
901 1477 1504 1467 1434 
902 1540 1570 1606 1642 
903 1492 1451 1493 1531 
904 1289 1286 1186 1242 
905 1354 1289 1242 1324 
906 1301 1261 1359 1314 
907 1239 1304 1323 1368 
908 1265 1290 1320 1241 
909 1274 1334 1302 1256 
910 1247 1264 1327 1312 
911 1319 1350 1388 1294 
912 1456 1543 1576 1502 
913 1307 1262 1294 1331 
914 1457 1564 1566 1529 
915 1350 1319 1370 1356 
916 1274 1256 1207 1185 
917 1320 1290 1345 1401 
918 1702 1576 1620 1631 
919 1399 1456 1502 1413 
920 1544 1485 1389 1409 
921 1557 1471 1569 1418 
922 1434 1467 1515 1400 
923 1243 1306 1300 1278 
924 1479 1498 1570 1540 
925 1458 1546 1593 1574 
926 1552 1551 1600 1579 
927 1541 1572 1608 1635 
928 1176 1119 157 156 
929 1552 1520 1666 1551 
930 1347 1400 1447 1318 
931 1460 1541 1573 1499 
932 1317 1340 1410 1376 
933 1348 1451 1492 1373 
934 1429 1375 1360 1392 
935 1270 1248 1309 1336 
936 1524 1468 1547 1594 
937 1179 1246 1334 1274 
938 1377 1423 1498 1479 
939 1679 1637 1600 1662 
940 1503 1552 1579 1703 
941 1266 1243 1235 1213 
942 1221 1405 1246 1179 
943 1332 1289 1354 1343 
944 1567 1535 1473 1412 
945 1288 1311 1366 1271 
946 1390 1352 1329 1293 
947 1427 1382 1484 1463 
948 1600 1636 1656 1662 
949 1435 1434 1400 1347 
950 1245 1216 1284 1279 
951 1301 1325 1290 1265 
952 1703 1578 1621 1503 
953 1325 1360 1345 1290 
954 1250 1332 1293 1275 
955 1295 1315 1347 1318 
956 1583 1504 1477 1562 
957 1321 1346 1355 1404 
958 1446 1381 1346 1357 
959 1393 1448 1496 1364 
960 1671 1697 1655 1627 
961 1517 1443 1524 1594 
962 1376 1460 1499 1409 
963 1612 1633 1577 1580 
964 1224 1248 1270 1211 
965 1607 1522 1581 1602 
966 1532 1473 1535 1546 
967 1336 1309 1316 1361 
968 1625 1618 1499 1573 
969 1452 1377 1479 1622 
970 1567 1500 1539 1575 
971 1459 1436 1411 1619 
972 1214 1244 1282 1236 
973 1608 1628 1694 1704 
974 1466 1527 1560 1525 
975 1282 1244 1297 1321 
976 1508 1455 1375 1429 
977 1442 1330 1439 1407 
978 1607 1624 1678 1583 
979 1165 1124 1180 1232 
980 1177 1127 1184 1234 
981 1178 1119 1181 1233 
982 1243 1266 1404 1292 
983 1179 1199 1154 1221 
984 1425 1461 1500 1378 
985 1279 1263 1315 1295 
986 1245 1279 1295 1308 
987 1361 1399 1413 1372 
988 1283 1223 1151 1192 
989 1467 1504 1650 1548 
990 1515 1467 1548 1623 
991 1271 1219 1252 1269 
992 1465 1425 1445 1534 
993 1414 1458 1563 1591 
994 1474 1413 1502 1536 
995 1482 1520 1454 1421 
996 1331 1358 1378 1341 
997 1582 1547 1468 1515 
998 1305 1280 1285 1277 
999 1421 1454 1410 1340 
1000 1577 1708 1604 1538 
1001 1463 1525 1560 1530 
1002 1576 1543 1598 1620 
1003 1308 1322 1369 1305 
1004 1635 1608 1704 1691 
1005 1357 1346 1321 1297 
1006 1512 1501 1476 1488 
1007 1627 1655 1681 1611 
1008 1392 1342 1532 1414 
1009 1378 1500 1567 1412 
1010 1182 1201 1131 1218 
1011 1497 1283 1210 1241 
1012 1411 1345 1360 1375 
1013 1403 1299 1341 1397 
1014 1145 1693 1672 1634 
1015 1137 1616 1548 1650 
1016 1261 1212 1255 1441 
1017 1438 1406 1367 1323 
1018 1549 1525 1463 1484 
1019 1557 1483 1443 1517 
1020 1555 1549 1561 1464 
1021 1262 1238 1217 1272 
1022 1136 1699 212 211 
1023 1648 1605 1601 1693 
1024 1397 1341 1378 1412 
1025 1255 1267 1403 1441 
1026 1335 1367 1406 1379 
1027 1230 1231 1167 1208 
1028 1401 1398 1444 1320 
1029 1238 1267 1255 1229 
1030 1185 1226 1179 1274 
1031 1240 1273 1230 1182 
1032 1465 1558 1585 1506 
1033 1354 1324 1366 1389 
1034 1261 1301 1254 1212 
1035 1242 1186 1219 1271 
1036 1241 1210 1227 1265 
1037 1231 1247 1222 1183 
1038 1151 148 11 1192 
1039 1363 1316 1309 1296 
1040 1213 1235 1180 1203 
1041 1216 1237 1184 1205 
1042 1482 1372 1413 1474 
1043 1292 1404 1355 1337 
1044 1214 1236 1181 1204 
1045 1320 1444 1497 1241 
1046 1535 1596 1593 1546 
1047 1628 1608 1572 1621 
1048 1618 1544 1409 1499 
1049 1213 1236 1282 1266 
1050 1605 1648 1671 1627 
1051 1529 1464 1561 1595 
1052 1625 1117 1682 1657 
1053 1328 1297 1244 1280 
1054 1454 1503 1554 1410 
1055 1343 1354 1423 1377 
1056 1637 1683 1115 1654 
1057 1225 1250 1275 1218 
1058 1630 1667 1626 1143 
1059 1605 1627 1574 1593 
1060 1642 1645 1617 1603 
1061 1332 1250 1286 1289 
1062 1373 1437 1316 1363 
1063 1259 1284 1216 1260 
1064 1459 1494 1362 1436 
1065 1529 1415 1452 1457 
1066 1367 1335 1310 1287 
1067 1231 1249 1395 1247 
1068 1215 1253 1278 1276 
1069 1259 1497 1444 1263 
1070 1342 1385 1473 1532 
1071 1389 1485 1423 1354 
1072 1127 1155 1205 1184 
1073 1124 1175 1203 1180 
1074 1119 1176 1204 1181 
1075 1556 1543 1456 1523 
1076 1676 1695 1161 1707 
1077 1646 1602 1581 1669 
1078 1563 1580 1577 1508 
1079 1483 1386 1396 1443 
1080 1182 1218 1275 1240 
1081 1609 1638 1634 1672 
1082 1267 1307 1299 1403 
1083 1621 1578 1653 1628 
1084 1186 1286 1250 1225 
1085 1406 1438 1495 1417 
1086 1329 1352 1407 1298 
1087 1576 1702 1680 1599 
1088 1675 1658 1156 1645 
1089 1631 1649 1162 1659 
1090 1390 1343 1377 1452 
1091 1666 1520 1482 1474 
1092 1417 1495 1530 1478 
1093 1641 1111 1582 1652 
1094 1636 1600 1551 1666 
1095 1388 1358 1331 1294 
1096 1632 1643 245 244 
1097 1679 1687 221 220 
1098 1634 1638 261 260 
1099 1626 1639 250 249 
1100 1629 1640 204 203 
1101 1503 1621 1572 1554 
1102 1393 1381 1446 1418 
1103 1706 1679 1662 1656 
1104 1654 1115 1701 1684 
1105 1399 1437 1523 1456 
1106 1369 1357 1297 1328 
1107 1314 1359 1385 1342 
1108 1234 1251 1285 1214 
1109 1312 1281 1222 1247 
1110 1704 1699 1136 1691 
1111 1384 1470 1527 1433 
1112 1428 1394 1487 1518 
1113 1353 1326 1384 1433 
1114 1427 1463 1530 1495 
1115 1519 1484 1382 1442 
1116 1133 1197 1229 1255 
1117 1671 1648 1673 1116 
1118 1697 1671 1116 1686 
1119 1194 1252 1219 1132 
1120 1401 1345 1411 1436 
1121 1531 1509 1559 1556 
1122 1218 1131 1196 1225 
1123 1447 1400 1515 1468 
1124 1528 1422 1475 1490 
1125 1678 1650 1504 1583 
1126 1602 1646 1670 1685 
1127 1676 1707 209 208 
1128 1146 213 212 1699 
1129 1139 230 229 1480 
1130 1140 270 269 1391 
1131 1425 1465 1506 1461 
1132 1271 1366 1324 1242 
1133 1585 1588 1163 1614 
1134 1534 1533 1558 1465 
1135 1216 1245 1277 1237 
1136 1253 1235 1243 1278 
1137 1280 1244 1214 1285 
1138 1304 1239 1281 1312 
1139 1158 239 238 1641 
1140 1137 1651 242 241 
1141 1146 1705 214 213 
1142 9 1131 1201 174 
1143 1112 198 197 1476 
1144 1143 248 247 1688 
1145 1145 1634 260 259 
1146 1183 1200 1167 1231 
1147 1138 1629 203 202 
1148 1130 222 221 1687 
1149 1134 262 261 1638 
1150 1143 1626 249 248 
1151 1145 259 258 1673 
1152 1157 205 204 1640 
1153 1135 251 250 1639 
1154 1156 200 199 1587 
1155 1138 202 201 1658 
1156 1557 1418 1446 1483 
1157 1160 1686 256 255 
1158 1118 246 245 1643 
1159 1683 1144 219 218 
1160 1679 220 219 1144 
1161 1660 254 253 1147 
1162 1661 1147 253 252 
1163 1682 1117 207 206 
1164 1676 208 207 1117 
1165 1616 1137 241 240 
1166 1659 1162 226 225 
1167 1614 1163 266 265 
1168 1148 1659 225 224 
1169 1641 238 237 1111 
1170 1651 1142 243 242 
1171 1632 244 243 1142 
1172 1700 1148 224 223 
1173 1615 1149 264 263 
1174 1614 265 264 1149 
1175 1707 1161 210 209 
1176 1705 1159 215 214 
1177 1660 1160 255 254 
1178 1701 216 215 1159 
1179 13 1488 1476 197 
1180 1688 247 246 1118 
1181 1658 201 200 1156 
1182 1587 199 198 1112 
1183 1701 1115 217 216 
1184 1686 1116 257 256 
1185 1683 218 217 1115 
1186 1673 258 257 1116 
1187 1387 1350 1356 1450 
1188 1162 1613 227 226 
1189 1163 1550 267 266 
1190 1677 1136 211 210 
1191 1661 252 251 1135 
1192 1682 206 205 1157 
1193 1700 223 222 1130 
1194 1615 263 262 1134 
1195 1616 240 239 1158 
1196 1613 1114 228 227 
1197 1480 229 228 1114 
1198 1550 1113 268 267 
1199 1391 269 268 1113 
1200 1352 1415 1529 1595 
1201 1302 1370 1319 1272 
1202 1323 1304 1489 1438 
1203 1142 1651 1678 1624 
1204 1498 1423 1485 1692 
1205 1485 1544 1665 1692 
1206 1334 1310 1370 1302 
1207 1645 1642 1690 1675 
1208 1414 1591 1429 1392 
1209 1382 1327 1264 1365 
1210 1495 1438 1489 1427 
1211 1248 1224 1187 1257 
1212 1197 1172 1228 1229 
1213 1191 1129 145 10 
1214 1597 1540 1642 1603 
1215 1128 169 170 1193 
1216 1541 1460 1554 1572 
1217 1166 1196 141 142 
1218 1194 1132 143 144 
1219 1195 1164 171 172 
1220 1166 142 143 1132 
1221 1164 1193 170 171 
1222 1133 1195 172 173 
1223 1166 1132 1219 1186 
1224 1195 1212 1254 1164 
1225 1193 1164 1254 1227 
1226 1128 1193 1227 1210 
1227 1196 1166 1186 1225 
1228 1133 1255 1212 1195 
1229 1252 1194 1129 1211 
1230 1258 1209 1121 1220 
1231 12 1197 1133 173 
1232 9 141 1196 1131 
1233 144 145 1129 1194 
1234 169 1128 1192 11 
1235 1208 177 176 1126 
1236 1198 182 181 1174 
1237 1199 186 185 1154 
1238 1200 179 178 1167 
1239 1202 189 188 1125 
1240 1209 184 183 1121 
1241 1197 12 192 1172 
1242 151 1127 153 152 
1243 1178 158 157 1119 
1244 161 1124 163 162 
1245 1301 1314 1333 1325 
1246 1222 1220 1121 1198 
1247 1168 1226 1202 1125 
1248 1169 1230 1208 1126 
1249 1293 1329 1240 1275 
1250 1198 1174 1141 1222 
1251 190 1173 1123 191 
1252 189 1202 1173 190 
1253 182 1198 1121 183 
1254 174 1201 1169 175 
1255 186 1199 1168 187 
1256 187 1168 1125 188 
1257 175 1169 1126 176 
1258 179 1200 1141 180 
1259 1657 1682 1157 1689 
1260 1629 1674 1664 1640 
1261 1563 1508 1429 1591 
1262 1482 1432 1291 1372 
1263 1679 1706 1130 1687 
1264 1633 1661 1135 1698 
1265 1310 1334 1246 1287 
1266 1416 1491 1521 1486 
1267 1172 1123 1207 1228 
1268 1458 1414 1532 1546 
1269 1206 1187 1150 1171 
1270 1171 1165 1232 1206 
1271 1170 1151 1223 1188 
1272 1189 1204 1176 1153 
1273 1152 1178 1233 1190 
1274 1190 1203 1175 1152 
1275 1153 1177 1234 1189 
1276 1188 1205 1155 1170 
1277 1233 1213 1203 1190 
1278 1234 1214 1204 1189 
1279 1257 1187 1206 1215 
1280 1260 1216 1205 1188 
1281 1391 1113 1469 1431 
1282 1480 1114 1537 1513 
1283 1159 1705 1146 1694 
1284 1390 1293 1332 1343 
1285 1630 1143 1688 1670 
1286 1124 1165 164 163 
1287 1127 151 150 1155 
1288 1127 1177 154 153 
1289 1124 161 160 1175 
1290 1482 1421 1383 1432 
1291 270 1140 1303 16 
1292 230 1139 1339 14 
1293 166 165 1171 1150 
1294 156 155 1153 1176 
1295 158 1178 1152 159 
1296 148 1151 1170 149 
1297 1221 1154 1209 1258 
1298 191 1123 1172 192 
1299 1601 1605 1593 1596 
1300 180 1141 1174 181 
1301 177 1208 1167 178 
1302 184 1209 1154 185 
1303 1521 1565 1388 1426 
1304 1411 1510 1669 1619 
1305 1558 1533 1469 1514 
1306 1542 1564 1505 1592 
1307 1150 1191 10 166 
1308 1580 1563 1458 1611 
1309 1226 1185 1173 1202 
1310 1421 1340 1288 1383 
1311 1684 1653 1578 1703 
1312 1494 1435 1398 1362 
1313 1503 1454 1520 1552 
1314 1657 1644 1665 1589 
1315 1537 1586 1620 1598 
1316 1187 1224 1191 1150 
1317 1398 1315 1263 1444 
1318 1616 1652 1623 1548 
1319 1382 1427 1489 1327 
1320 1688 1118 1685 1670 
1321 1322 1308 1295 1318 
1322 1549 1555 1453 1507 
1323 1570 1498 1692 1665 
1324 1140 1391 1431 1351 
1325 1139 1480 1513 1420 
1326 1528 1449 1417 1478 
1327 1654 1684 1703 1579 
1328 1613 1162 1649 1586 
1329 1550 1163 1588 1514 
1330 1435 1347 1315 1398 
1331 1230 1169 1201 1182 
1332 1550 1514 1469 1113 
1333 1613 1586 1537 1114 
1334 1540 1597 1622 1479 
1335 1147 1612 1681 1660 
1336 1606 1570 1665 1644 
1337 1452 1622 1597 1457 
1338 1351 1431 1491 1416 
1339 1420 1513 1559 1509 
1340 1474 1536 1636 1666 
1341 1389 1366 1311 1317 
1342 1528 1470 1384 1422 
1343 1471 1487 1516 1569 
1344 1477 1434 1435 1494 
1345 1405 1221 1408 1268 
1346 1607 1583 1562 1522 
1347 1669 1581 1459 1619 
1348 1294 1262 1272 1319 
1349 1226 1168 1199 1179 
1350 1555 1512 1419 1453 
1351 1640 1664 1689 1157 
1352 1639 1668 1698 1135 
1353 1476 1501 1545 1112 
1354 1587 1112 1545 1617 
1355 1341 1299 1307 1331 
1356 1685 1118 1643 1663 
1357 1403 1359 1261 1441 
1358 1694 1146 1699 1704 
1359 1651 1137 1650 1678 
1360 1122 1371 1453 1419 
1361 1120 1462 1553 1511 
1362 1511 1553 1594 1547 
1363 1496 1448 1569 1516 
1364 1592 1545 1501 1542 
1365 1273 1298 1407 1439 
1366 1165 1171 165 164 
1367 1177 1153 155 154 
1368 1155 150 149 1170 
1369 1175 160 159 1152 
1370 1534 1445 1565 1521 
1371 1426 1387 1526 1481 
1372 1392 1333 1314 1342 
1373 1524 1349 1447 1468 
1374 1616 1158 1641 1652 
1375 1220 1239 1368 1408 
1376 1394 1424 1516 1487 
1377 1384 1326 1313 1344 
1378 1510 1571 1646 1669 
1379 1247 1395 1365 1264 
1380 1372 1291 1336 1361 
1381 1382 1365 1330 1442 
1382 1457 1597 1505 1564 
1383 1590 1464 1529 1566 
1384 1470 1568 1560 1527 
1385 1645 1156 1587 1617 
1386 1398 1401 1436 1362 
1387 1509 1472 1374 1420 
1388 1416 1380 1313 1351 
1389 1431 1469 1533 1491 
1390 1513 1537 1598 1559 
1391 1527 1466 1371 1433 
1392 1610 1696 1161 1695 
1393 1348 1306 1337 1364 
1394 1594 1553 1462 1517 
1395 1340 1317 1311 1288 
1396 1497 1259 1260 1283 
1397 1321 1404 1266 1282 
1398 1392 1360 1325 1333 
1399 1507 1453 1371 1466 
1400 1323 1268 1408 1368 
1401 1394 1374 1472 1424 
1402 1440 1344 1313 1380 
1403 1384 1344 1440 1422 
1404 1607 1663 1643 1632 
1405 1449 1379 1406 1417 
1406 1420 1374 1339 1139 
1407 1351 1313 1303 1140 
1408 1501 1512 1590 1542 
1409 1412 1473 1385 1397 
1410 1575 1596 1535 1567 
1411 1380 1481 1526 1440 
1412 1635 1691 1136 1677 
1413 1185 1207 1123 1173 
1414 1658 1675 1690 1138 
1415 1422 1440 1526 1475 
1416 1698 1668 1604 1708 
1417 1518 1462 1120 1428 
1418 1433 1371 1122 1353 
1419 1561 1519 1430 1595 
1420 1138 1690 1674 1629 
1421 1273 1439 1395 1249 
1422 1374 1394 14 1339 
1423 1313 1326 16 1303 
1424 1644 1664 1674 1606 
1425 1222 1141 1200 1183 
1426 1592 1505 1597 1603 
1427 1256 1217 1228 1207 
1428 1626 1667 1668 1639 
1429 1217 1238 1229 1228 
1430 1478 1530 1560 1568 
1431 1557 1518 1487 1471 
1432 1631 1620 1586 1649 
1433 1470 1528 1478 1568 
1434 1493 1472 1509 1531 
1435 1585 1558 1514 1588 
1436 1657 1689 1664 1644 
1437 1607 1602 1685 1663 
1438 1481 1380 1416 1486 
1439 1512 1555 1464 1590 
1440 1549 1507 1466 1525 
1441 1543 1556 1559 1598 
1442 1521 1491 1533 1534 
1443 271 1353 1122 272 
1444 233 1428 1120 234 
1445 1220 1408 1221 1258 
1446 1577 1633 1698 1708 
1447 1630 1604 1668 1667 
1448 1145 1673 1648 1693 
1449 1237 1277 1285 1251 
1450 1693 1601 1647 1672 
1451 1511 15 234 1120 
1452 1419 13 272 1122 
1453 1642 1606 1674 1690 
1454 1564 1542 1590 1566 
1455 1188 1223 1283 1260 
1456 233 14 1394 1428 
1457 237 15 1511 1111 
1458 271 16 1326 1353 
1459 1628 1653 1159 1694 
1460 1684 1701 1159 1653 
1461 1686 1160 1655 1697 
1462 1217 1256 1302 1272 
1463 1367 1287 1268 1323 
1464 1336 1291 1269 1270 
1465 1383 1288 1271 1269 
1466 1369 1328 1280 1305 
1467 1276 1338 1363 1296 
1468 1489 1304 1312 1327 
1469 1447 1349 1322 1318 
1470 1450 1356 1335 1402 
1471 1496 1451 1348 1364 
1472 1524 1443 1396 1349 
1473 1386 1357 1369 1396 
1474 1445 1358 1388 1565 
1475 1519 1442 1407 1430 
1476 1402 1490 1475 1450 
1477 1494 1459 1562 1477 
1478 1451 1496 1516 1493 
1479 1647 1601 1596 1575 
1480 1545 1592 1603 1617 
3 1 5 1986
1481 786 769 794 304 2735 2701 2751 1771 
1482 2735 2701 2751 1771 2736 2702 2752 1772 
1483 2736 2702 2752 1772 1624 1607 1632 1142 
1484 310 864 793 821 1783 2891 2749 2805 
1485 1783 2891 2749 2805 1784 2892 2750 2806 
1486 1784 2892 2750 2806 1148 1702 1631 1659 
1487 535 654 685 599 2233 2471 2533 2361 
1488 2233 2471 2533 2361 2234 2472 2534 2362 
1489 2234 2472 2534 2362 1373 1492 1523 1437 
1490 822 843 817 322 2807 2849 2797 1807 
1491 2807 2849 2797 1807 2808 2850 2798 1808 
1492 2808 2850 2798 1808 1660 1681 1655 1160 
1493 868 842 862 292 2899 2847 2887 1747 
1494 2899 2847 2887 1747 2900 2848 2888 1748 
1495 2900 2848 2888 1748 1706 1680 1700 1130 
1496 458 419 377 438 2079 2001 1917 2039 
1497 2079 2001 1917 2039 2080 2002 1918 2040 
1498 2080 2002 1918 2040 1296 1257 1215 1276 
1499 841 306 845 799 2845 1775 2853 2761 
1500 2845 1775 2853 2761 2846 1776 2854 2762 
1501 2846 1776 2854 2762 1679 1144 1683 1637 
1502 827 706 780 751 2817 2575 2723 2665 
1503 2817 2575 2723 2665 2818 2576 2724 2666 
1504 2818 2576 2724 2666 1665 1544 1618 1589 
1505 411 393 392 435 1985 1949 1947 2033 
1506 1985 1949 1947 2033 1986 1950 1948 2034 
1507 1986 1950 1948 2034 1249 1231 1230 1273 
1508 525 500 510 535 2213 2163 2183 2233 
1509 2213 2163 2183 2233 2214 2164 2184 2234 
1510 2214 2164 2184 2234 1363 1338 1348 1373 
1511 311 777 771 746 1785 2717 2705 2655 
1512 1785 2717 2705 2655 1786 2718 2706 2656 
1513 1786 2718 2706 2656 1149 1615 1609 1584 
1514 601 492 527 557 2365 2147 2217 2277 
1515 2365 2147 2217 2277 2366 2148 2218 2278 
1516 2366 2148 2218 2278 1439 1330 1365 1395 
1517 683 588 643 648 2529 2339 2449 2459 
1518 2529 2339 2449 2459 2530 2340 2450 2460 
1519 2530 2340 2450 2460 1521 1426 1481 1486 
1520 733 700 766 792 2629 2563 2695 2747 
1521 2629 2563 2695 2747 2630 2564 2696 2748 
1522 2630 2564 2696 2748 1571 1538 1604 1630 
1523 549 612 637 688 2261 2387 2437 2539 
1524 2261 2387 2437 2539 2262 2388 2438 2540 
1525 2262 2388 2438 2540 1387 1450 1475 1526 
1526 679 624 680 719 2521 2411 2523 2601 
1527 2521 2411 2523 2601 2522 2412 2524 2602 
1528 2522 2412 2524 2602 1517 1462 1518 1557 
1529 645 608 519 548 2453 2379 2201 2259 
1530 2453 2379 2201 2259 2454 2380 2202 2260 
1531 2454 2380 2202 2260 1483 1446 1357 1386 
1532 508 543 555 517 2179 2249 2273 2197 
1533 2179 2249 2273 2197 2180 2250 2274 2198 
1534 2180 2250 2274 2198 1346 1381 1393 1355 
1535 408 567 430 449 1979 2297 2023 2061 
1536 1979 2297 2023 2061 1980 2298 2024 2062 
1537 1980 2298 2024 2062 1246 1405 1268 1287 
1538 375 395 343 398 1913 1953 1849 1959 
1539 1913 1953 1849 1959 1914 1954 1850 1960 
1540 1914 1954 1850 1960 1213 1233 1181 1236 
1541 478 599 561 523 2119 2361 2285 2209 
1542 2119 2361 2285 2209 2120 2362 2286 2210 
1543 2120 2362 2286 2210 1316 1437 1399 1361 
1544 674 650 5 581 2511 2463 193 2325 
1545 2511 2463 193 2325 2512 2464 194 2326 
1546 2512 2464 194 2326 1512 1488 13 1419 
1547 472 497 518 532 2107 2157 2199 2227 
1548 2107 2157 2199 2227 2108 2158 2200 2228 
1549 2108 2158 2200 2228 1310 1335 1356 1370 
1550 746 771 737 701 2655 2705 2637 2565 
1551 2655 2705 2637 2565 2656 2706 2638 2566 
1552 2656 2706 2638 2566 1584 1609 1575 1539 
1553 743 684 724 621 2649 2531 2611 2405 
1554 2649 2531 2611 2405 2650 2532 2612 2406 
1555 2650 2532 2612 2406 1581 1522 1562 1459 
1556 800 771 777 296 2763 2705 2717 1755 
1557 2763 2705 2717 1755 2764 2706 2718 1756 
1558 2764 2706 2718 1756 1638 1609 1615 1134 
1559 353 386 373 291 1869 1935 1909 1745 
1560 1869 1935 1909 1745 1870 1936 1910 1746 
1561 1870 1936 1910 1746 1191 1224 1211 1129 
1562 709 744 273 673 2581 2651 1709 2509 
1563 2581 2651 1709 2509 2582 2652 1710 2510 
1564 2582 2652 1710 2510 1547 1582 1111 1511 
1565 399 413 396 346 1961 1989 1955 1855 
1566 1961 1989 1955 1855 1962 1990 1956 1856 
1567 1962 1990 1956 1856 1237 1251 1234 1184 
1568 397 415 394 342 1957 1993 1951 1847 
1569 1957 1993 1951 1847 1958 1994 1952 1848 
1570 1958 1994 1952 1848 1235 1253 1232 1180 
1571 668 701 662 623 2499 2565 2487 2409 
1572 2499 2565 2487 2409 2500 2566 2488 2410 
1573 2500 2566 2488 2410 1506 1539 1500 1461 
1574 776 311 746 747 2715 1785 2655 2657 
1575 2715 1785 2655 2657 2716 1786 2656 2658 
1576 2716 1786 2656 2658 1614 1149 1584 1585 
1577 462 468 510 500 2087 2099 2183 2163 
1578 2087 2099 2183 2163 2088 2100 2184 2164 
1579 2088 2100 2184 2164 1300 1306 1348 1338 
1580 814 744 677 785 2791 2651 2517 2733 
1581 2791 2651 2517 2733 2792 2652 2518 2734 
1582 2792 2652 2518 2734 1652 1582 1515 1623 
1583 405 454 499 468 1973 2071 2161 2099 
1584 1973 2071 2161 2099 1974 2072 2162 2100 
1585 1974 2072 2162 2100 1243 1292 1337 1306 
1586 555 580 731 610 2273 2323 2625 2383 
1587 2273 2323 2625 2383 2274 2324 2626 2384 
1588 2274 2324 2626 2384 1393 1418 1569 1448 
1589 858 839 78 323 2879 2841 993 1809 
1590 2879 2841 993 1809 2880 2842 994 1810 
1591 2880 2842 994 1810 1696 1677 210 1161 
1592 551 479 538 571 2265 2121 2239 2305 
1593 2265 2121 2239 2305 2266 2122 2240 2306 
1594 2266 2122 2240 2306 1389 1317 1376 1409 
1595 735 772 857 787 2633 2707 2877 2737 
1596 2633 2707 2877 2737 2634 2708 2878 2738 
1597 2634 2708 2878 2738 1573 1610 1695 1625 
1598 690 652 564 611 2543 2467 2291 2385 
1599 2543 2467 2291 2385 2544 2468 2292 2386 
1600 2544 2468 2292 2386 1528 1490 1402 1449 
1601 435 402 491 460 2033 1967 2145 2083 
1602 2033 1967 2145 2083 2034 1968 2146 2084 
1603 2034 1968 2146 2084 1273 1240 1329 1298 
1604 440 462 500 438 2043 2087 2163 2039 
1605 2043 2087 2163 2039 2044 2088 2164 2040 
1606 2044 2088 2164 2040 1278 1300 1338 1276 
1607 521 565 559 547 2205 2293 2281 2257 
1608 2205 2293 2281 2257 2206 2294 2282 2258 
1609 2206 2294 2282 2258 1359 1403 1397 1385 
1610 842 864 310 862 2847 2891 1783 2887 
1611 2847 2891 1783 2887 2848 2892 1784 2888 
1612 2848 2892 1784 2888 1680 1702 1148 1700 
1613 497 541 611 564 2157 2245 2385 2291 
1614 2157 2245 2385 2291 2158 2246 2386 2292 
1615 2158 2246 2386 2292 1335 1379 1449 1402 
1616 389 416 463 427 1941 1995 2089 2017 
1617 1941 1995 2089 2017 1942 1996 2090 2018 
1618 1942 1996 2090 2018 1227 1254 1301 1265 
1619 672 617 700 733 2507 2397 2563 2629 
1620 2507 2397 2563 2629 2508 2398 2564 2630 
1621 2508 2398 2564 2630 1510 1455 1538 1571 
1622 678 586 634 655 2519 2335 2431 2473 
1623 2519 2335 2431 2473 2520 2336 2432 2474 
1624 2520 2336 2432 2474 1516 1424 1472 1493 
1625 401 382 384 443 1965 1927 1931 2049 
1626 1965 1927 1931 2049 1966 1928 1932 2050 
1627 1966 1928 1932 2050 1239 1220 1222 1281 
1628 839 858 772 797 2841 2879 2707 2757 
1629 2841 2879 2707 2757 2842 2880 2708 2758 
1630 2842 2880 2708 2758 1677 1696 1610 1635 
1631 735 703 797 772 2633 2569 2757 2707 
1632 2633 2569 2757 2707 2634 2570 2758 2708 
1633 2634 2570 2758 2708 1573 1541 1635 1610 
1634 569 514 757 592 2301 2191 2677 2347 
1635 2301 2191 2677 2347 2302 2192 2678 2348 
1636 2302 2192 2678 2348 1407 1352 1595 1430 
1637 751 780 787 819 2665 2723 2737 2801 
1638 2665 2723 2737 2801 2666 2724 2738 2802 
1639 2666 2724 2738 2802 1589 1618 1625 1657 
1640 738 761 698 664 2639 2685 2559 2491 
1641 2639 2685 2559 2491 2640 2686 2560 2492 
1642 2640 2686 2560 2492 1576 1599 1536 1502 
1643 737 771 834 809 2637 2705 2831 2781 
1644 2637 2705 2831 2781 2638 2706 2832 2782 
1645 2638 2706 2832 2782 1575 1609 1672 1647 
1646 540 520 607 587 2243 2203 2377 2337 
1647 2243 2203 2377 2337 2244 2204 2378 2338 
1648 2244 2204 2378 2338 1378 1358 1445 1425 
1649 549 588 550 512 2261 2339 2263 2187 
1650 2261 2339 2263 2187 2262 2340 2264 2188 
1651 2262 2340 2264 2188 1387 1426 1388 1350 
1652 733 792 832 808 2629 2747 2827 2779 
1653 2629 2747 2827 2779 2630 2748 2828 2780 
1654 2630 2748 2828 2780 1571 1630 1670 1646 
1655 279 787 857 838 1721 2737 2877 2839 
1656 1721 2737 2877 2839 1722 2738 2878 2840 
1657 1722 2738 2878 2840 1117 1625 1695 1676 
1658 410 419 458 471 1983 2001 2079 2105 
1659 1983 2001 2079 2105 1984 2002 2080 2106 
1660 1984 2002 2080 2106 1248 1257 1296 1309 
1661 573 537 617 672 2309 2237 2397 2507 
1662 2309 2237 2397 2507 2310 2238 2398 2508 
1663 2310 2238 2398 2508 1411 1375 1455 1510 
1664 373 432 431 414 1909 2027 2025 1991 
1665 1909 2027 2025 1991 1910 2028 2026 1992 
1666 1910 2028 2026 1992 1211 1270 1269 1252 
1667 795 774 309 823 2753 2711 1781 2809 
1668 2753 2711 1781 2809 2754 2712 1782 2810 
1669 2754 2712 1782 2810 1633 1612 1147 1661 
1670 499 517 555 526 2161 2197 2273 2215 
1671 2161 2197 2273 2215 2162 2198 2274 2216 
1672 2162 2198 2274 2216 1337 1355 1393 1364 
1673 368 394 415 377 1899 1951 1993 1917 
1674 1899 1951 1993 1917 1900 1952 1994 1918 
1675 1900 1952 1994 1918 1206 1232 1253 1215 
1676 747 746 701 668 2657 2655 2565 2499 
1677 2657 2655 2565 2499 2658 2656 2566 2500 
1678 2658 2656 2566 2500 1585 1584 1539 1506 
1679 545 431 453 594 2253 2025 2069 2351 
1680 2253 2025 2069 2351 2254 2026 2070 2352 
1681 2254 2026 2070 2352 1383 1269 1291 1432 
1682 424 469 429 400 2011 2101 2021 1963 
1683 2011 2101 2021 1963 2012 2102 2022 1964 
1684 2012 2102 2022 1964 1262 1307 1267 1238 
1685 439 407 470 467 2041 1977 2103 2097 
1686 2041 1977 2103 2097 2042 1978 2104 2098 
1687 2042 1978 2104 2098 1277 1245 1308 1305 
1688 614 577 514 552 2391 2317 2191 2267 
1689 2391 2317 2191 2267 2392 2318 2192 2268 
1690 2392 2318 2192 2268 1452 1415 1352 1390 
1691 818 798 698 761 2799 2759 2559 2685 
1692 2799 2759 2559 2685 2800 2760 2560 2686 
1693 2800 2760 2560 2686 1656 1636 1536 1599 
1694 622 538 572 716 2407 2239 2307 2595 
1695 2407 2239 2307 2595 2408 2240 2308 2596 
1696 2408 2240 2308 2596 1460 1376 1410 1554 
1697 774 742 773 843 2711 2647 2709 2849 
1698 2711 2647 2709 2849 2712 2648 2710 2850 
1699 2712 2648 2710 2850 1612 1580 1611 1681 
1700 693 718 685 654 2549 2599 2533 2471 
1701 2549 2599 2533 2471 2550 2600 2534 2472 
1702 2550 2600 2534 2472 1531 1556 1523 1492 
1703 441 446 421 425 2045 2055 2005 2013 
1704 2045 2055 2005 2013 2046 2056 2006 2014 
1705 2046 2056 2006 2014 1279 1284 1259 1263 
1706 739 700 617 670 2641 2563 2397 2503 
1707 2641 2563 2397 2503 2642 2564 2398 2504 
1708 2642 2564 2398 2504 1577 1538 1455 1508 
1709 372 445 354 290 1907 2053 1871 1743 
1710 1907 2053 1871 1743 1908 2054 1872 1744 
1711 1908 2054 1872 1744 1210 1283 1192 1128 
1712 531 484 511 558 2225 2131 2185 2279 
1713 2225 2131 2185 2279 2226 2132 2186 2280 
1714 2226 2132 2186 2280 1369 1322 1349 1396 
1715 789 773 620 736 2741 2709 2403 2635 
1716 2741 2709 2403 2635 2742 2710 2404 2636 
1717 2742 2710 2404 2636 1627 1611 1458 1574 
1718 646 681 723 711 2455 2525 2609 2585 
1719 2455 2525 2609 2585 2456 2526 2610 2586 
1720 2456 2526 2610 2586 1484 1519 1561 1549 
1721 799 816 741 762 2761 2795 2645 2687 
1722 2761 2795 2645 2687 2762 2796 2646 2688 
1723 2762 2796 2646 2688 1637 1654 1579 1600 
1724 761 842 868 818 2685 2847 2899 2799 
1725 2685 2847 2899 2799 2686 2848 2900 2800 
1726 2686 2848 2900 2800 1599 1680 1706 1656 
1727 629 596 639 666 2421 2355 2441 2495 
1728 2421 2355 2441 2495 2422 2356 2442 2496 
1729 2422 2356 2442 2496 1467 1434 1477 1504 
1730 768 804 702 732 2699 2771 2567 2627 
1731 2699 2771 2567 2627 2700 2772 2568 2628 
1732 2700 2772 2568 2628 1606 1642 1540 1570 
1733 655 693 654 613 2473 2549 2471 2389 
1734 2473 2549 2471 2389 2474 2550 2472 2390 
1735 2474 2550 2472 2390 1493 1531 1492 1451 
1736 348 404 451 448 1859 1971 2065 2059 
1737 1859 1971 2065 2059 1860 1972 2066 2060 
1738 1860 1972 2066 2060 1186 1242 1289 1286 
1739 404 486 516 451 1971 2135 2195 2065 
1740 1971 2135 2195 2065 1972 2136 2196 2066 
1741 1972 2136 2196 2066 1242 1324 1354 1289 
1742 521 476 463 423 2205 2115 2089 2009 
1743 2205 2115 2089 2009 2206 2116 2090 2010 
1744 2206 2116 2090 2010 1359 1314 1301 1261 
1745 485 530 401 466 2133 2223 1965 2095 
1746 2133 2223 1965 2095 2134 2224 1966 2096 
1747 2134 2224 1966 2096 1323 1368 1239 1304 
1748 482 403 427 452 2127 1969 2017 2067 
1749 2127 1969 2017 2067 2128 1970 2018 2068 
1750 2128 1970 2018 2068 1320 1241 1265 1290 
1751 464 418 436 496 2091 1999 2035 2155 
1752 2091 1999 2035 2155 2092 2000 2036 2156 
1753 2092 2000 2036 2156 1302 1256 1274 1334 
1754 489 474 409 426 2141 2111 1981 2015 
1755 2141 2111 1981 2015 2142 2112 1982 2016 
1756 2142 2112 1982 2016 1327 1312 1247 1264 
1757 550 456 481 512 2263 2075 2125 2187 
1758 2263 2075 2125 2187 2264 2076 2126 2188 
1759 2264 2076 2126 2188 1388 1294 1319 1350 
1760 738 664 618 705 2639 2491 2399 2573 
1761 2639 2491 2399 2573 2640 2492 2400 2574 
1762 2640 2492 2400 2574 1576 1502 1456 1543 
1763 456 493 469 424 2075 2149 2101 2011 
1764 2075 2149 2101 2011 2076 2150 2102 2012 
1765 2076 2150 2102 2012 1294 1331 1307 1262 
1766 728 691 619 726 2619 2545 2401 2615 
1767 2619 2545 2401 2615 2620 2546 2402 2616 
1768 2620 2546 2402 2616 1566 1529 1457 1564 
1769 532 518 512 481 2227 2199 2187 2125 
1770 2227 2199 2187 2125 2228 2200 2188 2126 
1771 2228 2200 2188 2126 1370 1356 1350 1319 
1772 369 347 436 418 1901 1857 2035 1999 
1773 1901 1857 2035 1999 1902 1858 2036 2000 
1774 1902 1858 2036 2000 1207 1185 1274 1256 
1775 507 563 482 452 2177 2289 2127 2067 
1776 2177 2289 2127 2067 2178 2290 2128 2068 
1777 2178 2290 2128 2068 1345 1401 1320 1290 
1778 782 793 864 738 2727 2749 2891 2639 
1779 2727 2749 2891 2639 2728 2750 2892 2640 
1780 2728 2750 2892 2640 1620 1631 1702 1576 
1781 664 575 561 618 2491 2313 2285 2399 
1782 2491 2313 2285 2399 2492 2314 2286 2400 
1783 2492 2314 2286 2400 1502 1413 1399 1456 
1784 551 571 706 647 2265 2305 2575 2457 
1785 2265 2305 2575 2457 2266 2306 2576 2458 
1786 2266 2306 2576 2458 1389 1409 1544 1485 
1787 731 580 719 633 2625 2323 2601 2429 
1788 2625 2323 2601 2429 2626 2324 2602 2430 
1789 2626 2324 2602 2430 1569 1418 1557 1471 
1790 677 562 596 629 2517 2287 2355 2421 
1791 2517 2287 2355 2421 2518 2288 2356 2422 
1792 2518 2288 2356 2422 1515 1400 1434 1467 
1793 462 440 405 468 2087 2043 1973 2099 
1794 2087 2043 1973 2099 2088 2044 1974 2100 
1795 2088 2044 1974 2100 1300 1278 1243 1306 
1796 732 702 641 660 2627 2567 2445 2483 
1797 2627 2567 2445 2483 2628 2568 2446 2484 
1798 2628 2568 2446 2484 1570 1540 1479 1498 
1799 755 736 620 708 2673 2635 2403 2579 
1800 2673 2635 2403 2579 2674 2636 2404 2580 
1801 2674 2636 2404 2580 1593 1574 1458 1546 
1802 762 741 714 713 2687 2645 2591 2589 
1803 2687 2645 2591 2589 2688 2646 2592 2590 
1804 2688 2646 2592 2590 1600 1579 1552 1551 
1805 770 797 703 734 2703 2757 2569 2631 
1806 2703 2757 2569 2631 2704 2758 2570 2632 
1807 2704 2758 2570 2632 1608 1635 1541 1572 
1808 31 30 338 281 899 897 1839 1725 
1809 899 897 1839 1725 900 898 1840 1726 
1810 900 898 1840 1726 157 156 1176 1119 
1811 828 713 714 682 2819 2589 2591 2527 
1812 2819 2589 2591 2527 2820 2590 2592 2528 
1813 2820 2590 2592 2528 1666 1551 1552 1520 
1814 609 480 509 562 2381 2123 2181 2287 
1815 2381 2123 2181 2287 2382 2124 2182 2288 
1816 2382 2124 2182 2288 1447 1318 1347 1400 
1817 735 661 622 703 2633 2485 2407 2569 
1818 2633 2485 2407 2569 2634 2486 2408 2570 
1819 2634 2486 2408 2570 1573 1499 1460 1541 
1820 572 538 479 502 2307 2239 2121 2167 
1821 2307 2239 2121 2167 2308 2240 2122 2168 
1822 2308 2240 2122 2168 1410 1376 1317 1340 
1823 654 535 510 613 2471 2233 2183 2389 
1824 2471 2233 2183 2389 2472 2234 2184 2390 
1825 2472 2234 2184 2390 1492 1373 1348 1451 
1826 522 554 591 537 2207 2271 2345 2237 
1827 2207 2271 2345 2237 2208 2272 2346 2238 
1828 2208 2272 2346 2238 1360 1392 1429 1375 
1829 471 498 432 410 2105 2159 2027 1983 
1830 2105 2159 2027 1983 2106 2160 2028 1984 
1831 2106 2160 2028 1984 1309 1336 1270 1248 
1832 709 756 686 630 2581 2675 2535 2423 
1833 2581 2675 2535 2423 2582 2676 2536 2424 
1834 2582 2676 2536 2424 1547 1594 1524 1468 
1835 496 436 341 408 2155 2035 1845 1979 
1836 2155 2035 1845 1979 2156 2036 1846 1980 
1837 2156 2036 1846 1980 1334 1274 1179 1246 
1838 660 641 539 585 2483 2445 2241 2333 
1839 2483 2445 2241 2333 2484 2446 2242 2334 
1840 2484 2446 2242 2334 1498 1479 1377 1423 
1841 762 824 841 799 2687 2811 2845 2761 
1842 2687 2811 2845 2761 2688 2812 2846 2762 
1843 2688 2812 2846 2762 1600 1662 1679 1637 
1844 741 865 665 714 2645 2893 2493 2591 
1845 2645 2893 2493 2591 2646 2894 2494 2592 
1846 2646 2894 2494 2592 1579 1703 1503 1552 
1847 397 375 428 405 1957 1913 2019 1973 
1848 1957 1913 2019 1973 1958 1914 2020 1974 
1849 1958 1914 2020 1974 1235 1213 1266 1243 
1850 408 341 383 567 1979 1845 1929 2297 
1851 1979 1845 1929 2297 1980 1846 1930 2298 
1852 1980 1846 1930 2298 1246 1179 1221 1405 
1853 516 505 494 451 2195 2173 2151 2065 
1854 2195 2173 2151 2065 2196 2174 2152 2066 
1855 2196 2174 2152 2066 1354 1343 1332 1289 
1856 635 574 729 697 2433 2311 2621 2557 
1857 2433 2311 2621 2557 2434 2312 2622 2558 
1858 2434 2312 2622 2558 1473 1412 1567 1535 
1859 528 433 450 473 2219 2029 2063 2109 
1860 2219 2029 2063 2109 2220 2030 2064 2110 
1861 2220 2030 2064 2110 1366 1271 1288 1311 
1862 491 455 552 514 2145 2073 2267 2191 
1863 2145 2073 2267 2191 2146 2074 2268 2192 
1864 2146 2074 2268 2192 1329 1293 1390 1352 
1865 646 625 589 544 2455 2413 2341 2251 
1866 2455 2413 2341 2251 2456 2414 2342 2252 
1867 2456 2414 2342 2252 1484 1463 1427 1382 
1868 818 824 762 798 2799 2811 2687 2759 
1869 2799 2811 2687 2759 2800 2812 2688 2760 
1870 2800 2812 2688 2760 1656 1662 1600 1636 
1871 562 509 597 596 2287 2181 2357 2355 
1872 2287 2181 2357 2355 2288 2182 2358 2356 
1873 2288 2182 2358 2356 1400 1347 1435 1434 
1874 446 441 407 378 2055 2045 1977 1919 
1875 2055 2045 1977 1919 2056 2046 1978 1920 
1876 2056 2046 1978 1920 1284 1279 1245 1216 
1877 452 427 463 487 2067 2017 2089 2137 
1878 2067 2017 2089 2137 2068 2018 2090 2138 
1879 2068 2018 2090 2138 1290 1265 1301 1325 
1880 783 665 865 740 2729 2493 2893 2643 
1881 2729 2493 2893 2643 2730 2494 2894 2644 
1882 2730 2494 2894 2644 1621 1503 1703 1578 
1883 507 452 487 522 2177 2067 2137 2207 
1884 2177 2067 2137 2207 2178 2068 2138 2208 
1885 2178 2068 2138 2208 1345 1290 1325 1360 
1886 455 437 412 494 2073 2037 1987 2151 
1887 2073 2037 1987 2151 2074 2038 1988 2152 
1888 2074 2038 1988 2152 1293 1275 1250 1332 
1889 509 480 457 477 2181 2123 2077 2117 
1890 2181 2123 2077 2117 2182 2124 2078 2118 
1891 2182 2124 2078 2118 1347 1318 1295 1315 
1892 639 724 745 666 2441 2611 2653 2495 
1893 2441 2611 2653 2495 2442 2612 2654 2496 
1894 2442 2612 2654 2496 1477 1562 1583 1504 
1895 517 566 483 508 2197 2295 2129 2179 
1896 2197 2295 2129 2179 2198 2296 2130 2180 
1897 2198 2296 2130 2180 1355 1404 1321 1346 
1898 508 519 608 543 2179 2201 2379 2249 
1899 2179 2201 2379 2249 2180 2202 2380 2250 
1900 2180 2202 2380 2250 1346 1357 1446 1381 
1901 658 526 555 610 2479 2215 2273 2383 
1902 2479 2215 2273 2383 2480 2216 2274 2384 
1903 2480 2216 2274 2384 1496 1364 1393 1448 
1904 817 789 833 859 2797 2741 2829 2881 
1905 2797 2741 2829 2881 2798 2742 2830 2882 
1906 2798 2742 2830 2882 1655 1627 1671 1697 
1907 686 756 679 605 2535 2675 2521 2373 
1908 2535 2675 2521 2373 2536 2676 2522 2374 
1909 2536 2676 2522 2374 1524 1594 1517 1443 
1910 661 571 538 622 2485 2305 2239 2407 
1911 2485 2305 2239 2407 2486 2306 2240 2408 
1912 2486 2306 2240 2408 1499 1409 1376 1460 
1913 739 742 774 795 2641 2647 2711 2753 
1914 2641 2647 2711 2753 2642 2648 2712 2754 
1915 2642 2648 2712 2754 1577 1580 1612 1633 
1916 432 373 386 410 2027 1909 1935 1983 
1917 2027 1909 1935 1983 2028 1910 1936 1984 
1918 2028 1910 1936 1984 1270 1211 1224 1248 
1919 743 764 769 684 2649 2691 2701 2531 
1920 2649 2691 2701 2531 2650 2692 2702 2532 
1921 2650 2692 2702 2532 1581 1602 1607 1522 
1922 697 708 694 635 2557 2579 2551 2433 
1923 2557 2579 2551 2433 2558 2580 2552 2434 
1924 2558 2580 2552 2434 1535 1546 1532 1473 
1925 478 523 498 471 2119 2209 2159 2105 
1926 2119 2209 2159 2105 2120 2210 2160 2106 
1927 2120 2210 2160 2106 1316 1361 1336 1309 
1928 661 735 787 780 2485 2633 2737 2723 
1929 2485 2633 2737 2723 2486 2634 2738 2724 
1930 2486 2634 2738 2724 1499 1573 1625 1618 
1931 641 784 614 539 2445 2731 2391 2241 
1932 2445 2731 2391 2241 2446 2732 2392 2242 
1933 2446 2732 2392 2242 1479 1622 1452 1377 
1934 701 737 729 662 2565 2637 2621 2487 
1935 2565 2637 2621 2487 2566 2638 2622 2488 
1936 2566 2638 2622 2488 1539 1575 1567 1500 
1937 573 781 621 598 2309 2725 2405 2359 
1938 2309 2725 2405 2359 2310 2726 2406 2360 
1939 2310 2726 2406 2360 1411 1619 1459 1436 
1940 444 398 376 406 2051 1959 1915 1975 
1941 2051 1959 1915 1975 2052 1960 1916 1976 
1942 2052 1960 1916 1976 1282 1236 1214 1244 
1943 856 866 770 790 2875 2895 2703 2743 
1944 2875 2895 2703 2743 2876 2896 2704 2744 
1945 2876 2896 2704 2744 1694 1704 1608 1628 
1946 722 687 628 689 2607 2537 2419 2541 
1947 2607 2537 2419 2541 2608 2538 2420 2542 
1948 2608 2538 2420 2542 1560 1525 1466 1527 
1949 459 483 444 406 2081 2129 2051 1975 
1950 2081 2129 2051 1975 2082 2130 2052 1976 
1951 2082 2130 2052 1976 1297 1321 1282 1244 
1952 537 591 670 617 2237 2345 2503 2397 
1953 2237 2345 2503 2397 2238 2346 2504 2398 
1954 2238 2346 2504 2398 1375 1429 1508 1455 
1955 601 569 604 492 2365 2301 2371 2147 
1956 2365 2301 2371 2147 2366 2302 2372 2148 
1957 2366 2302 2372 2148 1439 1407 1442 1330 
1958 840 745 769 786 2843 2653 2701 2735 
1959 2843 2653 2701 2735 2844 2654 2702 2736 
1960 2844 2654 2702 2736 1678 1583 1607 1624 
1961 342 394 327 286 1847 1951 1817 1735 
1962 1847 1951 1817 1735 1848 1952 1818 1736 
1963 1848 1952 1818 1736 1180 1232 1165 1124 
1964 346 396 339 289 1855 1955 1841 1741 
1965 1855 1955 1841 1741 1856 1956 1842 1742 
1966 1856 1956 1842 1742 1184 1234 1177 1127 
1967 343 395 340 281 1849 1953 1843 1725 
1968 1849 1953 1843 1725 1850 1954 1844 1726 
1969 1850 1954 1844 1726 1181 1233 1178 1119 
1970 566 454 405 428 2295 2071 1973 2019 
1971 2295 2071 1973 2019 2296 2072 1974 2020 
1972 2296 2072 1974 2020 1404 1292 1243 1266 
1973 316 383 341 361 1795 1929 1845 1885 
1974 1795 1929 1845 1885 1796 1930 1846 1886 
1975 1796 1930 1846 1886 1154 1221 1179 1199 
1976 662 540 587 623 2487 2243 2337 2409 
1977 2487 2243 2337 2409 2488 2244 2338 2410 
1978 2488 2244 2338 2410 1500 1378 1425 1461 
1979 477 457 441 425 2117 2077 2045 2013 
1980 2117 2077 2045 2013 2118 2078 2046 2014 
1981 2118 2078 2046 2014 1315 1295 1279 1263 
1982 457 470 407 441 2077 2103 1977 2045 
1983 2077 2103 1977 2045 2078 2104 1978 2046 
1984 2078 2104 1978 2046 1295 1308 1245 1279 
1985 575 534 523 561 2313 2231 2209 2285 
1986 2313 2231 2209 2285 2314 2232 2210 2286 
1987 2314 2232 2210 2286 1413 1372 1361 1399 
1988 313 354 445 385 1789 1871 2053 1933 
1989 1789 1871 2053 1933 1790 1872 2054 1934 
1990 1790 1872 2054 1934 1151 1192 1283 1223 
1991 812 710 629 666 2787 2583 2421 2495 
1992 2787 2583 2421 2495 2788 2584 2422 2496 
1993 2788 2584 2422 2496 1650 1548 1467 1504 
1994 710 785 677 629 2583 2733 2517 2421 
1995 2583 2733 2517 2421 2584 2734 2518 2422 
1996 2584 2734 2518 2422 1548 1623 1515 1467 
1997 414 431 433 381 1991 2025 2029 1925 
1998 1991 2025 2029 1925 1992 2026 2030 1926 
1999 1992 2026 2030 1926 1252 1269 1271 1219 
2000 607 696 627 587 2377 2555 2417 2337 
2001 2377 2555 2417 2337 2378 2556 2418 2338 
2002 2378 2556 2418 2338 1445 1534 1465 1425 
2003 725 753 576 620 2613 2669 2315 2403 
2004 2613 2669 2315 2403 2614 2670 2316 2404 
2005 2614 2670 2316 2404 1563 1591 1414 1458 
2006 664 698 636 575 2491 2559 2435 2313 
2007 2491 2559 2435 2313 2492 2560 2436 2314 
2008 2492 2560 2436 2314 1502 1536 1474 1413 
2009 616 583 644 682 2395 2329 2451 2527 
2010 2395 2329 2451 2527 2396 2330 2452 2528 
2011 2396 2330 2452 2528 1454 1421 1482 1520 
2012 540 503 493 520 2243 2169 2149 2203 
2013 2243 2169 2149 2203 2244 2170 2150 2204 
2014 2244 2170 2150 2204 1378 1341 1331 1358 
2015 630 677 744 709 2423 2517 2651 2581 
2016 2423 2517 2651 2581 2424 2518 2652 2582 
2017 2424 2518 2652 2582 1468 1515 1582 1547 
2018 447 439 467 442 2057 2041 2097 2047 
2019 2057 2041 2097 2047 2058 2042 2098 2048 
2020 2058 2042 2098 2048 1285 1277 1305 1280 
2021 572 502 583 616 2307 2167 2329 2395 
2022 2307 2167 2329 2395 2308 2168 2330 2396 
2023 2308 2168 2330 2396 1410 1340 1421 1454 
2024 766 700 739 870 2695 2563 2641 2903 
2025 2695 2563 2641 2903 2696 2564 2642 2904 
2026 2696 2564 2642 2904 1604 1538 1577 1708 
2027 722 692 625 687 2607 2547 2413 2537 
2028 2607 2547 2413 2537 2608 2548 2414 2538 
2029 2608 2548 2414 2538 1560 1530 1463 1525 
2030 760 782 738 705 2683 2727 2639 2573 
2031 2683 2727 2639 2573 2684 2728 2640 2574 
2032 2684 2728 2640 2574 1598 1620 1576 1543 
2033 531 467 470 484 2225 2097 2103 2131 
2034 2225 2097 2103 2131 2226 2098 2104 2132 
2035 2226 2098 2104 2132 1369 1305 1308 1322 
2036 866 853 797 770 2895 2869 2757 2703 
2037 2895 2869 2757 2703 2896 2870 2758 2704 
2038 2896 2870 2758 2704 1704 1691 1635 1608 
2039 483 459 519 508 2129 2081 2201 2179 
2040 2129 2081 2201 2179 2130 2082 2202 2180 
2041 2130 2082 2202 2180 1321 1297 1357 1346 
2042 638 650 674 663 2439 2463 2511 2489 
2043 2439 2463 2511 2489 2440 2464 2512 2490 
2044 2440 2464 2512 2490 1476 1488 1512 1501 
2045 843 773 789 817 2849 2709 2741 2797 
2046 2849 2709 2741 2797 2850 2710 2742 2798 
2047 2850 2710 2742 2798 1681 1611 1627 1655 
2048 694 576 554 504 2551 2315 2271 2171 
2049 2551 2315 2271 2171 2552 2316 2272 2172 
2050 2552 2316 2272 2172 1532 1414 1392 1342 
2051 729 574 540 662 2621 2311 2243 2487 
2052 2621 2311 2243 2487 2622 2312 2244 2488 
2053 2622 2312 2244 2488 1567 1412 1378 1500 
2054 293 380 344 363 1749 1923 1851 1889 
2055 1749 1923 1851 1889 1750 1924 1852 1890 
2056 1750 1924 1852 1890 1131 1218 1182 1201 
2057 372 403 659 445 1907 1969 2481 2053 
2058 1907 1969 2481 2053 1908 1970 2482 2054 
2059 1908 1970 2482 2054 1210 1241 1497 1283 
2060 522 537 573 507 2207 2237 2309 2177 
2061 2207 2237 2309 2177 2208 2238 2310 2178 
2062 2208 2238 2310 2178 1360 1375 1411 1345 
2063 503 559 565 461 2169 2281 2293 2085 
2064 2169 2281 2293 2085 2170 2282 2294 2086 
2065 2170 2282 2294 2086 1341 1397 1403 1299 
2066 834 796 307 855 2831 2755 1777 2873 
2067 2831 2755 1777 2873 2832 2756 1778 2874 
2068 2832 2756 1778 2874 1672 1634 1145 1693 
2069 710 812 299 778 2583 2787 1761 2719 
2070 2583 2787 1761 2719 2584 2788 1762 2720 
2071 2584 2788 1762 2720 1548 1650 1137 1616 
2072 417 603 423 374 1997 2369 2009 1911 
2073 1997 2369 2009 1911 1998 2370 2010 1912 
2074 1998 2370 2010 1912 1255 1441 1261 1212 
2075 529 485 600 568 2221 2133 2363 2299 
2076 2221 2133 2363 2299 2222 2134 2364 2300 
2077 2222 2134 2364 2300 1367 1323 1438 1406 
2078 625 646 711 687 2413 2455 2585 2537 
2079 2413 2455 2585 2537 2414 2456 2586 2538 
2080 2414 2456 2586 2538 1463 1484 1549 1525 
2081 605 679 719 645 2373 2521 2601 2453 
2082 2373 2521 2601 2453 2374 2522 2602 2454 
2083 2374 2522 2602 2454 1443 1517 1557 1483 
2084 723 626 717 711 2609 2415 2597 2585 
2085 2609 2415 2597 2585 2610 2416 2598 2586 
2086 2610 2416 2598 2586 1561 1464 1555 1549 
2087 379 434 424 400 1921 2031 2011 1963 
2088 1921 2031 2011 1963 1922 2032 2012 1964 
2089 1922 2032 2012 1964 1217 1272 1262 1238 
2090 80 79 298 861 997 995 1759 2885 
2091 997 995 1759 2885 998 996 1760 2886 
2092 998 996 1760 2886 212 211 1136 1699 
2093 763 855 810 767 2689 2873 2783 2697 
2094 2689 2873 2783 2697 2690 2874 2784 2698 
2095 2690 2874 2784 2698 1601 1693 1648 1605 
2096 540 574 559 503 2243 2311 2281 2169 
2097 2243 2311 2281 2169 2244 2312 2282 2170 
2098 2244 2312 2282 2170 1378 1412 1397 1341 
2099 565 603 417 429 2293 2369 1997 2021 
2100 2293 2369 1997 2021 2294 2370 1998 2022 
2101 2294 2370 1998 2022 1403 1441 1255 1267 
2102 568 541 497 529 2299 2245 2157 2221 
2103 2299 2245 2157 2221 2300 2246 2158 2222 
2104 2300 2246 2158 2222 1406 1379 1335 1367 
2105 329 370 392 393 1821 1903 1947 1949 
2106 1821 1903 1947 1949 1822 1904 1948 1950 
2107 1822 1904 1948 1950 1167 1208 1230 1231 
2108 606 482 563 560 2375 2127 2289 2283 
2109 2375 2127 2289 2283 2376 2128 2290 2284 
2110 2376 2128 2290 2284 1444 1320 1401 1398 
2111 417 391 400 429 1997 1945 1963 2021 
2112 1997 1945 1963 2021 1998 1946 1964 2022 
2113 1998 1946 1964 2022 1255 1229 1238 1267 
2114 341 436 347 388 1845 2035 1857 1939 
2115 1845 2035 1857 1939 1846 2036 1858 1940 
2116 1846 2036 1858 1940 1179 1274 1185 1226 
2117 392 344 402 435 1947 1851 1967 2033 
2118 1947 1851 1967 2033 1948 1852 1968 2034 
2119 1948 1852 1968 2034 1230 1182 1240 1273 
2120 747 668 627 720 2657 2499 2417 2603 
2121 2657 2499 2417 2603 2658 2500 2418 2604 
2122 2658 2500 2418 2604 1585 1506 1465 1558 
2123 528 551 516 486 2219 2265 2195 2135 
2124 2219 2265 2195 2135 2220 2266 2196 2136 
2125 2220 2266 2196 2136 1366 1389 1354 1324 
2126 416 374 423 463 1995 1911 2009 2089 
2127 1995 1911 2009 2089 1996 1912 2010 2090 
2128 1996 1912 2010 2090 1254 1212 1261 1301 
2129 381 433 404 348 1925 2029 1971 1859 
2130 1925 2029 1971 1859 1926 2030 1972 1860 
2131 1926 2030 1972 1860 1219 1271 1242 1186 
2132 389 427 403 372 1941 2017 1969 1907 
2133 1941 2017 1969 1907 1942 2018 1970 1908 
2134 1942 2018 1970 1908 1227 1265 1241 1210 
2135 384 345 393 409 1931 1853 1949 1981 
2136 1931 1853 1949 1981 1932 1854 1950 1982 
2137 1932 1854 1950 1982 1222 1183 1231 1247 
2138 3 354 313 22 146 1871 1789 881 
2139 146 1871 1789 881 147 1872 1790 882 
2140 147 1872 1790 882 11 1192 1151 148 
2141 471 458 525 478 2105 2079 2213 2119 
2142 2105 2079 2213 2119 2106 2080 2214 2120 
2143 2106 2080 2214 2120 1309 1296 1363 1316 
2144 342 365 375 397 1847 1893 1913 1957 
2145 1847 1893 1913 1957 1848 1894 1914 1958 
2146 1848 1894 1914 1958 1180 1203 1213 1235 
2147 346 367 378 399 1855 1897 1919 1961 
2148 1855 1897 1919 1961 1856 1898 1920 1962 
2149 1856 1898 1920 1962 1184 1205 1216 1237 
2150 575 636 644 534 2313 2435 2451 2231 
2151 2313 2435 2451 2231 2314 2436 2452 2232 
2152 2314 2436 2452 2232 1413 1474 1482 1372 
2153 517 499 454 566 2197 2161 2071 2295 
2154 2197 2161 2071 2295 2198 2162 2072 2296 
2155 2198 2162 2072 2296 1355 1337 1292 1404 
2156 343 366 376 398 1849 1895 1915 1959 
2157 1849 1895 1915 1959 1850 1896 1916 1960 
2158 1850 1896 1916 1960 1181 1204 1214 1236 
2159 659 403 482 606 2481 1969 2127 2375 
2160 2481 1969 2127 2375 2482 1970 2128 2376 
2161 2482 1970 2128 2376 1497 1241 1320 1444 
2162 755 708 697 758 2673 2579 2557 2679 
2163 2673 2579 2557 2679 2674 2580 2558 2680 
2164 2674 2580 2558 2680 1593 1546 1535 1596 
2165 734 783 790 770 2631 2729 2743 2703 
2166 2631 2729 2743 2703 2632 2730 2744 2704 
2167 2632 2730 2744 2704 1572 1621 1628 1608 
2168 571 661 780 706 2305 2485 2723 2575 
2169 2305 2485 2723 2575 2306 2486 2724 2576 
2170 2306 2486 2724 2576 1409 1499 1618 1544 
2171 444 428 375 398 2051 2019 1913 1959 
2172 2051 2019 1913 1959 2052 2020 1914 1960 
2173 2052 2020 1914 1960 1282 1266 1213 1236 
2174 833 789 767 810 2829 2741 2697 2783 
2175 2829 2741 2697 2783 2830 2742 2698 2784 
2176 2830 2742 2698 2784 1671 1627 1605 1648 
2177 723 757 691 626 2609 2677 2545 2415 
2178 2609 2677 2545 2415 2610 2678 2546 2416 
2179 2610 2678 2546 2416 1561 1595 1529 1464 
2180 844 819 787 279 2851 2801 2737 1721 
2181 2851 2801 2737 1721 2852 2802 2738 1722 
2182 2852 2802 2738 1722 1682 1657 1625 1117 
2183 406 442 490 459 1975 2047 2143 2081 
2184 1975 2047 2143 2081 1976 2048 2144 2082 
2185 1976 2048 2144 2082 1244 1280 1328 1297 
2186 716 572 616 665 2595 2307 2395 2493 
2187 2595 2307 2395 2493 2596 2308 2396 2494 
2188 2596 2308 2396 2494 1554 1410 1454 1503 
2189 585 539 505 516 2333 2241 2173 2195 
2190 2333 2241 2173 2195 2334 2242 2174 2196 
2191 2334 2242 2174 2196 1423 1377 1343 1354 
2192 277 816 799 845 1717 2795 2761 2853 
2193 1717 2795 2761 2853 1718 2796 2762 2854 
2194 1718 2796 2762 2854 1115 1654 1637 1683 
2195 437 380 387 412 2037 1923 1937 1987 
2196 2037 1923 1937 1987 2038 1924 1938 1988 
2197 2038 1924 1938 1988 1275 1218 1225 1250 
2198 788 305 792 829 2739 1773 2747 2821 
2199 2739 1773 2747 2821 2740 1774 2748 2822 
2200 2740 1774 2748 2822 1626 1143 1630 1667 
2201 736 755 767 789 2635 2673 2697 2741 
2202 2635 2673 2697 2741 2636 2674 2698 2742 
2203 2636 2674 2698 2742 1574 1593 1605 1627 
2204 779 765 804 807 2721 2693 2771 2777 
2205 2721 2693 2771 2777 2722 2694 2772 2778 
2206 2722 2694 2772 2778 1617 1603 1642 1645 
2207 448 451 494 412 2059 2065 2151 1987 
2208 2059 2065 2151 1987 2060 2066 2152 1988 
2209 2060 2066 2152 1988 1286 1289 1332 1250 
2210 478 525 535 599 2119 2213 2233 2361 
2211 2119 2213 2233 2361 2120 2214 2234 2362 
2212 2120 2214 2234 2362 1316 1363 1373 1437 
2213 378 422 421 446 1919 2007 2005 2055 
2214 1919 2007 2005 2055 1920 2008 2006 2056 
2215 1920 2008 2006 2056 1216 1260 1259 1284 
2216 524 598 621 656 2211 2359 2405 2475 
2217 2211 2359 2405 2475 2212 2360 2406 2476 
2218 2212 2360 2406 2476 1362 1436 1459 1494 
2219 614 619 691 577 2391 2401 2545 2317 
2220 2391 2401 2545 2317 2392 2402 2546 2318 
2221 2392 2402 2546 2318 1452 1457 1529 1415 
2222 472 449 529 497 2107 2061 2221 2157 
2223 2107 2061 2221 2157 2108 2062 2222 2158 
2224 2108 2062 2222 2158 1310 1287 1367 1335 
2225 557 409 393 411 2277 1981 1949 1985 
2226 2277 1981 1949 1985 2278 1982 1950 1986 
2227 2278 1982 1950 1986 1395 1247 1231 1249 
2228 440 438 377 415 2043 2039 1917 1993 
2229 2043 2039 1917 1993 2044 2040 1918 1994 
2230 2044 2040 1918 1994 1278 1276 1215 1253 
2231 606 425 421 659 2375 2013 2005 2481 
2232 2375 2013 2005 2481 2376 2014 2006 2482 
2233 2376 2014 2006 2482 1444 1263 1259 1497 
2234 635 694 504 547 2433 2551 2171 2257 
2235 2433 2551 2171 2257 2434 2552 2172 2258 
2236 2434 2552 2172 2258 1473 1532 1342 1385 
2237 585 516 551 647 2333 2195 2265 2457 
2238 2333 2195 2265 2457 2334 2196 2266 2458 
2239 2334 2196 2266 2458 1423 1354 1389 1485 
2240 367 346 289 317 1897 1855 1741 1797 
2241 1897 1855 1741 1797 1898 1856 1742 1798 
2242 1898 1856 1742 1798 1205 1184 1127 1155 
2243 365 342 286 337 1893 1847 1735 1837 
2244 1893 1847 1735 1837 1894 1848 1736 1838 
2245 1894 1848 1736 1838 1203 1180 1124 1175 
2246 366 343 281 338 1895 1849 1725 1839 
2247 1895 1849 1725 1839 1896 1850 1726 1840 
2248 1896 1850 1726 1840 1204 1181 1119 1176 
2249 618 685 718 705 2399 2533 2599 2573 
2250 2399 2533 2599 2573 2400 2534 2600 2574 
2251 2400 2534 2600 2574 1456 1523 1556 1543 
2252 323 869 838 857 1809 2901 2839 2877 
2253 1809 2901 2839 2877 1810 2902 2840 2878 
2254 1810 2902 2840 2878 1161 1707 1676 1695 
2255 743 831 808 764 2649 2825 2779 2691 
2256 2649 2825 2779 2691 2650 2826 2780 2692 
2257 2650 2826 2780 2692 1581 1669 1646 1602 
2258 739 670 725 742 2641 2503 2613 2647 
2259 2641 2503 2613 2647 2642 2504 2614 2648 
2260 2642 2504 2614 2648 1577 1508 1563 1580 
2261 558 605 645 548 2279 2373 2453 2259 
2262 2279 2373 2453 2259 2280 2374 2454 2260 
2263 2280 2374 2454 2260 1396 1443 1483 1386 
2264 437 402 344 380 2037 1967 1851 1923 
2265 2037 1967 1851 1923 2038 1968 1852 1924 
2266 2038 1968 1852 1924 1275 1240 1182 1218 
2267 796 834 771 800 2755 2831 2705 2763 
2268 2755 2831 2705 2763 2756 2832 2706 2764 
2269 2756 2832 2706 2764 1634 1672 1609 1638 
2270 461 565 429 469 2085 2293 2021 2101 
2271 2085 2293 2021 2101 2086 2294 2022 2102 
2272 2086 2294 2022 2102 1299 1403 1267 1307 
2273 815 790 783 740 2793 2743 2729 2643 
2274 2793 2743 2729 2643 2794 2744 2730 2644 
2275 2794 2744 2730 2644 1653 1628 1621 1578 
2276 412 387 348 448 1987 1937 1859 2059 
2277 1987 1937 1859 2059 1988 1938 1860 2060 
2278 1988 1938 1860 2060 1250 1225 1186 1286 
2279 657 579 568 600 2477 2321 2299 2363 
2280 2477 2321 2299 2363 2478 2322 2300 2364 
2281 2478 2322 2300 2364 1495 1417 1406 1438 
2282 569 460 491 514 2301 2083 2145 2191 
2283 2301 2083 2145 2191 2302 2084 2146 2192 
2284 2302 2084 2146 2192 1407 1298 1329 1352 
2285 842 761 738 864 2847 2685 2639 2891 
2286 2847 2685 2639 2891 2848 2686 2640 2892 
2287 2848 2686 2640 2892 1680 1599 1576 1702 
2288 318 807 837 820 1799 2777 2837 2803 
2289 1799 2777 2837 2803 1800 2778 2838 2804 
2290 1800 2778 2838 2804 1156 1645 1675 1658 
2291 324 821 793 811 1811 2805 2749 2785 
2292 1811 2805 2749 2785 1812 2806 2750 2786 
2293 1812 2806 2750 2786 1162 1659 1631 1649 
2294 539 614 552 505 2241 2391 2267 2173 
2295 2241 2391 2267 2173 2242 2392 2268 2174 
2296 2242 2392 2268 2174 1377 1452 1390 1343 
2297 644 636 828 682 2451 2435 2819 2527 
2298 2451 2435 2819 2527 2452 2436 2820 2528 
2299 2452 2436 2820 2528 1482 1474 1666 1520 
2300 692 640 579 657 2547 2443 2321 2477 
2301 2547 2443 2321 2477 2548 2444 2322 2478 
2302 2548 2444 2322 2478 1530 1478 1417 1495 
2303 744 814 803 273 2651 2791 2769 1709 
2304 2651 2791 2769 1709 2652 2792 2770 1710 
2305 2652 2792 2770 1710 1582 1652 1641 1111 
2306 713 828 798 762 2589 2819 2759 2687 
2307 2589 2819 2759 2687 2590 2820 2760 2688 
2308 2590 2820 2760 2688 1551 1666 1636 1600 
2309 493 456 550 520 2149 2075 2263 2203 
2310 2149 2075 2263 2203 2150 2076 2264 2204 
2311 2150 2076 2264 2204 1331 1294 1388 1358 
2312 109 108 794 805 1055 1053 2751 2773 
2313 1055 1053 2751 2773 1056 1054 2752 2774 
2314 1056 1054 2752 2774 245 244 1632 1643 
2315 89 88 841 849 1015 1013 2845 2861 
2316 1015 1013 2845 2861 1016 1014 2846 2862 
2317 1016 1014 2846 2862 221 220 1679 1687 
2318 125 124 796 800 1087 1085 2755 2763 
2319 1087 1085 2755 2763 1088 1086 2756 2764 
2320 1088 1086 2756 2764 261 260 1634 1638 
2321 114 113 788 801 1065 1063 2739 2765 
2322 1065 1063 2739 2765 1066 1064 2740 2766 
2323 1066 1064 2740 2766 250 249 1626 1639 
2324 72 71 791 802 981 979 2745 2767 
2325 981 979 2745 2767 982 980 2746 2768 
2326 982 980 2746 2768 204 203 1629 1640 
2327 734 716 665 783 2631 2595 2493 2729 
2328 2631 2595 2493 2729 2632 2596 2494 2730 
2329 2632 2596 2494 2730 1572 1554 1503 1621 
2330 608 580 555 543 2379 2323 2273 2249 
2331 2379 2323 2273 2249 2380 2324 2274 2250 
2332 2380 2324 2274 2250 1446 1418 1393 1381 
2333 824 818 868 841 2811 2799 2899 2845 
2334 2811 2799 2899 2845 2812 2800 2900 2846 
2335 2812 2800 2900 2846 1662 1656 1706 1679 
2336 863 846 816 277 2889 2855 2795 1717 
2337 2889 2855 2795 1717 2890 2856 2796 1718 
2338 2890 2856 2796 1718 1701 1684 1654 1115 
2339 685 618 561 599 2533 2399 2285 2361 
2340 2533 2399 2285 2361 2534 2400 2286 2362 
2341 2534 2400 2286 2362 1523 1456 1399 1437 
2342 459 490 531 519 2081 2143 2225 2201 
2343 2081 2143 2225 2201 2082 2144 2226 2202 
2344 2082 2144 2226 2202 1297 1328 1369 1357 
2345 547 504 476 521 2257 2171 2115 2205 
2346 2257 2171 2115 2205 2258 2172 2116 2206 
2347 2258 2172 2116 2206 1385 1342 1314 1359 
2348 447 376 396 413 2057 1915 1955 1989 
2349 2057 1915 1955 1989 2058 1916 1956 1990 
2350 2058 1916 1956 1990 1285 1214 1234 1251 
2351 384 409 474 443 1931 1981 2111 2049 
2352 1931 1981 2111 2049 1932 1982 2112 2050 
2353 1932 1982 2112 2050 1222 1247 1312 1281 
2354 298 853 866 861 1759 2869 2895 2885 
2355 1759 2869 2895 2885 1760 2870 2896 2886 
2356 1760 2870 2896 2886 1136 1691 1704 1699 
2357 689 595 546 632 2541 2353 2255 2427 
2358 2541 2353 2255 2427 2542 2354 2256 2428 
2359 2542 2354 2256 2428 1527 1433 1384 1470 
2360 649 680 590 556 2461 2523 2343 2275 
2361 2461 2523 2343 2275 2462 2524 2344 2276 
2362 2462 2524 2344 2276 1487 1518 1428 1394 
2363 546 595 515 488 2255 2353 2193 2139 
2364 2255 2353 2193 2139 2256 2354 2194 2140 
2365 2256 2354 2194 2140 1384 1433 1353 1326 
2366 692 657 589 625 2547 2477 2341 2413 
2367 2547 2477 2341 2413 2548 2478 2342 2414 
2368 2548 2478 2342 2414 1530 1495 1427 1463 
2369 544 604 681 646 2251 2371 2525 2455 
2370 2251 2371 2525 2455 2252 2372 2526 2456 
2371 2252 2372 2526 2456 1382 1442 1519 1484 
2372 391 417 295 359 1945 1997 1753 1881 
2373 1945 1997 1753 1881 1946 1998 1754 1882 
2374 1946 1998 1754 1882 1229 1255 1133 1197 
2375 835 278 833 810 2833 1719 2829 2783 
2376 2833 1719 2829 2783 2834 1720 2830 2784 
2377 2834 1720 2830 2784 1673 1116 1671 1648 
2378 278 848 859 833 1719 2859 2881 2829 
2379 1719 2859 2881 2829 1720 2860 2882 2830 
2380 1720 2860 2882 2830 1116 1686 1697 1671 
2381 381 294 356 414 1925 1751 1875 1991 
2382 1925 1751 1875 1991 1926 1752 1876 1992 
2383 1926 1752 1876 1992 1219 1132 1194 1252 
2384 573 598 563 507 2309 2359 2289 2177 
2385 2309 2359 2289 2177 2310 2360 2290 2178 
2386 2310 2360 2290 2178 1411 1436 1401 1345 
2387 721 718 693 671 2605 2599 2549 2505 
2388 2605 2599 2549 2505 2606 2600 2550 2506 
2389 2606 2600 2550 2506 1559 1556 1531 1509 
2390 358 387 380 293 1879 1937 1923 1749 
2391 1879 1937 1923 1749 1880 1938 1924 1750 
2392 1880 1938 1924 1750 1196 1225 1218 1131 
2393 677 630 609 562 2517 2423 2381 2287 
2394 2517 2423 2381 2287 2518 2424 2382 2288 
2395 2518 2424 2382 2288 1515 1468 1447 1400 
2396 637 652 690 584 2437 2467 2543 2331 
2397 2437 2467 2543 2331 2438 2468 2544 2332 
2398 2438 2468 2544 2332 1475 1490 1528 1422 
2399 666 745 840 812 2495 2653 2843 2787 
2400 2495 2653 2843 2787 2496 2654 2844 2788 
2401 2496 2654 2844 2788 1504 1583 1678 1650 
2402 832 847 764 808 2827 2857 2691 2779 
2403 2827 2857 2691 2779 2828 2858 2692 2780 
2404 2828 2858 2692 2780 1670 1685 1602 1646 
2405 77 76 838 869 991 989 2839 2901 
2406 991 989 2839 2901 992 990 2840 2902 
2407 992 990 2840 2902 209 208 1676 1707 
2408 80 861 308 81 997 2885 1779 999 
2409 997 2885 1779 999 998 2886 1780 1000 
2410 998 2886 1780 1000 212 1699 1146 213 
2411 97 642 301 98 1031 2447 1765 1033 
2412 1031 2447 1765 1033 1032 2448 1766 1034 
2413 1032 2448 1766 1034 229 1480 1139 230 
2414 133 553 302 134 1103 2269 1767 1105 
2415 1103 2269 1767 1105 1104 2270 1768 1106 
2416 1104 2270 1768 1106 269 1391 1140 270 
2417 668 623 587 627 2499 2409 2337 2417 
2418 2499 2409 2337 2417 2500 2410 2338 2418 
2419 2500 2410 2338 2418 1506 1461 1425 1465 
2420 486 404 433 528 2135 1971 2029 2219 
2421 2135 1971 2029 2219 2136 1972 2030 2220 
2422 2136 1972 2030 2220 1324 1242 1271 1366 
2423 325 776 747 750 1813 2715 2657 2663 
2424 1813 2715 2657 2663 1814 2716 2658 2664 
2425 1814 2716 2658 2664 1163 1614 1585 1588 
2426 720 627 696 695 2603 2417 2555 2553 
2427 2603 2417 2555 2553 2604 2418 2556 2554 
2428 2604 2418 2556 2554 1558 1465 1534 1533 
2429 439 399 378 407 2041 1961 1919 1977 
2430 2041 1961 1919 1977 2042 1962 1920 1978 
2431 2042 1962 1920 1978 1277 1237 1216 1245 
2432 405 440 415 397 1973 2043 1993 1957 
2433 1973 2043 1993 1957 1974 2044 1994 1958 
2434 1974 2044 1994 1958 1243 1278 1253 1235 
2435 376 447 442 406 1915 2057 2047 1975 
2436 1915 2057 2047 1975 1916 2058 2048 1976 
2437 1916 2058 2048 1976 1214 1285 1280 1244 
2438 443 474 466 401 2049 2111 2095 1965 
2439 2049 2111 2095 1965 2050 2112 2096 1966 
2440 2050 2112 2096 1966 1281 1312 1304 1239 
2441 102 803 320 103 1041 2769 1803 1043 
2442 1041 2769 1803 1043 1042 2770 1804 1044 
2443 1042 2770 1804 1044 238 1641 1158 239 
2444 106 105 299 813 1049 1047 1761 2789 
2445 1049 1047 1761 2789 1050 1048 1762 2790 
2446 1050 1048 1762 2790 242 241 1137 1651 
2447 82 81 308 867 1001 999 1779 2897 
2448 1001 999 1779 2897 1002 1000 1780 2898 
2449 1002 1000 1780 2898 214 213 1146 1705 
2450 363 46 1 293 1889 929 137 1749 
2451 1889 929 137 1749 1890 930 138 1750 
2452 1890 930 138 1750 1201 174 9 1131 
2453 65 638 274 66 967 2439 1711 969 
2454 967 2439 1711 969 968 2440 1712 970 
2455 968 2440 1712 970 197 1476 1112 198 
2456 111 850 305 112 1059 2863 1773 1061 
2457 1059 2863 1773 1061 1060 2864 1774 1062 
2458 1060 2864 1774 1062 247 1688 1143 248 
2459 124 123 307 796 1085 1083 1777 2755 
2460 1085 1083 1777 2755 1086 1084 1778 2756 
2461 1086 1084 1778 2756 260 259 1145 1634 
2462 329 393 345 362 1821 1949 1853 1887 
2463 1821 1949 1853 1887 1822 1950 1854 1888 
2464 1822 1950 1854 1888 1167 1231 1183 1200 
2465 71 70 300 791 979 977 1763 2745 
2466 979 977 1763 2745 980 978 1764 2746 
2467 980 978 1764 2746 203 202 1138 1629 
2468 89 849 292 90 1015 2861 1747 1017 
2469 1015 2861 1747 1017 1016 2862 1748 1018 
2470 1016 2862 1748 1018 221 1687 1130 222 
2471 125 800 296 126 1087 2763 1755 1089 
2472 1087 2763 1755 1089 1088 2764 1756 1090 
2473 1088 2764 1756 1090 261 1638 1134 262 
2474 113 112 305 788 1063 1061 1773 2739 
2475 1063 1061 1773 2739 1064 1062 1774 2740 
2476 1064 1062 1774 2740 249 248 1143 1626 
2477 122 835 307 123 1081 2833 1777 1083 
2478 1081 2833 1777 1083 1082 2834 1778 1084 
2479 1082 2834 1778 1084 258 1673 1145 259 
2480 72 802 319 73 981 2767 1801 983 
2481 981 2767 1801 983 982 2768 1802 984 
2482 982 2768 1802 984 204 1640 1157 205 
2483 114 801 297 115 1065 2765 1757 1067 
2484 1065 2765 1757 1067 1066 2766 1758 1068 
2485 1066 2766 1758 1068 250 1639 1135 251 
2486 67 749 318 68 971 2661 1799 973 
2487 971 2661 1799 973 972 2662 1800 974 
2488 972 2662 1800 974 199 1587 1156 200 
2489 69 820 300 70 975 2803 1763 977 
2490 975 2803 1763 977 976 2804 1764 978 
2491 976 2804 1764 978 201 1658 1138 202 
2492 608 645 719 580 2379 2453 2601 2323 
2493 2379 2453 2601 2323 2380 2454 2602 2324 
2494 2380 2454 2602 2324 1446 1483 1557 1418 
2495 120 119 322 848 1077 1075 1807 2859 
2496 1077 1075 1807 2859 1078 1076 1808 2860 
2497 1078 1076 1808 2860 256 255 1160 1686 
2498 109 805 280 110 1055 2773 1723 1057 
2499 1055 2773 1723 1057 1056 2774 1724 1058 
2500 1056 2774 1724 1058 245 1643 1118 246 
2501 87 86 845 306 1011 1009 2853 1775 
2502 1011 1009 2853 1775 1012 1010 2854 1776 
2503 1012 1010 2854 1776 219 218 1683 1144 
2504 87 306 841 88 1011 1775 2845 1013 
2505 1011 1775 2845 1013 1012 1776 2846 1014 
2506 1012 1776 2846 1014 219 1144 1679 220 
2507 117 309 822 118 1071 1781 2807 1073 
2508 1071 1781 2807 1073 1072 1782 2808 1074 
2509 1072 1782 2808 1074 253 1147 1660 254 
2510 117 116 823 309 1071 1069 2809 1781 
2511 1071 1069 2809 1781 1072 1070 2810 1782 
2512 1072 1070 2810 1782 253 252 1661 1147 
2513 75 74 844 279 987 985 2851 1721 
2514 987 985 2851 1721 988 986 2852 1722 
2515 988 986 2852 1722 207 206 1682 1117 
2516 75 279 838 76 987 1721 2839 989 
2517 987 1721 2839 989 988 1722 2840 990 
2518 988 1722 2840 990 207 1117 1676 208 
2519 105 104 778 299 1047 1045 2719 1761 
2520 1047 1045 2719 1761 1048 1046 2720 1762 
2521 1048 1046 2720 1762 241 240 1616 1137 
2522 94 93 821 324 1025 1023 2805 1811 
2523 1025 1023 2805 1811 1026 1024 2806 1812 
2524 1026 1024 2806 1812 226 225 1659 1162 
2525 130 129 776 325 1097 1095 2715 1813 
2526 1097 1095 2715 1813 1098 1096 2716 1814 
2527 1098 1096 2716 1814 266 265 1614 1163 
2528 93 92 310 821 1023 1021 1783 2805 
2529 1023 1021 1783 2805 1024 1022 1784 2806 
2530 1024 1022 1784 2806 225 224 1148 1659 
2531 101 273 803 102 1039 1709 2769 1041 
2532 1039 1709 2769 1041 1040 1710 2770 1042 
2533 1040 1710 2770 1042 237 1111 1641 238 
2534 107 106 813 304 1051 1049 2789 1771 
2535 1051 1049 2789 1771 1052 1050 2790 1772 
2536 1052 1050 2790 1772 243 242 1651 1142 
2537 107 304 794 108 1051 1771 2751 1053 
2538 1051 1771 2751 1053 1052 1772 2752 1054 
2539 1052 1772 2752 1054 243 1142 1632 244 
2540 92 91 862 310 1021 1019 2887 1783 
2541 1021 1019 2887 1783 1022 1020 2888 1784 
2542 1022 1020 2888 1784 224 223 1700 1148 
2543 128 127 777 311 1093 1091 2717 1785 
2544 1093 1091 2717 1785 1094 1092 2718 1786 
2545 1094 1092 2718 1786 264 263 1615 1149 
2546 128 311 776 129 1093 1785 2715 1095 
2547 1093 1785 2715 1095 1094 1786 2716 1096 
2548 1094 1786 2716 1096 264 1149 1614 265 
2549 78 77 869 323 993 991 2901 1809 
2550 993 991 2901 1809 994 992 2902 1810 
2551 994 992 2902 1810 210 209 1707 1161 
2552 83 82 867 321 1003 1001 2897 1805 
2553 1003 1001 2897 1805 1004 1002 2898 1806 
2554 1004 1002 2898 1806 215 214 1705 1159 
2555 119 118 822 322 1075 1073 2807 1807 
2556 1075 1073 2807 1807 1076 1074 2808 1808 
2557 1076 1074 2808 1808 255 254 1660 1160 
2558 83 321 863 84 1003 1805 2889 1005 
2559 1003 1805 2889 1005 1004 1806 2890 1006 
2560 1004 1806 2890 1006 215 1159 1701 216 
2561 638 65 5 650 2439 967 193 2463 
2562 2439 967 193 2463 2440 968 194 2464 
2563 2440 968 194 2464 1476 197 13 1488 
2564 110 280 850 111 1057 1723 2863 1059 
2565 1057 1723 2863 1059 1058 1724 2864 1060 
2566 1058 1724 2864 1060 246 1118 1688 247 
2567 68 318 820 69 973 1799 2803 975 
2568 973 1799 2803 975 974 1800 2804 976 
2569 974 1800 2804 976 200 1156 1658 201 
2570 66 274 749 67 969 1711 2661 971 
2571 969 1711 2661 971 970 1712 2662 972 
2572 970 1712 2662 972 198 1112 1587 199 
2573 85 84 863 277 1007 1005 2889 1717 
2574 1007 1005 2889 1717 1008 1006 2890 1718 
2575 1008 1006 2890 1718 217 216 1701 1115 
2576 121 120 848 278 1079 1077 2859 1719 
2577 1079 1077 2859 1719 1080 1078 2860 1720 
2578 1080 1078 2860 1720 257 256 1686 1116 
2579 85 277 845 86 1007 1717 2853 1009 
2580 1007 1717 2853 1009 1008 1718 2854 1010 
2581 1008 1718 2854 1010 217 1115 1683 218 
2582 121 278 835 122 1079 1719 2833 1081 
2583 1079 1719 2833 1081 1080 1720 2834 1082 
2584 1080 1720 2834 1082 257 1116 1673 258 
2585 518 612 549 512 2199 2387 2261 2187 
2586 2199 2387 2261 2187 2200 2388 2262 2188 
2587 2200 2388 2262 2188 1356 1450 1387 1350 
2588 95 94 324 775 1027 1025 1811 2713 
2589 1027 1025 1811 2713 1028 1026 1812 2714 
2590 1028 1026 1812 2714 227 226 1162 1613 
2591 131 130 325 712 1099 1097 1813 2587 
2592 1099 1097 1813 2587 1100 1098 1814 2588 
2593 1100 1098 1814 2588 267 266 1163 1550 
2594 79 78 839 298 995 993 2841 1759 
2595 995 993 2841 1759 996 994 2842 1760 
2596 996 994 2842 1760 211 210 1677 1136 
2597 115 297 823 116 1067 1757 2809 1069 
2598 1067 1757 2809 1069 1068 1758 2810 1070 
2599 1068 1758 2810 1070 251 1135 1661 252 
2600 73 319 844 74 983 1801 2851 985 
2601 983 1801 2851 985 984 1802 2852 986 
2602 984 1802 2852 986 205 1157 1682 206 
2603 90 292 862 91 1017 1747 2887 1019 
2604 1017 1747 2887 1019 1018 1748 2888 1020 
2605 1018 1748 2888 1020 222 1130 1700 223 
2606 126 296 777 127 1089 1755 2717 1091 
2607 1089 1755 2717 1091 1090 1756 2718 1092 
2608 1090 1756 2718 1092 262 1134 1615 263 
2609 103 320 778 104 1043 1803 2719 1045 
2610 1043 1803 2719 1045 1044 1804 2720 1046 
2611 1044 1804 2720 1046 239 1158 1616 240 
2612 96 95 775 276 1029 1027 2713 1715 
2613 1029 1027 2713 1715 1030 1028 2714 1716 
2614 1030 1028 2714 1716 228 227 1613 1114 
2615 96 276 642 97 1029 1715 2447 1031 
2616 1029 1715 2447 1031 1030 1716 2448 1032 
2617 1030 1716 2448 1032 228 1114 1480 229 
2618 132 131 712 275 1101 1099 2587 1713 
2619 1101 1099 2587 1713 1102 1100 2588 1714 
2620 1102 1100 2588 1714 268 267 1550 1113 
2621 132 275 553 133 1101 1713 2269 1103 
2622 1101 1713 2269 1103 1102 1714 2270 1104 
2623 1102 1714 2270 1104 268 1113 1391 269 
2624 691 757 514 577 2545 2677 2191 2317 
2625 2545 2677 2191 2317 2546 2678 2192 2318 
2626 2546 2678 2192 2318 1529 1595 1352 1415 
2627 481 434 464 532 2125 2031 2091 2227 
2628 2125 2031 2091 2227 2126 2032 2092 2228 
2629 2126 2032 2092 2228 1319 1272 1302 1370 
2630 651 600 485 466 2465 2363 2133 2095 
2631 2465 2363 2133 2095 2466 2364 2134 2096 
2632 2466 2364 2134 2096 1489 1438 1323 1304 
2633 840 786 304 813 2843 2735 1771 2789 
2634 2843 2735 1771 2789 2844 2736 1772 2790 
2635 2844 2736 1772 2790 1678 1624 1142 1651 
2636 647 854 660 585 2457 2871 2483 2333 
2637 2457 2871 2483 2333 2458 2872 2484 2334 
2638 2458 2872 2484 2334 1485 1692 1498 1423 
2639 827 854 647 706 2817 2871 2457 2575 
2640 2817 2871 2457 2575 2818 2872 2458 2576 
2641 2818 2872 2458 2576 1665 1692 1485 1544 
2642 532 464 496 472 2227 2091 2155 2107 
2643 2227 2091 2155 2107 2228 2092 2156 2108 
2644 2228 2092 2156 2108 1370 1302 1334 1310 
2645 852 837 807 804 2867 2837 2777 2771 
2646 2867 2837 2777 2771 2868 2838 2778 2772 
2647 2868 2838 2778 2772 1690 1675 1645 1642 
2648 591 554 576 753 2345 2271 2315 2669 
2649 2345 2271 2315 2669 2346 2272 2316 2670 
2650 2346 2272 2316 2670 1429 1392 1414 1591 
2651 426 527 544 489 2015 2217 2251 2141 
2652 2015 2217 2251 2141 2016 2218 2252 2142 
2653 2016 2218 2252 2142 1264 1365 1382 1327 
2654 651 589 657 600 2465 2341 2477 2363 
2655 2465 2341 2477 2363 2466 2342 2478 2364 
2656 2466 2342 2478 2364 1489 1427 1495 1438 
2657 349 419 410 386 1861 2001 1983 1935 
2658 1861 2001 1983 1935 1862 2002 1984 1936 
2659 1862 2002 1984 1936 1187 1257 1248 1224 
2660 390 391 359 334 1943 1945 1881 1831 
2661 1943 1945 1881 1831 1944 1946 1882 1832 
2662 1944 1946 1882 1832 1228 1229 1197 1172 
2663 21 2 353 291 879 139 1869 1745 
2664 879 139 1869 1745 880 140 1870 1746 
2665 880 140 1870 1746 145 10 1191 1129 
2666 804 765 759 702 2771 2693 2681 2567 
2667 2771 2693 2681 2567 2772 2694 2682 2568 
2668 2772 2694 2682 2568 1642 1603 1597 1540 
2669 42 355 290 41 921 1873 1743 919 
2670 921 1873 1743 919 922 1874 1744 920 
2671 922 1874 1744 920 170 1193 1128 169 
2672 716 734 703 622 2595 2631 2569 2407 
2673 2595 2631 2569 2407 2596 2632 2570 2408 
2674 2596 2632 2570 2408 1554 1572 1541 1460 
2675 17 18 328 358 871 873 1819 1879 
2676 871 873 1819 1879 872 874 1820 1880 
2677 872 874 1820 1880 141 142 1166 1196 
2678 19 20 356 294 875 877 1875 1751 
2679 875 877 1875 1751 876 878 1876 1752 
2680 876 878 1876 1752 143 144 1194 1132 
2681 43 44 357 326 923 925 1877 1815 
2682 923 925 1877 1815 924 926 1878 1816 
2683 924 926 1878 1816 171 172 1195 1164 
2684 19 294 328 18 875 1751 1819 873 
2685 875 1751 1819 873 876 1752 1820 874 
2686 876 1752 1820 874 143 1132 1166 142 
2687 42 43 326 355 921 923 1815 1873 
2688 921 923 1815 1873 922 924 1816 1874 
2689 922 924 1816 1874 170 171 1164 1193 
2690 44 45 295 357 925 927 1753 1877 
2691 925 927 1753 1877 926 928 1754 1878 
2692 926 928 1754 1878 172 173 1133 1195 
2693 381 348 328 294 1925 1859 1819 1751 
2694 1925 1859 1819 1751 1926 1860 1820 1752 
2695 1926 1860 1820 1752 1219 1186 1166 1132 
2696 416 326 357 374 1995 1815 1877 1911 
2697 1995 1815 1877 1911 1996 1816 1878 1912 
2698 1996 1816 1878 1912 1254 1164 1195 1212 
2699 416 389 355 326 1995 1941 1873 1815 
2700 1995 1941 1873 1815 1996 1942 1874 1816 
2701 1996 1942 1874 1816 1254 1227 1193 1164 
2702 389 372 290 355 1941 1907 1743 1873 
2703 1941 1907 1743 1873 1942 1908 1744 1874 
2704 1942 1908 1744 1874 1227 1210 1128 1193 
2705 348 387 358 328 1859 1937 1879 1819 
2706 1859 1937 1879 1819 1860 1938 1880 1820 
2707 1860 1938 1880 1820 1186 1225 1196 1166 
2708 374 357 295 417 1911 1877 1753 1997 
2709 1911 1877 1753 1997 1912 1878 1754 1998 
2710 1912 1878 1754 1998 1212 1195 1133 1255 
2711 291 373 414 356 1745 1909 1991 1875 
2712 1745 1909 1991 1875 1746 1910 1992 1876 
2713 1746 1910 1992 1876 1129 1211 1252 1194 
2714 283 382 420 371 1729 1927 2003 1905 
2715 1729 1927 2003 1905 1730 1928 2004 1906 
2716 1730 1928 2004 1906 1121 1220 1258 1209 
2717 295 45 4 359 1753 927 167 1881 
2718 1753 927 167 1881 1754 928 168 1882 
2719 1754 928 168 1882 1133 173 12 1197 
2720 358 293 1 17 1879 1749 137 871 
2721 1879 1749 137 871 1880 1750 138 872 
2722 1880 1750 138 872 1196 1131 9 141 
2723 291 356 20 21 1745 1875 877 879 
2724 1745 1875 877 879 1746 1876 878 880 
2725 1746 1876 878 880 1129 1194 144 145 
2726 354 3 41 290 1871 146 919 1743 
2727 1871 146 919 1743 1872 147 920 1744 
2728 1872 147 920 1744 1192 11 169 1128 
2729 48 288 370 49 933 1739 1903 935 
2730 933 1739 1903 935 934 1740 1904 936 
2731 934 1740 1904 936 176 1126 1208 177 
2732 53 336 360 54 943 1835 1883 945 
2733 943 1835 1883 945 944 1836 1884 946 
2734 944 1836 1884 946 181 1174 1198 182 
2735 57 316 361 58 951 1795 1885 953 
2736 951 1795 1885 953 952 1796 1886 954 
2737 952 1796 1886 954 185 1154 1199 186 
2738 50 329 362 51 937 1821 1887 939 
2739 937 1821 1887 939 938 1822 1888 940 
2740 938 1822 1888 940 178 1167 1200 179 
2741 60 287 364 61 957 1737 1891 959 
2742 957 1737 1891 959 958 1738 1892 960 
2743 958 1738 1892 960 188 1125 1202 189 
2744 55 283 371 56 947 1729 1905 949 
2745 947 1729 1905 949 948 1730 1906 950 
2746 948 1730 1906 950 183 1121 1209 184 
2747 64 334 359 4 965 1831 1881 167 
2748 965 1831 1881 167 966 1832 1882 168 
2749 966 1832 1882 168 192 1172 1197 12 
2750 27 26 25 289 891 889 887 1741 
2751 891 889 887 1741 892 890 888 1742 
2752 892 890 888 1742 153 152 151 1127 
2753 31 281 340 32 899 1725 1843 901 
2754 899 1725 1843 901 900 1726 1844 902 
2755 900 1726 1844 902 157 1119 1178 158 
2756 37 36 35 286 911 909 907 1735 
2757 911 909 907 1735 912 910 908 1736 
2758 912 910 908 1736 163 162 161 1124 
2759 495 487 463 476 2153 2137 2089 2115 
2760 2153 2137 2089 2115 2154 2138 2090 2116 
2761 2154 2138 2090 2116 1333 1325 1301 1314 
2762 283 360 384 382 1729 1883 1931 1927 
2763 1729 1883 1931 1927 1730 1884 1932 1928 
2764 1730 1884 1932 1928 1121 1198 1222 1220 
2765 364 287 330 388 1891 1737 1823 1939 
2766 1891 1737 1823 1939 1892 1738 1824 1940 
2767 1892 1738 1824 1940 1202 1125 1168 1226 
2768 370 288 331 392 1903 1739 1825 1947 
2769 1903 1739 1825 1947 1904 1740 1826 1948 
2770 1904 1740 1826 1948 1208 1126 1169 1230 
2771 402 437 455 491 1967 2037 2073 2145 
2772 1967 2037 2073 2145 1968 2038 2074 2146 
2773 1968 2038 2074 2146 1240 1275 1293 1329 
2774 303 384 360 336 1769 1931 1883 1835 
2775 1769 1931 1883 1835 1770 1932 1884 1836 
2776 1770 1932 1884 1836 1141 1222 1198 1174 
2777 285 63 62 335 1733 963 961 1833 
2778 1733 963 961 1833 1734 964 962 1834 
2779 1734 964 962 1834 1123 191 190 1173 
2780 335 62 61 364 1833 961 959 1891 
2781 1833 961 959 1891 1834 962 960 1892 
2782 1834 962 960 1892 1173 190 189 1202 
2783 283 55 54 360 1729 947 945 1883 
2784 1729 947 945 1883 1730 948 946 1884 
2785 1730 948 946 1884 1121 183 182 1198 
2786 331 47 46 363 1825 931 929 1889 
2787 1825 931 929 1889 1826 932 930 1890 
2788 1826 932 930 1890 1169 175 174 1201 
2789 330 59 58 361 1823 955 953 1885 
2790 1823 955 953 1885 1824 956 954 1886 
2791 1824 956 954 1886 1168 187 186 1199 
2792 287 60 59 330 1737 957 955 1823 
2793 1737 957 955 1823 1738 958 956 1824 
2794 1738 958 956 1824 1125 188 187 1168 
2795 288 48 47 331 1739 933 931 1825 
2796 1739 933 931 1825 1740 934 932 1826 
2797 1740 934 932 1826 1126 176 175 1169 
2798 303 52 51 362 1769 941 939 1887 
2799 1769 941 939 1887 1770 942 940 1888 
2800 1770 942 940 1888 1141 180 179 1200 
2801 319 851 819 844 1801 2865 2801 2851 
2802 1801 2865 2801 2851 1802 2866 2802 2852 
2803 1802 2866 2802 2852 1157 1689 1657 1682 
2804 826 802 791 836 2815 2767 2745 2835 
2805 2815 2767 2745 2835 2816 2768 2746 2836 
2806 2816 2768 2746 2836 1664 1640 1629 1674 
2807 591 753 725 670 2345 2669 2613 2503 
2808 2345 2669 2613 2503 2346 2670 2614 2504 
2809 2346 2670 2614 2504 1429 1591 1563 1508 
2810 453 534 644 594 2069 2231 2451 2351 
2811 2069 2231 2451 2351 2070 2232 2452 2352 
2812 2070 2232 2452 2352 1291 1372 1482 1432 
2813 292 849 841 868 1747 2861 2845 2899 
2814 1747 2861 2845 2899 1748 2862 2846 2900 
2815 1748 2862 2846 2900 1130 1687 1679 1706 
2816 297 860 795 823 1757 2883 2753 2809 
2817 1757 2883 2753 2809 1758 2884 2754 2810 
2818 1758 2884 2754 2810 1135 1698 1633 1661 
2819 408 449 472 496 1979 2061 2107 2155 
2820 1979 2061 2107 2155 1980 2062 2108 2156 
2821 1980 2062 2108 2156 1246 1287 1310 1334 
2822 683 648 578 653 2529 2459 2319 2469 
2823 2529 2459 2319 2469 2530 2460 2320 2470 
2824 2530 2460 2320 2470 1521 1486 1416 1491 
2825 369 390 334 285 1901 1943 1831 1733 
2826 1901 1943 1831 1733 1902 1944 1832 1734 
2827 1902 1944 1832 1734 1207 1228 1172 1123 
2828 694 708 620 576 2551 2579 2403 2315 
2829 2551 2579 2403 2315 2552 2580 2404 2316 
2830 2552 2580 2404 2316 1532 1546 1458 1414 
2831 312 333 368 349 1787 1829 1899 1861 
2832 1787 1829 1899 1861 1788 1830 1900 1862 
2833 1788 1830 1900 1862 1150 1171 1206 1187 
2834 394 368 333 327 1951 1899 1829 1817 
2835 1951 1899 1829 1817 1952 1900 1830 1818 
2836 1952 1900 1830 1818 1232 1206 1171 1165 
2837 385 350 332 313 1933 1863 1827 1789 
2838 1933 1863 1827 1789 1934 1864 1828 1790 
2839 1934 1864 1828 1790 1223 1188 1170 1151 
2840 338 315 351 366 1839 1793 1865 1895 
2841 1839 1793 1865 1895 1840 1794 1866 1896 
2842 1840 1794 1866 1896 1176 1153 1189 1204 
2843 395 352 314 340 1953 1867 1791 1843 
2844 1953 1867 1791 1843 1954 1868 1792 1844 
2845 1954 1868 1792 1844 1233 1190 1152 1178 
2846 337 314 352 365 1837 1791 1867 1893 
2847 1837 1791 1867 1893 1838 1792 1868 1894 
2848 1838 1792 1868 1894 1175 1152 1190 1203 
2849 396 351 315 339 1955 1865 1793 1841 
2850 1955 1865 1793 1841 1956 1866 1794 1842 
2851 1956 1866 1794 1842 1234 1189 1153 1177 
2852 317 332 350 367 1797 1827 1863 1897 
2853 1797 1827 1863 1897 1798 1828 1864 1898 
2854 1798 1828 1864 1898 1155 1170 1188 1205 
2855 365 352 395 375 1893 1867 1953 1913 
2856 1893 1867 1953 1913 1894 1868 1954 1914 
2857 1894 1868 1954 1914 1203 1190 1233 1213 
2858 366 351 396 376 1895 1865 1955 1915 
2859 1895 1865 1955 1915 1896 1866 1956 1916 
2860 1896 1866 1956 1916 1204 1189 1234 1214 
2861 368 377 419 349 1899 1917 2001 1861 
2862 1899 1917 2001 1861 1900 1918 2002 1862 
2863 1900 1918 2002 1862 1206 1215 1257 1187 
2864 367 350 422 378 1897 1863 2007 1919 
2865 1897 1863 2007 1919 1898 1864 2008 1920 
2866 1898 1864 2008 1920 1205 1188 1260 1216 
2867 631 593 553 275 2425 2349 2269 1713 
2868 2425 2349 2269 1713 2426 2350 2270 1714 
2869 2426 2350 2270 1714 1469 1431 1391 1113 
2870 699 675 642 276 2561 2513 2447 1715 
2871 2561 2513 2447 1715 2562 2514 2448 1716 
2872 2562 2514 2448 1716 1537 1513 1480 1114 
2873 308 856 321 867 1779 2875 1805 2897 
2874 1779 2875 1805 2897 1780 2876 1806 2898 
2875 1780 2876 1806 2898 1146 1694 1159 1705 
2876 494 505 552 455 2151 2173 2267 2073 
2877 2151 2173 2267 2073 2152 2174 2268 2074 
2878 2152 2174 2268 2074 1332 1343 1390 1293 
2879 850 832 792 305 2863 2827 2747 1773 
2880 2863 2827 2747 1773 2864 2828 2748 1774 
2881 2864 2828 2748 1774 1688 1670 1630 1143 
2882 38 37 286 327 913 911 1735 1817 
2883 913 911 1735 1817 914 912 1736 1818 
2884 914 912 1736 1818 164 163 1124 1165 
2885 24 317 289 25 885 1797 1741 887 
2886 885 1797 1741 887 886 1798 1742 888 
2887 886 1798 1742 888 150 1155 1127 151 
2888 28 27 289 339 893 891 1741 1841 
2889 893 891 1741 1841 894 892 1742 1842 
2890 894 892 1742 1842 154 153 1127 1177 
2891 34 337 286 35 905 1837 1735 907 
2892 905 1837 1735 907 906 1838 1736 908 
2893 906 1838 1736 908 160 1175 1124 161 
2894 545 594 644 583 2253 2351 2451 2329 
2895 2253 2351 2451 2329 2254 2352 2452 2330 
2896 2254 2352 2452 2330 1383 1432 1482 1421 
2897 465 8 134 302 2093 235 1105 1767 
2898 2093 235 1105 1767 2094 236 1106 1768 
2899 2094 236 1106 1768 1303 16 270 1140 
2900 501 6 98 301 2165 195 1033 1765 
2901 2165 195 1033 1765 2166 196 1034 1766 
2902 2166 196 1034 1766 1339 14 230 1139 
2903 333 312 40 39 1829 1787 917 915 
2904 1829 1787 917 915 1830 1788 918 916 
2905 1830 1788 918 916 1171 1150 166 165 
2906 315 338 30 29 1793 1839 897 895 
2907 1793 1839 897 895 1794 1840 898 896 
2908 1794 1840 898 896 1153 1176 156 155 
2909 314 33 32 340 1791 903 901 1843 
2910 1791 903 901 1843 1792 904 902 1844 
2911 1792 904 902 1844 1152 159 158 1178 
2912 332 23 22 313 1827 883 881 1789 
2913 1827 883 881 1789 1828 884 882 1790 
2914 1828 884 882 1790 1170 149 148 1151 
2915 371 420 383 316 1905 2003 1929 1795 
2916 1905 2003 1929 1795 1906 2004 1930 1796 
2917 1906 2004 1930 1796 1209 1258 1221 1154 
2918 334 64 63 285 1831 965 963 1733 
2919 1831 965 963 1733 1832 966 964 1734 
2920 1832 966 964 1734 1172 192 191 1123 
2921 755 758 763 767 2673 2679 2689 2697 
2922 2673 2679 2689 2697 2674 2680 2690 2698 
2923 2674 2680 2690 2698 1593 1596 1601 1605 
2924 336 53 52 303 1835 943 941 1769 
2925 1835 943 941 1769 1836 944 942 1770 
2926 1836 944 942 1770 1174 181 180 1141 
2927 329 50 49 370 1821 937 935 1903 
2928 1821 937 935 1903 1822 938 936 1904 
2929 1822 938 936 1904 1167 178 177 1208 
2930 316 57 56 371 1795 951 949 1905 
2931 1795 951 949 1905 1796 952 950 1906 
2932 1796 952 950 1906 1154 185 184 1209 
2933 550 588 683 727 2263 2339 2529 2617 
2934 2263 2339 2529 2617 2264 2340 2530 2618 
2935 2264 2340 2530 2618 1388 1426 1521 1565 
2936 831 781 573 672 2825 2725 2309 2507 
2937 2825 2725 2309 2507 2826 2726 2310 2508 
2938 2826 2726 2310 2508 1669 1619 1411 1510 
2939 631 676 720 695 2425 2515 2603 2553 
2940 2425 2515 2603 2553 2426 2516 2604 2554 
2941 2426 2516 2604 2554 1469 1514 1558 1533 
2942 667 754 704 726 2497 2671 2571 2615 
2943 2497 2671 2571 2615 2498 2672 2572 2616 
2944 2498 2672 2572 2616 1505 1592 1542 1564 
2945 2 40 312 353 139 917 1787 1869 
2946 139 917 1787 1869 140 918 1788 1870 
2947 140 918 1788 1870 10 166 1150 1191 
2948 620 773 742 725 2403 2709 2647 2613 
2949 2403 2709 2647 2613 2404 2710 2648 2614 
2950 2404 2710 2648 2614 1458 1611 1580 1563 
2951 335 364 388 347 1833 1891 1939 1857 
2952 1833 1891 1939 1857 1834 1892 1940 1858 
2953 1834 1892 1940 1858 1173 1202 1226 1185 
2954 450 545 583 502 2063 2253 2329 2167 
2955 2063 2253 2329 2167 2064 2254 2330 2168 
2956 2064 2254 2330 2168 1288 1383 1421 1340 
2957 740 865 846 815 2643 2893 2855 2793 
2958 2643 2893 2855 2793 2644 2894 2856 2794 
2959 2644 2894 2856 2794 1578 1703 1684 1653 
2960 560 524 656 597 2283 2211 2475 2357 
2961 2283 2211 2475 2357 2284 2212 2476 2358 
2962 2284 2212 2476 2358 1398 1362 1494 1435 
2963 682 714 665 616 2527 2591 2493 2395 
2964 2527 2591 2493 2395 2528 2592 2494 2396 
2965 2528 2592 2494 2396 1520 1552 1503 1454 
2966 827 751 819 806 2817 2665 2801 2775 
2967 2817 2665 2801 2775 2818 2666 2802 2776 
2968 2818 2666 2802 2776 1665 1589 1657 1644 
2969 782 760 699 748 2727 2683 2561 2659 
2970 2727 2683 2561 2659 2728 2684 2562 2660 
2971 2728 2684 2562 2660 1620 1598 1537 1586 
2972 353 312 349 386 1869 1787 1861 1935 
2973 1869 1787 1861 1935 1870 1788 1862 1936 
2974 1870 1788 1862 1936 1191 1150 1187 1224 
2975 425 606 560 477 2013 2375 2283 2117 
2976 2013 2375 2283 2117 2014 2376 2284 2118 
2977 2014 2376 2284 2118 1263 1444 1398 1315 
2978 785 710 778 814 2733 2583 2719 2791 
2979 2733 2583 2719 2791 2734 2584 2720 2792 
2980 2734 2584 2720 2792 1623 1548 1616 1652 
2981 651 489 544 589 2465 2141 2251 2341 
2982 2465 2141 2251 2341 2466 2142 2252 2342 
2983 2466 2142 2252 2342 1489 1327 1382 1427 
2984 847 832 850 280 2857 2827 2863 1723 
2985 2857 2827 2863 1723 2858 2828 2864 1724 
2986 2858 2828 2864 1724 1685 1670 1688 1118 
2987 457 480 484 470 2077 2123 2131 2103 
2988 2077 2123 2131 2103 2078 2124 2132 2104 
2989 2078 2124 2132 2104 1295 1318 1322 1308 
2990 615 669 711 717 2393 2501 2585 2597 
2991 2393 2501 2585 2597 2394 2502 2586 2598 
2992 2394 2502 2586 2598 1453 1507 1549 1555 
2993 854 827 732 660 2871 2817 2627 2483 
2994 2871 2817 2627 2483 2872 2818 2628 2484 
2995 2872 2818 2628 2484 1692 1665 1570 1498 
2996 593 513 302 553 2349 2189 1767 2269 
2997 2349 2189 1767 2269 2350 2190 1768 2270 
2998 2350 2190 1768 2270 1431 1351 1140 1391 
2999 675 582 301 642 2513 2327 1765 2447 
3000 2513 2327 1765 2447 2514 2328 1766 2448 
3001 2514 2328 1766 2448 1513 1420 1139 1480 
3002 579 640 690 611 2321 2443 2543 2385 
3003 2321 2443 2543 2385 2322 2444 2544 2386 
3004 2322 2444 2544 2386 1417 1478 1528 1449 
3005 865 741 816 846 2893 2645 2795 2855 
3006 2893 2645 2795 2855 2894 2646 2796 2856 
3007 2894 2646 2796 2856 1703 1579 1654 1684 
3008 811 748 775 324 2785 2659 2713 1811 
3009 2785 2659 2713 1811 2786 2660 2714 1812 
3010 2786 2660 2714 1812 1649 1586 1613 1162 
3011 750 676 712 325 2663 2515 2587 1813 
3012 2663 2515 2587 1813 2664 2516 2588 1814 
3013 2664 2516 2588 1814 1588 1514 1550 1163 
3014 477 560 597 509 2117 2283 2357 2181 
3015 2117 2283 2357 2181 2118 2284 2358 2182 
3016 2118 2284 2358 2182 1315 1398 1435 1347 
3017 363 344 392 331 1889 1851 1947 1825 
3018 1889 1851 1947 1825 1890 1852 1948 1826 
3019 1890 1852 1948 1826 1201 1182 1230 1169 
3020 631 275 712 676 2425 1713 2587 2515 
3021 2425 1713 2587 2515 2426 1714 2588 2516 
3022 2426 1714 2588 2516 1469 1113 1550 1514 
3023 699 276 775 748 2561 1715 2713 2659 
3024 2561 1715 2713 2659 2562 1716 2714 2660 
3025 2562 1716 2714 2660 1537 1114 1613 1586 
3026 784 641 702 759 2731 2445 2567 2681 
3027 2731 2445 2567 2681 2732 2446 2568 2682 
3028 2732 2446 2568 2682 1622 1479 1540 1597 
3029 843 822 309 774 2849 2807 1781 2711 
3030 2849 2807 1781 2711 2850 2808 1782 2712 
3031 2850 2808 1782 2712 1681 1660 1147 1612 
3032 827 806 768 732 2817 2775 2699 2627 
3033 2817 2775 2699 2627 2818 2776 2700 2628 
3034 2818 2776 2700 2628 1665 1644 1606 1570 
3035 759 619 614 784 2681 2401 2391 2731 
3036 2681 2401 2391 2731 2682 2402 2392 2732 
3037 2682 2402 2392 2732 1597 1457 1452 1622 
3038 653 578 513 593 2469 2319 2189 2349 
3039 2469 2319 2189 2349 2470 2320 2190 2350 
3040 2470 2320 2190 2350 1491 1416 1351 1431 
3041 721 671 582 675 2605 2505 2327 2513 
3042 2605 2505 2327 2513 2606 2506 2328 2514 
3043 2606 2506 2328 2514 1559 1509 1420 1513 
3044 798 828 636 698 2759 2819 2435 2559 
3045 2759 2819 2435 2559 2760 2820 2436 2560 
3046 2760 2820 2436 2560 1636 1666 1474 1536 
3047 473 479 551 528 2109 2121 2265 2219 
3048 2109 2121 2265 2219 2110 2122 2266 2220 
3049 2110 2122 2266 2220 1311 1317 1389 1366 
3050 546 584 690 632 2255 2331 2543 2427 
3051 2255 2331 2543 2427 2256 2332 2544 2428 
3052 2256 2332 2544 2428 1384 1422 1528 1470 
3053 678 731 633 649 2519 2625 2429 2461 
3054 2519 2625 2429 2461 2520 2626 2430 2462 
3055 2520 2626 2430 2462 1516 1569 1471 1487 
3056 597 656 639 596 2357 2475 2441 2355 
3057 2357 2475 2441 2355 2358 2476 2442 2356 
3058 2358 2476 2442 2356 1435 1494 1477 1434 
3059 570 430 567 383 2303 2023 2297 1929 
3060 2303 2023 2297 1929 2304 2024 2298 1930 
3061 2304 2024 2298 1930 1408 1268 1405 1221 
3062 724 684 769 745 2611 2531 2701 2653 
3063 2611 2531 2701 2653 2612 2532 2702 2654 
3064 2612 2532 2702 2654 1562 1522 1607 1583 
3065 621 781 831 743 2405 2725 2825 2649 
3066 2405 2725 2825 2649 2406 2726 2826 2650 
3067 2406 2726 2826 2650 1459 1619 1669 1581 
3068 434 481 456 424 2031 2125 2075 2011 
3069 2031 2125 2075 2011 2032 2126 2076 2012 
3070 2032 2126 2076 2012 1272 1319 1294 1262 
3071 361 341 388 330 1885 1845 1939 1823 
3072 1885 1845 1939 1823 1886 1846 1940 1824 
3073 1886 1846 1940 1824 1199 1179 1226 1168 
3074 581 615 717 674 2325 2393 2597 2511 
3075 2325 2393 2597 2511 2326 2394 2598 2512 
3076 2326 2394 2598 2512 1419 1453 1555 1512 
3077 851 319 802 826 2865 1801 2767 2815 
3078 2865 1801 2767 2815 2866 1802 2768 2816 
3079 2866 1802 2768 2816 1689 1157 1640 1664 
3080 860 297 801 830 2883 1757 2765 2823 
3081 2883 1757 2765 2823 2884 1758 2766 2824 
3082 2884 1758 2766 2824 1698 1135 1639 1668 
3083 707 274 638 663 2577 1711 2439 2489 
3084 2577 1711 2439 2489 2578 1712 2440 2490 
3085 2578 1712 2440 2490 1545 1112 1476 1501 
3086 707 779 749 274 2577 2721 2661 1711 
3087 2577 2721 2661 1711 2578 2722 2662 1712 
3088 2578 2722 2662 1712 1545 1617 1587 1112 
3089 469 493 503 461 2101 2149 2169 2085 
3090 2101 2149 2169 2085 2102 2150 2170 2086 
3091 2102 2150 2170 2086 1307 1331 1341 1299 
3092 805 825 847 280 2773 2813 2857 1723 
3093 2773 2813 2857 1723 2774 2814 2858 1724 
3094 2774 2814 2858 1724 1643 1663 1685 1118 
3095 423 603 565 521 2009 2369 2293 2205 
3096 2009 2369 2293 2205 2010 2370 2294 2206 
3097 2010 2370 2294 2206 1261 1441 1403 1359 
3098 861 866 856 308 2885 2895 2875 1779 
3099 2885 2895 2875 1779 2886 2896 2876 1780 
3100 2886 2896 2876 1780 1699 1704 1694 1146 
3101 812 840 813 299 2787 2843 2789 1761 
3102 2787 2843 2789 1761 2788 2844 2790 1762 
3103 2788 2844 2790 1762 1650 1678 1651 1137 
3104 615 581 284 533 2393 2325 1731 2229 
3105 2393 2325 1731 2229 2394 2326 1732 2230 
3106 2394 2326 1732 2230 1453 1419 1122 1371 
3107 715 673 282 624 2593 2509 1727 2411 
3108 2593 2509 1727 2411 2594 2510 1728 2412 
3109 2594 2510 1728 2412 1553 1511 1120 1462 
3110 756 709 673 715 2675 2581 2509 2593 
3111 2675 2581 2509 2593 2676 2582 2510 2594 
3112 2676 2582 2510 2594 1594 1547 1511 1553 
3113 731 678 658 610 2625 2519 2479 2383 
3114 2625 2519 2479 2383 2626 2520 2480 2384 
3115 2626 2520 2480 2384 1569 1516 1496 1448 
3116 663 704 754 707 2489 2571 2671 2577 
3117 2489 2571 2671 2577 2490 2572 2672 2578 
3118 2490 2572 2672 2578 1501 1542 1592 1545 
3119 569 601 435 460 2301 2365 2033 2083 
3120 2301 2365 2033 2083 2302 2366 2034 2084 
3121 2302 2366 2034 2084 1407 1439 1273 1298 
3122 39 38 327 333 915 913 1817 1829 
3123 915 913 1817 1829 916 914 1818 1830 
3124 916 914 1818 1830 165 164 1165 1171 
3125 29 28 339 315 895 893 1841 1793 
3126 895 893 1841 1793 896 894 1842 1794 
3127 896 894 1842 1794 155 154 1177 1153 
3128 23 332 317 24 883 1827 1797 885 
3129 883 1827 1797 885 884 1828 1798 886 
3130 884 1828 1798 886 149 1170 1155 150 
3131 33 314 337 34 903 1791 1837 905 
3132 903 1791 1837 905 904 1792 1838 906 
3133 904 1792 1838 906 159 1152 1175 160 
3134 727 683 696 607 2617 2529 2555 2377 
3135 2617 2529 2555 2377 2618 2530 2556 2378 
3136 2618 2530 2556 2378 1565 1521 1534 1445 
3137 688 643 588 549 2539 2449 2339 2261 
3138 2539 2449 2339 2261 2540 2450 2340 2262 
3139 2540 2450 2340 2262 1526 1481 1426 1387 
3140 476 504 554 495 2115 2171 2271 2153 
3141 2115 2171 2271 2153 2116 2172 2272 2154 
3142 2116 2172 2272 2154 1314 1342 1392 1333 
3143 609 630 686 511 2381 2423 2535 2185 
3144 2381 2423 2535 2185 2382 2424 2536 2186 
3145 2382 2424 2536 2186 1447 1468 1524 1349 
3146 803 814 778 320 2769 2791 2719 1803 
3147 2769 2791 2719 1803 2770 2792 2720 1804 
3148 2770 2792 2720 1804 1641 1652 1616 1158 
3149 530 570 382 401 2223 2303 1927 1965 
3150 2223 2303 1927 1965 2224 2304 1928 1966 
3151 2224 2304 1928 1966 1368 1408 1220 1239 
3152 678 649 556 586 2519 2461 2275 2335 
3153 2519 2461 2275 2335 2520 2462 2276 2336 
3154 2520 2462 2276 2336 1516 1487 1394 1424 
3155 475 506 546 488 2113 2175 2255 2139 
3156 2113 2175 2255 2139 2114 2176 2256 2140 
3157 2114 2176 2256 2140 1313 1344 1384 1326 
3158 808 831 672 733 2779 2825 2507 2629 
3159 2779 2825 2507 2629 2780 2826 2508 2630 
3160 2780 2826 2508 2630 1646 1669 1510 1571 
3161 527 426 409 557 2217 2015 1981 2277 
3162 2217 2015 1981 2277 2218 2016 1982 2278 
3163 2218 2016 1982 2278 1365 1264 1247 1395 
3164 498 523 534 453 2159 2209 2231 2069 
3165 2159 2209 2231 2069 2160 2210 2232 2070 
3166 2160 2210 2232 2070 1336 1361 1372 1291 
3167 492 604 544 527 2147 2371 2251 2217 
3168 2147 2371 2251 2217 2148 2372 2252 2218 
3169 2148 2372 2252 2218 1330 1442 1382 1365 
3170 667 726 619 759 2497 2615 2401 2681 
3171 2497 2615 2401 2681 2498 2616 2402 2682 
3172 2498 2616 2402 2682 1505 1564 1457 1597 
3173 691 728 752 626 2545 2619 2667 2415 
3174 2545 2619 2667 2415 2546 2620 2668 2416 
3175 2546 2620 2668 2416 1529 1566 1590 1464 
3176 722 689 632 730 2607 2541 2427 2623 
3177 2607 2541 2427 2623 2608 2542 2428 2624 
3178 2608 2542 2428 2624 1560 1527 1470 1568 
3179 749 779 807 318 2661 2721 2777 1799 
3180 2661 2721 2777 1799 2662 2722 2778 1800 
3181 2662 2722 2778 1800 1587 1617 1645 1156 
3182 598 524 560 563 2359 2211 2283 2289 
3183 2359 2211 2283 2289 2360 2212 2284 2290 
3184 2360 2212 2284 2290 1436 1362 1398 1401 
3185 536 582 671 634 2235 2327 2505 2431 
3186 2235 2327 2505 2431 2236 2328 2506 2432 
3187 2236 2328 2506 2432 1374 1420 1509 1472 
3188 475 513 578 542 2113 2189 2319 2247 
3189 2113 2189 2319 2247 2114 2190 2320 2248 
3190 2114 2190 2320 2248 1313 1351 1416 1380 
3191 695 653 593 631 2553 2469 2349 2425 
3192 2553 2469 2349 2425 2554 2470 2350 2426 
3193 2554 2470 2350 2426 1533 1491 1431 1469 
3194 760 721 675 699 2683 2605 2513 2561 
3195 2683 2605 2513 2561 2684 2606 2514 2562 
3196 2684 2606 2514 2562 1598 1559 1513 1537 
3197 533 595 689 628 2229 2353 2541 2419 
3198 2229 2353 2541 2419 2230 2354 2542 2420 
3199 2230 2354 2542 2420 1371 1433 1527 1466 
3200 323 857 772 858 1809 2877 2707 2879 
3201 1809 2877 2707 2879 1810 2878 2708 2880 
3202 1810 2878 2708 2880 1161 1695 1610 1696 
3203 499 526 510 468 2161 2215 2183 2099 
3204 2161 2215 2183 2099 2162 2216 2184 2100 
3205 2162 2216 2184 2100 1337 1364 1348 1306 
3206 624 679 756 715 2411 2521 2675 2593 
3207 2411 2521 2675 2593 2412 2522 2676 2594 
3208 2412 2522 2676 2594 1462 1517 1594 1553 
3209 473 450 502 479 2109 2063 2167 2121 
3210 2109 2063 2167 2121 2110 2064 2168 2122 
3211 2110 2064 2168 2122 1311 1288 1340 1317 
3212 422 445 659 421 2007 2053 2481 2005 
3213 2007 2053 2481 2005 2008 2054 2482 2006 
3214 2008 2054 2482 2006 1260 1283 1497 1259 
3215 428 444 483 566 2019 2051 2129 2295 
3216 2019 2051 2129 2295 2020 2052 2130 2296 
3217 2020 2052 2130 2296 1266 1282 1321 1404 
3218 487 495 554 522 2137 2153 2271 2207 
3219 2137 2153 2271 2207 2138 2154 2272 2208 
3220 2138 2154 2272 2208 1325 1333 1392 1360 
3221 533 628 669 615 2229 2419 2501 2393 
3222 2229 2419 2501 2393 2230 2420 2502 2394 
3223 2230 2420 2502 2394 1371 1466 1507 1453 
3224 570 530 485 430 2303 2223 2133 2023 
3225 2303 2223 2133 2023 2304 2224 2134 2024 
3226 2304 2224 2134 2024 1408 1368 1323 1268 
3227 634 586 556 536 2431 2335 2275 2235 
3228 2431 2335 2275 2235 2432 2336 2276 2236 
3229 2432 2336 2276 2236 1472 1424 1394 1374 
3230 475 542 602 506 2113 2247 2367 2175 
3231 2113 2247 2367 2175 2114 2248 2368 2176 
3232 2114 2248 2368 2176 1313 1380 1440 1344 
3233 602 584 546 506 2367 2331 2255 2175 
3234 2367 2331 2255 2175 2368 2332 2256 2176 
3235 2368 2332 2256 2176 1440 1422 1384 1344 
3236 805 794 769 825 2773 2751 2701 2813 
3237 2773 2751 2701 2813 2774 2752 2702 2814 
3238 2774 2752 2702 2814 1643 1632 1607 1663 
3239 568 579 611 541 2299 2321 2385 2245 
3240 2299 2321 2385 2245 2300 2322 2386 2246 
3241 2300 2322 2386 2246 1406 1417 1449 1379 
3242 501 301 582 536 2165 1765 2327 2235 
3243 2165 1765 2327 2235 2166 1766 2328 2236 
3244 2166 1766 2328 2236 1339 1139 1420 1374 
3245 465 302 513 475 2093 1767 2189 2113 
3246 2093 1767 2189 2113 2094 1768 2190 2114 
3247 2094 1768 2190 2114 1303 1140 1351 1313 
3248 752 704 663 674 2667 2571 2489 2511 
3249 2667 2571 2489 2511 2668 2572 2490 2512 
3250 2668 2572 2490 2512 1590 1542 1501 1512 
3251 547 559 574 635 2257 2281 2311 2433 
3252 2257 2281 2311 2433 2258 2282 2312 2434 
3253 2258 2282 2312 2434 1385 1397 1412 1473 
3254 697 729 737 758 2557 2621 2637 2679 
3255 2557 2621 2637 2679 2558 2622 2638 2680 
3256 2558 2622 2638 2680 1535 1567 1575 1596 
3257 688 602 542 643 2539 2367 2247 2449 
3258 2539 2367 2247 2449 2540 2368 2248 2450 
3259 2540 2368 2248 2450 1526 1440 1380 1481 
3260 298 839 797 853 1759 2841 2757 2869 
3261 1759 2841 2757 2869 1760 2842 2758 2870 
3262 1760 2842 2758 2870 1136 1677 1635 1691 
3263 285 335 347 369 1733 1833 1857 1901 
3264 1733 1833 1857 1901 1734 1834 1858 1902 
3265 1734 1834 1858 1902 1123 1173 1185 1207 
3266 852 300 820 837 2867 1763 2803 2837 
3267 2867 1763 2803 2837 2868 1764 2804 2838 
3268 2868 1764 2804 2838 1690 1138 1658 1675 
3269 688 637 584 602 2539 2437 2331 2367 
3270 2539 2437 2331 2367 2540 2438 2332 2368 
3271 2540 2438 2332 2368 1526 1475 1422 1440 
3272 766 870 860 830 2695 2903 2883 2823 
3273 2695 2903 2883 2823 2696 2904 2884 2824 
3274 2696 2904 2884 2824 1604 1708 1698 1668 
3275 282 590 680 624 1727 2343 2523 2411 
3276 1727 2343 2523 2411 1728 2344 2524 2412 
3277 1728 2344 2524 2412 1120 1428 1518 1462 
3278 284 515 595 533 1731 2193 2353 2229 
3279 1731 2193 2353 2229 1732 2194 2354 2230 
3280 1732 2194 2354 2230 1122 1353 1433 1371 
3281 592 757 723 681 2347 2677 2609 2525 
3282 2347 2677 2609 2525 2348 2678 2610 2526 
3283 2348 2678 2610 2526 1430 1595 1561 1519 
3284 836 791 300 852 2835 2745 1763 2867 
3285 2835 2745 1763 2867 2836 2746 1764 2868 
3286 2836 2746 1764 2868 1674 1629 1138 1690 
3287 557 411 435 601 2277 1985 2033 2365 
3288 2277 1985 2033 2365 2278 1986 2034 2366 
3289 2278 1986 2034 2366 1395 1249 1273 1439 
3290 6 501 536 556 195 2165 2235 2275 
3291 195 2165 2235 2275 196 2166 2236 2276 
3292 196 2166 2236 2276 14 1339 1374 1394 
3293 8 465 475 488 235 2093 2113 2139 
3294 235 2093 2113 2139 236 2094 2114 2140 
3295 236 2094 2114 2140 16 1303 1313 1326 
3296 836 768 806 826 2835 2699 2775 2815 
3297 2835 2699 2775 2815 2836 2700 2776 2816 
3298 2836 2700 2776 2816 1674 1606 1644 1664 
3299 362 345 384 303 1887 1853 1931 1769 
3300 1887 1853 1931 1769 1888 1854 1932 1770 
3301 1888 1854 1932 1770 1200 1183 1222 1141 
3302 759 765 754 667 2681 2693 2671 2497 
3303 2681 2693 2671 2497 2682 2694 2672 2498 
3304 2682 2694 2672 2498 1597 1603 1592 1505 
3305 390 369 418 379 1943 1901 1999 1921 
3306 1943 1901 1999 1921 1944 1902 2000 1922 
3307 1944 1902 2000 1922 1228 1207 1256 1217 
3308 830 801 788 829 2823 2765 2739 2821 
3309 2823 2765 2739 2821 2824 2766 2740 2822 
3310 2824 2766 2740 2822 1668 1639 1626 1667 
3311 391 390 379 400 1945 1943 1921 1963 
3312 1945 1943 1921 1963 1946 1944 1922 1964 
3313 1946 1944 1922 1964 1229 1228 1217 1238 
3314 722 730 640 692 2607 2623 2443 2547 
3315 2607 2623 2443 2547 2608 2624 2444 2548 
3316 2608 2624 2444 2548 1560 1568 1478 1530 
3317 649 633 719 680 2461 2429 2601 2523 
3318 2461 2429 2601 2523 2462 2430 2602 2524 
3319 2462 2430 2602 2524 1487 1471 1557 1518 
3320 748 811 793 782 2659 2785 2749 2727 
3321 2659 2785 2749 2727 2660 2786 2750 2728 
3322 2660 2786 2750 2728 1586 1649 1631 1620 
3323 640 730 632 690 2443 2623 2427 2543 
3324 2443 2623 2427 2543 2444 2624 2428 2544 
3325 2444 2624 2428 2544 1478 1568 1470 1528 
3326 671 693 655 634 2505 2549 2473 2431 
3327 2505 2549 2473 2431 2506 2550 2474 2432 
3328 2506 2550 2474 2432 1509 1531 1493 1472 
3329 676 750 747 720 2515 2663 2657 2603 
3330 2515 2663 2657 2603 2516 2664 2658 2604 
3331 2516 2664 2658 2604 1514 1588 1585 1558 
3332 826 806 819 851 2815 2775 2801 2865 
3333 2815 2775 2801 2865 2816 2776 2802 2866 
3334 2816 2776 2802 2866 1664 1644 1657 1689 
3335 847 825 769 764 2857 2813 2701 2691 
3336 2857 2813 2701 2691 2858 2814 2702 2692 
3337 2858 2814 2702 2692 1685 1663 1607 1602 
3338 578 648 643 542 2319 2459 2449 2247 
3339 2319 2459 2449 2247 2320 2460 2450 2248 
3340 2320 2460 2450 2248 1416 1486 1481 1380 
3341 626 752 674 717 2415 2667 2511 2597 
3342 2415 2667 2511 2597 2416 2668 2512 2598 
3343 2416 2668 2512 2598 1464 1590 1512 1555 
3344 628 687 711 669 2419 2537 2585 2501 
3345 2419 2537 2585 2501 2420 2538 2586 2502 
3346 2420 2538 2586 2502 1466 1525 1549 1507 
3347 721 760 705 718 2605 2683 2573 2599 
3348 2605 2683 2573 2599 2606 2684 2574 2600 
3349 2606 2684 2574 2600 1559 1598 1543 1556 
3350 695 696 683 653 2553 2555 2529 2469 
3351 2553 2555 2529 2469 2554 2556 2530 2470 
3352 2554 2556 2530 2470 1533 1534 1521 1491 
3353 284 136 135 515 1731 1109 1107 2193 
3354 1731 1109 1107 2193 1732 1110 1108 2194 
3355 1732 1110 1108 2194 1122 272 271 1353 
3356 282 100 99 590 1727 1037 1035 2343 
3357 1727 1037 1035 2343 1728 1038 1036 2344 
3358 1728 1038 1036 2344 1120 234 233 1428 
3359 383 420 382 570 1929 2003 1927 2303 
3360 1929 2003 1927 2303 1930 2004 1928 2304 
3361 1930 2004 1928 2304 1221 1258 1220 1408 
3362 860 870 739 795 2883 2903 2641 2753 
3363 2883 2903 2641 2753 2884 2904 2642 2754 
3364 2884 2904 2642 2754 1698 1708 1577 1633 
3365 830 829 792 766 2823 2821 2747 2695 
3366 2823 2821 2747 2695 2824 2822 2748 2696 
3367 2824 2822 2748 2696 1668 1667 1630 1604 
3368 810 855 307 835 2783 2873 1777 2833 
3369 2783 2873 1777 2833 2784 2874 1778 2834 
3370 2784 2874 1778 2834 1648 1693 1145 1673 
3371 447 413 399 439 2057 1989 1961 2041 
3372 2057 1989 1961 2041 2058 1990 1962 2042 
3373 2058 1990 1962 2042 1285 1251 1237 1277 
3374 809 834 855 763 2781 2831 2873 2689 
3375 2781 2831 2873 2689 2782 2832 2874 2690 
3376 2782 2832 2874 2690 1647 1672 1693 1601 
3377 100 282 673 7 1037 1727 2509 231 
3378 1037 1727 2509 231 1038 1728 2510 232 
3379 1038 1728 2510 232 234 1120 1511 15 
3380 136 284 581 5 1109 1731 2325 193 
3381 1109 1731 2325 193 1110 1732 2326 194 
3382 1110 1732 2326 194 272 1122 1419 13 
3383 836 852 804 768 2835 2867 2771 2699 
3384 2835 2867 2771 2699 2836 2868 2772 2700 
3385 2836 2868 2772 2700 1674 1690 1642 1606 
3386 752 728 726 704 2667 2619 2615 2571 
3387 2667 2619 2615 2571 2668 2620 2616 2572 
3388 2668 2620 2616 2572 1590 1566 1564 1542 
3389 445 422 350 385 2053 2007 1863 1933 
3390 2053 2007 1863 1933 2054 2008 1864 1934 
3391 2054 2008 1864 1934 1283 1260 1188 1223 
3392 556 590 99 6 2275 2343 1035 195 
3393 2275 2343 1035 195 2276 2344 1036 196 
3394 2276 2344 1036 196 1394 1428 233 14 
3395 673 273 101 7 2509 1709 1039 231 
3396 2509 1709 1039 231 2510 1710 1040 232 
3397 2510 1710 1040 232 1511 1111 237 15 
3398 488 515 135 8 2139 2193 1107 235 
3399 2139 2193 1107 235 2140 2194 1108 236 
3400 2140 2194 1108 236 1326 1353 271 16 
3401 321 856 790 815 1805 2875 2743 2793 
3402 1805 2875 2743 2793 1806 2876 2744 2794 
3403 1806 2876 2744 2794 1159 1694 1628 1653 
3404 321 815 846 863 1805 2793 2855 2889 
3405 1805 2793 2855 2889 1806 2794 2856 2890 
3406 1806 2794 2856 2890 1159 1653 1684 1701 
3407 817 859 848 322 2797 2881 2859 1807 
3408 2797 2881 2859 1807 2798 2882 2860 1808 
3409 2798 2882 2860 1808 1655 1697 1686 1160 
3410 464 434 379 418 2091 2031 1921 1999 
3411 2091 2031 1921 1999 2092 2032 1922 2000 
3412 2092 2032 1922 2000 1302 1272 1217 1256 
3413 430 485 529 449 2023 2133 2221 2061 
3414 2023 2133 2221 2061 2024 2134 2222 2062 
3415 2024 2134 2222 2062 1268 1323 1367 1287 
3416 431 432 498 453 2025 2027 2159 2069 
3417 2025 2027 2159 2069 2026 2028 2160 2070 
3418 2026 2028 2160 2070 1269 1270 1336 1291 
3419 433 431 545 450 2029 2025 2253 2063 
3420 2029 2025 2253 2063 2030 2026 2254 2064 
3421 2030 2026 2254 2064 1271 1269 1383 1288 
3422 442 467 531 490 2047 2097 2225 2143 
3423 2047 2097 2225 2143 2048 2098 2226 2144 
3424 2048 2098 2226 2144 1280 1305 1369 1328 
3425 525 458 438 500 2213 2079 2039 2163 
3426 2213 2079 2039 2163 2214 2080 2040 2164 
3427 2214 2080 2040 2164 1363 1296 1276 1338 
3428 474 489 651 466 2111 2141 2465 2095 
3429 2111 2141 2465 2095 2112 2142 2466 2096 
3430 2112 2142 2466 2096 1312 1327 1489 1304 
3431 484 480 609 511 2131 2123 2381 2185 
3432 2131 2123 2381 2185 2132 2124 2382 2186 
3433 2132 2124 2382 2186 1322 1318 1447 1349 
3434 497 564 612 518 2157 2291 2387 2199 
3435 2157 2291 2387 2199 2158 2292 2388 2200 
3436 2158 2292 2388 2200 1335 1402 1450 1356 
3437 510 526 658 613 2183 2215 2479 2389 
3438 2183 2215 2479 2389 2184 2216 2480 2390 
3439 2184 2216 2480 2390 1348 1364 1496 1451 
3440 558 511 686 605 2279 2185 2535 2373 
3441 2279 2185 2535 2373 2280 2186 2536 2374 
3442 2280 2186 2536 2374 1396 1349 1524 1443 
3443 531 558 548 519 2225 2279 2259 2201 
3444 2225 2279 2259 2201 2226 2280 2260 2202 
3445 2226 2280 2260 2202 1369 1396 1386 1357 
3446 550 727 607 520 2263 2617 2377 2203 
3447 2263 2617 2377 2203 2264 2618 2378 2204 
3448 2264 2618 2378 2204 1388 1565 1445 1358 
3449 569 592 681 604 2301 2347 2525 2371 
3450 2301 2347 2525 2371 2302 2348 2526 2372 
3451 2302 2348 2526 2372 1407 1430 1519 1442 
3452 637 612 564 652 2437 2387 2291 2467 
3453 2437 2387 2291 2467 2438 2388 2292 2468 
3454 2438 2388 2292 2468 1475 1450 1402 1490 
3455 724 639 656 621 2611 2441 2475 2405 
3456 2611 2441 2475 2405 2612 2442 2476 2406 
3457 2612 2442 2476 2406 1562 1477 1494 1459 
3458 678 655 613 658 2519 2473 2389 2479 
3459 2519 2473 2389 2479 2520 2474 2390 2480 
3460 2520 2474 2390 2480 1516 1493 1451 1496 
3461 758 737 809 763 2679 2637 2781 2689 
3462 2679 2637 2781 2689 2680 2638 2782 2690 
3463 2680 2638 2782 2690 1596 1575 1647 1601 
3464 765 779 707 754 2693 2721 2577 2671 
3465 2693 2721 2577 2671 2694 2722 2578 2672 
3466 2694 2722 2578 2672 1603 1617 1545 1592 
$EndElements
